年月日,時分,經常,尖峰,半尖峰,週六半尖峰,離峰
2025/8/1,00:15,430,,,,243
2025/8/1,00:30,430,,,,176
2025/8/1,00:45,430,,,,99
2025/8/1,01:00,430,,,,75
2025/8/1,01:15,430,,,,74
2025/8/1,01:30,430,,,,72
2025/8/1,01:45,430,,,,64
2025/8/1,02:00,430,,,,58
2025/8/1,02:15,430,,,,58
2025/8/1,02:30,430,,,,56
2025/8/1,02:45,430,,,,58
2025/8/1,03:00,430,,,,58
2025/8/1,03:15,430,,,,54
2025/8/1,03:30,430,,,,54
2025/8/1,03:45,430,,,,53
2025/8/1,04:00,430,,,,54
2025/8/1,04:15,430,,,,54
2025/8/1,04:30,430,,,,53
2025/8/1,04:45,430,,,,53
2025/8/1,05:00,430,,,,56
2025/8/1,05:15,430,,,,45
2025/8/1,05:30,430,,,,32
2025/8/1,05:45,430,,,,29
2025/8/1,06:00,430,,,,32
2025/8/1,06:15,430,,,,33
2025/8/1,06:30,430,,,,36
2025/8/1,06:45,430,,,,37
2025/8/1,07:00,430,,,,38
2025/8/1,07:15,430,,,,33
2025/8/1,07:30,430,,,,36
2025/8/1,07:45,430,,,,37
2025/8/1,08:00,430,,,,45
2025/8/1,08:15,430,,,,110
2025/8/1,08:30,430,,,,158
2025/8/1,08:45,430,,,,170
2025/8/1,09:00,430,,,,173
2025/8/1,09:15,430,,199,,
2025/8/1,09:30,430,,300,,
2025/8/1,09:45,430,,382,,
2025/8/1,10:00,430,,409,,
2025/8/1,10:15,430,,394,,
2025/8/1,10:30,430,,379,,
2025/8/1,10:45,430,,383,,
2025/8/1,11:00,430,,390,,
2025/8/1,11:15,430,,386,,
2025/8/1,11:30,430,,378,,
2025/8/1,11:45,430,,373,,
2025/8/1,12:00,430,,370,,
2025/8/1,12:15,430,,292,,
2025/8/1,12:30,430,,262,,
2025/8/1,12:45,430,,242,,
2025/8/1,13:00,430,,237,,
2025/8/1,13:15,430,,325,,
2025/8/1,13:30,430,,382,,
2025/8/1,13:45,430,,403,,
2025/8/1,14:00,430,,396,,
2025/8/1,14:15,430,,397,,
2025/8/1,14:30,430,,405,,
2025/8/1,14:45,430,,396,,
2025/8/1,15:00,430,,385,,
2025/8/1,15:15,430,,381,,
2025/8/1,15:30,430,,392,,
2025/8/1,15:45,430,,410,,
2025/8/1,16:00,430,,387,,
2025/8/1,16:15,430,374,,,
2025/8/1,16:30,430,388,,,
2025/8/1,16:45,430,410,,,
2025/8/1,17:00,430,396,,,
2025/8/1,17:15,430,337,,,
2025/8/1,17:30,430,319,,,
2025/8/1,17:45,430,278,,,
2025/8/1,18:00,430,280,,,
2025/8/1,18:15,430,260,,,
2025/8/1,18:30,430,310,,,
2025/8/1,18:45,430,330,,,
2025/8/1,19:00,430,314,,,
2025/8/1,19:15,430,309,,,
2025/8/1,19:30,430,310,,,
2025/8/1,19:45,430,302,,,
2025/8/1,20:00,430,298,,,
2025/8/1,20:15,430,262,,,
2025/8/1,20:30,430,235,,,
2025/8/1,20:45,430,245,,,
2025/8/1,21:00,430,299,,,
2025/8/1,21:15,430,315,,,
2025/8/1,21:30,430,322,,,
2025/8/1,21:45,430,318,,,
2025/8/1,22:00,430,301,,,
2025/8/1,22:15,430,,291,,
2025/8/1,22:30,430,,294,,
2025/8/1,22:45,430,,262,,
2025/8/1,23:00,430,,240,,
2025/8/1,23:15,430,,242,,
2025/8/1,23:30,430,,245,,
2025/8/1,23:45,430,,277,,
2025/8/2,00:00,430,,299,,
2025/8/2,00:15,430,,,,290
2025/8/2,00:30,430,,,,237
2025/8/2,00:45,430,,,,184
2025/8/2,01:00,430,,,,85
2025/8/2,01:15,430,,,,75
2025/8/2,01:30,430,,,,67
2025/8/2,01:45,430,,,,59
2025/8/2,02:00,430,,,,58
2025/8/2,02:15,430,,,,56
2025/8/2,02:30,430,,,,56
2025/8/2,02:45,430,,,,58
2025/8/2,03:00,430,,,,58
2025/8/2,03:15,430,,,,58
2025/8/2,03:30,430,,,,59
2025/8/2,03:45,430,,,,56
2025/8/2,04:00,430,,,,54
2025/8/2,04:15,430,,,,56
2025/8/2,04:30,430,,,,54
2025/8/2,04:45,430,,,,51
2025/8/2,05:00,430,,,,54
2025/8/2,05:15,430,,,,54
2025/8/2,05:30,430,,,,42
2025/8/2,05:45,430,,,,30
2025/8/2,06:00,430,,,,32
2025/8/2,06:15,430,,,,33
2025/8/2,06:30,430,,,,33
2025/8/2,06:45,430,,,,34
2025/8/2,07:00,430,,,,46
2025/8/2,07:15,430,,,,52
2025/8/2,07:30,430,,,,42
2025/8/2,07:45,430,,,,36
2025/8/2,08:00,430,,,,59
2025/8/2,08:15,430,,,,114
2025/8/2,08:30,430,,,,138
2025/8/2,08:45,430,,,,167
2025/8/2,09:00,430,,,188,
2025/8/2,09:15,430,,,204,
2025/8/2,09:30,430,,,266,
2025/8/2,09:45,430,,,340,
2025/8/2,10:00,430,,,405,
2025/8/2,10:15,430,,,385,
2025/8/2,10:30,430,,,389,
2025/8/2,10:45,430,,,359,
2025/8/2,11:00,430,,,384,
2025/8/2,11:15,430,,,393,
2025/8/2,11:30,430,,,378,
2025/8/2,11:45,430,,,375,
2025/8/2,12:00,430,,,361,
2025/8/2,12:15,430,,,304,
2025/8/2,12:30,430,,,303,
2025/8/2,12:45,430,,,257,
2025/8/2,13:00,430,,,269,
2025/8/2,13:15,430,,,330,
2025/8/2,13:30,430,,,345,
2025/8/2,13:45,430,,,348,
2025/8/2,14:00,430,,,352,
2025/8/2,14:15,430,,,379,
2025/8/2,14:30,430,,,378,
2025/8/2,14:45,430,,,369,
2025/8/2,15:00,430,,,366,
2025/8/2,15:15,430,,,376,
2025/8/2,15:30,430,,,389,
2025/8/2,15:45,430,,,394,
2025/8/2,16:00,430,,,388,
2025/8/2,16:15,430,,,354,
2025/8/2,16:30,430,,,346,
2025/8/2,16:45,430,,,369,
2025/8/2,17:00,430,,,385,
2025/8/2,17:15,430,,,340,
2025/8/2,17:30,430,,,298,
2025/8/2,17:45,430,,,275,
2025/8/2,18:00,430,,,292,
2025/8/2,18:15,430,,,309,
2025/8/2,18:30,430,,,304,
2025/8/2,18:45,430,,,288,
2025/8/2,19:00,430,,,283,
2025/8/2,19:15,430,,,274,
2025/8/2,19:30,430,,,270,
2025/8/2,19:45,430,,,277,
2025/8/2,20:00,430,,,310,
2025/8/2,20:15,430,,,318,
2025/8/2,20:30,430,,,282,
2025/8/2,20:45,430,,,291,
2025/8/2,21:00,430,,,322,
2025/8/2,21:15,430,,,322,
2025/8/2,21:30,430,,,286,
2025/8/2,21:45,430,,,256,
2025/8/2,22:00,430,,,253,
2025/8/2,22:15,430,,,283,
2025/8/2,22:30,430,,,294,
2025/8/2,22:45,430,,,318,
2025/8/2,23:00,430,,,306,
2025/8/2,23:15,430,,,272,
2025/8/2,23:30,430,,,219,
2025/8/2,23:45,430,,,245,
2025/8/3,00:00,430,,,290,
2025/8/3,00:15,430,,,,246
2025/8/3,00:30,430,,,,168
2025/8/3,00:45,430,,,,154
2025/8/3,01:00,430,,,,106
2025/8/3,01:15,430,,,,72
2025/8/3,01:30,430,,,,72
2025/8/3,01:45,430,,,,69
2025/8/3,02:00,430,,,,69
2025/8/3,02:15,430,,,,69
2025/8/3,02:30,430,,,,69
2025/8/3,02:45,430,,,,69
2025/8/3,03:00,430,,,,66
2025/8/3,03:15,430,,,,64
2025/8/3,03:30,430,,,,64
2025/8/3,03:45,430,,,,64
2025/8/3,04:00,430,,,,66
2025/8/3,04:15,430,,,,64
2025/8/3,04:30,430,,,,64
2025/8/3,04:45,430,,,,64
2025/8/3,05:00,430,,,,58
2025/8/3,05:15,430,,,,32
2025/8/3,05:30,430,,,,30
2025/8/3,05:45,430,,,,29
2025/8/3,06:00,430,,,,33
2025/8/3,06:15,430,,,,31
2025/8/3,06:30,430,,,,32
2025/8/3,06:45,430,,,,30
2025/8/3,07:00,430,,,,30
2025/8/3,07:15,430,,,,31
2025/8/3,07:30,430,,,,33
2025/8/3,07:45,430,,,,34
2025/8/3,08:00,430,,,,37
2025/8/3,08:15,430,,,,87
2025/8/3,08:30,430,,,,93
2025/8/3,08:45,430,,,,86
2025/8/3,09:00,430,,,,89
2025/8/3,09:15,430,,,,84
2025/8/3,09:30,430,,,,86
2025/8/3,09:45,430,,,,84
2025/8/3,10:00,430,,,,85
2025/8/3,10:15,430,,,,86
2025/8/3,10:30,430,,,,87
2025/8/3,10:45,430,,,,92
2025/8/3,11:00,430,,,,99
2025/8/3,11:15,430,,,,125
2025/8/3,11:30,430,,,,147
2025/8/3,11:45,430,,,,253
2025/8/3,12:00,430,,,,311
2025/8/3,12:15,430,,,,312
2025/8/3,12:30,430,,,,303
2025/8/3,12:45,430,,,,293
2025/8/3,13:00,430,,,,303
2025/8/3,13:15,430,,,,300
2025/8/3,13:30,430,,,,284
2025/8/3,13:45,430,,,,245
2025/8/3,14:00,430,,,,227
2025/8/3,14:15,430,,,,224
2025/8/3,14:30,430,,,,265
2025/8/3,14:45,430,,,,308
2025/8/3,15:00,430,,,,306
2025/8/3,15:15,430,,,,283
2025/8/3,15:30,430,,,,301
2025/8/3,15:45,430,,,,295
2025/8/3,16:00,430,,,,283
2025/8/3,16:15,430,,,,283
2025/8/3,16:30,430,,,,287
2025/8/3,16:45,430,,,,266
2025/8/3,17:00,430,,,,236
2025/8/3,17:15,430,,,,200
2025/8/3,17:30,430,,,,109
2025/8/3,17:45,430,,,,75
2025/8/3,18:00,430,,,,76
2025/8/3,18:15,430,,,,71
2025/8/3,18:30,430,,,,65
2025/8/3,18:45,430,,,,59
2025/8/3,19:00,430,,,,51
2025/8/3,19:15,430,,,,50
2025/8/3,19:30,430,,,,51
2025/8/3,19:45,430,,,,53
2025/8/3,20:00,430,,,,53
2025/8/3,20:15,430,,,,53
2025/8/3,20:30,430,,,,56
2025/8/3,20:45,430,,,,53
2025/8/3,21:00,430,,,,51
2025/8/3,21:15,430,,,,51
2025/8/3,21:30,430,,,,54
2025/8/3,21:45,430,,,,56
2025/8/3,22:00,430,,,,54
2025/8/3,22:15,430,,,,54
2025/8/3,22:30,430,,,,54
2025/8/3,22:45,430,,,,54
2025/8/3,23:00,430,,,,27
2025/8/3,23:15,430,,,,24
2025/8/3,23:30,430,,,,22
2025/8/3,23:45,430,,,,26
2025/8/4,00:00,430,,,,26
2025/8/4,00:15,430,,,,24
2025/8/4,00:30,430,,,,24
2025/8/4,00:45,430,,,,26
2025/8/4,01:00,430,,,,26
2025/8/4,01:15,430,,,,24
2025/8/4,01:30,430,,,,26
2025/8/4,01:45,430,,,,26
2025/8/4,02:00,430,,,,24
2025/8/4,02:15,430,,,,26
2025/8/4,02:30,430,,,,21
2025/8/4,02:45,430,,,,21
2025/8/4,03:00,430,,,,24
2025/8/4,03:15,430,,,,24
2025/8/4,03:30,430,,,,24
2025/8/4,03:45,430,,,,24
2025/8/4,04:00,430,,,,27
2025/8/4,04:15,430,,,,27
2025/8/4,04:30,430,,,,30
2025/8/4,04:45,430,,,,27
2025/8/4,05:00,430,,,,29
2025/8/4,05:15,430,,,,27
2025/8/4,05:30,430,,,,30
2025/8/4,05:45,430,,,,32
2025/8/4,06:00,430,,,,35
2025/8/4,06:15,430,,,,40
2025/8/4,06:30,430,,,,37
2025/8/4,06:45,430,,,,37
2025/8/4,07:00,430,,,,36
2025/8/4,07:15,430,,,,33
2025/8/4,07:30,430,,,,36
2025/8/4,07:45,430,,,,38
2025/8/4,08:00,430,,,,62
2025/8/4,08:15,430,,,,127
2025/8/4,08:30,430,,,,146
2025/8/4,08:45,430,,,,151
2025/8/4,09:00,430,,,,158
2025/8/4,09:15,430,,230,,
2025/8/4,09:30,430,,316,,
2025/8/4,09:45,430,,367,,
2025/8/4,10:00,430,,377,,
2025/8/4,10:15,430,,363,,
2025/8/4,10:30,430,,369,,
2025/8/4,10:45,430,,373,,
2025/8/4,11:00,430,,372,,
2025/8/4,11:15,430,,354,,
2025/8/4,11:30,430,,351,,
2025/8/4,11:45,430,,351,,
2025/8/4,12:00,430,,343,,
2025/8/4,12:15,430,,288,,
2025/8/4,12:30,430,,283,,
2025/8/4,12:45,430,,269,,
2025/8/4,13:00,430,,274,,
2025/8/4,13:15,430,,325,,
2025/8/4,13:30,430,,343,,
2025/8/4,13:45,430,,380,,
2025/8/4,14:00,430,,361,,
2025/8/4,14:15,430,,360,,
2025/8/4,14:30,430,,380,,
2025/8/4,14:45,430,,357,,
2025/8/4,15:00,430,,359,,
2025/8/4,15:15,430,,370,,
2025/8/4,15:30,430,,365,,
2025/8/4,15:45,430,,362,,
2025/8/4,16:00,430,,362,,
2025/8/4,16:15,430,351,,,
2025/8/4,16:30,430,338,,,
2025/8/4,16:45,430,325,,,
2025/8/4,17:00,430,322,,,
2025/8/4,17:15,430,300,,,
2025/8/4,17:30,430,247,,,
2025/8/4,17:45,430,259,,,
2025/8/4,18:00,430,319,,,
2025/8/4,18:15,430,347,,,
2025/8/4,18:30,430,352,,,
2025/8/4,18:45,430,349,,,
2025/8/4,19:00,430,330,,,
2025/8/4,19:15,430,344,,,
2025/8/4,19:30,430,331,,,
2025/8/4,19:45,430,278,,,
2025/8/4,20:00,430,248,,,
2025/8/4,20:15,430,301,,,
2025/8/4,20:30,430,336,,,
2025/8/4,20:45,430,328,,,
2025/8/4,21:00,430,322,,,
2025/8/4,21:15,430,301,,,
2025/8/4,21:30,430,318,,,
2025/8/4,21:45,430,307,,,
2025/8/4,22:00,430,272,,,
2025/8/4,22:15,430,,256,,
2025/8/4,22:30,430,,266,,
2025/8/4,22:45,430,,267,,
2025/8/4,23:00,430,,213,,
2025/8/4,23:15,430,,189,,
2025/8/4,23:30,430,,176,,
2025/8/4,23:45,430,,237,,
2025/8/5,00:00,430,,242,,
2025/8/5,00:15,430,,,,202
2025/8/5,00:30,430,,,,130
2025/8/5,00:45,430,,,,72
2025/8/5,01:00,430,,,,72
2025/8/5,01:15,430,,,,70
2025/8/5,01:30,430,,,,67
2025/8/5,01:45,430,,,,66
2025/8/5,02:00,430,,,,69
2025/8/5,02:15,430,,,,67
2025/8/5,02:30,430,,,,67
2025/8/5,02:45,430,,,,54
2025/8/5,03:00,430,,,,53
2025/8/5,03:15,430,,,,53
2025/8/5,03:30,430,,,,51
2025/8/5,03:45,430,,,,50
2025/8/5,04:00,430,,,,53
2025/8/5,04:15,430,,,,53
2025/8/5,04:30,430,,,,51
2025/8/5,04:45,430,,,,53
2025/8/5,05:00,430,,,,50
2025/8/5,05:15,430,,,,50
2025/8/5,05:30,430,,,,50
2025/8/5,05:45,430,,,,55
2025/8/5,06:00,430,,,,56
2025/8/5,06:15,430,,,,58
2025/8/5,06:30,430,,,,47
2025/8/5,06:45,430,,,,32
2025/8/5,07:00,430,,,,27
2025/8/5,07:15,430,,,,29
2025/8/5,07:30,430,,,,33
2025/8/5,07:45,430,,,,34
2025/8/5,08:00,430,,,,47
2025/8/5,08:15,430,,,,107
2025/8/5,08:30,430,,,,158
2025/8/5,08:45,430,,,,180
2025/8/5,09:00,430,,,,200
2025/8/5,09:15,430,,307,,
2025/8/5,09:30,430,,378,,
2025/8/5,09:45,430,,379,,
2025/8/5,10:00,430,,361,,
2025/8/5,10:15,430,,352,,
2025/8/5,10:30,430,,380,,
2025/8/5,10:45,430,,390,,
2025/8/5,11:00,430,,388,,
2025/8/5,11:15,430,,376,,
2025/8/5,11:30,430,,366,,
2025/8/5,11:45,430,,364,,
2025/8/5,12:00,430,,348,,
2025/8/5,12:15,430,,295,,
2025/8/5,12:30,430,,245,,
2025/8/5,12:45,430,,242,,
2025/8/5,13:00,430,,258,,
2025/8/5,13:15,430,,315,,
2025/8/5,13:30,430,,342,,
2025/8/5,13:45,430,,376,,
2025/8/5,14:00,430,,394,,
2025/8/5,14:15,430,,391,,
2025/8/5,14:30,430,,369,,
2025/8/5,14:45,430,,379,,
2025/8/5,15:00,430,,389,,
2025/8/5,15:15,430,,384,,
2025/8/5,15:30,430,,392,,
2025/8/5,15:45,430,,353,,
2025/8/5,16:00,430,,360,,
2025/8/5,16:15,430,381,,,
2025/8/5,16:30,430,380,,,
2025/8/5,16:45,430,375,,,
2025/8/5,17:00,430,345,,,
2025/8/5,17:15,430,348,,,
2025/8/5,17:30,430,315,,,
2025/8/5,17:45,430,297,,,
2025/8/5,18:00,430,308,,,
2025/8/5,18:15,430,346,,,
2025/8/5,18:30,430,357,,,
2025/8/5,18:45,430,349,,,
2025/8/5,19:00,430,341,,,
2025/8/5,19:15,430,344,,,
2025/8/5,19:30,430,350,,,
2025/8/5,19:45,430,338,,,
2025/8/5,20:00,430,320,,,
2025/8/5,20:15,430,285,,,
2025/8/5,20:30,430,266,,,
2025/8/5,20:45,430,285,,,
2025/8/5,21:00,430,314,,,
2025/8/5,21:15,430,322,,,
2025/8/5,21:30,430,299,,,
2025/8/5,21:45,430,286,,,
2025/8/5,22:00,430,285,,,
2025/8/5,22:15,430,,290,,
2025/8/5,22:30,430,,296,,
2025/8/5,22:45,430,,291,,
2025/8/5,23:00,430,,304,,
2025/8/5,23:15,430,,275,,
2025/8/5,23:30,430,,221,,
2025/8/5,23:45,430,,213,,
2025/8/6,00:00,430,,274,,
2025/8/6,00:15,430,,,,269
2025/8/6,00:30,430,,,,195
2025/8/6,00:45,430,,,,154
2025/8/6,01:00,430,,,,74
2025/8/6,01:15,430,,,,72
2025/8/6,01:30,430,,,,74
2025/8/6,01:45,430,,,,72
2025/8/6,02:00,430,,,,69
2025/8/6,02:15,430,,,,54
2025/8/6,02:30,430,,,,53
2025/8/6,02:45,430,,,,51
2025/8/6,03:00,430,,,,50
2025/8/6,03:15,430,,,,51
2025/8/6,03:30,430,,,,51
2025/8/6,03:45,430,,,,53
2025/8/6,04:00,430,,,,51
2025/8/6,04:15,430,,,,51
2025/8/6,04:30,430,,,,53
2025/8/6,04:45,430,,,,51
2025/8/6,05:00,430,,,,53
2025/8/6,05:15,430,,,,54
2025/8/6,05:30,430,,,,51
2025/8/6,05:45,430,,,,51
2025/8/6,06:00,430,,,,54
2025/8/6,06:15,430,,,,56
2025/8/6,06:30,430,,,,59
2025/8/6,06:45,430,,,,38
2025/8/6,07:00,430,,,,35
2025/8/6,07:15,430,,,,32
2025/8/6,07:30,430,,,,32
2025/8/6,07:45,430,,,,37
2025/8/6,08:00,430,,,,53
2025/8/6,08:15,430,,,,142
2025/8/6,08:30,430,,,,153
2025/8/6,08:45,430,,,,157
2025/8/6,09:00,430,,,,201
2025/8/6,09:15,430,,285,,
2025/8/6,09:30,430,,343,,
2025/8/6,09:45,430,,383,,
2025/8/6,10:00,430,,381,,
2025/8/6,10:15,430,,382,,
2025/8/6,10:30,430,,396,,
2025/8/6,10:45,430,,395,,
2025/8/6,11:00,430,,389,,
2025/8/6,11:15,430,,384,,
2025/8/6,11:30,430,,362,,
2025/8/6,11:45,430,,346,,
2025/8/6,12:00,430,,355,,
2025/8/6,12:15,430,,312,,
2025/8/6,12:30,430,,272,,
2025/8/6,12:45,430,,248,,
2025/8/6,13:00,430,,256,,
2025/8/6,13:15,430,,331,,
2025/8/6,13:30,430,,370,,
2025/8/6,13:45,430,,401,,
2025/8/6,14:00,430,,393,,
2025/8/6,14:15,430,,391,,
2025/8/6,14:30,430,,378,,
2025/8/6,14:45,430,,389,,
2025/8/6,15:00,430,,367,,
2025/8/6,15:15,430,,385,,
2025/8/6,15:30,430,,394,,
2025/8/6,15:45,430,,383,,
2025/8/6,16:00,430,,393,,
2025/8/6,16:15,430,377,,,
2025/8/6,16:30,430,383,,,
2025/8/6,16:45,430,392,,,
2025/8/6,17:00,430,379,,,
2025/8/6,17:15,430,320,,,
2025/8/6,17:30,430,273,,,
2025/8/6,17:45,430,287,,,
2025/8/6,18:00,430,321,,,
2025/8/6,18:15,430,347,,,
2025/8/6,18:30,430,345,,,
2025/8/6,18:45,430,347,,,
2025/8/6,19:00,430,360,,,
2025/8/6,19:15,430,358,,,
2025/8/6,19:30,430,350,,,
2025/8/6,19:45,430,336,,,
2025/8/6,20:00,430,342,,,
2025/8/6,20:15,430,312,,,
2025/8/6,20:30,430,264,,,
2025/8/6,20:45,430,275,,,
2025/8/6,21:00,430,328,,,
2025/8/6,21:15,430,323,,,
2025/8/6,21:30,430,325,,,
2025/8/6,21:45,430,291,,,
2025/8/6,22:00,430,294,,,
2025/8/6,22:15,430,,317,,
2025/8/6,22:30,430,,315,,
2025/8/6,22:45,430,,304,,
2025/8/6,23:00,430,,306,,
2025/8/6,23:15,430,,274,,
2025/8/6,23:30,430,,214,,
2025/8/6,23:45,430,,238,,
2025/8/7,00:00,430,,286,,
2025/8/7,00:15,430,,,,261
2025/8/7,00:30,430,,,,195
2025/8/7,00:45,430,,,,154
2025/8/7,01:00,430,,,,78
2025/8/7,01:15,430,,,,72
2025/8/7,01:30,430,,,,67
2025/8/7,01:45,430,,,,69
2025/8/7,02:00,430,,,,64
2025/8/7,02:15,430,,,,64
2025/8/7,02:30,430,,,,64
2025/8/7,02:45,430,,,,53
2025/8/7,03:00,430,,,,53
2025/8/7,03:15,430,,,,53
2025/8/7,03:30,430,,,,53
2025/8/7,03:45,430,,,,51
2025/8/7,04:00,430,,,,53
2025/8/7,04:15,430,,,,53
2025/8/7,04:30,430,,,,53
2025/8/7,04:45,430,,,,53
2025/8/7,05:00,430,,,,51
2025/8/7,05:15,430,,,,53
2025/8/7,05:30,430,,,,50
2025/8/7,05:45,430,,,,52
2025/8/7,06:00,430,,,,53
2025/8/7,06:15,430,,,,57
2025/8/7,06:30,430,,,,60
2025/8/7,06:45,430,,,,61
2025/8/7,07:00,430,,,,55
2025/8/7,07:15,430,,,,44
2025/8/7,07:30,430,,,,35
2025/8/7,07:45,430,,,,34
2025/8/7,08:00,430,,,,50
2025/8/7,08:15,430,,,,137
2025/8/7,08:30,430,,,,162
2025/8/7,08:45,430,,,,192
2025/8/7,09:00,430,,,,245
2025/8/7,09:15,430,,348,,
2025/8/7,09:30,430,,386,,
2025/8/7,09:45,430,,394,,
2025/8/7,10:00,430,,379,,
2025/8/7,10:15,430,,385,,
2025/8/7,10:30,430,,394,,
2025/8/7,10:45,430,,407,,
2025/8/7,11:00,430,,391,,
2025/8/7,11:15,430,,383,,
2025/8/7,11:30,430,,369,,
2025/8/7,11:45,430,,377,,
2025/8/7,12:00,430,,376,,
2025/8/7,12:15,430,,313,,
2025/8/7,12:30,430,,284,,
2025/8/7,12:45,430,,265,,
2025/8/7,13:00,430,,260,,
2025/8/7,13:15,430,,352,,
2025/8/7,13:30,430,,383,,
2025/8/7,13:45,430,,406,,
2025/8/7,14:00,430,,389,,
2025/8/7,14:15,430,,391,,
2025/8/7,14:30,430,,393,,
2025/8/7,14:45,430,,399,,
2025/8/7,15:00,430,,404,,
2025/8/7,15:15,430,,382,,
2025/8/7,15:30,430,,379,,
2025/8/7,15:45,430,,380,,
2025/8/7,16:00,430,,371,,
2025/8/7,16:15,430,382,,,
2025/8/7,16:30,430,373,,,
2025/8/7,16:45,430,387,,,
2025/8/7,17:00,430,373,,,
2025/8/7,17:15,430,328,,,
2025/8/7,17:30,430,263,,,
2025/8/7,17:45,430,260,,,
2025/8/7,18:00,430,328,,,
2025/8/7,18:15,430,354,,,
2025/8/7,18:30,430,344,,,
2025/8/7,18:45,430,328,,,
2025/8/7,19:00,430,320,,,
2025/8/7,19:15,430,334,,,
2025/8/7,19:30,430,326,,,
2025/8/7,19:45,430,322,,,
2025/8/7,20:00,430,309,,,
2025/8/7,20:15,430,275,,,
2025/8/7,20:30,430,238,,,
2025/8/7,20:45,430,280,,,
2025/8/7,21:00,430,322,,,
2025/8/7,21:15,430,328,,,
2025/8/7,21:30,430,307,,,
2025/8/7,21:45,430,274,,,
2025/8/7,22:00,430,290,,,
2025/8/7,22:15,430,,315,,
2025/8/7,22:30,430,,312,,
2025/8/7,22:45,430,,301,,
2025/8/7,23:00,430,,290,,
2025/8/7,23:15,430,,258,,
2025/8/7,23:30,430,,224,,
2025/8/7,23:45,430,,246,,
2025/8/8,00:00,430,,298,,
2025/8/8,00:15,430,,,,288
2025/8/8,00:30,430,,,,227
2025/8/8,00:45,430,,,,181
2025/8/8,01:00,430,,,,152
2025/8/8,01:15,430,,,,138
2025/8/8,01:30,430,,,,72
2025/8/8,01:45,430,,,,69
2025/8/8,02:00,430,,,,66
2025/8/8,02:15,430,,,,66
2025/8/8,02:30,430,,,,66
2025/8/8,02:45,430,,,,64
2025/8/8,03:00,430,,,,64
2025/8/8,03:15,430,,,,61
2025/8/8,03:30,430,,,,51
2025/8/8,03:45,430,,,,51
2025/8/8,04:00,430,,,,51
2025/8/8,04:15,430,,,,51
2025/8/8,04:30,430,,,,51
2025/8/8,04:45,430,,,,51
2025/8/8,05:00,430,,,,51
2025/8/8,05:15,430,,,,51
2025/8/8,05:30,430,,,,51
2025/8/8,05:45,430,,,,55
2025/8/8,06:00,430,,,,54
2025/8/8,06:15,430,,,,57
2025/8/8,06:30,430,,,,53
2025/8/8,06:45,430,,,,60
2025/8/8,07:00,430,,,,56
2025/8/8,07:15,430,,,,54
2025/8/8,07:30,430,,,,48
2025/8/8,07:45,430,,,,37
2025/8/8,08:00,430,,,,49
2025/8/8,08:15,430,,,,137
2025/8/8,08:30,430,,,,160
2025/8/8,08:45,430,,,,182
2025/8/8,09:00,430,,,,188
2025/8/8,09:15,430,,249,,
2025/8/8,09:30,430,,330,,
2025/8/8,09:45,430,,370,,
2025/8/8,10:00,430,,378,,
2025/8/8,10:15,430,,380,,
2025/8/8,10:30,430,,379,,
2025/8/8,10:45,430,,402,,
2025/8/8,11:00,430,,385,,
2025/8/8,11:15,430,,368,,
2025/8/8,11:30,430,,386,,
2025/8/8,11:45,430,,389,,
2025/8/8,12:00,430,,374,,
2025/8/8,12:15,430,,273,,
2025/8/8,12:30,430,,233,,
2025/8/8,12:45,430,,214,,
2025/8/8,13:00,430,,221,,
2025/8/8,13:15,430,,318,,
2025/8/8,13:30,430,,369,,
2025/8/8,13:45,430,,385,,
2025/8/8,14:00,430,,396,,
2025/8/8,14:15,430,,407,,
2025/8/8,14:30,430,,396,,
2025/8/8,14:45,430,,397,,
2025/8/8,15:00,430,,390,,
2025/8/8,15:15,430,,393,,
2025/8/8,15:30,430,,385,,
2025/8/8,15:45,430,,397,,
2025/8/8,16:00,430,,402,,
2025/8/8,16:15,430,400,,,
2025/8/8,16:30,430,392,,,
2025/8/8,16:45,430,394,,,
2025/8/8,17:00,430,370,,,
2025/8/8,17:15,430,309,,,
2025/8/8,17:30,430,274,,,
2025/8/8,17:45,430,270,,,
2025/8/8,18:00,430,302,,,
2025/8/8,18:15,430,324,,,
2025/8/8,18:30,430,336,,,
2025/8/8,18:45,430,333,,,
2025/8/8,19:00,430,339,,,
2025/8/8,19:15,430,333,,,
2025/8/8,19:30,430,315,,,
2025/8/8,19:45,430,330,,,
2025/8/8,20:00,430,330,,,
2025/8/8,20:15,430,296,,,
2025/8/8,20:30,430,238,,,
2025/8/8,20:45,430,253,,,
2025/8/8,21:00,430,306,,,
2025/8/8,21:15,430,314,,,
2025/8/8,21:30,430,302,,,
2025/8/8,21:45,430,306,,,
2025/8/8,22:00,430,315,,,
2025/8/8,22:15,430,,322,,
2025/8/8,22:30,430,,299,,
2025/8/8,22:45,430,,307,,
2025/8/8,23:00,430,,309,,
2025/8/8,23:15,430,,264,,
2025/8/8,23:30,430,,226,,
2025/8/8,23:45,430,,254,,
2025/8/9,00:00,430,,299,,
2025/8/9,00:15,430,,,,307
2025/8/9,00:30,430,,,,267
2025/8/9,00:45,430,,,,208
2025/8/9,01:00,430,,,,163
2025/8/9,01:15,430,,,,133
2025/8/9,01:30,430,,,,72
2025/8/9,01:45,430,,,,70
2025/8/9,02:00,430,,,,67
2025/8/9,02:15,430,,,,69
2025/8/9,02:30,430,,,,66
2025/8/9,02:45,430,,,,69
2025/8/9,03:00,430,,,,69
2025/8/9,03:15,430,,,,69
2025/8/9,03:30,430,,,,69
2025/8/9,03:45,430,,,,61
2025/8/9,04:00,430,,,,54
2025/8/9,04:15,430,,,,54
2025/8/9,04:30,430,,,,53
2025/8/9,04:45,430,,,,30
2025/8/9,05:00,430,,,,27
2025/8/9,05:15,430,,,,29
2025/8/9,05:30,430,,,,29
2025/8/9,05:45,430,,,,26
2025/8/9,06:00,430,,,,31
2025/8/9,06:15,430,,,,34
2025/8/9,06:30,430,,,,36
2025/8/9,06:45,430,,,,35
2025/8/9,07:00,430,,,,33
2025/8/9,07:15,430,,,,33
2025/8/9,07:30,430,,,,37
2025/8/9,07:45,430,,,,38
2025/8/9,08:00,430,,,,57
2025/8/9,08:15,430,,,,117
2025/8/9,08:30,430,,,,147
2025/8/9,08:45,430,,,,147
2025/8/9,09:00,430,,,180,
2025/8/9,09:15,430,,,290,
2025/8/9,09:30,430,,,352,
2025/8/9,09:45,430,,,374,
2025/8/9,10:00,430,,,372,
2025/8/9,10:15,430,,,359,
2025/8/9,10:30,430,,,377,
2025/8/9,10:45,430,,,380,
2025/8/9,11:00,430,,,353,
2025/8/9,11:15,430,,,349,
2025/8/9,11:30,430,,,365,
2025/8/9,11:45,430,,,369,
2025/8/9,12:00,430,,,354,
2025/8/9,12:15,430,,,291,
2025/8/9,12:30,430,,,290,
2025/8/9,12:45,430,,,284,
2025/8/9,13:00,430,,,274,
2025/8/9,13:15,430,,,334,
2025/8/9,13:30,430,,,369,
2025/8/9,13:45,430,,,390,
2025/8/9,14:00,430,,,393,
2025/8/9,14:15,430,,,365,
2025/8/9,14:30,430,,,368,
2025/8/9,14:45,430,,,370,
2025/8/9,15:00,430,,,391,
2025/8/9,15:15,430,,,371,
2025/8/9,15:30,430,,,380,
2025/8/9,15:45,430,,,386,
2025/8/9,16:00,430,,,397,
2025/8/9,16:15,430,,,395,
2025/8/9,16:30,430,,,371,
2025/8/9,16:45,430,,,366,
2025/8/9,17:00,430,,,353,
2025/8/9,17:15,430,,,304,
2025/8/9,17:30,430,,,263,
2025/8/9,17:45,430,,,272,
2025/8/9,18:00,430,,,310,
2025/8/9,18:15,430,,,342,
2025/8/9,18:30,430,,,343,
2025/8/9,18:45,430,,,349,
2025/8/9,19:00,430,,,344,
2025/8/9,19:15,430,,,339,
2025/8/9,19:30,430,,,347,
2025/8/9,19:45,430,,,339,
2025/8/9,20:00,430,,,328,
2025/8/9,20:15,430,,,286,
2025/8/9,20:30,430,,,259,
2025/8/9,20:45,430,,,296,
2025/8/9,21:00,430,,,328,
2025/8/9,21:15,430,,,336,
2025/8/9,21:30,430,,,334,
2025/8/9,21:45,430,,,299,
2025/8/9,22:00,430,,,285,
2025/8/9,22:15,430,,,283,
2025/8/9,22:30,430,,,306,
2025/8/9,22:45,430,,,312,
2025/8/9,23:00,430,,,296,
2025/8/9,23:15,430,,,256,
2025/8/9,23:30,430,,,221,
2025/8/9,23:45,430,,,230,
2025/8/10,00:00,430,,,283,
2025/8/10,00:15,430,,,,270
2025/8/10,00:30,430,,,,214
2025/8/10,00:45,430,,,,158
2025/8/10,01:00,430,,,,150
2025/8/10,01:15,430,,,,131
2025/8/10,01:30,430,,,,78
2025/8/10,01:45,430,,,,78
2025/8/10,02:00,430,,,,78
2025/8/10,02:15,430,,,,77
2025/8/10,02:30,430,,,,80
2025/8/10,02:45,430,,,,67
2025/8/10,03:00,430,,,,64
2025/8/10,03:15,430,,,,66
2025/8/10,03:30,430,,,,64
2025/8/10,03:45,430,,,,62
2025/8/10,04:00,430,,,,58
2025/8/10,04:15,430,,,,27
2025/8/10,04:30,430,,,,30
2025/8/10,04:45,430,,,,29
2025/8/10,05:00,430,,,,27
2025/8/10,05:15,430,,,,30
2025/8/10,05:30,430,,,,34
2025/8/10,05:45,430,,,,30
2025/8/10,06:00,430,,,,27
2025/8/10,06:15,430,,,,28
2025/8/10,06:30,430,,,,30
2025/8/10,06:45,430,,,,29
2025/8/10,07:00,430,,,,30
2025/8/10,07:15,430,,,,28
2025/8/10,07:30,430,,,,33
2025/8/10,07:45,430,,,,35
2025/8/10,08:00,430,,,,34
2025/8/10,08:15,430,,,,35
2025/8/10,08:30,430,,,,35
2025/8/10,08:45,430,,,,38
2025/8/10,09:00,430,,,,37
2025/8/10,09:15,430,,,,35
2025/8/10,09:30,430,,,,34
2025/8/10,09:45,430,,,,37
2025/8/10,10:00,430,,,,39
2025/8/10,10:15,430,,,,39
2025/8/10,10:30,430,,,,39
2025/8/10,10:45,430,,,,58
2025/8/10,11:00,430,,,,99
2025/8/10,11:15,430,,,,124
2025/8/10,11:30,430,,,,161
2025/8/10,11:45,430,,,,255
2025/8/10,12:00,430,,,,292
2025/8/10,12:15,430,,,,263
2025/8/10,12:30,430,,,,233
2025/8/10,12:45,430,,,,216
2025/8/10,13:00,430,,,,229
2025/8/10,13:15,430,,,,245
2025/8/10,13:30,430,,,,236
2025/8/10,13:45,430,,,,245
2025/8/10,14:00,430,,,,241
2025/8/10,14:15,430,,,,246
2025/8/10,14:30,430,,,,269
2025/8/10,14:45,430,,,,296
2025/8/10,15:00,430,,,,301
2025/8/10,15:15,430,,,,298
2025/8/10,15:30,430,,,,297
2025/8/10,15:45,430,,,,307
2025/8/10,16:00,430,,,,317
2025/8/10,16:15,430,,,,305
2025/8/10,16:30,430,,,,287
2025/8/10,16:45,430,,,,293
2025/8/10,17:00,430,,,,264
2025/8/10,17:15,430,,,,165
2025/8/10,17:30,430,,,,112
2025/8/10,17:45,430,,,,71
2025/8/10,18:00,430,,,,67
2025/8/10,18:15,430,,,,55
2025/8/10,18:30,430,,,,55
2025/8/10,18:45,430,,,,55
2025/8/10,19:00,430,,,,53
2025/8/10,19:15,430,,,,50
2025/8/10,19:30,430,,,,50
2025/8/10,19:45,430,,,,54
2025/8/10,20:00,430,,,,54
2025/8/10,20:15,430,,,,53
2025/8/10,20:30,430,,,,50
2025/8/10,20:45,430,,,,53
2025/8/10,21:00,430,,,,53
2025/8/10,21:15,430,,,,35
2025/8/10,21:30,430,,,,22
2025/8/10,21:45,430,,,,24
2025/8/10,22:00,430,,,,26
2025/8/10,22:15,430,,,,26
2025/8/10,22:30,430,,,,26
2025/8/10,22:45,430,,,,24
2025/8/10,23:00,430,,,,24
2025/8/10,23:15,430,,,,21
2025/8/10,23:30,430,,,,26
2025/8/10,23:45,430,,,,22
2025/8/11,00:00,430,,,,22
2025/8/11,00:15,430,,,,26
2025/8/11,00:30,430,,,,21
2025/8/11,00:45,430,,,,22
2025/8/11,01:00,430,,,,24
2025/8/11,01:15,430,,,,22
2025/8/11,01:30,430,,,,24
2025/8/11,01:45,430,,,,24
2025/8/11,02:00,430,,,,21
2025/8/11,02:15,430,,,,22
2025/8/11,02:30,430,,,,24
2025/8/11,02:45,430,,,,22
2025/8/11,03:00,430,,,,24
2025/8/11,03:15,430,,,,22
2025/8/11,03:30,430,,,,21
2025/8/11,03:45,430,,,,26
2025/8/11,04:00,430,,,,27
2025/8/11,04:15,430,,,,29
2025/8/11,04:30,430,,,,29
2025/8/11,04:45,430,,,,29
2025/8/11,05:00,430,,,,29
2025/8/11,05:15,430,,,,29
2025/8/11,05:30,430,,,,30
2025/8/11,05:45,430,,,,36
2025/8/11,06:00,430,,,,35
2025/8/11,06:15,430,,,,33
2025/8/11,06:30,430,,,,31
2025/8/11,06:45,430,,,,36
2025/8/11,07:00,430,,,,36
2025/8/11,07:15,430,,,,35
2025/8/11,07:30,430,,,,36
2025/8/11,07:45,430,,,,39
2025/8/11,08:00,430,,,,46
2025/8/11,08:15,430,,,,123
2025/8/11,08:30,430,,,,166
2025/8/11,08:45,430,,,,168
2025/8/11,09:00,430,,,,204
2025/8/11,09:15,430,,246,,
2025/8/11,09:30,430,,322,,
2025/8/11,09:45,430,,385,,
2025/8/11,10:00,430,,399,,
2025/8/11,10:15,430,,392,,
2025/8/11,10:30,430,,381,,
2025/8/11,10:45,430,,397,,
2025/8/11,11:00,430,,401,,
2025/8/11,11:15,430,,387,,
2025/8/11,11:30,430,,371,,
2025/8/11,11:45,430,,370,,
2025/8/11,12:00,430,,369,,
2025/8/11,12:15,430,,313,,
2025/8/11,12:30,430,,284,,
2025/8/11,12:45,430,,261,,
2025/8/11,13:00,430,,242,,
2025/8/11,13:15,430,,350,,
2025/8/11,13:30,430,,382,,
2025/8/11,13:45,430,,400,,
2025/8/11,14:00,430,,400,,
2025/8/11,14:15,430,,397,,
2025/8/11,14:30,430,,398,,
2025/8/11,14:45,430,,397,,
2025/8/11,15:00,430,,405,,
2025/8/11,15:15,430,,398,,
2025/8/11,15:30,430,,406,,
2025/8/11,15:45,430,,401,,
2025/8/11,16:00,430,,387,,
2025/8/11,16:15,430,401,,,
2025/8/11,16:30,430,378,,,
2025/8/11,16:45,430,372,,,
2025/8/11,17:00,430,356,,,
2025/8/11,17:15,430,321,,,
2025/8/11,17:30,430,301,,,
2025/8/11,17:45,430,276,,,
2025/8/11,18:00,430,297,,,
2025/8/11,18:15,430,314,,,
2025/8/11,18:30,430,330,,,
2025/8/11,18:45,430,328,,,
2025/8/11,19:00,430,325,,,
2025/8/11,19:15,430,336,,,
2025/8/11,19:30,430,315,,,
2025/8/11,19:45,430,298,,,
2025/8/11,20:00,430,290,,,
2025/8/11,20:15,430,301,,,
2025/8/11,20:30,430,286,,,
2025/8/11,20:45,430,312,,,
2025/8/11,21:00,430,341,,,
2025/8/11,21:15,430,357,,,
2025/8/11,21:30,430,331,,,
2025/8/11,21:45,430,304,,,
2025/8/11,22:00,430,302,,,
2025/8/11,22:15,430,,299,,
2025/8/11,22:30,430,,270,,
2025/8/11,22:45,430,,216,,
2025/8/11,23:00,430,,187,,
2025/8/11,23:15,430,,181,,
2025/8/11,23:30,430,,179,,
2025/8/11,23:45,430,,227,,
2025/8/12,00:00,430,,246,,
2025/8/12,00:15,430,,,,200
2025/8/12,00:30,430,,,,154
2025/8/12,00:45,430,,,,144
2025/8/12,01:00,430,,,,142
2025/8/12,01:15,430,,,,122
2025/8/12,01:30,430,,,,80
2025/8/12,01:45,430,,,,74
2025/8/12,02:00,430,,,,74
2025/8/12,02:15,430,,,,67
2025/8/12,02:30,430,,,,69
2025/8/12,02:45,430,,,,69
2025/8/12,03:00,430,,,,67
2025/8/12,03:15,430,,,,67
2025/8/12,03:30,430,,,,66
2025/8/12,03:45,430,,,,67
2025/8/12,04:00,430,,,,66
2025/8/12,04:15,430,,,,70
2025/8/12,04:30,430,,,,67
2025/8/12,04:45,430,,,,67
2025/8/12,05:00,430,,,,69
2025/8/12,05:15,430,,,,67
2025/8/12,05:30,430,,,,64
2025/8/12,05:45,430,,,,50
2025/8/12,06:00,430,,,,56
2025/8/12,06:15,430,,,,58
2025/8/12,06:30,430,,,,59
2025/8/12,06:45,430,,,,40
2025/8/12,07:00,430,,,,33
2025/8/12,07:15,430,,,,35
2025/8/12,07:30,430,,,,38
2025/8/12,07:45,430,,,,43
2025/8/12,08:00,430,,,,48
2025/8/12,08:15,430,,,,135
2025/8/12,08:30,430,,,,160
2025/8/12,08:45,430,,,,170
2025/8/12,09:00,430,,,,175
2025/8/12,09:15,430,,206,,
2025/8/12,09:30,430,,311,,
2025/8/12,09:45,430,,381,,
2025/8/12,10:00,430,,389,,
2025/8/12,10:15,430,,385,,
2025/8/12,10:30,430,,363,,
2025/8/12,10:45,430,,383,,
2025/8/12,11:00,430,,393,,
2025/8/12,11:15,430,,382,,
2025/8/12,11:30,430,,382,,
2025/8/12,11:45,430,,361,,
2025/8/12,12:00,430,,354,,
2025/8/12,12:15,430,,295,,
2025/8/12,12:30,430,,278,,
2025/8/12,12:45,430,,249,,
2025/8/12,13:00,430,,248,,
2025/8/12,13:15,430,,325,,
2025/8/12,13:30,430,,333,,
2025/8/12,13:45,430,,346,,
2025/8/12,14:00,430,,388,,
2025/8/12,14:15,430,,409,,
2025/8/12,14:30,430,,399,,
2025/8/12,14:45,430,,394,,
2025/8/12,15:00,430,,383,,
2025/8/12,15:15,430,,382,,
2025/8/12,15:30,430,,388,,
2025/8/12,15:45,430,,395,,
2025/8/12,16:00,430,,394,,
2025/8/12,16:15,430,364,,,
2025/8/12,16:30,430,345,,,
2025/8/12,16:45,430,378,,,
2025/8/12,17:00,430,377,,,
2025/8/12,17:15,430,324,,,
2025/8/12,17:30,430,295,,,
2025/8/12,17:45,430,273,,,
2025/8/12,18:00,430,308,,,
2025/8/12,18:15,430,326,,,
2025/8/12,18:30,430,342,,,
2025/8/12,18:45,430,342,,,
2025/8/12,19:00,430,336,,,
2025/8/12,19:15,430,334,,,
2025/8/12,19:30,430,338,,,
2025/8/12,19:45,430,326,,,
2025/8/12,20:00,430,323,,,
2025/8/12,20:15,430,277,,,
2025/8/12,20:30,430,250,,,
2025/8/12,20:45,430,275,,,
2025/8/12,21:00,430,301,,,
2025/8/12,21:15,430,317,,,
2025/8/12,21:30,430,309,,,
2025/8/12,21:45,430,294,,,
2025/8/12,22:00,430,291,,,
2025/8/12,22:15,430,,286,,
2025/8/12,22:30,430,,288,,
2025/8/12,22:45,430,,294,,
2025/8/12,23:00,430,,280,,
2025/8/12,23:15,430,,227,,
2025/8/12,23:30,430,,186,,
2025/8/12,23:45,430,,224,,
2025/8/13,00:00,430,,242,,
2025/8/13,00:15,430,,,,219
2025/8/13,00:30,430,,,,182
2025/8/13,00:45,430,,,,155
2025/8/13,01:00,430,,,,157
2025/8/13,01:15,430,,,,146
2025/8/13,01:30,430,,,,112
2025/8/13,01:45,430,,,,75
2025/8/13,02:00,430,,,,70
2025/8/13,02:15,430,,,,66
2025/8/13,02:30,430,,,,66
2025/8/13,02:45,430,,,,62
2025/8/13,03:00,430,,,,59
2025/8/13,03:15,430,,,,61
2025/8/13,03:30,430,,,,61
2025/8/13,03:45,430,,,,62
2025/8/13,04:00,430,,,,61
2025/8/13,04:15,430,,,,62
2025/8/13,04:30,430,,,,59
2025/8/13,04:45,430,,,,61
2025/8/13,05:00,430,,,,61
2025/8/13,05:15,430,,,,58
2025/8/13,05:30,430,,,,56
2025/8/13,05:45,430,,,,57
2025/8/13,06:00,430,,,,66
2025/8/13,06:15,430,,,,68
2025/8/13,06:30,430,,,,64
2025/8/13,06:45,430,,,,62
2025/8/13,07:00,430,,,,54
2025/8/13,07:15,430,,,,56
2025/8/13,07:30,430,,,,57
2025/8/13,07:45,430,,,,60
2025/8/13,08:00,430,,,,67
2025/8/13,08:15,430,,,,73
2025/8/13,08:30,430,,,,70
2025/8/13,08:45,430,,,,73
2025/8/13,09:00,430,,,,75
2025/8/13,09:15,430,,206,,
2025/8/13,09:30,430,,317,,
2025/8/13,09:45,430,,383,,
2025/8/13,10:00,430,,403,,
2025/8/13,10:15,430,,386,,
2025/8/13,10:30,430,,378,,
2025/8/13,10:45,430,,395,,
2025/8/13,11:00,430,,405,,
2025/8/13,11:15,430,,393,,
2025/8/13,11:30,430,,377,,
2025/8/13,11:45,430,,379,,
2025/8/13,12:00,430,,378,,
2025/8/13,12:15,430,,313,,
2025/8/13,12:30,430,,280,,
2025/8/13,12:45,430,,272,,
2025/8/13,13:00,430,,263,,
2025/8/13,13:15,430,,312,,
2025/8/13,13:30,430,,336,,
2025/8/13,13:45,430,,386,,
2025/8/13,14:00,430,,403,,
2025/8/13,14:15,430,,392,,
2025/8/13,14:30,430,,374,,
2025/8/13,14:45,430,,369,,
2025/8/13,15:00,430,,379,,
2025/8/13,15:15,430,,394,,
2025/8/13,15:30,430,,372,,
2025/8/13,15:45,430,,363,,
2025/8/13,16:00,430,,351,,
2025/8/13,16:15,430,342,,,
2025/8/13,16:30,430,374,,,
2025/8/13,16:45,430,379,,,
2025/8/13,17:00,430,356,,,
2025/8/13,17:15,430,310,,,
2025/8/13,17:30,430,276,,,
2025/8/13,17:45,430,256,,,
2025/8/13,18:00,430,306,,,
2025/8/13,18:15,430,328,,,
2025/8/13,18:30,430,345,,,
2025/8/13,18:45,430,325,,,
2025/8/13,19:00,430,318,,,
2025/8/13,19:15,430,317,,,
2025/8/13,19:30,430,293,,,
2025/8/13,19:45,430,294,,,
2025/8/13,20:00,430,266,,,
2025/8/13,20:15,430,253,,,
2025/8/13,20:30,430,270,,,
2025/8/13,20:45,430,307,,,
2025/8/13,21:00,430,320,,,
2025/8/13,21:15,430,323,,,
2025/8/13,21:30,430,317,,,
2025/8/13,21:45,430,286,,,
2025/8/13,22:00,430,280,,,
2025/8/13,22:15,430,,291,,
2025/8/13,22:30,430,,285,,
2025/8/13,22:45,430,,250,,
2025/8/13,23:00,430,,245,,
2025/8/13,23:15,430,,224,,
2025/8/13,23:30,430,,243,,
2025/8/13,23:45,430,,270,,
2025/8/14,00:00,430,,286,,
2025/8/14,00:15,430,,,,262
2025/8/14,00:30,430,,,,202
2025/8/14,00:45,430,,,,162
2025/8/14,01:00,430,,,,139
2025/8/14,01:15,430,,,,70
2025/8/14,01:30,430,,,,64
2025/8/14,01:45,430,,,,64
2025/8/14,02:00,430,,,,61
2025/8/14,02:15,430,,,,62
2025/8/14,02:30,430,,,,59
2025/8/14,02:45,430,,,,59
2025/8/14,03:00,430,,,,61
2025/8/14,03:15,430,,,,61
2025/8/14,03:30,430,,,,61
2025/8/14,03:45,430,,,,59
2025/8/14,04:00,430,,,,61
2025/8/14,04:15,430,,,,61
2025/8/14,04:30,430,,,,66
2025/8/14,04:45,430,,,,74
2025/8/14,05:00,430,,,,72
2025/8/14,05:15,430,,,,75
2025/8/14,05:30,430,,,,74
2025/8/14,05:45,430,,,,72
2025/8/14,06:00,430,,,,63
2025/8/14,06:15,430,,,,67
2025/8/14,06:30,430,,,,62
2025/8/14,06:45,430,,,,48
2025/8/14,07:00,430,,,,43
2025/8/14,07:15,430,,,,43
2025/8/14,07:30,430,,,,45
2025/8/14,07:45,430,,,,48
2025/8/14,08:00,430,,,,66
2025/8/14,08:15,430,,,,123
2025/8/14,08:30,430,,,,155
2025/8/14,08:45,430,,,,180
2025/8/14,09:00,430,,,,202
2025/8/14,09:15,430,,259,,
2025/8/14,09:30,430,,331,,
2025/8/14,09:45,430,,393,,
2025/8/14,10:00,430,,399,,
2025/8/14,10:15,430,,400,,
2025/8/14,10:30,430,,370,,
2025/8/14,10:45,430,,374,,
2025/8/14,11:00,430,,400,,
2025/8/14,11:15,430,,404,,
2025/8/14,11:30,430,,382,,
2025/8/14,11:45,430,,371,,
2025/8/14,12:00,430,,359,,
2025/8/14,12:15,430,,297,,
2025/8/14,12:30,430,,245,,
2025/8/14,12:45,430,,205,,
2025/8/14,13:00,430,,252,,
2025/8/14,13:15,430,,353,,
2025/8/14,13:30,430,,376,,
2025/8/14,13:45,430,,395,,
2025/8/14,14:00,430,,406,,
2025/8/14,14:15,430,,413,,
2025/8/14,14:30,430,,399,,
2025/8/14,14:45,430,,392,,
2025/8/14,15:00,430,,386,,
2025/8/14,15:15,430,,400,,
2025/8/14,15:30,430,,403,,
2025/8/14,15:45,430,,406,,
2025/8/14,16:00,430,,384,,
2025/8/14,16:15,430,379,,,
2025/8/14,16:30,430,374,,,
2025/8/14,16:45,430,370,,,
2025/8/14,17:00,430,369,,,
2025/8/14,17:15,430,313,,,
2025/8/14,17:30,430,299,,,
2025/8/14,17:45,430,301,,,
2025/8/14,18:00,430,312,,,
2025/8/14,18:15,430,325,,,
2025/8/14,18:30,430,337,,,
2025/8/14,18:45,430,352,,,
2025/8/14,19:00,430,330,,,
2025/8/14,19:15,430,323,,,
2025/8/14,19:30,430,333,,,
2025/8/14,19:45,430,314,,,
2025/8/14,20:00,430,318,,,
2025/8/14,20:15,430,272,,,
2025/8/14,20:30,430,242,,,
2025/8/14,20:45,430,269,,,
2025/8/14,21:00,430,314,,,
2025/8/14,21:15,430,330,,,
2025/8/14,21:30,430,314,,,
2025/8/14,21:45,430,299,,,
2025/8/14,22:00,430,285,,,
2025/8/14,22:15,430,,293,,
2025/8/14,22:30,430,,286,,
2025/8/14,22:45,430,,277,,
2025/8/14,23:00,430,,272,,
2025/8/14,23:15,430,,213,,
2025/8/14,23:30,430,,186,,
2025/8/14,23:45,430,,237,,
2025/8/15,00:00,430,,283,,
2025/8/15,00:15,430,,,,240
2025/8/15,00:30,430,,,,181
2025/8/15,00:45,430,,,,149
2025/8/15,01:00,430,,,,138
2025/8/15,01:15,430,,,,85
2025/8/15,01:30,430,,,,61
2025/8/15,01:45,430,,,,64
2025/8/15,02:00,430,,,,61
2025/8/15,02:15,430,,,,62
2025/8/15,02:30,430,,,,61
2025/8/15,02:45,430,,,,62
2025/8/15,03:00,430,,,,61
2025/8/15,03:15,430,,,,62
2025/8/15,03:30,430,,,,58
2025/8/15,03:45,430,,,,61
2025/8/15,04:00,430,,,,61
2025/8/15,04:15,430,,,,70
2025/8/15,04:30,430,,,,74
2025/8/15,04:45,430,,,,74
2025/8/15,05:00,430,,,,70
2025/8/15,05:15,430,,,,74
2025/8/15,05:30,430,,,,72
2025/8/15,05:45,430,,,,64
2025/8/15,06:00,430,,,,62
2025/8/15,06:15,430,,,,68
2025/8/15,06:30,430,,,,65
2025/8/15,06:45,430,,,,58
2025/8/15,07:00,430,,,,69
2025/8/15,07:15,430,,,,71
2025/8/15,07:30,430,,,,72
2025/8/15,07:45,430,,,,75
2025/8/15,08:00,430,,,,83
2025/8/15,08:15,430,,,,145
2025/8/15,08:30,430,,,,150
2025/8/15,08:45,430,,,,166
2025/8/15,09:00,430,,,,188
2025/8/15,09:15,430,,214,,
2025/8/15,09:30,430,,314,,
2025/8/15,09:45,430,,385,,
2025/8/15,10:00,430,,397,,
2025/8/15,10:15,430,,389,,
2025/8/15,10:30,430,,370,,
2025/8/15,10:45,430,,377,,
2025/8/15,11:00,430,,390,,
2025/8/15,11:15,430,,377,,
2025/8/15,11:30,430,,374,,
2025/8/15,11:45,430,,368,,
2025/8/15,12:00,430,,352,,
2025/8/15,12:15,430,,300,,
2025/8/15,12:30,430,,283,,
2025/8/15,12:45,430,,262,,
2025/8/15,13:00,430,,240,,
2025/8/15,13:15,430,,325,,
2025/8/15,13:30,430,,372,,
2025/8/15,13:45,430,,378,,
2025/8/15,14:00,430,,387,,
2025/8/15,14:15,430,,385,,
2025/8/15,14:30,430,,368,,
2025/8/15,14:45,430,,352,,
2025/8/15,15:00,430,,369,,
2025/8/15,15:15,430,,380,,
2025/8/15,15:30,430,,373,,
2025/8/15,15:45,430,,370,,
2025/8/15,16:00,430,,368,,
2025/8/15,16:15,430,362,,,
2025/8/15,16:30,430,377,,,
2025/8/15,16:45,430,394,,,
2025/8/15,17:00,430,376,,,
2025/8/15,17:15,430,321,,,
2025/8/15,17:30,430,281,,,
2025/8/15,17:45,430,287,,,
2025/8/15,18:00,430,302,,,
2025/8/15,18:15,430,321,,,
2025/8/15,18:30,430,326,,,
2025/8/15,18:45,430,328,,,
2025/8/15,19:00,430,312,,,
2025/8/15,19:15,430,314,,,
2025/8/15,19:30,430,317,,,
2025/8/15,19:45,430,328,,,
2025/8/15,20:00,430,307,,,
2025/8/15,20:15,430,274,,,
2025/8/15,20:30,430,213,,,
2025/8/15,20:45,430,256,,,
2025/8/15,21:00,430,306,,,
2025/8/15,21:15,430,325,,,
2025/8/15,21:30,430,314,,,
2025/8/15,21:45,430,306,,,
2025/8/15,22:00,430,299,,,
2025/8/15,22:15,430,,299,,
2025/8/15,22:30,430,,302,,
2025/8/15,22:45,430,,299,,
2025/8/15,23:00,430,,288,,
2025/8/15,23:15,430,,243,,
2025/8/15,23:30,430,,187,,
2025/8/15,23:45,430,,222,,
2025/8/16,00:00,430,,267,,
2025/8/16,00:15,430,,,,246
2025/8/16,00:30,430,,,,190
2025/8/16,00:45,430,,,,147
2025/8/16,01:00,430,,,,139
2025/8/16,01:15,430,,,,72
2025/8/16,01:30,430,,,,61
2025/8/16,01:45,430,,,,62
2025/8/16,02:00,430,,,,66
2025/8/16,02:15,430,,,,64
2025/8/16,02:30,430,,,,66
2025/8/16,02:45,430,,,,66
2025/8/16,03:00,430,,,,66
2025/8/16,03:15,430,,,,70
2025/8/16,03:30,430,,,,75
2025/8/16,03:45,430,,,,75
2025/8/16,04:00,430,,,,74
2025/8/16,04:15,430,,,,74
2025/8/16,04:30,430,,,,72
2025/8/16,04:45,430,,,,45
2025/8/16,05:00,430,,,,40
2025/8/16,05:15,430,,,,40
2025/8/16,05:30,430,,,,38
2025/8/16,05:45,430,,,,38
2025/8/16,06:00,430,,,,39
2025/8/16,06:15,430,,,,39
2025/8/16,06:30,430,,,,40
2025/8/16,06:45,430,,,,38
2025/8/16,07:00,430,,,,40
2025/8/16,07:15,430,,,,42
2025/8/16,07:30,430,,,,42
2025/8/16,07:45,430,,,,46
2025/8/16,08:00,430,,,,51
2025/8/16,08:15,430,,,,119
2025/8/16,08:30,430,,,,158
2025/8/16,08:45,430,,,,176
2025/8/16,09:00,430,,,187,
2025/8/16,09:15,430,,,217,
2025/8/16,09:30,430,,,302,
2025/8/16,09:45,430,,,366,
2025/8/16,10:00,430,,,365,
2025/8/16,10:15,430,,,361,
2025/8/16,10:30,430,,,342,
2025/8/16,10:45,430,,,345,
2025/8/16,11:00,430,,,350,
2025/8/16,11:15,430,,,327,
2025/8/16,11:30,430,,,330,
2025/8/16,11:45,430,,,330,
2025/8/16,12:00,430,,,329,
2025/8/16,12:15,430,,,265,
2025/8/16,12:30,430,,,249,
2025/8/16,12:45,430,,,253,
2025/8/16,13:00,430,,,251,
2025/8/16,13:15,430,,,313,
2025/8/16,13:30,430,,,322,
2025/8/16,13:45,430,,,347,
2025/8/16,14:00,430,,,356,
2025/8/16,14:15,430,,,358,
2025/8/16,14:30,430,,,360,
2025/8/16,14:45,430,,,337,
2025/8/16,15:00,430,,,346,
2025/8/16,15:15,430,,,351,
2025/8/16,15:30,430,,,350,
2025/8/16,15:45,430,,,339,
2025/8/16,16:00,430,,,325,
2025/8/16,16:15,430,,,335,
2025/8/16,16:30,430,,,323,
2025/8/16,16:45,430,,,335,
2025/8/16,17:00,430,,,339,
2025/8/16,17:15,430,,,293,
2025/8/16,17:30,430,,,271,
2025/8/16,17:45,430,,,259,
2025/8/16,18:00,430,,,288,
2025/8/16,18:15,430,,,298,
2025/8/16,18:30,430,,,317,
2025/8/16,18:45,430,,,328,
2025/8/16,19:00,430,,,299,
2025/8/16,19:15,430,,,307,
2025/8/16,19:30,430,,,320,
2025/8/16,19:45,430,,,304,
2025/8/16,20:00,430,,,310,
2025/8/16,20:15,430,,,280,
2025/8/16,20:30,430,,,230,
2025/8/16,20:45,430,,,258,
2025/8/16,21:00,430,,,307,
2025/8/16,21:15,430,,,310,
2025/8/16,21:30,430,,,301,
2025/8/16,21:45,430,,,293,
2025/8/16,22:00,430,,,293,
2025/8/16,22:15,430,,,294,
2025/8/16,22:30,430,,,288,
2025/8/16,22:45,430,,,285,
2025/8/16,23:00,430,,,256,
2025/8/16,23:15,430,,,216,
2025/8/16,23:30,430,,,189,
2025/8/16,23:45,430,,,229,
2025/8/17,00:00,430,,,286,
2025/8/17,00:15,430,,,,259
2025/8/17,00:30,430,,,,208
2025/8/17,00:45,430,,,,173
2025/8/17,01:00,430,,,,123
2025/8/17,01:15,430,,,,78
2025/8/17,01:30,430,,,,77
2025/8/17,01:45,430,,,,67
2025/8/17,02:00,430,,,,62
2025/8/17,02:15,430,,,,64
2025/8/17,02:30,430,,,,66
2025/8/17,02:45,430,,,,64
2025/8/17,03:00,430,,,,66
2025/8/17,03:15,430,,,,64
2025/8/17,03:30,430,,,,62
2025/8/17,03:45,430,,,,59
2025/8/17,04:00,430,,,,61
2025/8/17,04:15,430,,,,61
2025/8/17,04:30,430,,,,59
2025/8/17,04:45,430,,,,40
2025/8/17,05:00,430,,,,35
2025/8/17,05:15,430,,,,35
2025/8/17,05:30,430,,,,45
2025/8/17,05:45,430,,,,47
2025/8/17,06:00,430,,,,45
2025/8/17,06:15,430,,,,42
2025/8/17,06:30,430,,,,36
2025/8/17,06:45,430,,,,38
2025/8/17,07:00,430,,,,37
2025/8/17,07:15,430,,,,39
2025/8/17,07:30,430,,,,40
2025/8/17,07:45,430,,,,40
2025/8/17,08:00,430,,,,49
2025/8/17,08:15,430,,,,82
2025/8/17,08:30,430,,,,89
2025/8/17,08:45,430,,,,90
2025/8/17,09:00,430,,,,88
2025/8/17,09:15,430,,,,83
2025/8/17,09:30,430,,,,85
2025/8/17,09:45,430,,,,83
2025/8/17,10:00,430,,,,87
2025/8/17,10:15,430,,,,87
2025/8/17,10:30,430,,,,83
2025/8/17,10:45,430,,,,96
2025/8/17,11:00,430,,,,108
2025/8/17,11:15,430,,,,126
2025/8/17,11:30,430,,,,143
2025/8/17,11:45,430,,,,193
2025/8/17,12:00,430,,,,271
2025/8/17,12:15,430,,,,312
2025/8/17,12:30,430,,,,305
2025/8/17,12:45,430,,,,299
2025/8/17,13:00,430,,,,280
2025/8/17,13:15,430,,,,295
2025/8/17,13:30,430,,,,313
2025/8/17,13:45,430,,,,297
2025/8/17,14:00,430,,,,291
2025/8/17,14:15,430,,,,308
2025/8/17,14:30,430,,,,308
2025/8/17,14:45,430,,,,298
2025/8/17,15:00,430,,,,309
2025/8/17,15:15,430,,,,294
2025/8/17,15:30,430,,,,314
2025/8/17,15:45,430,,,,306
2025/8/17,16:00,430,,,,293
2025/8/17,16:15,430,,,,301
2025/8/17,16:30,430,,,,284
2025/8/17,16:45,430,,,,246
2025/8/17,17:00,430,,,,201
2025/8/17,17:15,430,,,,124
2025/8/17,17:30,430,,,,100
2025/8/17,17:45,430,,,,68
2025/8/17,18:00,430,,,,66
2025/8/17,18:15,430,,,,62
2025/8/17,18:30,430,,,,59
2025/8/17,18:45,430,,,,62
2025/8/17,19:00,430,,,,61
2025/8/17,19:15,430,,,,62
2025/8/17,19:30,430,,,,62
2025/8/17,19:45,430,,,,62
2025/8/17,20:00,430,,,,61
2025/8/17,20:15,430,,,,61
2025/8/17,20:30,430,,,,64
2025/8/17,20:45,430,,,,62
2025/8/17,21:00,430,,,,53
2025/8/17,21:15,430,,,,53
2025/8/17,21:30,430,,,,54
2025/8/17,21:45,430,,,,37
2025/8/17,22:00,430,,,,27
2025/8/17,22:15,430,,,,22
2025/8/17,22:30,430,,,,24
2025/8/17,22:45,430,,,,24
2025/8/17,23:00,430,,,,24
2025/8/17,23:15,430,,,,22
2025/8/17,23:30,430,,,,24
2025/8/17,23:45,430,,,,22
2025/8/18,00:00,430,,,,22
2025/8/18,00:15,430,,,,22
2025/8/18,00:30,430,,,,22
2025/8/18,00:45,430,,,,21
2025/8/18,01:00,430,,,,22
2025/8/18,01:15,430,,,,22
2025/8/18,01:30,430,,,,22
2025/8/18,01:45,430,,,,24
2025/8/18,02:00,430,,,,22
2025/8/18,02:15,430,,,,21
2025/8/18,02:30,430,,,,21
2025/8/18,02:45,430,,,,22
2025/8/18,03:00,430,,,,22
2025/8/18,03:15,430,,,,22
2025/8/18,03:30,430,,,,27
2025/8/18,03:45,430,,,,40
2025/8/18,04:00,430,,,,30
2025/8/18,04:15,430,,,,34
2025/8/18,04:30,430,,,,26
2025/8/18,04:45,430,,,,27
2025/8/18,05:00,430,,,,27
2025/8/18,05:15,430,,,,27
2025/8/18,05:30,430,,,,27
2025/8/18,05:45,430,,,,28
2025/8/18,06:00,430,,,,29
2025/8/18,06:15,430,,,,32
2025/8/18,06:30,430,,,,36
2025/8/18,06:45,430,,,,35
2025/8/18,07:00,430,,,,33
2025/8/18,07:15,430,,,,35
2025/8/18,07:30,430,,,,34
2025/8/18,07:45,430,,,,39
2025/8/18,08:00,430,,,,59
2025/8/18,08:15,430,,,,139
2025/8/18,08:30,430,,,,158
2025/8/18,08:45,430,,,,175
2025/8/18,09:00,430,,,,184
2025/8/18,09:15,430,,245,,
2025/8/18,09:30,430,,325,,
2025/8/18,09:45,430,,368,,
2025/8/18,10:00,430,,411,,
2025/8/18,10:15,430,,420,,
2025/8/18,10:30,430,,415,,
2025/8/18,10:45,430,,409,,
2025/8/18,11:00,430,,429,,
2025/8/18,11:15,430,,425,,
2025/8/18,11:30,430,,426,,
2025/8/18,11:45,430,,413,,
2025/8/18,12:00,430,,402,,
2025/8/18,12:15,430,,322,,
2025/8/18,12:30,430,,276,,
2025/8/18,12:45,430,,246,,
2025/8/18,13:00,430,,206,,
2025/8/18,13:15,430,,278,,
2025/8/18,13:30,430,,350,,
2025/8/18,13:45,430,,378,,
2025/8/18,14:00,430,,374,,
2025/8/18,14:15,430,,392,,
2025/8/18,14:30,430,,385,,
2025/8/18,14:45,430,,376,,
2025/8/18,15:00,430,,388,,
2025/8/18,15:15,430,,416,,
2025/8/18,15:30,430,,431,,
2025/8/18,15:45,430,,427,,
2025/8/18,16:00,430,,397,,
2025/8/18,16:15,430,413,,,
2025/8/18,16:30,430,424,,,
2025/8/18,16:45,430,394,,,
2025/8/18,17:00,430,355,,,
2025/8/18,17:15,430,323,,,
2025/8/18,17:30,430,310,,,
2025/8/18,17:45,430,328,,,
2025/8/18,18:00,430,348,,,
2025/8/18,18:15,430,340,,,
2025/8/18,18:30,430,321,,,
2025/8/18,18:45,430,318,,,
2025/8/18,19:00,430,341,,,
2025/8/18,19:15,430,341,,,
2025/8/18,19:30,430,338,,,
2025/8/18,19:45,430,330,,,
2025/8/18,20:00,430,317,,,
2025/8/18,20:15,430,277,,,
2025/8/18,20:30,430,250,,,
2025/8/18,20:45,430,294,,,
2025/8/18,21:00,430,331,,,
2025/8/18,21:15,430,338,,,
2025/8/18,21:30,430,336,,,
2025/8/18,21:45,430,296,,,
2025/8/18,22:00,430,278,,,
2025/8/18,22:15,430,,259,,
2025/8/18,22:30,430,,235,,
2025/8/18,22:45,430,,221,,
2025/8/18,23:00,430,,194,,
2025/8/18,23:15,430,,178,,
2025/8/18,23:30,430,,178,,
2025/8/18,23:45,430,,226,,
2025/8/19,00:00,430,,250,,
2025/8/19,00:15,430,,,,221
2025/8/19,00:30,430,,,,158
2025/8/19,00:45,430,,,,133
2025/8/19,01:00,430,,,,128
2025/8/19,01:15,430,,,,133
2025/8/19,01:30,430,,,,85
2025/8/19,01:45,430,,,,61
2025/8/19,02:00,430,,,,70
2025/8/19,02:15,430,,,,75
2025/8/19,02:30,430,,,,75
2025/8/19,02:45,430,,,,70
2025/8/19,03:00,430,,,,69
2025/8/19,03:15,430,,,,69
2025/8/19,03:30,430,,,,62
2025/8/19,03:45,430,,,,64
2025/8/19,04:00,430,,,,61
2025/8/19,04:15,430,,,,61
2025/8/19,04:30,430,,,,62
2025/8/19,04:45,430,,,,64
2025/8/19,05:00,430,,,,61
2025/8/19,05:15,430,,,,66
2025/8/19,05:30,430,,,,62
2025/8/19,05:45,430,,,,64
2025/8/19,06:00,430,,,,64
2025/8/19,06:15,430,,,,62
2025/8/19,06:30,430,,,,63
2025/8/19,06:45,430,,,,67
2025/8/19,07:00,430,,,,67
2025/8/19,07:15,430,,,,62
2025/8/19,07:30,430,,,,61
2025/8/19,07:45,430,,,,53
2025/8/19,08:00,430,,,,46
2025/8/19,08:15,430,,,,49
2025/8/19,08:30,430,,,,114
2025/8/19,08:45,430,,,,193
2025/8/19,09:00,430,,,,202
2025/8/19,09:15,430,,236,,
2025/8/19,09:30,430,,331,,
2025/8/19,09:45,430,,377,,
2025/8/19,10:00,430,,359,,
2025/8/19,10:15,430,,345,,
2025/8/19,10:30,430,,353,,
2025/8/19,10:45,430,,381,,
2025/8/19,11:00,430,,389,,
2025/8/19,11:15,430,,346,,
2025/8/19,11:30,430,,354,,
2025/8/19,11:45,430,,364,,
2025/8/19,12:00,430,,346,,
2025/8/19,12:15,430,,265,,
2025/8/19,12:30,430,,248,,
2025/8/19,12:45,430,,239,,
2025/8/19,13:00,430,,253,,
2025/8/19,13:15,430,,331,,
2025/8/19,13:30,430,,371,,
2025/8/19,13:45,430,,391,,
2025/8/19,14:00,430,,402,,
2025/8/19,14:15,430,,405,,
2025/8/19,14:30,430,,389,,
2025/8/19,14:45,430,,374,,
2025/8/19,15:00,430,,391,,
2025/8/19,15:15,430,,392,,
2025/8/19,15:30,430,,382,,
2025/8/19,15:45,430,,378,,
2025/8/19,16:00,430,,370,,
2025/8/19,16:15,430,396,,,
2025/8/19,16:30,430,409,,,
2025/8/19,16:45,430,385,,,
2025/8/19,17:00,430,342,,,
2025/8/19,17:15,430,312,,,
2025/8/19,17:30,430,264,,,
2025/8/19,17:45,430,279,,,
2025/8/19,18:00,430,319,,,
2025/8/19,18:15,430,332,,,
2025/8/19,18:30,430,343,,,
2025/8/19,18:45,430,355,,,
2025/8/19,19:00,430,336,,,
2025/8/19,19:15,430,336,,,
2025/8/19,19:30,430,331,,,
2025/8/19,19:45,430,331,,,
2025/8/19,20:00,430,326,,,
2025/8/19,20:15,430,275,,,
2025/8/19,20:30,430,240,,,
2025/8/19,20:45,430,301,,,
2025/8/19,21:00,430,331,,,
2025/8/19,21:15,430,331,,,
2025/8/19,21:30,430,326,,,
2025/8/19,21:45,430,290,,,
2025/8/19,22:00,430,296,,,
2025/8/19,22:15,430,,320,,
2025/8/19,22:30,430,,320,,
2025/8/19,22:45,430,,304,,
2025/8/19,23:00,430,,294,,
2025/8/19,23:15,430,,248,,
2025/8/19,23:30,430,,203,,
2025/8/19,23:45,430,,243,,
2025/8/20,00:00,430,,290,,
2025/8/20,00:15,430,,,,253
2025/8/20,00:30,430,,,,195
2025/8/20,00:45,430,,,,158
2025/8/20,01:00,430,,,,152
2025/8/20,01:15,430,,,,133
2025/8/20,01:30,430,,,,70
2025/8/20,01:45,430,,,,66
2025/8/20,02:00,430,,,,64
2025/8/20,02:15,430,,,,66
2025/8/20,02:30,430,,,,72
2025/8/20,02:45,430,,,,78
2025/8/20,03:00,430,,,,77
2025/8/20,03:15,430,,,,78
2025/8/20,03:30,430,,,,72
2025/8/20,03:45,430,,,,72
2025/8/20,04:00,430,,,,69
2025/8/20,04:15,430,,,,64
2025/8/20,04:30,430,,,,64
2025/8/20,04:45,430,,,,62
2025/8/20,05:00,430,,,,62
2025/8/20,05:15,430,,,,62
2025/8/20,05:30,430,,,,42
2025/8/20,05:45,430,,,,36
2025/8/20,06:00,430,,,,39
2025/8/20,06:15,430,,,,45
2025/8/20,06:30,430,,,,68
2025/8/20,06:45,430,,,,68
2025/8/20,07:00,430,,,,68
2025/8/20,07:15,430,,,,47
2025/8/20,07:30,430,,,,44
2025/8/20,07:45,430,,,,50
2025/8/20,08:00,430,,,,55
2025/8/20,08:15,430,,,,124
2025/8/20,08:30,430,,,,127
2025/8/20,08:45,430,,,,173
2025/8/20,09:00,430,,,,197
2025/8/20,09:15,430,,225,,
2025/8/20,09:30,430,,325,,
2025/8/20,09:45,430,,376,,
2025/8/20,10:00,430,,401,,
2025/8/20,10:15,430,,370,,
2025/8/20,10:30,430,,351,,
2025/8/20,10:45,430,,379,,
2025/8/20,11:00,430,,384,,
2025/8/20,11:15,430,,388,,
2025/8/20,11:30,430,,378,,
2025/8/20,11:45,430,,362,,
2025/8/20,12:00,430,,355,,
2025/8/20,12:15,430,,289,,
2025/8/20,12:30,430,,247,,
2025/8/20,12:45,430,,239,,
2025/8/20,13:00,430,,261,,
2025/8/20,13:15,430,,355,,
2025/8/20,13:30,430,,376,,
2025/8/20,13:45,430,,386,,
2025/8/20,14:00,430,,390,,
2025/8/20,14:15,430,,390,,
2025/8/20,14:30,430,,370,,
2025/8/20,14:45,430,,390,,
2025/8/20,15:00,430,,397,,
2025/8/20,15:15,430,,376,,
2025/8/20,15:30,430,,372,,
2025/8/20,15:45,430,,364,,
2025/8/20,16:00,430,,375,,
2025/8/20,16:15,430,368,,,
2025/8/20,16:30,430,345,,,
2025/8/20,16:45,430,346,,,
2025/8/20,17:00,430,319,,,
2025/8/20,17:15,430,282,,,
2025/8/20,17:30,430,260,,,
2025/8/20,17:45,430,264,,,
2025/8/20,18:00,430,288,,,
2025/8/20,18:15,430,287,,,
2025/8/20,18:30,430,283,,,
2025/8/20,18:45,430,301,,,
2025/8/20,19:00,430,320,,,
2025/8/20,19:15,430,307,,,
2025/8/20,19:30,430,301,,,
2025/8/20,19:45,430,291,,,
2025/8/20,20:00,430,285,,,
2025/8/20,20:15,430,240,,,
2025/8/20,20:30,430,202,,,
2025/8/20,20:45,430,267,,,
2025/8/20,21:00,430,318,,,
2025/8/20,21:15,430,315,,,
2025/8/20,21:30,430,314,,,
2025/8/20,21:45,430,298,,,
2025/8/20,22:00,430,285,,,
2025/8/20,22:15,430,,296,,
2025/8/20,22:30,430,,298,,
2025/8/20,22:45,430,,288,,
2025/8/20,23:00,430,,283,,
2025/8/20,23:15,430,,198,,
2025/8/20,23:30,430,,166,,
2025/8/20,23:45,430,,195,,
2025/8/21,00:00,430,,243,,
2025/8/21,00:15,430,,,,210
2025/8/21,00:30,430,,,,146
2025/8/21,00:45,430,,,,112
2025/8/21,01:00,430,,,,99
2025/8/21,01:15,430,,,,69
2025/8/21,01:30,430,,,,67
2025/8/21,01:45,430,,,,64
2025/8/21,02:00,430,,,,61
2025/8/21,02:15,430,,,,58
2025/8/21,02:30,430,,,,66
2025/8/21,02:45,430,,,,70
2025/8/21,03:00,430,,,,72
2025/8/21,03:15,430,,,,70
2025/8/21,03:30,430,,,,70
2025/8/21,03:45,430,,,,66
2025/8/21,04:00,430,,,,67
2025/8/21,04:15,430,,,,62
2025/8/21,04:30,430,,,,59
2025/8/21,04:45,430,,,,58
2025/8/21,05:00,430,,,,61
2025/8/21,05:15,430,,,,59
2025/8/21,05:30,430,,,,59
2025/8/21,05:45,430,,,,58
2025/8/21,06:00,430,,,,64
2025/8/21,06:15,430,,,,59
2025/8/21,06:30,430,,,,42
2025/8/21,06:45,430,,,,38
2025/8/21,07:00,430,,,,40
2025/8/21,07:15,430,,,,40
2025/8/21,07:30,430,,,,42
2025/8/21,07:45,430,,,,42
2025/8/21,08:00,430,,,,55
2025/8/21,08:15,430,,,,88
2025/8/21,08:30,430,,,,90
2025/8/21,08:45,430,,,,104
2025/8/21,09:00,430,,,,105
2025/8/21,09:15,430,,234,,
2025/8/21,09:30,430,,333,,
2025/8/21,09:45,430,,385,,
2025/8/21,10:00,430,,373,,
2025/8/21,10:15,430,,362,,
2025/8/21,10:30,430,,364,,
2025/8/21,10:45,430,,384,,
2025/8/21,11:00,430,,395,,
2025/8/21,11:15,430,,379,,
2025/8/21,11:30,430,,374,,
2025/8/21,11:45,430,,369,,
2025/8/21,12:00,430,,336,,
2025/8/21,12:15,430,,274,,
2025/8/21,12:30,430,,263,,
2025/8/21,12:45,430,,257,,
2025/8/21,13:00,430,,279,,
2025/8/21,13:15,430,,354,,
2025/8/21,13:30,430,,369,,
2025/8/21,13:45,430,,381,,
2025/8/21,14:00,430,,392,,
2025/8/21,14:15,430,,373,,
2025/8/21,14:30,430,,369,,
2025/8/21,14:45,430,,372,,
2025/8/21,15:00,430,,397,,
2025/8/21,15:15,430,,394,,
2025/8/21,15:30,430,,377,,
2025/8/21,15:45,430,,375,,
2025/8/21,16:00,430,,378,,
2025/8/21,16:15,430,360,,,
2025/8/21,16:30,430,361,,,
2025/8/21,16:45,430,346,,,
2025/8/21,17:00,430,342,,,
2025/8/21,17:15,430,298,,,
2025/8/21,17:30,430,272,,,
2025/8/21,17:45,430,254,,,
2025/8/21,18:00,430,289,,,
2025/8/21,18:15,430,302,,,
2025/8/21,18:30,430,308,,,
2025/8/21,18:45,430,320,,,
2025/8/21,19:00,430,296,,,
2025/8/21,19:15,430,301,,,
2025/8/21,19:30,430,304,,,
2025/8/21,19:45,430,282,,,
2025/8/21,20:00,430,269,,,
2025/8/21,20:15,430,232,,,
2025/8/21,20:30,430,218,,,
2025/8/21,20:45,430,274,,,
2025/8/21,21:00,430,310,,,
2025/8/21,21:15,430,314,,,
2025/8/21,21:30,430,304,,,
2025/8/21,21:45,430,294,,,
2025/8/21,22:00,430,278,,,
2025/8/21,22:15,430,,299,,
2025/8/21,22:30,430,,293,,
2025/8/21,22:45,430,,272,,
2025/8/21,23:00,430,,267,,
2025/8/21,23:15,430,,214,,
2025/8/21,23:30,430,,158,,
2025/8/21,23:45,430,,190,,
2025/8/22,00:00,430,,219,,
2025/8/22,00:15,430,,,,170
2025/8/22,00:30,430,,,,122
2025/8/22,00:45,430,,,,86
2025/8/22,01:00,430,,,,67
2025/8/22,01:15,430,,,,67
2025/8/22,01:30,430,,,,62
2025/8/22,01:45,430,,,,64
2025/8/22,02:00,430,,,,62
2025/8/22,02:15,430,,,,64
2025/8/22,02:30,430,,,,66
2025/8/22,02:45,430,,,,74
2025/8/22,03:00,430,,,,72
2025/8/22,03:15,430,,,,74
2025/8/22,03:30,430,,,,69
2025/8/22,03:45,430,,,,69
2025/8/22,04:00,430,,,,69
2025/8/22,04:15,430,,,,64
2025/8/22,04:30,430,,,,62
2025/8/22,04:45,430,,,,59
2025/8/22,05:00,430,,,,59
2025/8/22,05:15,430,,,,61
2025/8/22,05:30,430,,,,62
2025/8/22,05:45,430,,,,62
2025/8/22,06:00,430,,,,65
2025/8/22,06:15,430,,,,67
2025/8/22,06:30,430,,,,67
2025/8/22,06:45,430,,,,67
2025/8/22,07:00,430,,,,67
2025/8/22,07:15,430,,,,64
2025/8/22,07:30,430,,,,45
2025/8/22,07:45,430,,,,44
2025/8/22,08:00,430,,,,50
2025/8/22,08:15,430,,,,59
2025/8/22,08:30,430,,,,81
2025/8/22,08:45,430,,,,88
2025/8/22,09:00,430,,,,88
2025/8/22,09:15,430,,174,,
2025/8/22,09:30,430,,295,,
2025/8/22,09:45,430,,375,,
2025/8/22,10:00,430,,397,,
2025/8/22,10:15,430,,390,,
2025/8/22,10:30,430,,388,,
2025/8/22,10:45,430,,385,,
2025/8/22,11:00,430,,391,,
2025/8/22,11:15,430,,389,,
2025/8/22,11:30,430,,389,,
2025/8/22,11:45,430,,373,,
2025/8/22,12:00,430,,363,,
2025/8/22,12:15,430,,297,,
2025/8/22,12:30,430,,280,,
2025/8/22,12:45,430,,260,,
2025/8/22,13:00,430,,259,,
2025/8/22,13:15,430,,338,,
2025/8/22,13:30,430,,366,,
2025/8/22,13:45,430,,377,,
2025/8/22,14:00,430,,389,,
2025/8/22,14:15,430,,394,,
2025/8/22,14:30,430,,389,,
2025/8/22,14:45,430,,381,,
2025/8/22,15:00,430,,375,,
2025/8/22,15:15,430,,394,,
2025/8/22,15:30,430,,387,,
2025/8/22,15:45,430,,380,,
2025/8/22,16:00,430,,367,,
2025/8/22,16:15,430,350,,,
2025/8/22,16:30,430,348,,,
2025/8/22,16:45,430,335,,,
2025/8/22,17:00,430,333,,,
2025/8/22,17:15,430,282,,,
2025/8/22,17:30,430,266,,,
2025/8/22,17:45,430,248,,,
2025/8/22,18:00,430,281,,,
2025/8/22,18:15,430,303,,,
2025/8/22,18:30,430,311,,,
2025/8/22,18:45,430,309,,,
2025/8/22,19:00,430,309,,,
2025/8/22,19:15,430,307,,,
2025/8/22,19:30,430,309,,,
2025/8/22,19:45,430,312,,,
2025/8/22,20:00,430,302,,,
2025/8/22,20:15,430,274,,,
2025/8/22,20:30,430,250,,,
2025/8/22,20:45,430,291,,,
2025/8/22,21:00,430,328,,,
2025/8/22,21:15,430,333,,,
2025/8/22,21:30,430,330,,,
2025/8/22,21:45,430,304,,,
2025/8/22,22:00,430,285,,,
2025/8/22,22:15,430,,282,,
2025/8/22,22:30,430,,280,,
2025/8/22,22:45,430,,290,,
2025/8/22,23:00,430,,278,,
2025/8/22,23:15,430,,250,,
2025/8/22,23:30,430,,190,,
2025/8/22,23:45,430,,186,,
2025/8/23,00:00,430,,230,,
2025/8/23,00:15,430,,,,203
2025/8/23,00:30,430,,,,168
2025/8/23,00:45,430,,,,144
2025/8/23,01:00,430,,,,117
2025/8/23,01:15,430,,,,72
2025/8/23,01:30,430,,,,74
2025/8/23,01:45,430,,,,70
2025/8/23,02:00,430,,,,72
2025/8/23,02:15,430,,,,75
2025/8/23,02:30,430,,,,75
2025/8/23,02:45,430,,,,72
2025/8/23,03:00,430,,,,69
2025/8/23,03:15,430,,,,70
2025/8/23,03:30,430,,,,64
2025/8/23,03:45,430,,,,64
2025/8/23,04:00,430,,,,61
2025/8/23,04:15,430,,,,61
2025/8/23,04:30,430,,,,62
2025/8/23,04:45,430,,,,61
2025/8/23,05:00,430,,,,48
2025/8/23,05:15,430,,,,37
2025/8/23,05:30,430,,,,38
2025/8/23,05:45,430,,,,37
2025/8/23,06:00,430,,,,39
2025/8/23,06:15,430,,,,42
2025/8/23,06:30,430,,,,44
2025/8/23,06:45,430,,,,45
2025/8/23,07:00,430,,,,42
2025/8/23,07:15,430,,,,45
2025/8/23,07:30,430,,,,44
2025/8/23,07:45,430,,,,49
2025/8/23,08:00,430,,,,50
2025/8/23,08:15,430,,,,85
2025/8/23,08:30,430,,,,82
2025/8/23,08:45,430,,,,81
2025/8/23,09:00,430,,,110,
2025/8/23,09:15,430,,,225,
2025/8/23,09:30,430,,,309,
2025/8/23,09:45,430,,,362,
2025/8/23,10:00,430,,,358,
2025/8/23,10:15,430,,,339,
2025/8/23,10:30,430,,,350,
2025/8/23,10:45,430,,,365,
2025/8/23,11:00,430,,,370,
2025/8/23,11:15,430,,,349,
2025/8/23,11:30,430,,,331,
2025/8/23,11:45,430,,,345,
2025/8/23,12:00,430,,,337,
2025/8/23,12:15,430,,,310,
2025/8/23,12:30,430,,,277,
2025/8/23,12:45,430,,,254,
2025/8/23,13:00,430,,,280,
2025/8/23,13:15,430,,,328,
2025/8/23,13:30,430,,,343,
2025/8/23,13:45,430,,,367,
2025/8/23,14:00,430,,,368,
2025/8/23,14:15,430,,,367,
2025/8/23,14:30,430,,,367,
2025/8/23,14:45,430,,,352,
2025/8/23,15:00,430,,,354,
2025/8/23,15:15,430,,,367,
2025/8/23,15:30,430,,,351,
2025/8/23,15:45,430,,,355,
2025/8/23,16:00,430,,,352,
2025/8/23,16:15,430,,,349,
2025/8/23,16:30,430,,,357,
2025/8/23,16:45,430,,,359,
2025/8/23,17:00,430,,,348,
2025/8/23,17:15,430,,,310,
2025/8/23,17:30,430,,,279,
2025/8/23,17:45,430,,,279,
2025/8/23,18:00,430,,,295,
2025/8/23,18:15,430,,,297,
2025/8/23,18:30,430,,,298,
2025/8/23,18:45,430,,,318,
2025/8/23,19:00,430,,,320,
2025/8/23,19:15,430,,,318,
2025/8/23,19:30,430,,,314,
2025/8/23,19:45,430,,,307,
2025/8/23,20:00,430,,,299,
2025/8/23,20:15,430,,,256,
2025/8/23,20:30,430,,,235,
2025/8/23,20:45,430,,,246,
2025/8/23,21:00,430,,,275,
2025/8/23,21:15,430,,,259,
2025/8/23,21:30,430,,,261,
2025/8/23,21:45,430,,,238,
2025/8/23,22:00,430,,,243,
2025/8/23,22:15,430,,,242,
2025/8/23,22:30,430,,,227,
2025/8/23,22:45,430,,,226,
2025/8/23,23:00,430,,,214,
2025/8/23,23:15,430,,,222,
2025/8/23,23:30,430,,,226,
2025/8/23,23:45,430,,,221,
2025/8/24,00:00,430,,,211,
2025/8/24,00:15,430,,,,192
2025/8/24,00:30,430,,,,162
2025/8/24,00:45,430,,,,128
2025/8/24,01:00,430,,,,123
2025/8/24,01:15,430,,,,86
2025/8/24,01:30,430,,,,64
2025/8/24,01:45,430,,,,62
2025/8/24,02:00,430,,,,61
2025/8/24,02:15,430,,,,61
2025/8/24,02:30,430,,,,61
2025/8/24,02:45,430,,,,62
2025/8/24,03:00,430,,,,64
2025/8/24,03:15,430,,,,69
2025/8/24,03:30,430,,,,67
2025/8/24,03:45,430,,,,66
2025/8/24,04:00,430,,,,61
2025/8/24,04:15,430,,,,59
2025/8/24,04:30,430,,,,56
2025/8/24,04:45,430,,,,34
2025/8/24,05:00,430,,,,38
2025/8/24,05:15,430,,,,35
2025/8/24,05:30,430,,,,38
2025/8/24,05:45,430,,,,37
2025/8/24,06:00,430,,,,37
2025/8/24,06:15,430,,,,37
2025/8/24,06:30,430,,,,31
2025/8/24,06:45,430,,,,27
2025/8/24,07:00,430,,,,29
2025/8/24,07:15,430,,,,32
2025/8/24,07:30,430,,,,29
2025/8/24,07:45,430,,,,32
2025/8/24,08:00,430,,,,35
2025/8/24,08:15,430,,,,34
2025/8/24,08:30,430,,,,34
2025/8/24,08:45,430,,,,36
2025/8/24,09:00,430,,,,54
2025/8/24,09:15,430,,,,86
2025/8/24,09:30,430,,,,78
2025/8/24,09:45,430,,,,78
2025/8/24,10:00,430,,,,80
2025/8/24,10:15,430,,,,86
2025/8/24,10:30,430,,,,88
2025/8/24,10:45,430,,,,88
2025/8/24,11:00,430,,,,105
2025/8/24,11:15,430,,,,126
2025/8/24,11:30,430,,,,135
2025/8/24,11:45,430,,,,215
2025/8/24,12:00,430,,,,252
2025/8/24,12:15,430,,,,253
2025/8/24,12:30,430,,,,268
2025/8/24,12:45,430,,,,298
2025/8/24,13:00,430,,,,318
2025/8/24,13:15,430,,,,324
2025/8/24,13:30,430,,,,303
2025/8/24,13:45,430,,,,319
2025/8/24,14:00,430,,,,329
2025/8/24,14:15,430,,,,315
2025/8/24,14:30,430,,,,304
2025/8/24,14:45,430,,,,306
2025/8/24,15:00,430,,,,326
2025/8/24,15:15,430,,,,312
2025/8/24,15:30,430,,,,307
2025/8/24,15:45,430,,,,314
2025/8/24,16:00,430,,,,312
2025/8/24,16:15,430,,,,325
2025/8/24,16:30,430,,,,288
2025/8/24,16:45,430,,,,255
2025/8/24,17:00,430,,,,222
2025/8/24,17:15,430,,,,191
2025/8/24,17:30,430,,,,226
2025/8/24,17:45,430,,,,260
2025/8/24,18:00,430,,,,251
2025/8/24,18:15,430,,,,216
2025/8/24,18:30,430,,,,163
2025/8/24,18:45,430,,,,120
2025/8/24,19:00,430,,,,85
2025/8/24,19:15,430,,,,85
2025/8/24,19:30,430,,,,69
2025/8/24,19:45,430,,,,62
2025/8/24,20:00,430,,,,72
2025/8/24,20:15,430,,,,72
2025/8/24,20:30,430,,,,66
2025/8/24,20:45,430,,,,62
2025/8/24,21:00,430,,,,62
2025/8/24,21:15,430,,,,64
2025/8/24,21:30,430,,,,62
2025/8/24,21:45,430,,,,56
2025/8/24,22:00,430,,,,34
2025/8/24,22:15,430,,,,32
2025/8/24,22:30,430,,,,34
2025/8/24,22:45,430,,,,30
2025/8/24,23:00,430,,,,26
2025/8/24,23:15,430,,,,24
2025/8/24,23:30,430,,,,22
2025/8/24,23:45,430,,,,26
2025/8/25,00:00,430,,,,22
2025/8/25,00:15,430,,,,22
2025/8/25,00:30,430,,,,24
2025/8/25,00:45,430,,,,24
2025/8/25,01:00,430,,,,24
2025/8/25,01:15,430,,,,24
2025/8/25,01:30,430,,,,22
2025/8/25,01:45,430,,,,22
2025/8/25,02:00,430,,,,22
2025/8/25,02:15,430,,,,24
2025/8/25,02:30,430,,,,22
2025/8/25,02:45,430,,,,24
2025/8/25,03:00,430,,,,22
2025/8/25,03:15,430,,,,22
2025/8/25,03:30,430,,,,22
2025/8/25,03:45,430,,,,22
2025/8/25,04:00,430,,,,24
2025/8/25,04:15,430,,,,27
2025/8/25,04:30,430,,,,29
2025/8/25,04:45,430,,,,27
2025/8/25,05:00,430,,,,29
2025/8/25,05:15,430,,,,29
2025/8/25,05:30,430,,,,29
2025/8/25,05:45,430,,,,27
2025/8/25,06:00,430,,,,30
2025/8/25,06:15,430,,,,32
2025/8/25,06:30,430,,,,33
2025/8/25,06:45,430,,,,34
2025/8/25,07:00,430,,,,33
2025/8/25,07:15,430,,,,35
2025/8/25,07:30,430,,,,35
2025/8/25,07:45,430,,,,40
2025/8/25,08:00,430,,,,45
2025/8/25,08:15,430,,,,46
2025/8/25,08:30,430,,,,75
2025/8/25,08:45,430,,,,86
2025/8/25,09:00,430,,,,88
2025/8/25,09:15,430,,129,,
2025/8/25,09:30,430,,270,,
2025/8/25,09:45,430,,424,,
2025/8/25,10:00,430,,431,,
2025/8/25,10:15,430,,440,,
2025/8/25,10:30,430,,439,,
2025/8/25,10:45,430,,405,,
2025/8/25,11:00,430,,392,,
2025/8/25,11:15,430,,408,,
2025/8/25,11:30,430,,395,,
2025/8/25,11:45,430,,373,,
2025/8/25,12:00,430,,363,,
2025/8/25,12:15,430,,334,,
2025/8/25,12:30,430,,348,,
2025/8/25,12:45,430,,349,,
2025/8/25,13:00,430,,339,,
2025/8/25,13:15,430,,403,,
2025/8/25,13:30,430,,430,,
2025/8/25,13:45,430,,435,,
2025/8/25,14:00,430,,415,,
2025/8/25,14:15,430,,396,,
2025/8/25,14:30,430,,400,,
2025/8/25,14:45,430,,392,,
2025/8/25,15:00,430,,389,,
2025/8/25,15:15,430,,422,,
2025/8/25,15:30,430,,476,,
2025/8/25,15:45,430,,459,,
2025/8/25,16:00,430,,451,,
2025/8/25,16:15,430,438,,,
2025/8/25,16:30,430,451,,,
2025/8/25,16:45,430,428,,,
2025/8/25,17:00,430,365,,,
2025/8/25,17:15,430,276,,,
2025/8/25,17:30,430,267,,,
2025/8/25,17:45,430,264,,,
2025/8/25,18:00,430,302,,,
2025/8/25,18:15,430,310,,,
2025/8/25,18:30,430,306,,,
2025/8/25,18:45,430,314,,,
2025/8/25,19:00,430,315,,,
2025/8/25,19:15,430,317,,,
2025/8/25,19:30,430,322,,,
2025/8/25,19:45,430,283,,,
2025/8/25,20:00,430,262,,,
2025/8/25,20:15,430,238,,,
2025/8/25,20:30,430,234,,,
2025/8/25,20:45,430,258,,,
2025/8/25,21:00,430,290,,,
2025/8/25,21:15,430,318,,,
2025/8/25,21:30,430,315,,,
2025/8/25,21:45,430,301,,,
2025/8/25,22:00,430,298,,,
2025/8/25,22:15,430,,285,,
2025/8/25,22:30,430,,278,,
2025/8/25,22:45,430,,283,,
2025/8/25,23:00,430,,259,,
2025/8/25,23:15,430,,181,,
2025/8/25,23:30,430,,134,,
2025/8/25,23:45,430,,170,,
2025/8/26,00:00,430,,210,,
2025/8/26,00:15,430,,,,178
2025/8/26,00:30,430,,,,134
2025/8/26,00:45,430,,,,102
2025/8/26,01:00,430,,,,98
2025/8/26,01:15,430,,,,90
2025/8/26,01:30,430,,,,66
2025/8/26,01:45,430,,,,62
2025/8/26,02:00,430,,,,69
2025/8/26,02:15,430,,,,75
2025/8/26,02:30,430,,,,74
2025/8/26,02:45,430,,,,74
2025/8/26,03:00,430,,,,72
2025/8/26,03:15,430,,,,72
2025/8/26,03:30,430,,,,66
2025/8/26,03:45,430,,,,67
2025/8/26,04:00,430,,,,66
2025/8/26,04:15,430,,,,62
2025/8/26,04:30,430,,,,59
2025/8/26,04:45,430,,,,51
2025/8/26,05:00,430,,,,38
2025/8/26,05:15,430,,,,38
2025/8/26,05:30,430,,,,38
2025/8/26,05:45,430,,,,38
2025/8/26,06:00,430,,,,40
2025/8/26,06:15,430,,,,42
2025/8/26,06:30,430,,,,46
2025/8/26,06:45,430,,,,42
2025/8/26,07:00,430,,,,39
2025/8/26,07:15,430,,,,42
2025/8/26,07:30,430,,,,40
2025/8/26,07:45,430,,,,46
2025/8/26,08:00,430,,,,51
2025/8/26,08:15,430,,,,58
2025/8/26,08:30,430,,,,98
2025/8/26,08:45,430,,,,106
2025/8/26,09:00,430,,,,110
2025/8/26,09:15,430,,202,,
2025/8/26,09:30,430,,305,,
2025/8/26,09:45,430,,387,,
2025/8/26,10:00,430,,387,,
2025/8/26,10:15,430,,367,,
2025/8/26,10:30,430,,379,,
2025/8/26,10:45,430,,393,,
2025/8/26,11:00,430,,398,,
2025/8/26,11:15,430,,373,,
2025/8/26,11:30,430,,359,,
2025/8/26,11:45,430,,376,,
2025/8/26,12:00,430,,367,,
2025/8/26,12:15,430,,311,,
2025/8/26,12:30,430,,293,,
2025/8/26,12:45,430,,281,,
2025/8/26,13:00,430,,275,,
2025/8/26,13:15,430,,343,,
2025/8/26,13:30,430,,370,,
2025/8/26,13:45,430,,397,,
2025/8/26,14:00,430,,406,,
2025/8/26,14:15,430,,415,,
2025/8/26,14:30,430,,407,,
2025/8/26,14:45,430,,386,,
2025/8/26,15:00,430,,397,,
2025/8/26,15:15,430,,405,,
2025/8/26,15:30,430,,383,,
2025/8/26,15:45,430,,384,,
2025/8/26,16:00,430,,400,,
2025/8/26,16:15,430,377,,,
2025/8/26,16:30,430,351,,,
2025/8/26,16:45,430,356,,,
2025/8/26,17:00,430,377,,,
2025/8/26,17:15,430,335,,,
2025/8/26,17:30,430,312,,,
2025/8/26,17:45,430,279,,,
2025/8/26,18:00,430,303,,,
2025/8/26,18:15,430,315,,,
2025/8/26,18:30,430,311,,,
2025/8/26,18:45,430,320,,,
2025/8/26,19:00,430,330,,,
2025/8/26,19:15,430,325,,,
2025/8/26,19:30,430,318,,,
2025/8/26,19:45,430,296,,,
2025/8/26,20:00,430,302,,,
2025/8/26,20:15,430,269,,,
2025/8/26,20:30,430,224,,,
2025/8/26,20:45,430,266,,,
2025/8/26,21:00,430,306,,,
2025/8/26,21:15,430,323,,,
2025/8/26,21:30,430,331,,,
2025/8/26,21:45,430,318,,,
2025/8/26,22:00,430,301,,,
2025/8/26,22:15,430,,306,,
2025/8/26,22:30,430,,301,,
2025/8/26,22:45,430,,314,,
2025/8/26,23:00,430,,286,,
2025/8/26,23:15,430,,189,,
2025/8/26,23:30,430,,163,,
2025/8/26,23:45,430,,206,,
2025/8/27,00:00,430,,227,,
2025/8/27,00:15,430,,,,227
2025/8/27,00:30,430,,,,186
2025/8/27,00:45,430,,,,152
2025/8/27,01:00,430,,,,134
2025/8/27,01:15,430,,,,114
2025/8/27,01:30,430,,,,82
2025/8/27,01:45,430,,,,66
2025/8/27,02:00,430,,,,67
2025/8/27,02:15,430,,,,66
2025/8/27,02:30,430,,,,66
2025/8/27,02:45,430,,,,64
2025/8/27,03:00,430,,,,61
2025/8/27,03:15,430,,,,61
2025/8/27,03:30,430,,,,62
2025/8/27,03:45,430,,,,64
2025/8/27,04:00,430,,,,51
2025/8/27,04:15,430,,,,51
2025/8/27,04:30,430,,,,45
2025/8/27,04:45,430,,,,46
2025/8/27,05:00,430,,,,45
2025/8/27,05:15,430,,,,46
2025/8/27,05:30,430,,,,38
2025/8/27,05:45,430,,,,42
2025/8/27,06:00,430,,,,39
2025/8/27,06:15,430,,,,42
2025/8/27,06:30,430,,,,44
2025/8/27,06:45,430,,,,44
2025/8/27,07:00,430,,,,42
2025/8/27,07:15,430,,,,43
2025/8/27,07:30,430,,,,42
2025/8/27,07:45,430,,,,47
2025/8/27,08:00,430,,,,50
2025/8/27,08:15,430,,,,57
2025/8/27,08:30,430,,,,87
2025/8/27,08:45,430,,,,95
2025/8/27,09:00,430,,,,122
2025/8/27,09:15,430,,220,,
2025/8/27,09:30,430,,320,,
2025/8/27,09:45,430,,399,,
2025/8/27,10:00,430,,397,,
2025/8/27,10:15,430,,398,,
2025/8/27,10:30,430,,391,,
2025/8/27,10:45,430,,386,,
2025/8/27,11:00,430,,397,,
2025/8/27,11:15,430,,395,,
2025/8/27,11:30,430,,395,,
2025/8/27,11:45,430,,382,,
2025/8/27,12:00,430,,380,,
2025/8/27,12:15,430,,322,,
2025/8/27,12:30,430,,290,,
2025/8/27,12:45,430,,268,,
2025/8/27,13:00,430,,267,,
2025/8/27,13:15,430,,360,,
2025/8/27,13:30,430,,371,,
2025/8/27,13:45,430,,374,,
2025/8/27,14:00,430,,401,,
2025/8/27,14:15,430,,396,,
2025/8/27,14:30,430,,389,,
2025/8/27,14:45,430,,397,,
2025/8/27,15:00,430,,383,,
2025/8/27,15:15,430,,382,,
2025/8/27,15:30,430,,373,,
2025/8/27,15:45,430,,373,,
2025/8/27,16:00,430,,336,,
2025/8/27,16:15,430,300,,,
2025/8/27,16:30,430,340,,,
2025/8/27,16:45,430,353,,,
2025/8/27,17:00,430,358,,,
2025/8/27,17:15,430,314,,,
2025/8/27,17:30,430,277,,,
2025/8/27,17:45,430,263,,,
2025/8/27,18:00,430,284,,,
2025/8/27,18:15,430,290,,,
2025/8/27,18:30,430,293,,,
2025/8/27,18:45,430,301,,,
2025/8/27,19:00,430,307,,,
2025/8/27,19:15,430,306,,,
2025/8/27,19:30,430,293,,,
2025/8/27,19:45,430,290,,,
2025/8/27,20:00,430,275,,,
2025/8/27,20:15,430,235,,,
2025/8/27,20:30,430,208,,,
2025/8/27,20:45,430,248,,,
2025/8/27,21:00,430,307,,,
2025/8/27,21:15,430,318,,,
2025/8/27,21:30,430,325,,,
2025/8/27,21:45,430,317,,,
2025/8/27,22:00,430,304,,,
2025/8/27,22:15,430,,312,,
2025/8/27,22:30,430,,296,,
2025/8/27,22:45,430,,306,,
2025/8/27,23:00,430,,283,,
2025/8/27,23:15,430,,192,,
2025/8/27,23:30,430,,141,,
2025/8/27,23:45,430,,184,,
2025/8/28,00:00,430,,226,,
2025/8/28,00:15,430,,,,206
2025/8/28,00:30,430,,,,162
2025/8/28,00:45,430,,,,126
2025/8/28,01:00,430,,,,112
2025/8/28,01:15,430,,,,83
2025/8/28,01:30,430,,,,66
2025/8/28,01:45,430,,,,61
2025/8/28,02:00,430,,,,61
2025/8/28,02:15,430,,,,69
2025/8/28,02:30,430,,,,74
2025/8/28,02:45,430,,,,74
2025/8/28,03:00,430,,,,72
2025/8/28,03:15,430,,,,74
2025/8/28,03:30,430,,,,66
2025/8/28,03:45,430,,,,64
2025/8/28,04:00,430,,,,43
2025/8/28,04:15,430,,,,37
2025/8/28,04:30,430,,,,38
2025/8/28,04:45,430,,,,37
2025/8/28,05:00,430,,,,37
2025/8/28,05:15,430,,,,40
2025/8/28,05:30,430,,,,37
2025/8/28,05:45,430,,,,40
2025/8/28,06:00,430,,,,35
2025/8/28,06:15,430,,,,40
2025/8/28,06:30,430,,,,39
2025/8/28,06:45,430,,,,43
2025/8/28,07:00,430,,,,41
2025/8/28,07:15,430,,,,41
2025/8/28,07:30,430,,,,43
2025/8/28,07:45,430,,,,45
2025/8/28,08:00,430,,,,56
2025/8/28,08:15,430,,,,57
2025/8/28,08:30,430,,,,104
2025/8/28,08:45,430,,,,103
2025/8/28,09:00,430,,,,104
2025/8/28,09:15,430,,204,,
2025/8/28,09:30,430,,222,,
2025/8/28,09:45,430,,322,,
2025/8/28,10:00,430,,377,,
2025/8/28,10:15,430,,336,,
2025/8/28,10:30,430,,327,,
2025/8/28,10:45,430,,314,,
2025/8/28,11:00,430,,322,,
2025/8/28,11:15,430,,323,,
2025/8/28,11:30,430,,326,,
2025/8/28,11:45,430,,323,,
2025/8/28,12:00,430,,304,,
2025/8/28,12:15,430,,272,,
2025/8/28,12:30,430,,277,,
2025/8/28,12:45,430,,266,,
2025/8/28,13:00,430,,236,,
2025/8/28,13:15,430,,267,,
2025/8/28,13:30,430,,301,,
2025/8/28,13:45,430,,323,,
2025/8/28,14:00,430,,343,,
2025/8/28,14:15,430,,363,,
2025/8/28,14:30,430,,379,,
2025/8/28,14:45,430,,371,,
2025/8/28,15:00,430,,374,,
2025/8/28,15:15,430,,365,,
2025/8/28,15:30,430,,380,,
2025/8/28,15:45,430,,375,,
2025/8/28,16:00,430,,370,,
2025/8/28,16:15,430,367,,,
2025/8/28,16:30,430,394,,,
2025/8/28,16:45,430,391,,,
2025/8/28,17:00,430,372,,,
2025/8/28,17:15,430,331,,,
2025/8/28,17:30,430,307,,,
2025/8/28,17:45,430,296,,,
2025/8/28,18:00,430,290,,,
2025/8/28,18:15,430,279,,,
2025/8/28,18:30,430,296,,,
2025/8/28,18:45,430,310,,,
2025/8/28,19:00,430,309,,,
2025/8/28,19:15,430,290,,,
2025/8/28,19:30,430,301,,,
2025/8/28,19:45,430,286,,,
2025/8/28,20:00,430,274,,,
2025/8/28,20:15,430,230,,,
2025/8/28,20:30,430,205,,,
2025/8/28,20:45,430,222,,,
2025/8/28,21:00,430,270,,,
2025/8/28,21:15,430,299,,,
2025/8/28,21:30,430,294,,,
2025/8/28,21:45,430,301,,,
2025/8/28,22:00,430,290,,,
2025/8/28,22:15,430,,296,,
2025/8/28,22:30,430,,290,,
2025/8/28,22:45,430,,282,,
2025/8/28,23:00,430,,278,,
2025/8/28,23:15,430,,203,,
2025/8/28,23:30,430,,178,,
2025/8/28,23:45,430,,214,,
2025/8/29,00:00,430,,232,,
2025/8/29,00:15,430,,,,200
2025/8/29,00:30,430,,,,149
2025/8/29,00:45,430,,,,131
2025/8/29,01:00,430,,,,106
2025/8/29,01:15,430,,,,74
2025/8/29,01:30,430,,,,69
2025/8/29,01:45,430,,,,64
2025/8/29,02:00,430,,,,66
2025/8/29,02:15,430,,,,61
2025/8/29,02:30,430,,,,64
2025/8/29,02:45,430,,,,62
2025/8/29,03:00,430,,,,61
2025/8/29,03:15,430,,,,64
2025/8/29,03:30,430,,,,62
2025/8/29,03:45,430,,,,70
2025/8/29,04:00,430,,,,74
2025/8/29,04:15,430,,,,74
2025/8/29,04:30,430,,,,67
2025/8/29,04:45,430,,,,51
2025/8/29,05:00,430,,,,45
2025/8/29,05:15,430,,,,45
2025/8/29,05:30,430,,,,40
2025/8/29,05:45,430,,,,40
2025/8/29,06:00,430,,,,37
2025/8/29,06:15,430,,,,38
2025/8/29,06:30,430,,,,39
2025/8/29,06:45,430,,,,44
2025/8/29,07:00,430,,,,46
2025/8/29,07:15,430,,,,42
2025/8/29,07:30,430,,,,43
2025/8/29,07:45,430,,,,47
2025/8/29,08:00,430,,,,53
2025/8/29,08:15,430,,,,61
2025/8/29,08:30,430,,,,99
2025/8/29,08:45,430,,,,96
2025/8/29,09:00,430,,,,96
2025/8/29,09:15,430,,215,,
2025/8/29,09:30,430,,332,,
2025/8/29,09:45,430,,375,,
2025/8/29,10:00,430,,380,,
2025/8/29,10:15,430,,363,,
2025/8/29,10:30,430,,349,,
2025/8/29,10:45,430,,378,,
2025/8/29,11:00,430,,354,,
2025/8/29,11:15,430,,353,,
2025/8/29,11:30,430,,352,,
2025/8/29,11:45,430,,350,,
2025/8/29,12:00,430,,373,,
2025/8/29,12:15,430,,341,,
2025/8/29,12:30,430,,326,,
2025/8/29,12:45,430,,300,,
2025/8/29,13:00,430,,272,,
2025/8/29,13:15,430,,336,,
2025/8/29,13:30,430,,334,,
2025/8/29,13:45,430,,368,,
2025/8/29,14:00,430,,399,,
2025/8/29,14:15,430,,408,,
2025/8/29,14:30,430,,401,,
2025/8/29,14:45,430,,388,,
2025/8/29,15:00,430,,392,,
2025/8/29,15:15,430,,405,,
2025/8/29,15:30,430,,424,,
2025/8/29,15:45,430,,411,,
2025/8/29,16:00,430,,380,,
2025/8/29,16:15,430,329,,,
2025/8/29,16:30,430,344,,,
2025/8/29,16:45,430,370,,,
2025/8/29,17:00,430,369,,,
2025/8/29,17:15,430,341,,,
2025/8/29,17:30,430,310,,,
2025/8/29,17:45,430,319,,,
2025/8/29,18:00,430,309,,,
2025/8/29,18:15,430,317,,,
2025/8/29,18:30,430,338,,,
2025/8/29,18:45,430,346,,,
2025/8/29,19:00,430,344,,,
2025/8/29,19:15,430,339,,,
2025/8/29,19:30,430,323,,,
2025/8/29,19:45,430,310,,,
2025/8/29,20:00,430,312,,,
2025/8/29,20:15,430,250,,,
2025/8/29,20:30,430,224,,,
2025/8/29,20:45,430,267,,,
2025/8/29,21:00,430,318,,,
2025/8/29,21:15,430,322,,,
2025/8/29,21:30,430,310,,,
2025/8/29,21:45,430,294,,,
2025/8/29,22:00,430,288,,,
2025/8/29,22:15,430,,286,,
2025/8/29,22:30,430,,296,,
2025/8/29,22:45,430,,298,,
2025/8/29,23:00,430,,298,,
2025/8/29,23:15,430,,211,,
2025/8/29,23:30,430,,173,,
2025/8/29,23:45,430,,210,,
2025/8/30,00:00,430,,256,,
2025/8/30,00:15,430,,,,234
2025/8/30,00:30,430,,,,170
2025/8/30,00:45,430,,,,141
2025/8/30,01:00,430,,,,138
2025/8/30,01:15,430,,,,118
2025/8/30,01:30,430,,,,91
2025/8/30,01:45,430,,,,78
2025/8/30,02:00,430,,,,78
2025/8/30,02:15,430,,,,74
2025/8/30,02:30,430,,,,75
2025/8/30,02:45,430,,,,75
2025/8/30,03:00,430,,,,75
2025/8/30,03:15,430,,,,75
2025/8/30,03:30,430,,,,77
2025/8/30,03:45,430,,,,74
2025/8/30,04:00,430,,,,75
2025/8/30,04:15,430,,,,67
2025/8/30,04:30,430,,,,40
2025/8/30,04:45,430,,,,38
2025/8/30,05:00,430,,,,38
2025/8/30,05:15,430,,,,45
2025/8/30,05:30,430,,,,45
2025/8/30,05:45,430,,,,43
2025/8/30,06:00,430,,,,41
2025/8/30,06:15,430,,,,44
2025/8/30,06:30,430,,,,45
2025/8/30,06:45,430,,,,46
2025/8/30,07:00,430,,,,46
2025/8/30,07:15,430,,,,41
2025/8/30,07:30,430,,,,47
2025/8/30,07:45,430,,,,40
2025/8/30,08:00,430,,,,43
2025/8/30,08:15,430,,,,49
2025/8/30,08:30,430,,,,66
2025/8/30,08:45,430,,,,84
2025/8/30,09:00,430,,,124,
2025/8/30,09:15,430,,,232,
2025/8/30,09:30,430,,,351,
2025/8/30,09:45,430,,,389,
2025/8/30,10:00,430,,,371,
2025/8/30,10:15,430,,,371,
2025/8/30,10:30,430,,,353,
2025/8/30,10:45,430,,,379,
2025/8/30,11:00,430,,,392,
2025/8/30,11:15,430,,,369,
2025/8/30,11:30,430,,,354,
2025/8/30,11:45,430,,,351,
2025/8/30,12:00,430,,,352,
2025/8/30,12:15,430,,,331,
2025/8/30,12:30,430,,,301,
2025/8/30,12:45,430,,,299,
2025/8/30,13:00,430,,,292,
2025/8/30,13:15,430,,,350,
2025/8/30,13:30,430,,,339,
2025/8/30,13:45,430,,,377,
2025/8/30,14:00,430,,,374,
2025/8/30,14:15,430,,,350,
2025/8/30,14:30,430,,,357,
2025/8/30,14:45,430,,,378,
2025/8/30,15:00,430,,,382,
2025/8/30,15:15,430,,,367,
2025/8/30,15:30,430,,,365,
2025/8/30,15:45,430,,,383,
2025/8/30,16:00,430,,,387,
2025/8/30,16:15,430,,,357,
2025/8/30,16:30,430,,,342,
2025/8/30,16:45,430,,,354,
2025/8/30,17:00,430,,,352,
2025/8/30,17:15,430,,,317,
2025/8/30,17:30,430,,,284,
2025/8/30,17:45,430,,,258,
2025/8/30,18:00,430,,,299,
2025/8/30,18:15,430,,,306,
2025/8/30,18:30,430,,,312,
2025/8/30,18:45,430,,,323,
2025/8/30,19:00,430,,,314,
2025/8/30,19:15,430,,,318,
2025/8/30,19:30,430,,,320,
2025/8/30,19:45,430,,,320,
2025/8/30,20:00,430,,,296,
2025/8/30,20:15,430,,,261,
2025/8/30,20:30,430,,,211,
2025/8/30,20:45,430,,,248,
2025/8/30,21:00,430,,,294,
2025/8/30,21:15,430,,,325,
2025/8/30,21:30,430,,,333,
2025/8/30,21:45,430,,,306,
2025/8/30,22:00,430,,,307,
2025/8/30,22:15,430,,,304,
2025/8/30,22:30,430,,,296,
2025/8/30,22:45,430,,,291,
2025/8/30,23:00,430,,,254,
2025/8/30,23:15,430,,,158,
2025/8/30,23:30,430,,,126,
2025/8/30,23:45,430,,,184,
2025/8/31,00:00,430,,,226,
2025/8/31,00:15,430,,,,181
2025/8/31,00:30,430,,,,142
2025/8/31,00:45,430,,,,109
2025/8/31,01:00,430,,,,98
2025/8/31,01:15,430,,,,67
2025/8/31,01:30,430,,,,66
2025/8/31,01:45,430,,,,59
2025/8/31,02:00,430,,,,62
2025/8/31,02:15,430,,,,61
2025/8/31,02:30,430,,,,61
2025/8/31,02:45,430,,,,61
2025/8/31,03:00,430,,,,67
2025/8/31,03:15,430,,,,74
2025/8/31,03:30,430,,,,69
2025/8/31,03:45,430,,,,67
2025/8/31,04:00,430,,,,62
2025/8/31,04:15,430,,,,59
2025/8/31,04:30,430,,,,58
2025/8/31,04:45,430,,,,42
2025/8/31,05:00,430,,,,38
2025/8/31,05:15,430,,,,37
2025/8/31,05:30,430,,,,38
2025/8/31,05:45,430,,,,38
2025/8/31,06:00,430,,,,38
2025/8/31,06:15,430,,,,37
2025/8/31,06:30,430,,,,36
2025/8/31,06:45,430,,,,38
2025/8/31,07:00,430,,,,38
2025/8/31,07:15,430,,,,39
2025/8/31,07:30,430,,,,40
2025/8/31,07:45,430,,,,39
2025/8/31,08:00,430,,,,35
2025/8/31,08:15,430,,,,36
2025/8/31,08:30,430,,,,33
2025/8/31,08:45,430,,,,37
2025/8/31,09:00,430,,,,49
2025/8/31,09:15,430,,,,88
2025/8/31,09:30,430,,,,90
2025/8/31,09:45,430,,,,90
2025/8/31,10:00,430,,,,97
2025/8/31,10:15,430,,,,95
2025/8/31,10:30,430,,,,102
2025/8/31,10:45,430,,,,107
2025/8/31,11:00,430,,,,113
2025/8/31,11:15,430,,,,99
2025/8/31,11:30,430,,,,142
2025/8/31,11:45,430,,,,183
2025/8/31,12:00,430,,,,260
2025/8/31,12:15,430,,,,302
2025/8/31,12:30,430,,,,306
2025/8/31,12:45,430,,,,293
2025/8/31,13:00,430,,,,289
2025/8/31,13:15,430,,,,317
2025/8/31,13:30,430,,,,296
2025/8/31,13:45,430,,,,288
2025/8/31,14:00,430,,,,289
2025/8/31,14:15,430,,,,297
2025/8/31,14:30,430,,,,289
2025/8/31,14:45,430,,,,303
2025/8/31,15:00,430,,,,303
2025/8/31,15:15,430,,,,313
2025/8/31,15:30,430,,,,305
2025/8/31,15:45,430,,,,314
2025/8/31,16:00,430,,,,287
2025/8/31,16:15,430,,,,282
2025/8/31,16:30,430,,,,253
2025/8/31,16:45,430,,,,258
2025/8/31,17:00,430,,,,243
2025/8/31,17:15,430,,,,174
2025/8/31,17:30,430,,,,96
2025/8/31,17:45,430,,,,76
2025/8/31,18:00,430,,,,76
2025/8/31,18:15,430,,,,64
2025/8/31,18:30,430,,,,66
2025/8/31,18:45,430,,,,64
2025/8/31,19:00,430,,,,62
2025/8/31,19:15,430,,,,62
2025/8/31,19:30,430,,,,64
2025/8/31,19:45,430,,,,54
2025/8/31,20:00,430,,,,56
2025/8/31,20:15,430,,,,56
2025/8/31,20:30,430,,,,54
2025/8/31,20:45,430,,,,56
2025/8/31,21:00,430,,,,54
2025/8/31,21:15,430,,,,40
2025/8/31,21:30,430,,,,24
2025/8/31,21:45,430,,,,24
2025/8/31,22:00,430,,,,24
2025/8/31,22:15,430,,,,26
2025/8/31,22:30,430,,,,26
2025/8/31,22:45,430,,,,26
2025/8/31,23:00,430,,,,26
2025/8/31,23:15,430,,,,26
2025/8/31,23:30,430,,,,22
2025/8/31,23:45,430,,,,24
2025/9/1,00:00,430,,,,26
2025/9/1,00:15,430,,,,24
2025/9/1,00:30,430,,,,24
2025/9/1,00:45,430,,,,24
2025/9/1,01:00,430,,,,24
2025/9/1,01:15,430,,,,26
2025/9/1,01:30,430,,,,24
2025/9/1,01:45,430,,,,22
2025/9/1,02:00,430,,,,26
2025/9/1,02:15,430,,,,24
2025/9/1,02:30,430,,,,24
2025/9/1,02:45,430,,,,24
2025/9/1,03:00,430,,,,24
2025/9/1,03:15,430,,,,24
2025/9/1,03:30,430,,,,24
2025/9/1,03:45,430,,,,24
2025/9/1,04:00,430,,,,26
2025/9/1,04:15,430,,,,27
2025/9/1,04:30,430,,,,27
2025/9/1,04:45,430,,,,29
2025/9/1,05:00,430,,,,27
2025/9/1,05:15,430,,,,32
2025/9/1,05:30,430,,,,29
2025/9/1,05:45,430,,,,32
2025/9/1,06:00,430,,,,34
2025/9/1,06:15,430,,,,37
2025/9/1,06:30,430,,,,37
2025/9/1,06:45,430,,,,44
2025/9/1,07:00,430,,,,53
2025/9/1,07:15,430,,,,43
2025/9/1,07:30,430,,,,43
2025/9/1,07:45,430,,,,39
2025/9/1,08:00,430,,,,45
2025/9/1,08:15,430,,,,51
2025/9/1,08:30,430,,,,79
2025/9/1,08:45,430,,,,98
2025/9/1,09:00,430,,,,109
2025/9/1,09:15,430,,212,,
2025/9/1,09:30,430,,324,,
2025/9/1,09:45,430,,392,,
2025/9/1,10:00,430,,402,,
2025/9/1,10:15,430,,368,,
2025/9/1,10:30,430,,309,,
2025/9/1,10:45,430,,314,,
2025/9/1,11:00,430,,336,,
2025/9/1,11:15,430,,357,,
2025/9/1,11:30,430,,346,,
2025/9/1,11:45,430,,355,,
2025/9/1,12:00,430,,366,,
2025/9/1,12:15,430,,317,,
2025/9/1,12:30,430,,298,,
2025/9/1,12:45,430,,263,,
2025/9/1,13:00,430,,258,,
2025/9/1,13:15,430,,329,,
2025/9/1,13:30,430,,348,,
2025/9/1,13:45,430,,375,,
2025/9/1,14:00,430,,358,,
2025/9/1,14:15,430,,365,,
2025/9/1,14:30,430,,385,,
2025/9/1,14:45,430,,384,,
2025/9/1,15:00,430,,368,,
2025/9/1,15:15,430,,360,,
2025/9/1,15:30,430,,357,,
2025/9/1,15:45,430,,355,,
2025/9/1,16:00,430,,352,,
2025/9/1,16:15,430,346,,,
2025/9/1,16:30,430,348,,,
2025/9/1,16:45,430,335,,,
2025/9/1,17:00,430,339,,,
2025/9/1,17:15,430,278,,,
2025/9/1,17:30,430,245,,,
2025/9/1,17:45,430,234,,,
2025/9/1,18:00,430,256,,,
2025/9/1,18:15,430,283,,,
2025/9/1,18:30,430,312,,,
2025/9/1,18:45,430,317,,,
2025/9/1,19:00,430,315,,,
2025/9/1,19:15,430,322,,,
2025/9/1,19:30,430,322,,,
2025/9/1,19:45,430,298,,,
2025/9/1,20:00,430,302,,,
2025/9/1,20:15,430,280,,,
2025/9/1,20:30,430,248,,,
2025/9/1,20:45,430,282,,,
2025/9/1,21:00,430,306,,,
2025/9/1,21:15,430,306,,,
2025/9/1,21:30,430,302,,,
2025/9/1,21:45,430,298,,,
2025/9/1,22:00,430,310,,,
2025/9/1,22:15,430,,306,,
2025/9/1,22:30,430,,310,,
2025/9/1,22:45,430,,291,,
2025/9/1,23:00,430,,290,,
2025/9/1,23:15,430,,227,,
2025/9/1,23:30,430,,160,,
2025/9/1,23:45,430,,194,,
2025/9/2,00:00,430,,238,,
2025/9/2,00:15,430,,,,219
2025/9/2,00:30,430,,,,176
2025/9/2,00:45,430,,,,149
2025/9/2,01:00,430,,,,120
2025/9/2,01:15,430,,,,83
2025/9/2,01:30,430,,,,72
2025/9/2,01:45,430,,,,69
2025/9/2,02:00,430,,,,66
2025/9/2,02:15,430,,,,69
2025/9/2,02:30,430,,,,74
2025/9/2,02:45,430,,,,77
2025/9/2,03:00,430,,,,75
2025/9/2,03:15,430,,,,72
2025/9/2,03:30,430,,,,69
2025/9/2,03:45,430,,,,70
2025/9/2,04:00,430,,,,69
2025/9/2,04:15,430,,,,62
2025/9/2,04:30,430,,,,46
2025/9/2,04:45,430,,,,38
2025/9/2,05:00,430,,,,37
2025/9/2,05:15,430,,,,37
2025/9/2,05:30,430,,,,40
2025/9/2,05:45,430,,,,40
2025/9/2,06:00,430,,,,40
2025/9/2,06:15,430,,,,66
2025/9/2,06:30,430,,,,68
2025/9/2,06:45,430,,,,55
2025/9/2,07:00,430,,,,40
2025/9/2,07:15,430,,,,43
2025/9/2,07:30,430,,,,46
2025/9/2,07:45,430,,,,47
2025/9/2,08:00,430,,,,51
2025/9/2,08:15,430,,,,60
2025/9/2,08:30,430,,,,90
2025/9/2,08:45,430,,,,94
2025/9/2,09:00,430,,,,100
2025/9/2,09:15,430,,174,,
2025/9/2,09:30,430,,312,,
2025/9/2,09:45,430,,408,,
2025/9/2,10:00,430,,402,,
2025/9/2,10:15,430,,398,,
2025/9/2,10:30,430,,348,,
2025/9/2,10:45,430,,384,,
2025/9/2,11:00,430,,390,,
2025/9/2,11:15,430,,407,,
2025/9/2,11:30,430,,384,,
2025/9/2,11:45,430,,375,,
2025/9/2,12:00,430,,356,,
2025/9/2,12:15,430,,312,,
2025/9/2,12:30,430,,280,,
2025/9/2,12:45,430,,266,,
2025/9/2,13:00,430,,282,,
2025/9/2,13:15,430,,352,,
2025/9/2,13:30,430,,371,,
2025/9/2,13:45,430,,374,,
2025/9/2,14:00,430,,390,,
2025/9/2,14:15,430,,388,,
2025/9/2,14:30,430,,382,,
2025/9/2,14:45,430,,380,,
2025/9/2,15:00,430,,383,,
2025/9/2,15:15,430,,393,,
2025/9/2,15:30,430,,399,,
2025/9/2,15:45,430,,389,,
2025/9/2,16:00,430,,371,,
2025/9/2,16:15,430,356,,,
2025/9/2,16:30,430,357,,,
2025/9/2,16:45,430,341,,,
2025/9/2,17:00,430,343,,,
2025/9/2,17:15,430,322,,,
2025/9/2,17:30,430,305,,,
2025/9/2,17:45,430,302,,,
2025/9/2,18:00,430,302,,,
2025/9/2,18:15,430,337,,,
2025/9/2,18:30,430,339,,,
2025/9/2,18:45,430,338,,,
2025/9/2,19:00,430,341,,,
2025/9/2,19:15,430,331,,,
2025/9/2,19:30,430,333,,,
2025/9/2,19:45,430,318,,,
2025/9/2,20:00,430,314,,,
2025/9/2,20:15,430,274,,,
2025/9/2,20:30,430,229,,,
2025/9/2,20:45,430,270,,,
2025/9/2,21:00,430,312,,,
2025/9/2,21:15,430,330,,,
2025/9/2,21:30,430,312,,,
2025/9/2,21:45,430,291,,,
2025/9/2,22:00,430,301,,,
2025/9/2,22:15,430,,302,,
2025/9/2,22:30,430,,302,,
2025/9/2,22:45,430,,294,,
2025/9/2,23:00,430,,280,,
2025/9/2,23:15,430,,205,,
2025/9/2,23:30,430,,174,,
2025/9/2,23:45,430,,203,,
2025/9/3,00:00,430,,232,,
2025/9/3,00:15,430,,,,198
2025/9/3,00:30,430,,,,155
2025/9/3,00:45,430,,,,123
2025/9/3,01:00,430,,,,104
2025/9/3,01:15,430,,,,102
2025/9/3,01:30,430,,,,78
2025/9/3,01:45,430,,,,70
2025/9/3,02:00,430,,,,67
2025/9/3,02:15,430,,,,69
2025/9/3,02:30,430,,,,64
2025/9/3,02:45,430,,,,69
2025/9/3,03:00,430,,,,75
2025/9/3,03:15,430,,,,74
2025/9/3,03:30,430,,,,69
2025/9/3,03:45,430,,,,69
2025/9/3,04:00,430,,,,64
2025/9/3,04:15,430,,,,62
2025/9/3,04:30,430,,,,62
2025/9/3,04:45,430,,,,38
2025/9/3,05:00,430,,,,37
2025/9/3,05:15,430,,,,38
2025/9/3,05:30,430,,,,37
2025/9/3,05:45,430,,,,37
2025/9/3,06:00,430,,,,38
2025/9/3,06:15,430,,,,37
2025/9/3,06:30,430,,,,41
2025/9/3,06:45,430,,,,41
2025/9/3,07:00,430,,,,45
2025/9/3,07:15,430,,,,42
2025/9/3,07:30,430,,,,43
2025/9/3,07:45,430,,,,40
2025/9/3,08:00,430,,,,75
2025/9/3,08:15,430,,,,83
2025/9/3,08:30,430,,,,87
2025/9/3,08:45,430,,,,87
2025/9/3,09:00,430,,,,102
2025/9/3,09:15,430,,260,,
2025/9/3,09:30,430,,342,,
2025/9/3,09:45,430,,341,,
2025/9/3,10:00,430,,329,,
2025/9/3,10:15,430,,362,,
2025/9/3,10:30,430,,380,,
2025/9/3,10:45,430,,383,,
2025/9/3,11:00,430,,388,,
2025/9/3,11:15,430,,296,,
2025/9/3,11:30,430,,300,,
2025/9/3,11:45,430,,298,,
2025/9/3,12:00,430,,268,,
2025/9/3,12:15,430,,260,,
2025/9/3,12:30,430,,258,,
2025/9/3,12:45,430,,252,,
2025/9/3,13:00,430,,239,,
2025/9/3,13:15,430,,274,,
2025/9/3,13:30,430,,336,,
2025/9/3,13:45,430,,370,,
2025/9/3,14:00,430,,369,,
2025/9/3,14:15,430,,373,,
2025/9/3,14:30,430,,361,,
2025/9/3,14:45,430,,366,,
2025/9/3,15:00,430,,391,,
2025/9/3,15:15,430,,383,,
2025/9/3,15:30,430,,375,,
2025/9/3,15:45,430,,372,,
2025/9/3,16:00,430,,386,,
2025/9/3,16:15,430,377,,,
2025/9/3,16:30,430,361,,,
2025/9/3,16:45,430,357,,,
2025/9/3,17:00,430,375,,,
2025/9/3,17:15,430,333,,,
2025/9/3,17:30,430,293,,,
2025/9/3,17:45,430,287,,,
2025/9/3,18:00,430,294,,,
2025/9/3,18:15,430,308,,,
2025/9/3,18:30,430,314,,,
2025/9/3,18:45,430,326,,,
2025/9/3,19:00,430,325,,,
2025/9/3,19:15,430,318,,,
2025/9/3,19:30,430,314,,,
2025/9/3,19:45,430,299,,,
2025/9/3,20:00,430,301,,,
2025/9/3,20:15,430,275,,,
2025/9/3,20:30,430,254,,,
2025/9/3,20:45,430,296,,,
2025/9/3,21:00,430,320,,,
2025/9/3,21:15,430,322,,,
2025/9/3,21:30,430,317,,,
2025/9/3,21:45,430,314,,,
2025/9/3,22:00,430,286,,,
2025/9/3,22:15,430,,280,,
2025/9/3,22:30,430,,293,,
2025/9/3,22:45,430,,293,,
2025/9/3,23:00,430,,280,,
2025/9/3,23:15,430,,229,,
2025/9/3,23:30,430,,190,,
2025/9/3,23:45,430,,210,,
2025/9/4,00:00,430,,234,,
2025/9/4,00:15,430,,,,190
2025/9/4,00:30,430,,,,138
2025/9/4,00:45,430,,,,131
2025/9/4,01:00,430,,,,115
2025/9/4,01:15,430,,,,106
2025/9/4,01:30,430,,,,67
2025/9/4,01:45,430,,,,61
2025/9/4,02:00,430,,,,69
2025/9/4,02:15,430,,,,74
2025/9/4,02:30,430,,,,72
2025/9/4,02:45,430,,,,70
2025/9/4,03:00,430,,,,70
2025/9/4,03:15,430,,,,69
2025/9/4,03:30,430,,,,48
2025/9/4,03:45,430,,,,42
2025/9/4,04:00,430,,,,37
2025/9/4,04:15,430,,,,37
2025/9/4,04:30,430,,,,38
2025/9/4,04:45,430,,,,35
2025/9/4,05:00,430,,,,37
2025/9/4,05:15,430,,,,37
2025/9/4,05:30,430,,,,38
2025/9/4,05:45,430,,,,40
2025/9/4,06:00,430,,,,38
2025/9/4,06:15,430,,,,42
2025/9/4,06:30,430,,,,40
2025/9/4,06:45,430,,,,41
2025/9/4,07:00,430,,,,39
2025/9/4,07:15,430,,,,42
2025/9/4,07:30,430,,,,45
2025/9/4,07:45,430,,,,47
2025/9/4,08:00,430,,,,53
2025/9/4,08:15,430,,,,61
2025/9/4,08:30,430,,,,65
2025/9/4,08:45,430,,,,94
2025/9/4,09:00,430,,,,107
2025/9/4,09:15,430,,222,,
2025/9/4,09:30,430,,312,,
2025/9/4,09:45,430,,379,,
2025/9/4,10:00,430,,398,,
2025/9/4,10:15,430,,375,,
2025/9/4,10:30,430,,365,,
2025/9/4,10:45,430,,388,,
2025/9/4,11:00,430,,403,,
2025/9/4,11:15,430,,404,,
2025/9/4,11:30,430,,392,,
2025/9/4,11:45,430,,364,,
2025/9/4,12:00,430,,344,,
2025/9/4,12:15,430,,294,,
2025/9/4,12:30,430,,302,,
2025/9/4,12:45,430,,275,,
2025/9/4,13:00,430,,268,,
2025/9/4,13:15,430,,320,,
2025/9/4,13:30,430,,371,,
2025/9/4,13:45,430,,399,,
2025/9/4,14:00,430,,387,,
2025/9/4,14:15,430,,370,,
2025/9/4,14:30,430,,362,,
2025/9/4,14:45,430,,360,,
2025/9/4,15:00,430,,388,,
2025/9/4,15:15,430,,364,,
2025/9/4,15:30,430,,371,,
2025/9/4,15:45,430,,363,,
2025/9/4,16:00,430,,372,,
2025/9/4,16:15,430,371,,,
2025/9/4,16:30,430,362,,,
2025/9/4,16:45,430,350,,,
2025/9/4,17:00,430,336,,,
2025/9/4,17:15,430,286,,,
2025/9/4,17:30,430,257,,,
2025/9/4,17:45,430,268,,,
2025/9/4,18:00,430,288,,,
2025/9/4,18:15,430,301,,,
2025/9/4,18:30,430,318,,,
2025/9/4,18:45,430,306,,,
2025/9/4,19:00,430,309,,,
2025/9/4,19:15,430,312,,,
2025/9/4,19:30,430,314,,,
2025/9/4,19:45,430,306,,,
2025/9/4,20:00,430,302,,,
2025/9/4,20:15,430,277,,,
2025/9/4,20:30,430,243,,,
2025/9/4,20:45,430,285,,,
2025/9/4,21:00,430,314,,,
2025/9/4,21:15,430,307,,,
2025/9/4,21:30,430,298,,,
2025/9/4,21:45,430,299,,,
2025/9/4,22:00,430,282,,,
2025/9/4,22:15,430,,296,,
2025/9/4,22:30,430,,298,,
2025/9/4,22:45,430,,288,,
2025/9/4,23:00,430,,282,,
2025/9/4,23:15,430,,242,,
2025/9/4,23:30,430,,198,,
2025/9/4,23:45,430,,205,,
2025/9/5,00:00,430,,245,,
2025/9/5,00:15,430,,,,213
2025/9/5,00:30,430,,,,157
2025/9/5,00:45,430,,,,130
2025/9/5,01:00,430,,,,78
2025/9/5,01:15,430,,,,70
2025/9/5,01:30,430,,,,69
2025/9/5,01:45,430,,,,64
2025/9/5,02:00,430,,,,72
2025/9/5,02:15,430,,,,75
2025/9/5,02:30,430,,,,74
2025/9/5,02:45,430,,,,75
2025/9/5,03:00,430,,,,72
2025/9/5,03:15,430,,,,70
2025/9/5,03:30,430,,,,67
2025/9/5,03:45,430,,,,62
2025/9/5,04:00,430,,,,61
2025/9/5,04:15,430,,,,56
2025/9/5,04:30,430,,,,37
2025/9/5,04:45,430,,,,37
2025/9/5,05:00,430,,,,37
2025/9/5,05:15,430,,,,37
2025/9/5,05:30,430,,,,37
2025/9/5,05:45,430,,,,38
2025/9/5,06:00,430,,,,39
2025/9/5,06:15,430,,,,42
2025/9/5,06:30,430,,,,42
2025/9/5,06:45,430,,,,43
2025/9/5,07:00,430,,,,43
2025/9/5,07:15,430,,,,43
2025/9/5,07:30,430,,,,40
2025/9/5,07:45,430,,,,46
2025/9/5,08:00,430,,,,52
2025/9/5,08:15,430,,,,59
2025/9/5,08:30,430,,,,60
2025/9/5,08:45,430,,,,88
2025/9/5,09:00,430,,,,94
2025/9/5,09:15,430,,243,,
2025/9/5,09:30,430,,357,,
2025/9/5,09:45,430,,381,,
2025/9/5,10:00,430,,358,,
2025/9/5,10:15,430,,343,,
2025/9/5,10:30,430,,366,,
2025/9/5,10:45,430,,349,,
2025/9/5,11:00,430,,329,,
2025/9/5,11:15,430,,339,,
2025/9/5,11:30,430,,345,,
2025/9/5,11:45,430,,345,,
2025/9/5,12:00,430,,327,,
2025/9/5,12:15,430,,279,,
2025/9/5,12:30,430,,270,,
2025/9/5,12:45,430,,269,,
2025/9/5,13:00,430,,268,,
2025/9/5,13:15,430,,343,,
2025/9/5,13:30,430,,371,,
2025/9/5,13:45,430,,395,,
2025/9/5,14:00,430,,398,,
2025/9/5,14:15,430,,377,,
2025/9/5,14:30,430,,381,,
2025/9/5,14:45,430,,387,,
2025/9/5,15:00,430,,367,,
2025/9/5,15:15,430,,366,,
2025/9/5,15:30,430,,393,,
2025/9/5,15:45,430,,402,,
2025/9/5,16:00,430,,369,,
2025/9/5,16:15,430,363,,,
2025/9/5,16:30,430,362,,,
2025/9/5,16:45,430,355,,,
2025/9/5,17:00,430,349,,,
2025/9/5,17:15,430,296,,,
2025/9/5,17:30,430,263,,,
2025/9/5,17:45,430,317,,,
2025/9/5,18:00,430,313,,,
2025/9/5,18:15,430,322,,,
2025/9/5,18:30,430,338,,,
2025/9/5,18:45,430,342,,,
2025/9/5,19:00,430,336,,,
2025/9/5,19:15,430,326,,,
2025/9/5,19:30,430,318,,,
2025/9/5,19:45,430,310,,,
2025/9/5,20:00,430,315,,,
2025/9/5,20:15,430,288,,,
2025/9/5,20:30,430,242,,,
2025/9/5,20:45,430,288,,,
2025/9/5,21:00,430,314,,,
2025/9/5,21:15,430,320,,,
2025/9/5,21:30,430,301,,,
2025/9/5,21:45,430,290,,,
2025/9/5,22:00,430,277,,,
2025/9/5,22:15,430,,294,,
2025/9/5,22:30,430,,293,,
2025/9/5,22:45,430,,290,,
2025/9/5,23:00,430,,290,,
2025/9/5,23:15,430,,246,,
2025/9/5,23:30,430,,198,,
2025/9/5,23:45,430,,224,,
2025/9/6,00:00,430,,262,,
2025/9/6,00:15,430,,,,234
2025/9/6,00:30,430,,,,186
2025/9/6,00:45,430,,,,171
2025/9/6,01:00,430,,,,125
2025/9/6,01:15,430,,,,83
2025/9/6,01:30,430,,,,78
2025/9/6,01:45,430,,,,78
2025/9/6,02:00,430,,,,75
2025/9/6,02:15,430,,,,74
2025/9/6,02:30,430,,,,74
2025/9/6,02:45,430,,,,74
2025/9/6,03:00,430,,,,72
2025/9/6,03:15,430,,,,69
2025/9/6,03:30,430,,,,67
2025/9/6,03:45,430,,,,61
2025/9/6,04:00,430,,,,61
2025/9/6,04:15,430,,,,62
2025/9/6,04:30,430,,,,59
2025/9/6,04:45,430,,,,43
2025/9/6,05:00,430,,,,38
2025/9/6,05:15,430,,,,38
2025/9/6,05:30,430,,,,38
2025/9/6,05:45,430,,,,38
2025/9/6,06:00,430,,,,41
2025/9/6,06:15,430,,,,40
2025/9/6,06:30,430,,,,44
2025/9/6,06:45,430,,,,43
2025/9/6,07:00,430,,,,44
2025/9/6,07:15,430,,,,44
2025/9/6,07:30,430,,,,41
2025/9/6,07:45,430,,,,42
2025/9/6,08:00,430,,,,50
2025/9/6,08:15,430,,,,57
2025/9/6,08:30,430,,,,95
2025/9/6,08:45,430,,,,107
2025/9/6,09:00,430,,,133,
2025/9/6,09:15,430,,,273,
2025/9/6,09:30,430,,,352,
2025/9/6,09:45,430,,,379,
2025/9/6,10:00,430,,,361,
2025/9/6,10:15,430,,,350,
2025/9/6,10:30,430,,,371,
2025/9/6,10:45,430,,,364,
2025/9/6,11:00,430,,,376,
2025/9/6,11:15,430,,,357,
2025/9/6,11:30,430,,,344,
2025/9/6,11:45,430,,,350,
2025/9/6,12:00,430,,,344,
2025/9/6,12:15,430,,,294,
2025/9/6,12:30,430,,,276,
2025/9/6,12:45,430,,,258,
2025/9/6,13:00,430,,,276,
2025/9/6,13:15,430,,,310,
2025/9/6,13:30,430,,,321,
2025/9/6,13:45,430,,,348,
2025/9/6,14:00,430,,,374,
2025/9/6,14:15,430,,,366,
2025/9/6,14:30,430,,,363,
2025/9/6,14:45,430,,,349,
2025/9/6,15:00,430,,,344,
2025/9/6,15:15,430,,,359,
2025/9/6,15:30,430,,,354,
2025/9/6,15:45,430,,,363,
2025/9/6,16:00,430,,,353,
2025/9/6,16:15,430,,,368,
2025/9/6,16:30,430,,,349,
2025/9/6,16:45,430,,,351,
2025/9/6,17:00,430,,,331,
2025/9/6,17:15,430,,,298,
2025/9/6,17:30,430,,,269,
2025/9/6,17:45,430,,,256,
2025/9/6,18:00,430,,,294,
2025/9/6,18:15,430,,,317,
2025/9/6,18:30,430,,,328,
2025/9/6,18:45,430,,,331,
2025/9/6,19:00,430,,,331,
2025/9/6,19:15,430,,,330,
2025/9/6,19:30,430,,,314,
2025/9/6,19:45,430,,,306,
2025/9/6,20:00,430,,,318,
2025/9/6,20:15,430,,,294,
2025/9/6,20:30,430,,,253,
2025/9/6,20:45,430,,,283,
2025/9/6,21:00,430,,,323,
2025/9/6,21:15,430,,,325,
2025/9/6,21:30,430,,,320,
2025/9/6,21:45,430,,,301,
2025/9/6,22:00,430,,,302,
2025/9/6,22:15,430,,,290,
2025/9/6,22:30,430,,,299,
2025/9/6,22:45,430,,,306,
2025/9/6,23:00,430,,,227,
2025/9/6,23:15,430,,,182,
2025/9/6,23:30,430,,,173,
2025/9/6,23:45,430,,,208,
2025/9/7,00:00,430,,,221,
2025/9/7,00:15,430,,,,171
2025/9/7,00:30,430,,,,125
2025/9/7,00:45,430,,,,104
2025/9/7,01:00,430,,,,93
2025/9/7,01:15,430,,,,70
2025/9/7,01:30,430,,,,67
2025/9/7,01:45,430,,,,66
2025/9/7,02:00,430,,,,67
2025/9/7,02:15,430,,,,70
2025/9/7,02:30,430,,,,78
2025/9/7,02:45,430,,,,77
2025/9/7,03:00,430,,,,80
2025/9/7,03:15,430,,,,80
2025/9/7,03:30,430,,,,72
2025/9/7,03:45,430,,,,74
2025/9/7,04:00,430,,,,66
2025/9/7,04:15,430,,,,62
2025/9/7,04:30,430,,,,62
2025/9/7,04:45,430,,,,51
2025/9/7,05:00,430,,,,38
2025/9/7,05:15,430,,,,37
2025/9/7,05:30,430,,,,37
2025/9/7,05:45,430,,,,37
2025/9/7,06:00,430,,,,38
2025/9/7,06:15,430,,,,37
2025/9/7,06:30,430,,,,39
2025/9/7,06:45,430,,,,37
2025/9/7,07:00,430,,,,39
2025/9/7,07:15,430,,,,38
2025/9/7,07:30,430,,,,41
2025/9/7,07:45,430,,,,41
2025/9/7,08:00,430,,,,41
2025/9/7,08:15,430,,,,46
2025/9/7,08:30,430,,,,44
2025/9/7,08:45,430,,,,43
2025/9/7,09:00,430,,,,39
2025/9/7,09:15,430,,,,75
2025/9/7,09:30,430,,,,74
2025/9/7,09:45,430,,,,77
2025/9/7,10:00,430,,,,82
2025/9/7,10:15,430,,,,80
2025/9/7,10:30,430,,,,78
2025/9/7,10:45,430,,,,82
2025/9/7,11:00,430,,,,96
2025/9/7,11:15,430,,,,118
2025/9/7,11:30,430,,,,121
2025/9/7,11:45,430,,,,175
2025/9/7,12:00,430,,,,261
2025/9/7,12:15,430,,,,315
2025/9/7,12:30,430,,,,295
2025/9/7,12:45,430,,,,275
2025/9/7,13:00,430,,,,274
2025/9/7,13:15,430,,,,307
2025/9/7,13:30,430,,,,318
2025/9/7,13:45,430,,,,294
2025/9/7,14:00,430,,,,270
2025/9/7,14:15,430,,,,290
2025/9/7,14:30,430,,,,297
2025/9/7,14:45,430,,,,276
2025/9/7,15:00,430,,,,304
2025/9/7,15:15,430,,,,307
2025/9/7,15:30,430,,,,311
2025/9/7,15:45,430,,,,298
2025/9/7,16:00,430,,,,326
2025/9/7,16:15,430,,,,288
2025/9/7,16:30,430,,,,215
2025/9/7,16:45,430,,,,168
2025/9/7,17:00,430,,,,102
2025/9/7,17:15,430,,,,75
2025/9/7,17:30,430,,,,85
2025/9/7,17:45,430,,,,82
2025/9/7,18:00,430,,,,80
2025/9/7,18:15,430,,,,85
2025/9/7,18:30,430,,,,78
2025/9/7,18:45,430,,,,64
2025/9/7,19:00,430,,,,54
2025/9/7,19:15,430,,,,56
2025/9/7,19:30,430,,,,54
2025/9/7,19:45,430,,,,51
2025/9/7,20:00,430,,,,48
2025/9/7,20:15,430,,,,50
2025/9/7,20:30,430,,,,45
2025/9/7,20:45,430,,,,45
2025/9/7,21:00,430,,,,46
2025/9/7,21:15,430,,,,46
2025/9/7,21:30,430,,,,46
2025/9/7,21:45,430,,,,30
2025/9/7,22:00,430,,,,24
2025/9/7,22:15,430,,,,21
2025/9/7,22:30,430,,,,24
2025/9/7,22:45,430,,,,22
2025/9/7,23:00,430,,,,24
2025/9/7,23:15,430,,,,24
2025/9/7,23:30,430,,,,22
2025/9/7,23:45,430,,,,22
2025/9/8,00:00,430,,,,24
2025/9/8,00:15,430,,,,24
2025/9/8,00:30,430,,,,24
2025/9/8,00:45,430,,,,22
2025/9/8,01:00,430,,,,22
2025/9/8,01:15,430,,,,22
2025/9/8,01:30,430,,,,22
2025/9/8,01:45,430,,,,21
2025/9/8,02:00,430,,,,21
2025/9/8,02:15,430,,,,22
2025/9/8,02:30,430,,,,22
2025/9/8,02:45,430,,,,21
2025/9/8,03:00,430,,,,24
2025/9/8,03:15,430,,,,22
2025/9/8,03:30,430,,,,21
2025/9/8,03:45,430,,,,24
2025/9/8,04:00,430,,,,21
2025/9/8,04:15,430,,,,26
2025/9/8,04:30,430,,,,26
2025/9/8,04:45,430,,,,26
2025/9/8,05:00,430,,,,27
2025/9/8,05:15,430,,,,27
2025/9/8,05:30,430,,,,27
2025/9/8,05:45,430,,,,27
2025/9/8,06:00,430,,,,29
2025/9/8,06:15,430,,,,32
2025/9/8,06:30,430,,,,36
2025/9/8,06:45,430,,,,40
2025/9/8,07:00,430,,,,47
2025/9/8,07:15,430,,,,38
2025/9/8,07:30,430,,,,41
2025/9/8,07:45,430,,,,42
2025/9/8,08:00,430,,,,45
2025/9/8,08:15,430,,,,47
2025/9/8,08:30,430,,,,83
2025/9/8,08:45,430,,,,118
2025/9/8,09:00,430,,,,140
2025/9/8,09:15,430,,254,,
2025/9/8,09:30,430,,336,,
2025/9/8,09:45,430,,388,,
2025/9/8,10:00,430,,396,,
2025/9/8,10:15,430,,370,,
2025/9/8,10:30,430,,394,,
2025/9/8,10:45,430,,394,,
2025/9/8,11:00,430,,395,,
2025/9/8,11:15,430,,381,,
2025/9/8,11:30,430,,406,,
2025/9/8,11:45,430,,431,,
2025/9/8,12:00,430,,440,,
2025/9/8,12:15,430,,304,,
2025/9/8,12:30,430,,285,,
2025/9/8,12:45,430,,289,,
2025/9/8,13:00,430,,284,,
2025/9/8,13:15,430,,324,,
2025/9/8,13:30,430,,333,,
2025/9/8,13:45,430,,381,,
2025/9/8,14:00,430,,372,,
2025/9/8,14:15,430,,352,,
2025/9/8,14:30,430,,354,,
2025/9/8,14:45,430,,368,,
2025/9/8,15:00,430,,367,,
2025/9/8,15:15,430,,368,,
2025/9/8,15:30,430,,370,,
2025/9/8,15:45,430,,367,,
2025/9/8,16:00,430,,355,,
2025/9/8,16:15,430,337,,,
2025/9/8,16:30,430,346,,,
2025/9/8,16:45,430,334,,,
2025/9/8,17:00,430,343,,,
2025/9/8,17:15,430,315,,,
2025/9/8,17:30,430,278,,,
2025/9/8,17:45,430,257,,,
2025/9/8,18:00,430,295,,,
2025/9/8,18:15,430,313,,,
2025/9/8,18:30,430,320,,,
2025/9/8,18:45,430,328,,,
2025/9/8,19:00,430,333,,,
2025/9/8,19:15,430,338,,,
2025/9/8,19:30,430,322,,,
2025/9/8,19:45,430,322,,,
2025/9/8,20:00,430,320,,,
2025/9/8,20:15,430,269,,,
2025/9/8,20:30,430,238,,,
2025/9/8,20:45,430,280,,,
2025/9/8,21:00,430,320,,,
2025/9/8,21:15,430,314,,,
2025/9/8,21:30,430,312,,,
2025/9/8,21:45,430,296,,,
2025/9/8,22:00,430,278,,,
2025/9/8,22:15,430,,277,,
2025/9/8,22:30,430,,286,,
2025/9/8,22:45,430,,243,,
2025/9/8,23:00,430,,187,,
2025/9/8,23:15,430,,158,,
2025/9/8,23:30,430,,144,,
2025/9/8,23:45,430,,144,,
2025/9/9,00:00,430,,166,,
2025/9/9,00:15,430,,,,162
2025/9/9,00:30,430,,,,138
2025/9/9,00:45,430,,,,110
2025/9/9,01:00,430,,,,104
2025/9/9,01:15,430,,,,96
2025/9/9,01:30,430,,,,70
2025/9/9,01:45,430,,,,64
2025/9/9,02:00,430,,,,62
2025/9/9,02:15,430,,,,62
2025/9/9,02:30,430,,,,61
2025/9/9,02:45,430,,,,61
2025/9/9,03:00,430,,,,62
2025/9/9,03:15,430,,,,61
2025/9/9,03:30,430,,,,62
2025/9/9,03:45,430,,,,62
2025/9/9,04:00,430,,,,62
2025/9/9,04:15,430,,,,54
2025/9/9,04:30,430,,,,32
2025/9/9,04:45,430,,,,32
2025/9/9,05:00,430,,,,34
2025/9/9,05:15,430,,,,34
2025/9/9,05:30,430,,,,34
2025/9/9,05:45,430,,,,34
2025/9/9,06:00,430,,,,38
2025/9/9,06:15,430,,,,40
2025/9/9,06:30,430,,,,47
2025/9/9,06:45,430,,,,49
2025/9/9,07:00,430,,,,47
2025/9/9,07:15,430,,,,50
2025/9/9,07:30,430,,,,50
2025/9/9,07:45,430,,,,52
2025/9/9,08:00,430,,,,54
2025/9/9,08:15,430,,,,58
2025/9/9,08:30,430,,,,58
2025/9/9,08:45,430,,,,101
2025/9/9,09:00,430,,,,101
2025/9/9,09:15,430,,203,,
2025/9/9,09:30,430,,305,,
2025/9/9,09:45,430,,371,,
2025/9/9,10:00,430,,376,,
2025/9/9,10:15,430,,380,,
2025/9/9,10:30,430,,374,,
2025/9/9,10:45,430,,361,,
2025/9/9,11:00,430,,371,,
2025/9/9,11:15,430,,377,,
2025/9/9,11:30,430,,365,,
2025/9/9,11:45,430,,349,,
2025/9/9,12:00,430,,356,,
2025/9/9,12:15,430,,319,,
2025/9/9,12:30,430,,291,,
2025/9/9,12:45,430,,270,,
2025/9/9,13:00,430,,280,,
2025/9/9,13:15,430,,348,,
2025/9/9,13:30,430,,366,,
2025/9/9,13:45,430,,363,,
2025/9/9,14:00,430,,356,,
2025/9/9,14:15,430,,371,,
2025/9/9,14:30,430,,382,,
2025/9/9,14:45,430,,370,,
2025/9/9,15:00,430,,385,,
2025/9/9,15:15,430,,400,,
2025/9/9,15:30,430,,398,,
2025/9/9,15:45,430,,389,,
2025/9/9,16:00,430,,386,,
2025/9/9,16:15,430,369,,,
2025/9/9,16:30,430,360,,,
2025/9/9,16:45,430,354,,,
2025/9/9,17:00,430,372,,,
2025/9/9,17:15,430,352,,,
2025/9/9,17:30,430,311,,,
2025/9/9,17:45,430,311,,,
2025/9/9,18:00,430,313,,,
2025/9/9,18:15,430,338,,,
2025/9/9,18:30,430,334,,,
2025/9/9,18:45,430,314,,,
2025/9/9,19:00,430,307,,,
2025/9/9,19:15,430,315,,,
2025/9/9,19:30,430,338,,,
2025/9/9,19:45,430,342,,,
2025/9/9,20:00,430,323,,,
2025/9/9,20:15,430,282,,,
2025/9/9,20:30,430,242,,,
2025/9/9,20:45,430,277,,,
2025/9/9,21:00,430,322,,,
2025/9/9,21:15,430,315,,,
2025/9/9,21:30,430,307,,,
2025/9/9,21:45,430,288,,,
2025/9/9,22:00,430,290,,,
2025/9/9,22:15,430,,307,,
2025/9/9,22:30,430,,302,,
2025/9/9,22:45,430,,296,,
2025/9/9,23:00,430,,275,,
2025/9/9,23:15,430,,198,,
2025/9/9,23:30,430,,171,,
2025/9/9,23:45,430,,206,,
2025/9/10,00:00,430,,216,,
2025/9/10,00:15,430,,,,190
2025/9/10,00:30,430,,,,157
2025/9/10,00:45,430,,,,149
2025/9/10,01:00,430,,,,122
2025/9/10,01:15,430,,,,88
2025/9/10,01:30,430,,,,72
2025/9/10,01:45,430,,,,67
2025/9/10,02:00,430,,,,66
2025/9/10,02:15,430,,,,66
2025/9/10,02:30,430,,,,64
2025/9/10,02:45,430,,,,64
2025/9/10,03:00,430,,,,64
2025/9/10,03:15,430,,,,64
2025/9/10,03:30,430,,,,51
2025/9/10,03:45,430,,,,51
2025/9/10,04:00,430,,,,46
2025/9/10,04:15,430,,,,30
2025/9/10,04:30,430,,,,30
2025/9/10,04:45,430,,,,30
2025/9/10,05:00,430,,,,29
2025/9/10,05:15,430,,,,32
2025/9/10,05:30,430,,,,29
2025/9/10,05:45,430,,,,29
2025/9/10,06:00,430,,,,30
2025/9/10,06:15,430,,,,33
2025/9/10,06:30,430,,,,31
2025/9/10,06:45,430,,,,32
2025/9/10,07:00,430,,,,31
2025/9/10,07:15,430,,,,30
2025/9/10,07:30,430,,,,32
2025/9/10,07:45,430,,,,36
2025/9/10,08:00,430,,,,48
2025/9/10,08:15,430,,,,56
2025/9/10,08:30,430,,,,69
2025/9/10,08:45,430,,,,100
2025/9/10,09:00,430,,,,98
2025/9/10,09:15,430,,147,,
2025/9/10,09:30,430,,257,,
2025/9/10,09:45,430,,395,,
2025/9/10,10:00,430,,412,,
2025/9/10,10:15,430,,403,,
2025/9/10,10:30,430,,376,,
2025/9/10,10:45,430,,383,,
2025/9/10,11:00,430,,393,,
2025/9/10,11:15,430,,392,,
2025/9/10,11:30,430,,391,,
2025/9/10,11:45,430,,376,,
2025/9/10,12:00,430,,367,,
2025/9/10,12:15,430,,330,,
2025/9/10,12:30,430,,310,,
2025/9/10,12:45,430,,265,,
2025/9/10,13:00,430,,264,,
2025/9/10,13:15,430,,351,,
2025/9/10,13:30,430,,385,,
2025/9/10,13:45,430,,390,,
2025/9/10,14:00,430,,382,,
2025/9/10,14:15,430,,374,,
2025/9/10,14:30,430,,378,,
2025/9/10,14:45,430,,372,,
2025/9/10,15:00,430,,354,,
2025/9/10,15:15,430,,366,,
2025/9/10,15:30,430,,385,,
2025/9/10,15:45,430,,378,,
2025/9/10,16:00,430,,379,,
2025/9/10,16:15,430,352,,,
2025/9/10,16:30,430,351,,,
2025/9/10,16:45,430,355,,,
2025/9/10,17:00,430,365,,,
2025/9/10,17:15,430,335,,,
2025/9/10,17:30,430,321,,,
2025/9/10,17:45,430,322,,,
2025/9/10,18:00,430,316,,,
2025/9/10,18:15,430,314,,,
2025/9/10,18:30,430,341,,,
2025/9/10,18:45,430,344,,,
2025/9/10,19:00,430,346,,,
2025/9/10,19:15,430,322,,,
2025/9/10,19:30,430,344,,,
2025/9/10,19:45,430,341,,,
2025/9/10,20:00,430,304,,,
2025/9/10,20:15,430,243,,,
2025/9/10,20:30,430,219,,,
2025/9/10,20:45,430,278,,,
2025/9/10,21:00,430,331,,,
2025/9/10,21:15,430,350,,,
2025/9/10,21:30,430,339,,,
2025/9/10,21:45,430,290,,,
2025/9/10,22:00,430,277,,,
2025/9/10,22:15,430,,301,,
2025/9/10,22:30,430,,306,,
2025/9/10,22:45,430,,294,,
2025/9/10,23:00,430,,272,,
2025/9/10,23:15,430,,194,,
2025/9/10,23:30,430,,160,,
2025/9/10,23:45,430,,200,,
2025/9/11,00:00,430,,258,,
2025/9/11,00:15,430,,,,206
2025/9/11,00:30,430,,,,136
2025/9/11,00:45,430,,,,106
2025/9/11,01:00,430,,,,88
2025/9/11,01:15,430,,,,75
2025/9/11,01:30,430,,,,67
2025/9/11,01:45,430,,,,66
2025/9/11,02:00,430,,,,64
2025/9/11,02:15,430,,,,61
2025/9/11,02:30,430,,,,62
2025/9/11,02:45,430,,,,62
2025/9/11,03:00,430,,,,62
2025/9/11,03:15,430,,,,59
2025/9/11,03:30,430,,,,59
2025/9/11,03:45,430,,,,61
2025/9/11,04:00,430,,,,59
2025/9/11,04:15,430,,,,32
2025/9/11,04:30,430,,,,30
2025/9/11,04:45,430,,,,29
2025/9/11,05:00,430,,,,30
2025/9/11,05:15,430,,,,30
2025/9/11,05:30,430,,,,30
2025/9/11,05:45,430,,,,30
2025/9/11,06:00,430,,,,32
2025/9/11,06:15,430,,,,36
2025/9/11,06:30,430,,,,34
2025/9/11,06:45,430,,,,38
2025/9/11,07:00,430,,,,36
2025/9/11,07:15,430,,,,35
2025/9/11,07:30,430,,,,37
2025/9/11,07:45,430,,,,38
2025/9/11,08:00,430,,,,46
2025/9/11,08:15,430,,,,51
2025/9/11,08:30,430,,,,52
2025/9/11,08:45,430,,,,94
2025/9/11,09:00,430,,,,100
2025/9/11,09:15,430,,167,,
2025/9/11,09:30,430,,308,,
2025/9/11,09:45,430,,393,,
2025/9/11,10:00,430,,422,,
2025/9/11,10:15,430,,388,,
2025/9/11,10:30,430,,378,,
2025/9/11,10:45,430,,396,,
2025/9/11,11:00,430,,407,,
2025/9/11,11:15,430,,406,,
2025/9/11,11:30,430,,395,,
2025/9/11,11:45,430,,371,,
2025/9/11,12:00,430,,360,,
2025/9/11,12:15,430,,307,,
2025/9/11,12:30,430,,288,,
2025/9/11,12:45,430,,279,,
2025/9/11,13:00,430,,282,,
2025/9/11,13:15,430,,346,,
2025/9/11,13:30,430,,358,,
2025/9/11,13:45,430,,398,,
2025/9/11,14:00,430,,403,,
2025/9/11,14:15,430,,402,,
2025/9/11,14:30,430,,388,,
2025/9/11,14:45,430,,380,,
2025/9/11,15:00,430,,381,,
2025/9/11,15:15,430,,406,,
2025/9/11,15:30,430,,398,,
2025/9/11,15:45,430,,410,,
2025/9/11,16:00,430,,392,,
2025/9/11,16:15,430,372,,,
2025/9/11,16:30,430,360,,,
2025/9/11,16:45,430,369,,,
2025/9/11,17:00,430,361,,,
2025/9/11,17:15,430,318,,,
2025/9/11,17:30,430,299,,,
2025/9/11,17:45,430,299,,,
2025/9/11,18:00,430,307,,,
2025/9/11,18:15,430,315,,,
2025/9/11,18:30,430,315,,,
2025/9/11,18:45,430,323,,,
2025/9/11,19:00,430,320,,,
2025/9/11,19:15,430,310,,,
2025/9/11,19:30,430,314,,,
2025/9/11,19:45,430,296,,,
2025/9/11,20:00,430,282,,,
2025/9/11,20:15,430,219,,,
2025/9/11,20:30,430,203,,,
2025/9/11,20:45,430,250,,,
2025/9/11,21:00,430,267,,,
2025/9/11,21:15,430,298,,,
2025/9/11,21:30,430,323,,,
2025/9/11,21:45,430,298,,,
2025/9/11,22:00,430,298,,,
2025/9/11,22:15,430,,312,,
2025/9/11,22:30,430,,306,,
2025/9/11,22:45,430,,298,,
2025/9/11,23:00,430,,288,,
2025/9/11,23:15,430,,206,,
2025/9/11,23:30,430,,163,,
2025/9/11,23:45,430,,195,,
2025/9/12,00:00,430,,234,,
2025/9/12,00:15,430,,,,224
2025/9/12,00:30,430,,,,154
2025/9/12,00:45,430,,,,99
2025/9/12,01:00,430,,,,77
2025/9/12,01:15,430,,,,66
2025/9/12,01:30,430,,,,70
2025/9/12,01:45,430,,,,66
2025/9/12,02:00,430,,,,64
2025/9/12,02:15,430,,,,64
2025/9/12,02:30,430,,,,62
2025/9/12,02:45,430,,,,62
2025/9/12,03:00,430,,,,62
2025/9/12,03:15,430,,,,67
2025/9/12,03:30,430,,,,64
2025/9/12,03:45,430,,,,66
2025/9/12,04:00,430,,,,66
2025/9/12,04:15,430,,,,40
2025/9/12,04:30,430,,,,29
2025/9/12,04:45,430,,,,29
2025/9/12,05:00,430,,,,32
2025/9/12,05:15,430,,,,29
2025/9/12,05:30,430,,,,32
2025/9/12,05:45,430,,,,30
2025/9/12,06:00,430,,,,31
2025/9/12,06:15,430,,,,33
2025/9/12,06:30,430,,,,35
2025/9/12,06:45,430,,,,37
2025/9/12,07:00,430,,,,37
2025/9/12,07:15,430,,,,31
2025/9/12,07:30,430,,,,35
2025/9/12,07:45,430,,,,41
2025/9/12,08:00,430,,,,49
2025/9/12,08:15,430,,,,74
2025/9/12,08:30,430,,,,75
2025/9/12,08:45,430,,,,139
2025/9/12,09:00,430,,,,163
2025/9/12,09:15,430,,194,,
2025/9/12,09:30,430,,269,,
2025/9/12,09:45,430,,352,,
2025/9/12,10:00,430,,409,,
2025/9/12,10:15,430,,404,,
2025/9/12,10:30,430,,392,,
2025/9/12,10:45,430,,383,,
2025/9/12,11:00,430,,417,,
2025/9/12,11:15,430,,413,,
2025/9/12,11:30,430,,401,,
2025/9/12,11:45,430,,377,,
2025/9/12,12:00,430,,377,,
2025/9/12,12:15,430,,319,,
2025/9/12,12:30,430,,314,,
2025/9/12,12:45,430,,289,,
2025/9/12,13:00,430,,283,,
2025/9/12,13:15,430,,349,,
2025/9/12,13:30,430,,375,,
2025/9/12,13:45,430,,392,,
2025/9/12,14:00,430,,392,,
2025/9/12,14:15,430,,397,,
2025/9/12,14:30,430,,407,,
2025/9/12,14:45,430,,390,,
2025/9/12,15:00,430,,377,,
2025/9/12,15:15,430,,380,,
2025/9/12,15:30,430,,396,,
2025/9/12,15:45,430,,403,,
2025/9/12,16:00,430,,376,,
2025/9/12,16:15,430,358,,,
2025/9/12,16:30,430,354,,,
2025/9/12,16:45,430,373,,,
2025/9/12,17:00,430,362,,,
2025/9/12,17:15,430,330,,,
2025/9/12,17:30,430,293,,,
2025/9/12,17:45,430,270,,,
2025/9/12,18:00,430,296,,,
2025/9/12,18:15,430,330,,,
2025/9/12,18:30,430,334,,,
2025/9/12,18:45,430,338,,,
2025/9/12,19:00,430,352,,,
2025/9/12,19:15,430,349,,,
2025/9/12,19:30,430,344,,,
2025/9/12,19:45,430,315,,,
2025/9/12,20:00,430,264,,,
2025/9/12,20:15,430,213,,,
2025/9/12,20:30,430,195,,,
2025/9/12,20:45,430,269,,,
2025/9/12,21:00,430,326,,,
2025/9/12,21:15,430,334,,,
2025/9/12,21:30,430,322,,,
2025/9/12,21:45,430,309,,,
2025/9/12,22:00,430,304,,,
2025/9/12,22:15,430,,290,,
2025/9/12,22:30,430,,272,,
2025/9/12,22:45,430,,286,,
2025/9/12,23:00,430,,266,,
2025/9/12,23:15,430,,178,,
2025/9/12,23:30,430,,146,,
2025/9/12,23:45,430,,192,,
2025/9/13,00:00,430,,240,,
2025/9/13,00:15,430,,,,206
2025/9/13,00:30,430,,,,142
2025/9/13,00:45,430,,,,80
2025/9/13,01:00,430,,,,70
2025/9/13,01:15,430,,,,64
2025/9/13,01:30,430,,,,58
2025/9/13,01:45,430,,,,53
2025/9/13,02:00,430,,,,56
2025/9/13,02:15,430,,,,54
2025/9/13,02:30,430,,,,54
2025/9/13,02:45,430,,,,54
2025/9/13,03:00,430,,,,53
2025/9/13,03:15,430,,,,51
2025/9/13,03:30,430,,,,51
2025/9/13,03:45,430,,,,51
2025/9/13,04:00,430,,,,38
2025/9/13,04:15,430,,,,30
2025/9/13,04:30,430,,,,30
2025/9/13,04:45,430,,,,32
2025/9/13,05:00,430,,,,30
2025/9/13,05:15,430,,,,30
2025/9/13,05:30,430,,,,30
2025/9/13,05:45,430,,,,30
2025/9/13,06:00,430,,,,31
2025/9/13,06:15,430,,,,32
2025/9/13,06:30,430,,,,35
2025/9/13,06:45,430,,,,34
2025/9/13,07:00,430,,,,34
2025/9/13,07:15,430,,,,32
2025/9/13,07:30,430,,,,37
2025/9/13,07:45,430,,,,38
2025/9/13,08:00,430,,,,44
2025/9/13,08:15,430,,,,49
2025/9/13,08:30,430,,,,136
2025/9/13,08:45,430,,,,157
2025/9/13,09:00,430,,,149,
2025/9/13,09:15,430,,,153,
2025/9/13,09:30,430,,,190,
2025/9/13,09:45,430,,,296,
2025/9/13,10:00,430,,,358,
2025/9/13,10:15,430,,,392,
2025/9/13,10:30,430,,,385,
2025/9/13,10:45,430,,,376,
2025/9/13,11:00,430,,,365,
2025/9/13,11:15,430,,,378,
2025/9/13,11:30,430,,,372,
2025/9/13,11:45,430,,,367,
2025/9/13,12:00,430,,,365,
2025/9/13,12:15,430,,,318,
2025/9/13,12:30,430,,,301,
2025/9/13,12:45,430,,,274,
2025/9/13,13:00,430,,,258,
2025/9/13,13:15,430,,,315,
2025/9/13,13:30,430,,,341,
2025/9/13,13:45,430,,,364,
2025/9/13,14:00,430,,,384,
2025/9/13,14:15,430,,,370,
2025/9/13,14:30,430,,,370,
2025/9/13,14:45,430,,,370,
2025/9/13,15:00,430,,,349,
2025/9/13,15:15,430,,,359,
2025/9/13,15:30,430,,,373,
2025/9/13,15:45,430,,,368,
2025/9/13,16:00,430,,,364,
2025/9/13,16:15,430,,,362,
2025/9/13,16:30,430,,,362,
2025/9/13,16:45,430,,,366,
2025/9/13,17:00,430,,,367,
2025/9/13,17:15,430,,,343,
2025/9/13,17:30,430,,,308,
2025/9/13,17:45,430,,,294,
2025/9/13,18:00,430,,,314,
2025/9/13,18:15,430,,,318,
2025/9/13,18:30,430,,,318,
2025/9/13,18:45,430,,,328,
2025/9/13,19:00,430,,,341,
2025/9/13,19:15,430,,,338,
2025/9/13,19:30,430,,,331,
2025/9/13,19:45,430,,,318,
2025/9/13,20:00,430,,,307,
2025/9/13,20:15,430,,,277,
2025/9/13,20:30,430,,,234,
2025/9/13,20:45,430,,,277,
2025/9/13,21:00,430,,,331,
2025/9/13,21:15,430,,,339,
2025/9/13,21:30,430,,,330,
2025/9/13,21:45,430,,,320,
2025/9/13,22:00,430,,,306,
2025/9/13,22:15,430,,,309,
2025/9/13,22:30,430,,,293,
2025/9/13,22:45,430,,,283,
2025/9/13,23:00,430,,,248,
2025/9/13,23:15,430,,,214,
2025/9/13,23:30,430,,,182,
2025/9/13,23:45,430,,,187,
2025/9/14,00:00,430,,,182,
2025/9/14,00:15,430,,,,170
2025/9/14,00:30,430,,,,130
2025/9/14,00:45,430,,,,109
2025/9/14,01:00,430,,,,91
2025/9/14,01:15,430,,,,69
2025/9/14,01:30,430,,,,69
2025/9/14,01:45,430,,,,66
2025/9/14,02:00,430,,,,66
2025/9/14,02:15,430,,,,66
2025/9/14,02:30,430,,,,62
2025/9/14,02:45,430,,,,62
2025/9/14,03:00,430,,,,61
2025/9/14,03:15,430,,,,62
2025/9/14,03:30,430,,,,62
2025/9/14,03:45,430,,,,53
2025/9/14,04:00,430,,,,29
2025/9/14,04:15,430,,,,27
2025/9/14,04:30,430,,,,30
2025/9/14,04:45,430,,,,27
2025/9/14,05:00,430,,,,29
2025/9/14,05:15,430,,,,29
2025/9/14,05:30,430,,,,27
2025/9/14,05:45,430,,,,29
2025/9/14,06:00,430,,,,28
2025/9/14,06:15,430,,,,27
2025/9/14,06:30,430,,,,29
2025/9/14,06:45,430,,,,30
2025/9/14,07:00,430,,,,31
2025/9/14,07:15,430,,,,29
2025/9/14,07:30,430,,,,29
2025/9/14,07:45,430,,,,29
2025/9/14,08:00,430,,,,33
2025/9/14,08:15,430,,,,35
2025/9/14,08:30,430,,,,58
2025/9/14,08:45,430,,,,62
2025/9/14,09:00,430,,,,66
2025/9/14,09:15,430,,,,68
2025/9/14,09:30,430,,,,73
2025/9/14,09:45,430,,,,87
2025/9/14,10:00,430,,,,90
2025/9/14,10:15,430,,,,80
2025/9/14,10:30,430,,,,77
2025/9/14,10:45,430,,,,85
2025/9/14,11:00,430,,,,89
2025/9/14,11:15,430,,,,126
2025/9/14,11:30,430,,,,150
2025/9/14,11:45,430,,,,222
2025/9/14,12:00,430,,,,296
2025/9/14,12:15,430,,,,300
2025/9/14,12:30,430,,,,305
2025/9/14,12:45,430,,,,291
2025/9/14,13:00,430,,,,264
2025/9/14,13:15,430,,,,293
2025/9/14,13:30,430,,,,294
2025/9/14,13:45,430,,,,305
2025/9/14,14:00,430,,,,279
2025/9/14,14:15,430,,,,277
2025/9/14,14:30,430,,,,279
2025/9/14,14:45,430,,,,290
2025/9/14,15:00,430,,,,282
2025/9/14,15:15,430,,,,266
2025/9/14,15:30,430,,,,288
2025/9/14,15:45,430,,,,296
2025/9/14,16:00,430,,,,287
2025/9/14,16:15,430,,,,228
2025/9/14,16:30,430,,,,163
2025/9/14,16:45,430,,,,148
2025/9/14,17:00,430,,,,121
2025/9/14,17:15,430,,,,100
2025/9/14,17:30,430,,,,85
2025/9/14,17:45,430,,,,75
2025/9/14,18:00,430,,,,63
2025/9/14,18:15,430,,,,62
2025/9/14,18:30,430,,,,61
2025/9/14,18:45,430,,,,62
2025/9/14,19:00,430,,,,64
2025/9/14,19:15,430,,,,59
2025/9/14,19:30,430,,,,61
2025/9/14,19:45,430,,,,59
2025/9/14,20:00,430,,,,61
2025/9/14,20:15,430,,,,61
2025/9/14,20:30,430,,,,58
2025/9/14,20:45,430,,,,58
2025/9/14,21:00,430,,,,53
2025/9/14,21:15,430,,,,27
2025/9/14,21:30,430,,,,29
2025/9/14,21:45,430,,,,26
2025/9/14,22:00,430,,,,27
2025/9/14,22:15,430,,,,27
2025/9/14,22:30,430,,,,26
2025/9/14,22:45,430,,,,26
2025/9/14,23:00,430,,,,26
2025/9/14,23:15,430,,,,27
2025/9/14,23:30,430,,,,26
2025/9/14,23:45,430,,,,24
2025/9/15,00:00,430,,,,27
2025/9/15,00:15,430,,,,24
2025/9/15,00:30,430,,,,26
2025/9/15,00:45,430,,,,27
2025/9/15,01:00,430,,,,26
2025/9/15,01:15,430,,,,24
2025/9/15,01:30,430,,,,26
2025/9/15,01:45,430,,,,24
2025/9/15,02:00,430,,,,26
2025/9/15,02:15,430,,,,27
2025/9/15,02:30,430,,,,24
2025/9/15,02:45,430,,,,26
2025/9/15,03:00,430,,,,26
2025/9/15,03:15,430,,,,26
2025/9/15,03:30,430,,,,26
2025/9/15,03:45,430,,,,26
2025/9/15,04:00,430,,,,26
2025/9/15,04:15,430,,,,30
2025/9/15,04:30,430,,,,29
2025/9/15,04:45,430,,,,29
2025/9/15,05:00,430,,,,27
2025/9/15,05:15,430,,,,27
2025/9/15,05:30,430,,,,30
2025/9/15,05:45,430,,,,29
2025/9/15,06:00,430,,,,28
2025/9/15,06:15,430,,,,33
2025/9/15,06:30,430,,,,33
2025/9/15,06:45,430,,,,31
2025/9/15,07:00,430,,,,33
2025/9/15,07:15,430,,,,32
2025/9/15,07:30,430,,,,33
2025/9/15,07:45,430,,,,37
2025/9/15,08:00,430,,,,47
2025/9/15,08:15,430,,,,77
2025/9/15,08:30,430,,,,70
2025/9/15,08:45,430,,,,143
2025/9/15,09:00,430,,,,157
2025/9/15,09:15,430,,226,,
2025/9/15,09:30,430,,313,,
2025/9/15,09:45,430,,362,,
2025/9/15,10:00,430,,355,,
2025/9/15,10:15,430,,363,,
2025/9/15,10:30,430,,429,,
2025/9/15,10:45,430,,469,,
2025/9/15,11:00,430,,468,,
2025/9/15,11:15,430,,434,,
2025/9/15,11:30,430,,402,,
2025/9/15,11:45,430,,395,,
2025/9/15,12:00,430,,389,,
2025/9/15,12:15,430,,332,,
2025/9/15,12:30,430,,299,,
2025/9/15,12:45,430,,286,,
2025/9/15,13:00,430,,274,,
2025/9/15,13:15,430,,375,,
2025/9/15,13:30,430,,381,,
2025/9/15,13:45,430,,399,,
2025/9/15,14:00,430,,423,,
2025/9/15,14:15,430,,398,,
2025/9/15,14:30,430,,391,,
2025/9/15,14:45,430,,375,,
2025/9/15,15:00,430,,411,,
2025/9/15,15:15,430,,401,,
2025/9/15,15:30,430,,390,,
2025/9/15,15:45,430,,389,,
2025/9/15,16:00,430,,374,,
2025/9/15,16:15,430,362,,,
2025/9/15,16:30,430,355,,,
2025/9/15,16:45,430,349,,,
2025/9/15,17:00,430,306,,,
2025/9/15,17:15,430,276,,,
2025/9/15,17:30,430,249,,,
2025/9/15,17:45,430,261,,,
2025/9/15,18:00,430,304,,,
2025/9/15,18:15,430,333,,,
2025/9/15,18:30,430,342,,,
2025/9/15,18:45,430,344,,,
2025/9/15,19:00,430,342,,,
2025/9/15,19:15,430,346,,,
2025/9/15,19:30,430,330,,,
2025/9/15,19:45,430,288,,,
2025/9/15,20:00,430,258,,,
2025/9/15,20:15,430,243,,,
2025/9/15,20:30,430,254,,,
2025/9/15,20:45,430,288,,,
2025/9/15,21:00,430,320,,,
2025/9/15,21:15,430,312,,,
2025/9/15,21:30,430,310,,,
2025/9/15,21:45,430,312,,,
2025/9/15,22:00,430,309,,,
2025/9/15,22:15,430,,299,,
2025/9/15,22:30,430,,245,,
2025/9/15,22:45,430,,214,,
2025/9/15,23:00,430,,195,,
2025/9/15,23:15,430,,195,,
2025/9/15,23:30,430,,181,,
2025/9/15,23:45,430,,200,,
2025/9/16,00:00,430,,243,,
2025/9/16,00:15,430,,,,203
2025/9/16,00:30,430,,,,134
2025/9/16,00:45,430,,,,101
2025/9/16,01:00,430,,,,77
2025/9/16,01:15,430,,,,69
2025/9/16,01:30,430,,,,69
2025/9/16,01:45,430,,,,62
2025/9/16,02:00,430,,,,62
2025/9/16,02:15,430,,,,59
2025/9/16,02:30,430,,,,61
2025/9/16,02:45,430,,,,64
2025/9/16,03:00,430,,,,59
2025/9/16,03:15,430,,,,62
2025/9/16,03:30,430,,,,61
2025/9/16,03:45,430,,,,59
2025/9/16,04:00,430,,,,62
2025/9/16,04:15,430,,,,61
2025/9/16,04:30,430,,,,61
2025/9/16,04:45,430,,,,62
2025/9/16,05:00,430,,,,61
2025/9/16,05:15,430,,,,62
2025/9/16,05:30,430,,,,62
2025/9/16,05:45,430,,,,59
2025/9/16,06:00,430,,,,31
2025/9/16,06:15,430,,,,34
2025/9/16,06:30,430,,,,34
2025/9/16,06:45,430,,,,35
2025/9/16,07:00,430,,,,34
2025/9/16,07:15,430,,,,34
2025/9/16,07:30,430,,,,33
2025/9/16,07:45,430,,,,40
2025/9/16,08:00,430,,,,53
2025/9/16,08:15,430,,,,90
2025/9/16,08:30,430,,,,94
2025/9/16,08:45,430,,,,132
2025/9/16,09:00,430,,,,150
2025/9/16,09:15,430,,215,,
2025/9/16,09:30,430,,345,,
2025/9/16,09:45,430,,381,,
2025/9/16,10:00,430,,373,,
2025/9/16,10:15,430,,367,,
2025/9/16,10:30,430,,381,,
2025/9/16,10:45,430,,391,,
2025/9/16,11:00,430,,401,,
2025/9/16,11:15,430,,388,,
2025/9/16,11:30,430,,395,,
2025/9/16,11:45,430,,380,,
2025/9/16,12:00,430,,383,,
2025/9/16,12:15,430,,338,,
2025/9/16,12:30,430,,309,,
2025/9/16,12:45,430,,288,,
2025/9/16,13:00,430,,283,,
2025/9/16,13:15,430,,352,,
2025/9/16,13:30,430,,368,,
2025/9/16,13:45,430,,399,,
2025/9/16,14:00,430,,409,,
2025/9/16,14:15,430,,404,,
2025/9/16,14:30,430,,389,,
2025/9/16,14:45,430,,385,,
2025/9/16,15:00,430,,400,,
2025/9/16,15:15,430,,396,,
2025/9/16,15:30,430,,390,,
2025/9/16,15:45,430,,395,,
2025/9/16,16:00,430,,373,,
2025/9/16,16:15,430,360,,,
2025/9/16,16:30,430,377,,,
2025/9/16,16:45,430,376,,,
2025/9/16,17:00,430,387,,,
2025/9/16,17:15,430,351,,,
2025/9/16,17:30,430,294,,,
2025/9/16,17:45,430,286,,,
2025/9/16,18:00,430,328,,,
2025/9/16,18:15,430,352,,,
2025/9/16,18:30,430,357,,,
2025/9/16,18:45,430,354,,,
2025/9/16,19:00,430,354,,,
2025/9/16,19:15,430,363,,,
2025/9/16,19:30,430,347,,,
2025/9/16,19:45,430,312,,,
2025/9/16,20:00,430,290,,,
2025/9/16,20:15,430,269,,,
2025/9/16,20:30,430,258,,,
2025/9/16,20:45,430,291,,,
2025/9/16,21:00,430,307,,,
2025/9/16,21:15,430,314,,,
2025/9/16,21:30,430,331,,,
2025/9/16,21:45,430,325,,,
2025/9/16,22:00,430,325,,,
2025/9/16,22:15,430,,298,,
2025/9/16,22:30,430,,315,,
2025/9/16,22:45,430,,325,,
2025/9/16,23:00,430,,301,,
2025/9/16,23:15,430,,229,,
2025/9/16,23:30,430,,182,,
2025/9/16,23:45,430,,206,,
2025/9/17,00:00,430,,254,,
2025/9/17,00:15,430,,,,227
2025/9/17,00:30,430,,,,158
2025/9/17,00:45,430,,,,117
2025/9/17,01:00,430,,,,93
2025/9/17,01:15,430,,,,83
2025/9/17,01:30,430,,,,78
2025/9/17,01:45,430,,,,64
2025/9/17,02:00,430,,,,62
2025/9/17,02:15,430,,,,64
2025/9/17,02:30,430,,,,62
2025/9/17,02:45,430,,,,64
2025/9/17,03:00,430,,,,64
2025/9/17,03:15,430,,,,61
2025/9/17,03:30,430,,,,62
2025/9/17,03:45,430,,,,62
2025/9/17,04:00,430,,,,59
2025/9/17,04:15,430,,,,58
2025/9/17,04:30,430,,,,54
2025/9/17,04:45,430,,,,58
2025/9/17,05:00,430,,,,54
2025/9/17,05:15,430,,,,54
2025/9/17,05:30,430,,,,56
2025/9/17,05:45,430,,,,48
2025/9/17,06:00,430,,,,33
2025/9/17,06:15,430,,,,34
2025/9/17,06:30,430,,,,36
2025/9/17,06:45,430,,,,36
2025/9/17,07:00,430,,,,31
2025/9/17,07:15,430,,,,34
2025/9/17,07:30,430,,,,34
2025/9/17,07:45,430,,,,38
2025/9/17,08:00,430,,,,46
2025/9/17,08:15,430,,,,73
2025/9/17,08:30,430,,,,109
2025/9/17,08:45,430,,,,128
2025/9/17,09:00,430,,,,158
2025/9/17,09:15,430,,221,,
2025/9/17,09:30,430,,323,,
2025/9/17,09:45,430,,406,,
2025/9/17,10:00,430,,406,,
2025/9/17,10:15,430,,393,,
2025/9/17,10:30,430,,382,,
2025/9/17,10:45,430,,405,,
2025/9/17,11:00,430,,411,,
2025/9/17,11:15,430,,380,,
2025/9/17,11:30,430,,366,,
2025/9/17,11:45,430,,394,,
2025/9/17,12:00,430,,392,,
2025/9/17,12:15,430,,331,,
2025/9/17,12:30,430,,308,,
2025/9/17,12:45,430,,274,,
2025/9/17,13:00,430,,290,,
2025/9/17,13:15,430,,358,,
2025/9/17,13:30,430,,378,,
2025/9/17,13:45,430,,381,,
2025/9/17,14:00,430,,402,,
2025/9/17,14:15,430,,384,,
2025/9/17,14:30,430,,386,,
2025/9/17,14:45,430,,367,,
2025/9/17,15:00,430,,377,,
2025/9/17,15:15,430,,385,,
2025/9/17,15:30,430,,383,,
2025/9/17,15:45,430,,393,,
2025/9/17,16:00,430,,387,,
2025/9/17,16:15,430,359,,,
2025/9/17,16:30,430,365,,,
2025/9/17,16:45,430,344,,,
2025/9/17,17:00,430,361,,,
2025/9/17,17:15,430,321,,,
2025/9/17,17:30,430,307,,,
2025/9/17,17:45,430,288,,,
2025/9/17,18:00,430,302,,,
2025/9/17,18:15,430,301,,,
2025/9/17,18:30,430,296,,,
2025/9/17,18:45,430,330,,,
2025/9/17,19:00,430,358,,,
2025/9/17,19:15,430,362,,,
2025/9/17,19:30,430,342,,,
2025/9/17,19:45,430,325,,,
2025/9/17,20:00,430,317,,,
2025/9/17,20:15,430,288,,,
2025/9/17,20:30,430,254,,,
2025/9/17,20:45,430,278,,,
2025/9/17,21:00,430,314,,,
2025/9/17,21:15,430,314,,,
2025/9/17,21:30,430,315,,,
2025/9/17,21:45,430,293,,,
2025/9/17,22:00,430,282,,,
2025/9/17,22:15,430,,309,,
2025/9/17,22:30,430,,315,,
2025/9/17,22:45,430,,318,,
2025/9/17,23:00,430,,282,,
2025/9/17,23:15,430,,210,,
2025/9/17,23:30,430,,176,,
2025/9/17,23:45,430,,198,,
2025/9/18,00:00,430,,230,,
2025/9/18,00:15,430,,,,211
2025/9/18,00:30,430,,,,150
2025/9/18,00:45,430,,,,115
2025/9/18,01:00,430,,,,91
2025/9/18,01:15,430,,,,70
2025/9/18,01:30,430,,,,69
2025/9/18,01:45,430,,,,62
2025/9/18,02:00,430,,,,64
2025/9/18,02:15,430,,,,62
2025/9/18,02:30,430,,,,62
2025/9/18,02:45,430,,,,62
2025/9/18,03:00,430,,,,61
2025/9/18,03:15,430,,,,62
2025/9/18,03:30,430,,,,59
2025/9/18,03:45,430,,,,58
2025/9/18,04:00,430,,,,59
2025/9/18,04:15,430,,,,34
2025/9/18,04:30,430,,,,29
2025/9/18,04:45,430,,,,29
2025/9/18,05:00,430,,,,30
2025/9/18,05:15,430,,,,29
2025/9/18,05:30,430,,,,30
2025/9/18,05:45,430,,,,30
2025/9/18,06:00,430,,,,36
2025/9/18,06:15,430,,,,37
2025/9/18,06:30,430,,,,38
2025/9/18,06:45,430,,,,58
2025/9/18,07:00,430,,,,55
2025/9/18,07:15,430,,,,54
2025/9/18,07:30,430,,,,57
2025/9/18,07:45,430,,,,60
2025/9/18,08:00,430,,,,64
2025/9/18,08:15,430,,,,52
2025/9/18,08:30,430,,,,53
2025/9/18,08:45,430,,,,124
2025/9/18,09:00,430,,,,166
2025/9/18,09:15,430,,238,,
2025/9/18,09:30,430,,340,,
2025/9/18,09:45,430,,408,,
2025/9/18,10:00,430,,398,,
2025/9/18,10:15,430,,383,,
2025/9/18,10:30,430,,389,,
2025/9/18,10:45,430,,413,,
2025/9/18,11:00,430,,416,,
2025/9/18,11:15,430,,389,,
2025/9/18,11:30,430,,385,,
2025/9/18,11:45,430,,393,,
2025/9/18,12:00,430,,380,,
2025/9/18,12:15,430,,324,,
2025/9/18,12:30,430,,322,,
2025/9/18,12:45,430,,286,,
2025/9/18,13:00,430,,295,,
2025/9/18,13:15,430,,357,,
2025/9/18,13:30,430,,380,,
2025/9/18,13:45,430,,399,,
2025/9/18,14:00,430,,397,,
2025/9/18,14:15,430,,402,,
2025/9/18,14:30,430,,375,,
2025/9/18,14:45,430,,385,,
2025/9/18,15:00,430,,392,,
2025/9/18,15:15,430,,398,,
2025/9/18,15:30,430,,389,,
2025/9/18,15:45,430,,404,,
2025/9/18,16:00,430,,384,,
2025/9/18,16:15,430,371,,,
2025/9/18,16:30,430,378,,,
2025/9/18,16:45,430,368,,,
2025/9/18,17:00,430,370,,,
2025/9/18,17:15,430,296,,,
2025/9/18,17:30,430,241,,,
2025/9/18,17:45,430,271,,,
2025/9/18,18:00,430,301,,,
2025/9/18,18:15,430,334,,,
2025/9/18,18:30,430,330,,,
2025/9/18,18:45,430,334,,,
2025/9/18,19:00,430,328,,,
2025/9/18,19:15,430,334,,,
2025/9/18,19:30,430,334,,,
2025/9/18,19:45,430,298,,,
2025/9/18,20:00,430,267,,,
2025/9/18,20:15,430,230,,,
2025/9/18,20:30,430,219,,,
2025/9/18,20:45,430,274,,,
2025/9/18,21:00,430,317,,,
2025/9/18,21:15,430,301,,,
2025/9/18,21:30,430,283,,,
2025/9/18,21:45,430,304,,,
2025/9/18,22:00,430,320,,,
2025/9/18,22:15,430,,330,,
2025/9/18,22:30,430,,301,,
2025/9/18,22:45,430,,296,,
2025/9/18,23:00,430,,293,,
2025/9/18,23:15,430,,230,,
2025/9/18,23:30,430,,176,,
2025/9/18,23:45,430,,205,,
2025/9/19,00:00,430,,250,,
2025/9/19,00:15,430,,,,210
2025/9/19,00:30,430,,,,139
2025/9/19,00:45,430,,,,109
2025/9/19,01:00,430,,,,107
2025/9/19,01:15,430,,,,86
2025/9/19,01:30,430,,,,80
2025/9/19,01:45,430,,,,77
2025/9/19,02:00,430,,,,66
2025/9/19,02:15,430,,,,64
2025/9/19,02:30,430,,,,62
2025/9/19,02:45,430,,,,62
2025/9/19,03:00,430,,,,61
2025/9/19,03:15,430,,,,61
2025/9/19,03:30,430,,,,59
2025/9/19,03:45,430,,,,58
2025/9/19,04:00,430,,,,59
2025/9/19,04:15,430,,,,35
2025/9/19,04:30,430,,,,30
2025/9/19,04:45,430,,,,30
2025/9/19,05:00,430,,,,29
2025/9/19,05:15,430,,,,32
2025/9/19,05:30,430,,,,32
2025/9/19,05:45,430,,,,32
2025/9/19,06:00,430,,,,33
2025/9/19,06:15,430,,,,34
2025/9/19,06:30,430,,,,38
2025/9/19,06:45,430,,,,38
2025/9/19,07:00,430,,,,35
2025/9/19,07:15,430,,,,35
2025/9/19,07:30,430,,,,36
2025/9/19,07:45,430,,,,47
2025/9/19,08:00,430,,,,69
2025/9/19,08:15,430,,,,97
2025/9/19,08:30,430,,,,87
2025/9/19,08:45,430,,,,115
2025/9/19,09:00,430,,,,143
2025/9/19,09:15,430,,212,,
2025/9/19,09:30,430,,326,,
2025/9/19,09:45,430,,411,,
2025/9/19,10:00,430,,395,,
2025/9/19,10:15,430,,390,,
2025/9/19,10:30,430,,396,,
2025/9/19,10:45,430,,395,,
2025/9/19,11:00,430,,412,,
2025/9/19,11:15,430,,383,,
2025/9/19,11:30,430,,377,,
2025/9/19,11:45,430,,390,,
2025/9/19,12:00,430,,392,,
2025/9/19,12:15,430,,328,,
2025/9/19,12:30,430,,301,,
2025/9/19,12:45,430,,275,,
2025/9/19,13:00,430,,275,,
2025/9/19,13:15,430,,345,,
2025/9/19,13:30,430,,356,,
2025/9/19,13:45,430,,384,,
2025/9/19,14:00,430,,391,,
2025/9/19,14:15,430,,400,,
2025/9/19,14:30,430,,382,,
2025/9/19,14:45,430,,374,,
2025/9/19,15:00,430,,354,,
2025/9/19,15:15,430,,385,,
2025/9/19,15:30,430,,365,,
2025/9/19,15:45,430,,351,,
2025/9/19,16:00,430,,377,,
2025/9/19,16:15,430,381,,,
2025/9/19,16:30,430,386,,,
2025/9/19,16:45,430,357,,,
2025/9/19,17:00,430,353,,,
2025/9/19,17:15,430,317,,,
2025/9/19,17:30,430,283,,,
2025/9/19,17:45,430,257,,,
2025/9/19,18:00,430,299,,,
2025/9/19,18:15,430,334,,,
2025/9/19,18:30,430,349,,,
2025/9/19,18:45,430,349,,,
2025/9/19,19:00,430,344,,,
2025/9/19,19:15,430,334,,,
2025/9/19,19:30,430,328,,,
2025/9/19,19:45,430,317,,,
2025/9/19,20:00,430,277,,,
2025/9/19,20:15,430,259,,,
2025/9/19,20:30,430,234,,,
2025/9/19,20:45,430,262,,,
2025/9/19,21:00,430,315,,,
2025/9/19,21:15,430,341,,,
2025/9/19,21:30,430,320,,,
2025/9/19,21:45,430,310,,,
2025/9/19,22:00,430,310,,,
2025/9/19,22:15,430,,315,,
2025/9/19,22:30,430,,317,,
2025/9/19,22:45,430,,299,,
2025/9/19,23:00,430,,286,,
2025/9/19,23:15,430,,226,,
2025/9/19,23:30,430,,194,,
2025/9/19,23:45,430,,208,,
2025/9/20,00:00,430,,254,,
2025/9/20,00:15,430,,,,242
2025/9/20,00:30,430,,,,173
2025/9/20,00:45,430,,,,122
2025/9/20,01:00,430,,,,83
2025/9/20,01:15,430,,,,80
2025/9/20,01:30,430,,,,77
2025/9/20,01:45,430,,,,75
2025/9/20,02:00,430,,,,61
2025/9/20,02:15,430,,,,59
2025/9/20,02:30,430,,,,61
2025/9/20,02:45,430,,,,58
2025/9/20,03:00,430,,,,61
2025/9/20,03:15,430,,,,58
2025/9/20,03:30,430,,,,59
2025/9/20,03:45,430,,,,59
2025/9/20,04:00,430,,,,59
2025/9/20,04:15,430,,,,54
2025/9/20,04:30,430,,,,29
2025/9/20,04:45,430,,,,29
2025/9/20,05:00,430,,,,27
2025/9/20,05:15,430,,,,29
2025/9/20,05:30,430,,,,29
2025/9/20,05:45,430,,,,29
2025/9/20,06:00,430,,,,31
2025/9/20,06:15,430,,,,32
2025/9/20,06:30,430,,,,28
2025/9/20,06:45,430,,,,31
2025/9/20,07:00,430,,,,32
2025/9/20,07:15,430,,,,34
2025/9/20,07:30,430,,,,37
2025/9/20,07:45,430,,,,40
2025/9/20,08:00,430,,,,44
2025/9/20,08:15,430,,,,52
2025/9/20,08:30,430,,,,103
2025/9/20,08:45,430,,,,120
2025/9/20,09:00,430,,,165,
2025/9/20,09:15,430,,,291,
2025/9/20,09:30,430,,,370,
2025/9/20,09:45,430,,,401,
2025/9/20,10:00,430,,,388,
2025/9/20,10:15,430,,,364,
2025/9/20,10:30,430,,,373,
2025/9/20,10:45,430,,,383,
2025/9/20,11:00,430,,,367,
2025/9/20,11:15,430,,,358,
2025/9/20,11:30,430,,,385,
2025/9/20,11:45,430,,,385,
2025/9/20,12:00,430,,,367,
2025/9/20,12:15,430,,,306,
2025/9/20,12:30,430,,,299,
2025/9/20,12:45,430,,,291,
2025/9/20,13:00,430,,,278,
2025/9/20,13:15,430,,,339,
2025/9/20,13:30,430,,,363,
2025/9/20,13:45,430,,,367,
2025/9/20,14:00,430,,,363,
2025/9/20,14:15,430,,,358,
2025/9/20,14:30,430,,,358,
2025/9/20,14:45,430,,,377,
2025/9/20,15:00,430,,,381,
2025/9/20,15:15,430,,,383,
2025/9/20,15:30,430,,,354,
2025/9/20,15:45,430,,,360,
2025/9/20,16:00,430,,,378,
2025/9/20,16:15,430,,,359,
2025/9/20,16:30,430,,,357,
2025/9/20,16:45,430,,,360,
2025/9/20,17:00,430,,,351,
2025/9/20,17:15,430,,,325,
2025/9/20,17:30,430,,,271,
2025/9/20,17:45,430,,,249,
2025/9/20,18:00,430,,,290,
2025/9/20,18:15,430,,,325,
2025/9/20,18:30,430,,,336,
2025/9/20,18:45,430,,,339,
2025/9/20,19:00,430,,,336,
2025/9/20,19:15,430,,,326,
2025/9/20,19:30,430,,,302,
2025/9/20,19:45,430,,,296,
2025/9/20,20:00,430,,,282,
2025/9/20,20:15,430,,,245,
2025/9/20,20:30,430,,,245,
2025/9/20,20:45,430,,,278,
2025/9/20,21:00,430,,,322,
2025/9/20,21:15,430,,,336,
2025/9/20,21:30,430,,,341,
2025/9/20,21:45,430,,,325,
2025/9/20,22:00,430,,,304,
2025/9/20,22:15,430,,,283,
2025/9/20,22:30,430,,,278,
2025/9/20,22:45,430,,,270,
2025/9/20,23:00,430,,,237,
2025/9/20,23:15,430,,,216,
2025/9/20,23:30,430,,,179,
2025/9/20,23:45,430,,,186,
2025/9/21,00:00,430,,,203,
2025/9/21,00:15,430,,,,211
2025/9/21,00:30,430,,,,160
2025/9/21,00:45,430,,,,136
2025/9/21,01:00,430,,,,115
2025/9/21,01:15,430,,,,88
2025/9/21,01:30,430,,,,82
2025/9/21,01:45,430,,,,75
2025/9/21,02:00,430,,,,77
2025/9/21,02:15,430,,,,75
2025/9/21,02:30,430,,,,62
2025/9/21,02:45,430,,,,61
2025/9/21,03:00,430,,,,61
2025/9/21,03:15,430,,,,61
2025/9/21,03:30,430,,,,58
2025/9/21,03:45,430,,,,58
2025/9/21,04:00,430,,,,45
2025/9/21,04:15,430,,,,29
2025/9/21,04:30,430,,,,30
2025/9/21,04:45,430,,,,29
2025/9/21,05:00,430,,,,29
2025/9/21,05:15,430,,,,29
2025/9/21,05:30,430,,,,29
2025/9/21,05:45,430,,,,30
2025/9/21,06:00,430,,,,28
2025/9/21,06:15,430,,,,30
2025/9/21,06:30,430,,,,31
2025/9/21,06:45,430,,,,29
2025/9/21,07:00,430,,,,31
2025/9/21,07:15,430,,,,29
2025/9/21,07:30,430,,,,32
2025/9/21,07:45,430,,,,30
2025/9/21,08:00,430,,,,34
2025/9/21,08:15,430,,,,36
2025/9/21,08:30,430,,,,36
2025/9/21,08:45,430,,,,57
2025/9/21,09:00,430,,,,83
2025/9/21,09:15,430,,,,83
2025/9/21,09:30,430,,,,90
2025/9/21,09:45,430,,,,91
2025/9/21,10:00,430,,,,88
2025/9/21,10:15,430,,,,87
2025/9/21,10:30,430,,,,83
2025/9/21,10:45,430,,,,92
2025/9/21,11:00,430,,,,107
2025/9/21,11:15,430,,,,133
2025/9/21,11:30,430,,,,163
2025/9/21,11:45,430,,,,261
2025/9/21,12:00,430,,,,300
2025/9/21,12:15,430,,,,282
2025/9/21,12:30,430,,,,269
2025/9/21,12:45,430,,,,280
2025/9/21,13:00,430,,,,288
2025/9/21,13:15,430,,,,289
2025/9/21,13:30,430,,,,280
2025/9/21,13:45,430,,,,309
2025/9/21,14:00,430,,,,307
2025/9/21,14:15,430,,,,298
2025/9/21,14:30,430,,,,292
2025/9/21,14:45,430,,,,312
2025/9/21,15:00,430,,,,316
2025/9/21,15:15,430,,,,312
2025/9/21,15:30,430,,,,276
2025/9/21,15:45,430,,,,202
2025/9/21,16:00,430,,,,166
2025/9/21,16:15,430,,,,155
2025/9/21,16:30,430,,,,135
2025/9/21,16:45,430,,,,141
2025/9/21,17:00,430,,,,138
2025/9/21,17:15,430,,,,99
2025/9/21,17:30,430,,,,73
2025/9/21,17:45,430,,,,53
2025/9/21,18:00,430,,,,54
2025/9/21,18:15,430,,,,53
2025/9/21,18:30,430,,,,56
2025/9/21,18:45,430,,,,56
2025/9/21,19:00,430,,,,53
2025/9/21,19:15,430,,,,54
2025/9/21,19:30,430,,,,56
2025/9/21,19:45,430,,,,56
2025/9/21,20:00,430,,,,59
2025/9/21,20:15,430,,,,54
2025/9/21,20:30,430,,,,56
2025/9/21,20:45,430,,,,51
2025/9/21,21:00,430,,,,45
2025/9/21,21:15,430,,,,26
2025/9/21,21:30,430,,,,24
2025/9/21,21:45,430,,,,26
2025/9/21,22:00,430,,,,26
2025/9/21,22:15,430,,,,24
2025/9/21,22:30,430,,,,27
2025/9/21,22:45,430,,,,22
2025/9/21,23:00,430,,,,26
2025/9/21,23:15,430,,,,26
2025/9/21,23:30,430,,,,26
2025/9/21,23:45,430,,,,24
2025/9/22,00:00,430,,,,24
2025/9/22,00:15,430,,,,26
2025/9/22,00:30,430,,,,26
2025/9/22,00:45,430,,,,26
2025/9/22,01:00,430,,,,24
2025/9/22,01:15,430,,,,26
2025/9/22,01:30,430,,,,24
2025/9/22,01:45,430,,,,26
2025/9/22,02:00,430,,,,24
2025/9/22,02:15,430,,,,26
2025/9/22,02:30,430,,,,26
2025/9/22,02:45,430,,,,24
2025/9/22,03:00,430,,,,26
2025/9/22,03:15,430,,,,24
2025/9/22,03:30,430,,,,26
2025/9/22,03:45,430,,,,26
2025/9/22,04:00,430,,,,26
2025/9/22,04:15,430,,,,30
2025/9/22,04:30,430,,,,30
2025/9/22,04:45,430,,,,30
2025/9/22,05:00,430,,,,30
2025/9/22,05:15,430,,,,30
2025/9/22,05:30,430,,,,30
2025/9/22,05:45,430,,,,30
2025/9/22,06:00,430,,,,34
2025/9/22,06:15,430,,,,37
2025/9/22,06:30,430,,,,40
2025/9/22,06:45,430,,,,35
2025/9/22,07:00,430,,,,35
2025/9/22,07:15,430,,,,36
2025/9/22,07:30,430,,,,38
2025/9/22,07:45,430,,,,39
2025/9/22,08:00,430,,,,49
2025/9/22,08:15,430,,,,52
2025/9/22,08:30,430,,,,71
2025/9/22,08:45,430,,,,128
2025/9/22,09:00,430,,,,163
2025/9/22,09:15,430,,240,,
2025/9/22,09:30,430,,296,,
2025/9/22,09:45,430,,357,,
2025/9/22,10:00,430,,400,,
2025/9/22,10:15,430,,388,,
2025/9/22,10:30,430,,386,,
2025/9/22,10:45,430,,383,,
2025/9/22,11:00,430,,387,,
2025/9/22,11:15,430,,404,,
2025/9/22,11:30,430,,399,,
2025/9/22,11:45,430,,394,,
2025/9/22,12:00,430,,380,,
2025/9/22,12:15,430,,318,,
2025/9/22,12:30,430,,296,,
2025/9/22,12:45,430,,268,,
2025/9/22,13:00,430,,229,,
2025/9/22,13:15,430,,285,,
2025/9/22,13:30,430,,317,,
2025/9/22,13:45,430,,362,,
2025/9/22,14:00,430,,375,,
2025/9/22,14:15,430,,369,,
2025/9/22,14:30,430,,393,,
2025/9/22,14:45,430,,382,,
2025/9/22,15:00,430,,373,,
2025/9/22,15:15,430,,364,,
2025/9/22,15:30,430,,347,,
2025/9/22,15:45,430,,341,,
2025/9/22,16:00,430,,319,,
2025/9/22,16:15,430,304,,,
2025/9/22,16:30,430,300,,,
2025/9/22,16:45,430,287,,,
2025/9/22,17:00,430,326,,,
2025/9/22,17:15,430,306,,,
2025/9/22,17:30,430,265,,,
2025/9/22,17:45,430,276,,,
2025/9/22,18:00,430,319,,,
2025/9/22,18:15,430,326,,,
2025/9/22,18:30,430,326,,,
2025/9/22,18:45,430,331,,,
2025/9/22,19:00,430,349,,,
2025/9/22,19:15,430,323,,,
2025/9/22,19:30,430,328,,,
2025/9/22,19:45,430,312,,,
2025/9/22,20:00,430,291,,,
2025/9/22,20:15,430,245,,,
2025/9/22,20:30,430,208,,,
2025/9/22,20:45,430,262,,,
2025/9/22,21:00,430,320,,,
2025/9/22,21:15,430,317,,,
2025/9/22,21:30,430,291,,,
2025/9/22,21:45,430,304,,,
2025/9/22,22:00,430,302,,,
2025/9/22,22:15,430,,282,,
2025/9/22,22:30,430,,230,,
2025/9/22,22:45,430,,163,,
2025/9/22,23:00,430,,144,,
2025/9/22,23:15,430,,142,,
2025/9/22,23:30,430,,136,,
2025/9/22,23:45,430,,186,,
2025/9/23,00:00,430,,206,,
2025/9/23,00:15,430,,,,173
2025/9/23,00:30,430,,,,120
2025/9/23,00:45,430,,,,109
2025/9/23,01:00,430,,,,78
2025/9/23,01:15,430,,,,72
2025/9/23,01:30,430,,,,69
2025/9/23,01:45,430,,,,67
2025/9/23,02:00,430,,,,67
2025/9/23,02:15,430,,,,66
2025/9/23,02:30,430,,,,64
2025/9/23,02:45,430,,,,62
2025/9/23,03:00,430,,,,64
2025/9/23,03:15,430,,,,61
2025/9/23,03:30,430,,,,61
2025/9/23,03:45,430,,,,61
2025/9/23,04:00,430,,,,50
2025/9/23,04:15,430,,,,29
2025/9/23,04:30,430,,,,29
2025/9/23,04:45,430,,,,30
2025/9/23,05:00,430,,,,29
2025/9/23,05:15,430,,,,30
2025/9/23,05:30,430,,,,32
2025/9/23,05:45,430,,,,30
2025/9/23,06:00,430,,,,32
2025/9/23,06:15,430,,,,32
2025/9/23,06:30,430,,,,34
2025/9/23,06:45,430,,,,36
2025/9/23,07:00,430,,,,36
2025/9/23,07:15,430,,,,33
2025/9/23,07:30,430,,,,37
2025/9/23,07:45,430,,,,41
2025/9/23,08:00,430,,,,44
2025/9/23,08:15,430,,,,51
2025/9/23,08:30,430,,,,87
2025/9/23,08:45,430,,,,118
2025/9/23,09:00,430,,,,145
2025/9/23,09:15,430,,185,,
2025/9/23,09:30,430,,286,,
2025/9/23,09:45,430,,396,,
2025/9/23,10:00,430,,401,,
2025/9/23,10:15,430,,388,,
2025/9/23,10:30,430,,376,,
2025/9/23,10:45,430,,391,,
2025/9/23,11:00,430,,389,,
2025/9/23,11:15,430,,382,,
2025/9/23,11:30,430,,378,,
2025/9/23,11:45,430,,373,,
2025/9/23,12:00,430,,361,,
2025/9/23,12:15,430,,292,,
2025/9/23,12:30,430,,278,,
2025/9/23,12:45,430,,272,,
2025/9/23,13:00,430,,249,,
2025/9/23,13:15,430,,327,,
2025/9/23,13:30,430,,341,,
2025/9/23,13:45,430,,339,,
2025/9/23,14:00,430,,360,,
2025/9/23,14:15,430,,374,,
2025/9/23,14:30,430,,367,,
2025/9/23,14:45,430,,365,,
2025/9/23,15:00,430,,353,,
2025/9/23,15:15,430,,351,,
2025/9/23,15:30,430,,354,,
2025/9/23,15:45,430,,363,,
2025/9/23,16:00,430,,383,,
2025/9/23,16:15,430,360,,,
2025/9/23,16:30,430,335,,,
2025/9/23,16:45,430,355,,,
2025/9/23,17:00,430,351,,,
2025/9/23,17:15,430,337,,,
2025/9/23,17:30,430,303,,,
2025/9/23,17:45,430,288,,,
2025/9/23,18:00,430,301,,,
2025/9/23,18:15,430,320,,,
2025/9/23,18:30,430,330,,,
2025/9/23,18:45,430,325,,,
2025/9/23,19:00,430,322,,,
2025/9/23,19:15,430,322,,,
2025/9/23,19:30,430,338,,,
2025/9/23,19:45,430,320,,,
2025/9/23,20:00,430,299,,,
2025/9/23,20:15,430,237,,,
2025/9/23,20:30,430,210,,,
2025/9/23,20:45,430,274,,,
2025/9/23,21:00,430,322,,,
2025/9/23,21:15,430,333,,,
2025/9/23,21:30,430,326,,,
2025/9/23,21:45,430,307,,,
2025/9/23,22:00,430,318,,,
2025/9/23,22:15,430,,306,,
2025/9/23,22:30,430,,298,,
2025/9/23,22:45,430,,301,,
2025/9/23,23:00,430,,277,,
2025/9/23,23:15,430,,198,,
2025/9/23,23:30,430,,165,,
2025/9/23,23:45,430,,203,,
2025/9/24,00:00,430,,248,,
2025/9/24,00:15,430,,,,216
2025/9/24,00:30,430,,,,130
2025/9/24,00:45,430,,,,96
2025/9/24,01:00,430,,,,88
2025/9/24,01:15,430,,,,85
2025/9/24,01:30,430,,,,82
2025/9/24,01:45,430,,,,77
2025/9/24,02:00,430,,,,74
2025/9/24,02:15,430,,,,74
2025/9/24,02:30,430,,,,66
2025/9/24,02:45,430,,,,69
2025/9/24,03:00,430,,,,66
2025/9/24,03:15,430,,,,66
2025/9/24,03:30,430,,,,64
2025/9/24,03:45,430,,,,64
2025/9/24,04:00,430,,,,43
2025/9/24,04:15,430,,,,30
2025/9/24,04:30,430,,,,34
2025/9/24,04:45,430,,,,30
2025/9/24,05:00,430,,,,34
2025/9/24,05:15,430,,,,32
2025/9/24,05:30,430,,,,34
2025/9/24,05:45,430,,,,35
2025/9/24,06:00,430,,,,33
2025/9/24,06:15,430,,,,37
2025/9/24,06:30,430,,,,37
2025/9/24,06:45,430,,,,37
2025/9/24,07:00,430,,,,37
2025/9/24,07:15,430,,,,35
2025/9/24,07:30,430,,,,41
2025/9/24,07:45,430,,,,41
2025/9/24,08:00,430,,,,56
2025/9/24,08:15,430,,,,54
2025/9/24,08:30,430,,,,52
2025/9/24,08:45,430,,,,114
2025/9/24,09:00,430,,,,149
2025/9/24,09:15,430,,205,,
2025/9/24,09:30,430,,337,,
2025/9/24,09:45,430,,379,,
2025/9/24,10:00,430,,383,,
2025/9/24,10:15,430,,378,,
2025/9/24,10:30,430,,386,,
2025/9/24,10:45,430,,392,,
2025/9/24,11:00,430,,404,,
2025/9/24,11:15,430,,390,,
2025/9/24,11:30,430,,379,,
2025/9/24,11:45,430,,361,,
2025/9/24,12:00,430,,375,,
2025/9/24,12:15,430,,313,,
2025/9/24,12:30,430,,274,,
2025/9/24,12:45,430,,292,,
2025/9/24,13:00,430,,269,,
2025/9/24,13:15,430,,339,,
2025/9/24,13:30,430,,357,,
2025/9/24,13:45,430,,378,,
2025/9/24,14:00,430,,402,,
2025/9/24,14:15,430,,388,,
2025/9/24,14:30,430,,397,,
2025/9/24,14:45,430,,382,,
2025/9/24,15:00,430,,387,,
2025/9/24,15:15,430,,378,,
2025/9/24,15:30,430,,380,,
2025/9/24,15:45,430,,389,,
2025/9/24,16:00,430,,385,,
2025/9/24,16:15,430,359,,,
2025/9/24,16:30,430,355,,,
2025/9/24,16:45,430,352,,,
2025/9/24,17:00,430,364,,,
2025/9/24,17:15,430,341,,,
2025/9/24,17:30,430,311,,,
2025/9/24,17:45,430,274,,,
2025/9/24,18:00,430,285,,,
2025/9/24,18:15,430,293,,,
2025/9/24,18:30,430,317,,,
2025/9/24,18:45,430,339,,,
2025/9/24,19:00,430,328,,,
2025/9/24,19:15,430,339,,,
2025/9/24,19:30,430,322,,,
2025/9/24,19:45,430,291,,,
2025/9/24,20:00,430,266,,,
2025/9/24,20:15,430,238,,,
2025/9/24,20:30,430,222,,,
2025/9/24,20:45,430,261,,,
2025/9/24,21:00,430,306,,,
2025/9/24,21:15,430,326,,,
2025/9/24,21:30,430,328,,,
2025/9/24,21:45,430,309,,,
2025/9/24,22:00,430,282,,,
2025/9/24,22:15,430,,290,,
2025/9/24,22:30,430,,293,,
2025/9/24,22:45,430,,288,,
2025/9/24,23:00,430,,248,,
2025/9/24,23:15,430,,176,,
2025/9/24,23:30,430,,144,,
2025/9/24,23:45,430,,218,,
2025/9/25,00:00,430,,246,,
2025/9/25,00:15,430,,,,168
2025/9/25,00:30,430,,,,115
2025/9/25,00:45,430,,,,104
2025/9/25,01:00,430,,,,101
2025/9/25,01:15,430,,,,99
2025/9/25,01:30,430,,,,80
2025/9/25,01:45,430,,,,58
2025/9/25,02:00,430,,,,54
2025/9/25,02:15,430,,,,53
2025/9/25,02:30,430,,,,53
2025/9/25,02:45,430,,,,51
2025/9/25,03:00,430,,,,53
2025/9/25,03:15,430,,,,51
2025/9/25,03:30,430,,,,51
2025/9/25,03:45,430,,,,53
2025/9/25,04:00,430,,,,51
2025/9/25,04:15,430,,,,53
2025/9/25,04:30,430,,,,50
2025/9/25,04:45,430,,,,51
2025/9/25,05:00,430,,,,51
2025/9/25,05:15,430,,,,50
2025/9/25,05:30,430,,,,32
2025/9/25,05:45,430,,,,32
2025/9/25,06:00,430,,,,32
2025/9/25,06:15,430,,,,35
2025/9/25,06:30,430,,,,34
2025/9/25,06:45,430,,,,31
2025/9/25,07:00,430,,,,32
2025/9/25,07:15,430,,,,39
2025/9/25,07:30,430,,,,46
2025/9/25,07:45,430,,,,41
2025/9/25,08:00,430,,,,46
2025/9/25,08:15,430,,,,54
2025/9/25,08:30,430,,,,90
2025/9/25,08:45,430,,,,136
2025/9/25,09:00,430,,,,153
2025/9/25,09:15,430,,225,,
2025/9/25,09:30,430,,344,,
2025/9/25,09:45,430,,392,,
2025/9/25,10:00,430,,398,,
2025/9/25,10:15,430,,382,,
2025/9/25,10:30,430,,371,,
2025/9/25,10:45,430,,407,,
2025/9/25,11:00,430,,421,,
2025/9/25,11:15,430,,406,,
2025/9/25,11:30,430,,390,,
2025/9/25,11:45,430,,383,,
2025/9/25,12:00,430,,394,,
2025/9/25,12:15,430,,348,,
2025/9/25,12:30,430,,335,,
2025/9/25,12:45,430,,329,,
2025/9/25,13:00,430,,315,,
2025/9/25,13:15,430,,364,,
2025/9/25,13:30,430,,353,,
2025/9/25,13:45,430,,383,,
2025/9/25,14:00,430,,418,,
2025/9/25,14:15,430,,412,,
2025/9/25,14:30,430,,408,,
2025/9/25,14:45,430,,406,,
2025/9/25,15:00,430,,415,,
2025/9/25,15:15,430,,421,,
2025/9/25,15:30,430,,405,,
2025/9/25,15:45,430,,396,,
2025/9/25,16:00,430,,411,,
2025/9/25,16:15,430,365,,,
2025/9/25,16:30,430,363,,,
2025/9/25,16:45,430,382,,,
2025/9/25,17:00,430,388,,,
2025/9/25,17:15,430,330,,,
2025/9/25,17:30,430,289,,,
2025/9/25,17:45,430,285,,,
2025/9/25,18:00,430,325,,,
2025/9/25,18:15,430,349,,,
2025/9/25,18:30,430,323,,,
2025/9/25,18:45,430,330,,,
2025/9/25,19:00,430,347,,,
2025/9/25,19:15,430,334,,,
2025/9/25,19:30,430,310,,,
2025/9/25,19:45,430,306,,,
2025/9/25,20:00,430,288,,,
2025/9/25,20:15,430,250,,,
2025/9/25,20:30,430,205,,,
2025/9/25,20:45,430,262,,,
2025/9/25,21:00,430,317,,,
2025/9/25,21:15,430,331,,,
2025/9/25,21:30,430,315,,,
2025/9/25,21:45,430,317,,,
2025/9/25,22:00,430,310,,,
2025/9/25,22:15,430,,314,,
2025/9/25,22:30,430,,307,,
2025/9/25,22:45,430,,312,,
2025/9/25,23:00,430,,294,,
2025/9/25,23:15,430,,202,,
2025/9/25,23:30,430,,176,,
2025/9/25,23:45,430,,213,,
2025/9/26,00:00,430,,250,,
2025/9/26,00:15,430,,,,232
2025/9/26,00:30,430,,,,152
2025/9/26,00:45,430,,,,128
2025/9/26,01:00,430,,,,123
2025/9/26,01:15,430,,,,104
2025/9/26,01:30,430,,,,91
2025/9/26,01:45,430,,,,91
2025/9/26,02:00,430,,,,82
2025/9/26,02:15,430,,,,77
2025/9/26,02:30,430,,,,75
2025/9/26,02:45,430,,,,74
2025/9/26,03:00,430,,,,74
2025/9/26,03:15,430,,,,74
2025/9/26,03:30,430,,,,74
2025/9/26,03:45,430,,,,72
2025/9/26,04:00,430,,,,69
2025/9/26,04:15,430,,,,29
2025/9/26,04:30,430,,,,30
2025/9/26,04:45,430,,,,29
2025/9/26,05:00,430,,,,30
2025/9/26,05:15,430,,,,29
2025/9/26,05:30,430,,,,30
2025/9/26,05:45,430,,,,29
2025/9/26,06:00,430,,,,32
2025/9/26,06:15,430,,,,34
2025/9/26,06:30,430,,,,35
2025/9/26,06:45,430,,,,33
2025/9/26,07:00,430,,,,34
2025/9/26,07:15,430,,,,34
2025/9/26,07:30,430,,,,35
2025/9/26,07:45,430,,,,39
2025/9/26,08:00,430,,,,46
2025/9/26,08:15,430,,,,51
2025/9/26,08:30,430,,,,52
2025/9/26,08:45,430,,,,96
2025/9/26,09:00,430,,,,157
2025/9/26,09:15,430,,226,,
2025/9/26,09:30,430,,325,,
2025/9/26,09:45,430,,374,,
2025/9/26,10:00,430,,389,,
2025/9/26,10:15,430,,383,,
2025/9/26,10:30,430,,366,,
2025/9/26,10:45,430,,377,,
2025/9/26,11:00,430,,386,,
2025/9/26,11:15,430,,386,,
2025/9/26,11:30,430,,361,,
2025/9/26,11:45,430,,349,,
2025/9/26,12:00,430,,356,,
2025/9/26,12:15,430,,318,,
2025/9/26,12:30,430,,290,,
2025/9/26,12:45,430,,287,,
2025/9/26,13:00,430,,293,,
2025/9/26,13:15,430,,326,,
2025/9/26,13:30,430,,340,,
2025/9/26,13:45,430,,355,,
2025/9/26,14:00,430,,377,,
2025/9/26,14:15,430,,372,,
2025/9/26,14:30,430,,372,,
2025/9/26,14:45,430,,355,,
2025/9/26,15:00,430,,352,,
2025/9/26,15:15,430,,368,,
2025/9/26,15:30,430,,367,,
2025/9/26,15:45,430,,330,,
2025/9/26,16:00,430,,327,,
2025/9/26,16:15,430,334,,,
2025/9/26,16:30,430,369,,,
2025/9/26,16:45,430,380,,,
2025/9/26,17:00,430,355,,,
2025/9/26,17:15,430,320,,,
2025/9/26,17:30,430,285,,,
2025/9/26,17:45,430,284,,,
2025/9/26,18:00,430,322,,,
2025/9/26,18:15,430,331,,,
2025/9/26,18:30,430,328,,,
2025/9/26,18:45,430,339,,,
2025/9/26,19:00,430,315,,,
2025/9/26,19:15,430,315,,,
2025/9/26,19:30,430,306,,,
2025/9/26,19:45,430,323,,,
2025/9/26,20:00,430,299,,,
2025/9/26,20:15,430,250,,,
2025/9/26,20:30,430,202,,,
2025/9/26,20:45,430,259,,,
2025/9/26,21:00,430,318,,,
2025/9/26,21:15,430,326,,,
2025/9/26,21:30,430,325,,,
2025/9/26,21:45,430,299,,,
2025/9/26,22:00,430,312,,,
2025/9/26,22:15,430,,314,,
2025/9/26,22:30,430,,315,,
2025/9/26,22:45,430,,294,,
2025/9/26,23:00,430,,274,,
2025/9/26,23:15,430,,203,,
2025/9/26,23:30,430,,166,,
2025/9/26,23:45,430,,200,,
2025/9/27,00:00,430,,248,,
2025/9/27,00:15,430,,,,222
2025/9/27,00:30,430,,,,138
2025/9/27,00:45,430,,,,110
2025/9/27,01:00,430,,,,98
2025/9/27,01:15,430,,,,83
2025/9/27,01:30,430,,,,58
2025/9/27,01:45,430,,,,56
2025/9/27,02:00,430,,,,54
2025/9/27,02:15,430,,,,54
2025/9/27,02:30,430,,,,53
2025/9/27,02:45,430,,,,54
2025/9/27,03:00,430,,,,53
2025/9/27,03:15,430,,,,53
2025/9/27,03:30,430,,,,51
2025/9/27,03:45,430,,,,53
2025/9/27,04:00,430,,,,34
2025/9/27,04:15,430,,,,29
2025/9/27,04:30,430,,,,29
2025/9/27,04:45,430,,,,29
2025/9/27,05:00,430,,,,30
2025/9/27,05:15,430,,,,29
2025/9/27,05:30,430,,,,30
2025/9/27,05:45,430,,,,29
2025/9/27,06:00,430,,,,30
2025/9/27,06:15,430,,,,29
2025/9/27,06:30,430,,,,30
2025/9/27,06:45,430,,,,29
2025/9/27,07:00,430,,,,29
2025/9/27,07:15,430,,,,31
2025/9/27,07:30,430,,,,35
2025/9/27,07:45,430,,,,39
2025/9/27,08:00,430,,,,42
2025/9/27,08:15,430,,,,98
2025/9/27,08:30,430,,,,120
2025/9/27,08:45,430,,,,134
2025/9/27,09:00,430,,,161,
2025/9/27,09:15,430,,,248,
2025/9/27,09:30,430,,,348,
2025/9/27,09:45,430,,,387,
2025/9/27,10:00,430,,,378,
2025/9/27,10:15,430,,,373,
2025/9/27,10:30,430,,,389,
2025/9/27,10:45,430,,,406,
2025/9/27,11:00,430,,,399,
2025/9/27,11:15,430,,,375,
2025/9/27,11:30,430,,,361,
2025/9/27,11:45,430,,,373,
2025/9/27,12:00,430,,,378,
2025/9/27,12:15,430,,,323,
2025/9/27,12:30,430,,,312,
2025/9/27,12:45,430,,,314,
2025/9/27,13:00,430,,,289,
2025/9/27,13:15,430,,,317,
2025/9/27,13:30,430,,,349,
2025/9/27,13:45,430,,,384,
2025/9/27,14:00,430,,,380,
2025/9/27,14:15,430,,,382,
2025/9/27,14:30,430,,,368,
2025/9/27,14:45,430,,,363,
2025/9/27,15:00,430,,,363,
2025/9/27,15:15,430,,,384,
2025/9/27,15:30,430,,,358,
2025/9/27,15:45,430,,,371,
2025/9/27,16:00,430,,,380,
2025/9/27,16:15,430,,,352,
2025/9/27,16:30,430,,,327,
2025/9/27,16:45,430,,,347,
2025/9/27,17:00,430,,,362,
2025/9/27,17:15,430,,,340,
2025/9/27,17:30,430,,,292,
2025/9/27,17:45,430,,,260,
2025/9/27,18:00,430,,,294,
2025/9/27,18:15,430,,,322,
2025/9/27,18:30,430,,,312,
2025/9/27,18:45,430,,,294,
2025/9/27,19:00,430,,,299,
2025/9/27,19:15,430,,,326,
2025/9/27,19:30,430,,,323,
2025/9/27,19:45,430,,,312,
2025/9/27,20:00,430,,,246,
2025/9/27,20:15,430,,,211,
2025/9/27,20:30,430,,,208,
2025/9/27,20:45,430,,,266,
2025/9/27,21:00,430,,,315,
2025/9/27,21:15,430,,,326,
2025/9/27,21:30,430,,,325,
2025/9/27,21:45,430,,,318,
2025/9/27,22:00,430,,,318,
2025/9/27,22:15,430,,,307,
2025/9/27,22:30,430,,,307,
2025/9/27,22:45,430,,,304,
2025/9/27,23:00,430,,,269,
2025/9/27,23:15,430,,,181,
2025/9/27,23:30,430,,,144,
2025/9/27,23:45,430,,,194,
2025/9/28,00:00,430,,,234,
2025/9/28,00:15,430,,,,197
2025/9/28,00:30,430,,,,128
2025/9/28,00:45,430,,,,109
2025/9/28,01:00,430,,,,104
2025/9/28,01:15,430,,,,109
2025/9/28,01:30,430,,,,74
2025/9/28,01:45,430,,,,67
2025/9/28,02:00,430,,,,67
2025/9/28,02:15,430,,,,61
2025/9/28,02:30,430,,,,59
2025/9/28,02:45,430,,,,61
2025/9/28,03:00,430,,,,61
2025/9/28,03:15,430,,,,58
2025/9/28,03:30,430,,,,59
2025/9/28,03:45,430,,,,54
2025/9/28,04:00,430,,,,53
2025/9/28,04:15,430,,,,53
2025/9/28,04:30,430,,,,56
2025/9/28,04:45,430,,,,54
2025/9/28,05:00,430,,,,53
2025/9/28,05:15,430,,,,46
2025/9/28,05:30,430,,,,43
2025/9/28,05:45,430,,,,45
2025/9/28,06:00,430,,,,44
2025/9/28,06:15,430,,,,45
2025/9/28,06:30,430,,,,44
2025/9/28,06:45,430,,,,45
2025/9/28,07:00,430,,,,46
2025/9/28,07:15,430,,,,46
2025/9/28,07:30,430,,,,47
2025/9/28,07:45,430,,,,46
2025/9/28,08:00,430,,,,51
2025/9/28,08:15,430,,,,55
2025/9/28,08:30,430,,,,55
2025/9/28,08:45,430,,,,58
2025/9/28,09:00,430,,,,56
2025/9/28,09:15,430,,,,56
2025/9/28,09:30,430,,,,59
2025/9/28,09:45,430,,,,62
2025/9/28,10:00,430,,,,58
2025/9/28,10:15,430,,,,60
2025/9/28,10:30,430,,,,59
2025/9/28,10:45,430,,,,59
2025/9/28,11:00,430,,,,79
2025/9/28,11:15,430,,,,119
2025/9/28,11:30,430,,,,138
2025/9/28,11:45,430,,,,201
2025/9/28,12:00,430,,,,270
2025/9/28,12:15,430,,,,310
2025/9/28,12:30,430,,,,306
2025/9/28,12:45,430,,,,291
2025/9/28,13:00,430,,,,286
2025/9/28,13:15,430,,,,295
2025/9/28,13:30,430,,,,300
2025/9/28,13:45,430,,,,302
2025/9/28,14:00,430,,,,286
2025/9/28,14:15,430,,,,291
2025/9/28,14:30,430,,,,295
2025/9/28,14:45,430,,,,305
2025/9/28,15:00,430,,,,303
2025/9/28,15:15,430,,,,304
2025/9/28,15:30,430,,,,315
2025/9/28,15:45,430,,,,295
2025/9/28,16:00,430,,,,304
2025/9/28,16:15,430,,,,312
2025/9/28,16:30,430,,,,312
2025/9/28,16:45,430,,,,267
2025/9/28,17:00,430,,,,238
2025/9/28,17:15,430,,,,178
2025/9/28,17:30,430,,,,79
2025/9/28,17:45,430,,,,72
2025/9/28,18:00,430,,,,70
2025/9/28,18:15,430,,,,62
2025/9/28,18:30,430,,,,54
2025/9/28,18:45,430,,,,53
2025/9/28,19:00,430,,,,54
2025/9/28,19:15,430,,,,51
2025/9/28,19:30,430,,,,51
2025/9/28,19:45,430,,,,54
2025/9/28,20:00,430,,,,51
2025/9/28,20:15,430,,,,53
2025/9/28,20:30,430,,,,53
2025/9/28,20:45,430,,,,54
2025/9/28,21:00,430,,,,53
2025/9/28,21:15,430,,,,72
2025/9/28,21:30,430,,,,46
2025/9/28,21:45,430,,,,27
2025/9/28,22:00,430,,,,24
2025/9/28,22:15,430,,,,26
2025/9/28,22:30,430,,,,24
2025/9/28,22:45,430,,,,22
2025/9/28,23:00,430,,,,24
2025/9/28,23:15,430,,,,22
2025/9/28,23:30,430,,,,22
2025/9/28,23:45,430,,,,22
2025/9/29,00:00,430,,,,22
2025/9/29,00:15,430,,,,22
2025/9/29,00:30,430,,,,22
2025/9/29,00:45,430,,,,22
2025/9/29,01:00,430,,,,22
2025/9/29,01:15,430,,,,21
2025/9/29,01:30,430,,,,22
2025/9/29,01:45,430,,,,22
2025/9/29,02:00,430,,,,22
2025/9/29,02:15,430,,,,26
2025/9/29,02:30,430,,,,26
2025/9/29,02:45,430,,,,27
2025/9/29,03:00,430,,,,26
2025/9/29,03:15,430,,,,27
2025/9/29,03:30,430,,,,24
2025/9/29,03:45,430,,,,26
2025/9/29,04:00,430,,,,27
2025/9/29,04:15,430,,,,27
2025/9/29,04:30,430,,,,27
2025/9/29,04:45,430,,,,26
2025/9/29,05:00,430,,,,27
2025/9/29,05:15,430,,,,26
2025/9/29,05:30,430,,,,27
2025/9/29,05:45,430,,,,27
2025/9/29,06:00,430,,,,31
2025/9/29,06:15,430,,,,33
2025/9/29,06:30,430,,,,34
2025/9/29,06:45,430,,,,36
2025/9/29,07:00,430,,,,30
2025/9/29,07:15,430,,,,33
2025/9/29,07:30,430,,,,34
2025/9/29,07:45,430,,,,34
2025/9/29,08:00,430,,,,41
2025/9/29,08:15,430,,,,69
2025/9/29,08:30,430,,,,107
2025/9/29,08:45,430,,,,131
2025/9/29,09:00,430,,,,169
2025/9/29,09:15,430,,241,,
2025/9/29,09:30,430,,334,,
2025/9/29,09:45,430,,376,,
2025/9/29,10:00,430,,355,,
2025/9/29,10:15,430,,347,,
2025/9/29,10:30,430,,318,,
2025/9/29,10:45,430,,331,,
2025/9/29,11:00,430,,355,,
2025/9/29,11:15,430,,370,,
2025/9/29,11:30,430,,381,,
2025/9/29,11:45,430,,379,,
2025/9/29,12:00,430,,375,,
2025/9/29,12:15,430,,336,,
2025/9/29,12:30,430,,293,,
2025/9/29,12:45,430,,293,,
2025/9/29,13:00,430,,300,,
2025/9/29,13:15,430,,367,,
2025/9/29,13:30,430,,392,,
2025/9/29,13:45,430,,418,,
2025/9/29,14:00,430,,431,,
2025/9/29,14:15,430,,454,,
2025/9/29,14:30,430,,442,,
2025/9/29,14:45,430,,385,,
2025/9/29,15:00,430,,363,,
2025/9/29,15:15,430,,355,,
2025/9/29,15:30,430,,329,,
2025/9/29,15:45,430,,331,,
2025/9/29,16:00,430,,360,,
2025/9/29,16:15,430,347,,,
2025/9/29,16:30,430,301,,,
2025/9/29,16:45,430,315,,,
2025/9/29,17:00,430,296,,,
2025/9/29,17:15,430,241,,,
2025/9/29,17:30,430,205,,,
2025/9/29,17:45,430,227,,,
2025/9/29,18:00,430,286,,,
2025/9/29,18:15,430,338,,,
2025/9/29,18:30,430,347,,,
2025/9/29,18:45,430,346,,,
2025/9/29,19:00,430,328,,,
2025/9/29,19:15,430,312,,,
2025/9/29,19:30,430,306,,,
2025/9/29,19:45,430,318,,,
2025/9/29,20:00,430,317,,,
2025/9/29,20:15,430,262,,,
2025/9/29,20:30,430,224,,,
2025/9/29,20:45,430,254,,,
2025/9/29,21:00,430,317,,,
2025/9/29,21:15,430,344,,,
2025/9/29,21:30,430,325,,,
2025/9/29,21:45,430,328,,,
2025/9/29,22:00,430,296,,,
2025/9/29,22:15,430,,242,,
2025/9/29,22:30,430,,211,,
2025/9/29,22:45,430,,208,,
2025/9/29,23:00,430,,195,,
2025/9/29,23:15,430,,176,,
2025/9/29,23:30,430,,152,,
2025/9/29,23:45,430,,170,,
2025/9/30,00:00,430,,149,,
2025/9/30,00:15,430,,,,118
2025/9/30,00:30,430,,,,94
2025/9/30,00:45,430,,,,94
2025/9/30,01:00,430,,,,94
2025/9/30,01:15,430,,,,88
2025/9/30,01:30,430,,,,77
2025/9/30,01:45,430,,,,75
2025/9/30,02:00,430,,,,72
2025/9/30,02:15,430,,,,70
2025/9/30,02:30,430,,,,62
2025/9/30,02:45,430,,,,30
2025/9/30,03:00,430,,,,27
2025/9/30,03:15,430,,,,29
2025/9/30,03:30,430,,,,27
2025/9/30,03:45,430,,,,29
2025/9/30,04:00,430,,,,27
2025/9/30,04:15,430,,,,29
2025/9/30,04:30,430,,,,29
2025/9/30,04:45,430,,,,29
2025/9/30,05:00,430,,,,29
2025/9/30,05:15,430,,,,27
2025/9/30,05:30,430,,,,30
2025/9/30,05:45,430,,,,29
2025/9/30,06:00,430,,,,34
2025/9/30,06:15,430,,,,38
2025/9/30,06:30,430,,,,36
2025/9/30,06:45,430,,,,67
2025/9/30,07:00,430,,,,67
2025/9/30,07:15,430,,,,70
2025/9/30,07:30,430,,,,68
2025/9/30,07:45,430,,,,70
2025/9/30,08:00,430,,,,80
2025/9/30,08:15,430,,,,82
2025/9/30,08:30,430,,,,104
2025/9/30,08:45,430,,,,142
2025/9/30,09:00,430,,,,158
2025/9/30,09:15,430,,237,,
2025/9/30,09:30,430,,318,,
2025/9/30,09:45,430,,372,,
2025/9/30,10:00,430,,332,,
2025/9/30,10:15,430,,346,,
2025/9/30,10:30,430,,363,,
2025/9/30,10:45,430,,373,,
2025/9/30,11:00,430,,363,,
2025/9/30,11:15,430,,345,,
2025/9/30,11:30,430,,329,,
2025/9/30,11:45,430,,350,,
2025/9/30,12:00,430,,349,,
2025/9/30,12:15,430,,301,,
2025/9/30,12:30,430,,261,,
2025/9/30,12:45,430,,231,,
2025/9/30,13:00,430,,232,,
2025/9/30,13:15,430,,327,,
2025/9/30,13:30,430,,356,,
2025/9/30,13:45,430,,364,,
2025/9/30,14:00,430,,378,,
2025/9/30,14:15,430,,379,,
2025/9/30,14:30,430,,382,,
2025/9/30,14:45,430,,378,,
2025/9/30,15:00,430,,364,,
2025/9/30,15:15,430,,365,,
2025/9/30,15:30,430,,373,,
2025/9/30,15:45,430,,395,,
2025/9/30,16:00,430,,380,,
2025/9/30,16:15,430,352,,,
2025/9/30,16:30,430,356,,,
2025/9/30,16:45,430,340,,,
2025/9/30,17:00,430,323,,,
2025/9/30,17:15,430,254,,,
2025/9/30,17:30,430,212,,,
2025/9/30,17:45,430,275,,,
2025/9/30,18:00,430,286,,,
2025/9/30,18:15,430,306,,,
2025/9/30,18:30,430,333,,,
2025/9/30,18:45,430,342,,,
2025/9/30,19:00,430,347,,,
2025/9/30,19:15,430,350,,,
2025/9/30,19:30,430,334,,,
2025/9/30,19:45,430,314,,,
2025/9/30,20:00,430,299,,,
2025/9/30,20:15,430,261,,,
2025/9/30,20:30,430,226,,,
2025/9/30,20:45,430,258,,,
2025/9/30,21:00,430,318,,,
2025/9/30,21:15,430,330,,,
2025/9/30,21:30,430,291,,,
2025/9/30,21:45,430,275,,,
2025/9/30,22:00,430,304,,,
2025/9/30,22:15,430,,307,,
2025/9/30,22:30,430,,299,,
2025/9/30,22:45,430,,291,,
2025/9/30,23:00,430,,278,,
2025/9/30,23:15,430,,235,,
2025/9/30,23:30,430,,155,,
2025/9/30,23:45,430,,176,,
2025/10/1,00:00,430,,214,,
2025/10/1,00:15,430,,,,184
2025/10/1,00:30,430,,,,118
2025/10/1,00:45,430,,,,75
2025/10/1,01:00,430,,,,58
2025/10/1,01:15,430,,,,58
2025/10/1,01:30,430,,,,54
2025/10/1,01:45,430,,,,53
2025/10/1,02:00,430,,,,51
2025/10/1,02:15,430,,,,50
2025/10/1,02:30,430,,,,51
2025/10/1,02:45,430,,,,51
2025/10/1,03:00,430,,,,50
2025/10/1,03:15,430,,,,53
2025/10/1,03:30,430,,,,50
2025/10/1,03:45,430,,,,53
2025/10/1,04:00,430,,,,50
2025/10/1,04:15,430,,,,53
2025/10/1,04:30,430,,,,51
2025/10/1,04:45,430,,,,53
2025/10/1,05:00,430,,,,51
2025/10/1,05:15,430,,,,53
2025/10/1,05:30,430,,,,51
2025/10/1,05:45,430,,,,35
2025/10/1,06:00,430,,,,31
2025/10/1,06:15,430,,,,35
2025/10/1,06:30,430,,,,36
2025/10/1,06:45,430,,,,31
2025/10/1,07:00,430,,,,33
2025/10/1,07:15,430,,,,31
2025/10/1,07:30,430,,,,33
2025/10/1,07:45,430,,,,38
2025/10/1,08:00,430,,,,45
2025/10/1,08:15,430,,,,52
2025/10/1,08:30,430,,,,97
2025/10/1,08:45,430,,,,127
2025/10/1,09:00,430,,,,136
2025/10/1,09:15,430,,234,,
2025/10/1,09:30,430,,341,,
2025/10/1,09:45,430,,384,,
2025/10/1,10:00,430,,377,,
2025/10/1,10:15,430,,358,,
2025/10/1,10:30,430,,388,,
2025/10/1,10:45,430,,396,,
2025/10/1,11:00,430,,392,,
2025/10/1,11:15,430,,385,,
2025/10/1,11:30,430,,382,,
2025/10/1,11:45,430,,355,,
2025/10/1,12:00,430,,365,,
2025/10/1,12:15,430,,324,,
2025/10/1,12:30,430,,293,,
2025/10/1,12:45,430,,269,,
2025/10/1,13:00,430,,278,,
2025/10/1,13:15,430,,325,,
2025/10/1,13:30,430,,352,,
2025/10/1,13:45,430,,365,,
2025/10/1,14:00,430,,375,,
2025/10/1,14:15,430,,382,,
2025/10/1,14:30,430,,369,,
2025/10/1,14:45,430,,387,,
2025/10/1,15:00,430,,370,,
2025/10/1,15:15,430,,382,,
2025/10/1,15:30,430,,380,,
2025/10/1,15:45,430,,377,,
2025/10/1,16:00,430,,368,,
2025/10/1,16:15,430,359,,,
2025/10/1,16:30,430,328,,,
2025/10/1,16:45,430,328,,,
2025/10/1,17:00,430,341,,,
2025/10/1,17:15,430,315,,,
2025/10/1,17:30,430,270,,,
2025/10/1,17:45,430,262,,,
2025/10/1,18:00,430,307,,,
2025/10/1,18:15,430,336,,,
2025/10/1,18:30,430,347,,,
2025/10/1,18:45,430,352,,,
2025/10/1,19:00,430,350,,,
2025/10/1,19:15,430,341,,,
2025/10/1,19:30,430,349,,,
2025/10/1,19:45,430,339,,,
2025/10/1,20:00,430,306,,,
2025/10/1,20:15,430,259,,,
2025/10/1,20:30,430,245,,,
2025/10/1,20:45,430,290,,,
2025/10/1,21:00,430,330,,,
2025/10/1,21:15,430,336,,,
2025/10/1,21:30,430,302,,,
2025/10/1,21:45,430,307,,,
2025/10/1,22:00,430,318,,,
2025/10/1,22:15,430,,310,,
2025/10/1,22:30,430,,291,,
2025/10/1,22:45,430,,301,,
2025/10/1,23:00,430,,296,,
2025/10/1,23:15,430,,202,,
2025/10/1,23:30,430,,158,,
2025/10/1,23:45,430,,173,,
2025/10/2,00:00,430,,213,,
2025/10/2,00:15,430,,,,197
2025/10/2,00:30,430,,,,115
2025/10/2,00:45,430,,,,70
2025/10/2,01:00,430,,,,61
2025/10/2,01:15,430,,,,56
2025/10/2,01:30,430,,,,58
2025/10/2,01:45,430,,,,54
2025/10/2,02:00,430,,,,51
2025/10/2,02:15,430,,,,53
2025/10/2,02:30,430,,,,51
2025/10/2,02:45,430,,,,51
2025/10/2,03:00,430,,,,51
2025/10/2,03:15,430,,,,51
2025/10/2,03:30,430,,,,50
2025/10/2,03:45,430,,,,51
2025/10/2,04:00,430,,,,50
2025/10/2,04:15,430,,,,53
2025/10/2,04:30,430,,,,50
2025/10/2,04:45,430,,,,51
2025/10/2,05:00,430,,,,51
2025/10/2,05:15,430,,,,51
2025/10/2,05:30,430,,,,50
2025/10/2,05:45,430,,,,30
2025/10/2,06:00,430,,,,32
2025/10/2,06:15,430,,,,33
2025/10/2,06:30,430,,,,37
2025/10/2,06:45,430,,,,31
2025/10/2,07:00,430,,,,32
2025/10/2,07:15,430,,,,33
2025/10/2,07:30,430,,,,33
2025/10/2,07:45,430,,,,38
2025/10/2,08:00,430,,,,45
2025/10/2,08:15,430,,,,51
2025/10/2,08:30,430,,,,101
2025/10/2,08:45,430,,,,133
2025/10/2,09:00,430,,,,142
2025/10/2,09:15,430,,250,,
2025/10/2,09:30,430,,333,,
2025/10/2,09:45,430,,377,,
2025/10/2,10:00,430,,395,,
2025/10/2,10:15,430,,389,,
2025/10/2,10:30,430,,382,,
2025/10/2,10:45,430,,403,,
2025/10/2,11:00,430,,408,,
2025/10/2,11:15,430,,392,,
2025/10/2,11:30,430,,369,,
2025/10/2,11:45,430,,375,,
2025/10/2,12:00,430,,361,,
2025/10/2,12:15,430,,308,,
2025/10/2,12:30,430,,283,,
2025/10/2,12:45,430,,273,,
2025/10/2,13:00,430,,270,,
2025/10/2,13:15,430,,328,,
2025/10/2,13:30,430,,349,,
2025/10/2,13:45,430,,375,,
2025/10/2,14:00,430,,387,,
2025/10/2,14:15,430,,388,,
2025/10/2,14:30,430,,394,,
2025/10/2,14:45,430,,384,,
2025/10/2,15:00,430,,387,,
2025/10/2,15:15,430,,383,,
2025/10/2,15:30,430,,367,,
2025/10/2,15:45,430,,366,,
2025/10/2,16:00,430,,372,,
2025/10/2,16:15,430,370,,,
2025/10/2,16:30,430,362,,,
2025/10/2,16:45,430,362,,,
2025/10/2,17:00,430,353,,,
2025/10/2,17:15,430,305,,,
2025/10/2,17:30,430,265,,,
2025/10/2,17:45,430,236,,,
2025/10/2,18:00,430,278,,,
2025/10/2,18:15,430,291,,,
2025/10/2,18:30,430,288,,,
2025/10/2,18:45,430,285,,,
2025/10/2,19:00,430,301,,,
2025/10/2,19:15,430,334,,,
2025/10/2,19:30,430,309,,,
2025/10/2,19:45,430,267,,,
2025/10/2,20:00,430,262,,,
2025/10/2,20:15,430,232,,,
2025/10/2,20:30,430,205,,,
2025/10/2,20:45,430,219,,,
2025/10/2,21:00,430,235,,,
2025/10/2,21:15,430,298,,,
2025/10/2,21:30,430,314,,,
2025/10/2,21:45,430,317,,,
2025/10/2,22:00,430,293,,,
2025/10/2,22:15,430,,278,,
2025/10/2,22:30,430,,270,,
2025/10/2,22:45,430,,286,,
2025/10/2,23:00,430,,248,,
2025/10/2,23:15,430,,192,,
2025/10/2,23:30,430,,154,,
2025/10/2,23:45,430,,203,,
2025/10/3,00:00,430,,240,,
2025/10/3,00:15,430,,,,187
2025/10/3,00:30,430,,,,115
2025/10/3,00:45,430,,,,82
2025/10/3,01:00,430,,,,64
2025/10/3,01:15,430,,,,59
2025/10/3,01:30,430,,,,58
2025/10/3,01:45,430,,,,53
2025/10/3,02:00,430,,,,54
2025/10/3,02:15,430,,,,53
2025/10/3,02:30,430,,,,50
2025/10/3,02:45,430,,,,53
2025/10/3,03:00,430,,,,50
2025/10/3,03:15,430,,,,53
2025/10/3,03:30,430,,,,51
2025/10/3,03:45,430,,,,51
2025/10/3,04:00,430,,,,51
2025/10/3,04:15,430,,,,51
2025/10/3,04:30,430,,,,53
2025/10/3,04:45,430,,,,50
2025/10/3,05:00,430,,,,53
2025/10/3,05:15,430,,,,53
2025/10/3,05:30,430,,,,50
2025/10/3,05:45,430,,,,38
2025/10/3,06:00,430,,,,32
2025/10/3,06:15,430,,,,33
2025/10/3,06:30,430,,,,38
2025/10/3,06:45,430,,,,36
2025/10/3,07:00,430,,,,35
2025/10/3,07:15,430,,,,33
2025/10/3,07:30,430,,,,35
2025/10/3,07:45,430,,,,38
2025/10/3,08:00,430,,,,45
2025/10/3,08:15,430,,,,51
2025/10/3,08:30,430,,,,94
2025/10/3,08:45,430,,,,133
2025/10/3,09:00,430,,,,139
2025/10/3,09:15,430,,211,,
2025/10/3,09:30,430,,305,,
2025/10/3,09:45,430,,344,,
2025/10/3,10:00,430,,329,,
2025/10/3,10:15,430,,322,,
2025/10/3,10:30,430,,358,,
2025/10/3,10:45,430,,394,,
2025/10/3,11:00,430,,392,,
2025/10/3,11:15,430,,375,,
2025/10/3,11:30,430,,365,,
2025/10/3,11:45,430,,362,,
2025/10/3,12:00,430,,358,,
2025/10/3,12:15,430,,319,,
2025/10/3,12:30,430,,312,,
2025/10/3,12:45,430,,307,,
2025/10/3,13:00,430,,301,,
2025/10/3,13:15,430,,338,,
2025/10/3,13:30,430,,375,,
2025/10/3,13:45,430,,397,,
2025/10/3,14:00,430,,387,,
2025/10/3,14:15,430,,386,,
2025/10/3,14:30,430,,359,,
2025/10/3,14:45,430,,351,,
2025/10/3,15:00,430,,339,,
2025/10/3,15:15,430,,362,,
2025/10/3,15:30,430,,374,,
2025/10/3,15:45,430,,391,,
2025/10/3,16:00,430,,394,,
2025/10/3,16:15,430,373,,,
2025/10/3,16:30,430,361,,,
2025/10/3,16:45,430,377,,,
2025/10/3,17:00,430,383,,,
2025/10/3,17:15,430,344,,,
2025/10/3,17:30,430,267,,,
2025/10/3,17:45,430,242,,,
2025/10/3,18:00,430,282,,,
2025/10/3,18:15,430,309,,,
2025/10/3,18:30,430,318,,,
2025/10/3,18:45,430,323,,,
2025/10/3,19:00,430,326,,,
2025/10/3,19:15,430,330,,,
2025/10/3,19:30,430,333,,,
2025/10/3,19:45,430,306,,,
2025/10/3,20:00,430,274,,,
2025/10/3,20:15,430,248,,,
2025/10/3,20:30,430,216,,,
2025/10/3,20:45,430,278,,,
2025/10/3,21:00,430,333,,,
2025/10/3,21:15,430,342,,,
2025/10/3,21:30,430,309,,,
2025/10/3,21:45,430,283,,,
2025/10/3,22:00,430,288,,,
2025/10/3,22:15,430,,294,,
2025/10/3,22:30,430,,282,,
2025/10/3,22:45,430,,293,,
2025/10/3,23:00,430,,286,,
2025/10/3,23:15,430,,238,,
2025/10/3,23:30,430,,195,,
2025/10/3,23:45,430,,190,,
2025/10/4,00:00,430,,238,,
2025/10/4,00:15,430,,,,205
2025/10/4,00:30,430,,,,158
2025/10/4,00:45,430,,,,128
2025/10/4,01:00,430,,,,118
2025/10/4,01:15,430,,,,110
2025/10/4,01:30,430,,,,88
2025/10/4,01:45,430,,,,86
2025/10/4,02:00,430,,,,83
2025/10/4,02:15,430,,,,78
2025/10/4,02:30,430,,,,78
2025/10/4,02:45,430,,,,78
2025/10/4,03:00,430,,,,77
2025/10/4,03:15,430,,,,72
2025/10/4,03:30,430,,,,72
2025/10/4,03:45,430,,,,59
2025/10/4,04:00,430,,,,59
2025/10/4,04:15,430,,,,59
2025/10/4,04:30,430,,,,61
2025/10/4,04:45,430,,,,58
2025/10/4,05:00,430,,,,61
2025/10/4,05:15,430,,,,64
2025/10/4,05:30,430,,,,61
2025/10/4,05:45,430,,,,38
2025/10/4,06:00,430,,,,32
2025/10/4,06:15,430,,,,33
2025/10/4,06:30,430,,,,34
2025/10/4,06:45,430,,,,34
2025/10/4,07:00,430,,,,35
2025/10/4,07:15,430,,,,35
2025/10/4,07:30,430,,,,33
2025/10/4,07:45,430,,,,37
2025/10/4,08:00,430,,,,42
2025/10/4,08:15,430,,,,54
2025/10/4,08:30,430,,,,122
2025/10/4,08:45,430,,,,152
2025/10/4,09:00,430,,,154,
2025/10/4,09:15,430,,,233,
2025/10/4,09:30,430,,,338,
2025/10/4,09:45,430,,,368,
2025/10/4,10:00,430,,,372,
2025/10/4,10:15,430,,,347,
2025/10/4,10:30,430,,,358,
2025/10/4,10:45,430,,,360,
2025/10/4,11:00,430,,,361,
2025/10/4,11:15,430,,,343,
2025/10/4,11:30,430,,,345,
2025/10/4,11:45,430,,,338,
2025/10/4,12:00,430,,,338,
2025/10/4,12:15,430,,,293,
2025/10/4,12:30,430,,,292,
2025/10/4,12:45,430,,,270,
2025/10/4,13:00,430,,,273,
2025/10/4,13:15,430,,,321,
2025/10/4,13:30,430,,,331,
2025/10/4,13:45,430,,,343,
2025/10/4,14:00,430,,,369,
2025/10/4,14:15,430,,,344,
2025/10/4,14:30,430,,,340,
2025/10/4,14:45,430,,,340,
2025/10/4,15:00,430,,,345,
2025/10/4,15:15,430,,,352,
2025/10/4,15:30,430,,,371,
2025/10/4,15:45,430,,,361,
2025/10/4,16:00,430,,,368,
2025/10/4,16:15,430,,,341,
2025/10/4,16:30,430,,,349,
2025/10/4,16:45,430,,,350,
2025/10/4,17:00,430,,,334,
2025/10/4,17:15,430,,,302,
2025/10/4,17:30,430,,,254,
2025/10/4,17:45,430,,,258,
2025/10/4,18:00,430,,,301,
2025/10/4,18:15,430,,,302,
2025/10/4,18:30,430,,,291,
2025/10/4,18:45,430,,,286,
2025/10/4,19:00,430,,,294,
2025/10/4,19:15,430,,,307,
2025/10/4,19:30,430,,,310,
2025/10/4,19:45,430,,,304,
2025/10/4,20:00,430,,,285,
2025/10/4,20:15,430,,,242,
2025/10/4,20:30,430,,,210,
2025/10/4,20:45,430,,,253,
2025/10/4,21:00,430,,,288,
2025/10/4,21:15,430,,,278,
2025/10/4,21:30,430,,,288,
2025/10/4,21:45,430,,,270,
2025/10/4,22:00,430,,,285,
2025/10/4,22:15,430,,,278,
2025/10/4,22:30,430,,,277,
2025/10/4,22:45,430,,,278,
2025/10/4,23:00,430,,,270,
2025/10/4,23:15,430,,,222,
2025/10/4,23:30,430,,,174,
2025/10/4,23:45,430,,,197,
2025/10/5,00:00,430,,,235,
2025/10/5,00:15,430,,,,195
2025/10/5,00:30,430,,,,133
2025/10/5,00:45,430,,,,125
2025/10/5,01:00,430,,,,117
2025/10/5,01:15,430,,,,125
2025/10/5,01:30,430,,,,123
2025/10/5,01:45,430,,,,122
2025/10/5,02:00,430,,,,109
2025/10/5,02:15,430,,,,102
2025/10/5,02:30,430,,,,104
2025/10/5,02:45,430,,,,102
2025/10/5,03:00,430,,,,104
2025/10/5,03:15,430,,,,101
2025/10/5,03:30,430,,,,101
2025/10/5,03:45,430,,,,99
2025/10/5,04:00,430,,,,102
2025/10/5,04:15,430,,,,96
2025/10/5,04:30,430,,,,96
2025/10/5,04:45,430,,,,94
2025/10/5,05:00,430,,,,94
2025/10/5,05:15,430,,,,96
2025/10/5,05:30,430,,,,80
2025/10/5,05:45,430,,,,42
2025/10/5,06:00,430,,,,27
2025/10/5,06:15,430,,,,22
2025/10/5,06:30,430,,,,22
2025/10/5,06:45,430,,,,24
2025/10/5,07:00,430,,,,23
2025/10/5,07:15,430,,,,24
2025/10/5,07:30,430,,,,24
2025/10/5,07:45,430,,,,27
2025/10/5,08:00,430,,,,31
2025/10/5,08:15,430,,,,35
2025/10/5,08:30,430,,,,34
2025/10/5,08:45,430,,,,34
2025/10/5,09:00,430,,,,34
2025/10/5,09:15,430,,,,36
2025/10/5,09:30,430,,,,35
2025/10/5,09:45,430,,,,36
2025/10/5,10:00,430,,,,49
2025/10/5,10:15,430,,,,80
2025/10/5,10:30,430,,,,84
2025/10/5,10:45,430,,,,96
2025/10/5,11:00,430,,,,100
2025/10/5,11:15,430,,,,131
2025/10/5,11:30,430,,,,217
2025/10/5,11:45,430,,,,280
2025/10/5,12:00,430,,,,289
2025/10/5,12:15,430,,,,258
2025/10/5,12:30,430,,,,259
2025/10/5,12:45,430,,,,267
2025/10/5,13:00,430,,,,276
2025/10/5,13:15,430,,,,265
2025/10/5,13:30,430,,,,292
2025/10/5,13:45,430,,,,290
2025/10/5,14:00,430,,,,304
2025/10/5,14:15,430,,,,281
2025/10/5,14:30,430,,,,284
2025/10/5,14:45,430,,,,286
2025/10/5,15:00,430,,,,301
2025/10/5,15:15,430,,,,289
2025/10/5,15:30,430,,,,282
2025/10/5,15:45,430,,,,275
2025/10/5,16:00,430,,,,253
2025/10/5,16:15,430,,,,262
2025/10/5,16:30,430,,,,254
2025/10/5,16:45,430,,,,229
2025/10/5,17:00,430,,,,156
2025/10/5,17:15,430,,,,85
2025/10/5,17:30,430,,,,82
2025/10/5,17:45,430,,,,82
2025/10/5,18:00,430,,,,74
2025/10/5,18:15,430,,,,70
2025/10/5,18:30,430,,,,70
2025/10/5,18:45,430,,,,74
2025/10/5,19:00,430,,,,70
2025/10/5,19:15,430,,,,67
2025/10/5,19:30,430,,,,69
2025/10/5,19:45,430,,,,67
2025/10/5,20:00,430,,,,43
2025/10/5,20:15,430,,,,32
2025/10/5,20:30,430,,,,32
2025/10/5,20:45,430,,,,32
2025/10/5,21:00,430,,,,29
2025/10/5,21:15,430,,,,34
2025/10/5,21:30,430,,,,30
2025/10/5,21:45,430,,,,30
2025/10/5,22:00,430,,,,32
2025/10/5,22:15,430,,,,32
2025/10/5,22:30,430,,,,32
2025/10/5,22:45,430,,,,32
2025/10/5,23:00,430,,,,29
2025/10/5,23:15,430,,,,30
2025/10/5,23:30,430,,,,30
2025/10/5,23:45,430,,,,30
2025/10/6,00:00,430,,,,29
2025/10/6,00:15,430,,,,29
2025/10/6,00:30,430,,,,30
2025/10/6,00:45,430,,,,29
2025/10/6,01:00,430,,,,30
2025/10/6,01:15,430,,,,27
2025/10/6,01:30,430,,,,30
2025/10/6,01:45,430,,,,32
2025/10/6,02:00,430,,,,35
2025/10/6,02:15,430,,,,34
2025/10/6,02:30,430,,,,37
2025/10/6,02:45,430,,,,34
2025/10/6,03:00,430,,,,37
2025/10/6,03:15,430,,,,35
2025/10/6,03:30,430,,,,35
2025/10/6,03:45,430,,,,35
2025/10/6,04:00,430,,,,35
2025/10/6,04:15,430,,,,37
2025/10/6,04:30,430,,,,35
2025/10/6,04:45,430,,,,37
2025/10/6,05:00,430,,,,35
2025/10/6,05:15,430,,,,37
2025/10/6,05:30,430,,,,35
2025/10/6,05:45,430,,,,35
2025/10/6,06:00,430,,,,34
2025/10/6,06:15,430,,,,36
2025/10/6,06:30,430,,,,36
2025/10/6,06:45,430,,,,31
2025/10/6,07:00,430,,,,32
2025/10/6,07:15,430,,,,33
2025/10/6,07:30,430,,,,35
2025/10/6,07:45,430,,,,36
2025/10/6,08:00,430,,,,39
2025/10/6,08:15,430,,,,69
2025/10/6,08:30,430,,,,128
2025/10/6,08:45,430,,,,140
2025/10/6,09:00,430,,,,147
2025/10/6,09:15,430,,,,188
2025/10/6,09:30,430,,,,287
2025/10/6,09:45,430,,,,345
2025/10/6,10:00,430,,,,338
2025/10/6,10:15,430,,,,350
2025/10/6,10:30,430,,,,352
2025/10/6,10:45,430,,,,365
2025/10/6,11:00,430,,,,344
2025/10/6,11:15,430,,,,320
2025/10/6,11:30,430,,,,343
2025/10/6,11:45,430,,,,359
2025/10/6,12:00,430,,,,354
2025/10/6,12:15,430,,,,296
2025/10/6,12:30,430,,,,275
2025/10/6,12:45,430,,,,243
2025/10/6,13:00,430,,,,245
2025/10/6,13:15,430,,,,295
2025/10/6,13:30,430,,,,291
2025/10/6,13:45,430,,,,301
2025/10/6,14:00,430,,,,336
2025/10/6,14:15,430,,,,326
2025/10/6,14:30,430,,,,308
2025/10/6,14:45,430,,,,321
2025/10/6,15:00,430,,,,338
2025/10/6,15:15,430,,,,339
2025/10/6,15:30,430,,,,329
2025/10/6,15:45,430,,,,309
2025/10/6,16:00,430,,,,297
2025/10/6,16:15,430,,,,320
2025/10/6,16:30,430,,,,345
2025/10/6,16:45,430,,,,335
2025/10/6,17:00,430,,,,344
2025/10/6,17:15,430,,,,286
2025/10/6,17:30,430,,,,228
2025/10/6,17:45,430,,,,242
2025/10/6,18:00,430,,,,254
2025/10/6,18:15,430,,,,294
2025/10/6,18:30,430,,,,298
2025/10/6,18:45,430,,,,291
2025/10/6,19:00,430,,,,286
2025/10/6,19:15,430,,,,275
2025/10/6,19:30,430,,,,259
2025/10/6,19:45,430,,,,245
2025/10/6,20:00,430,,,,234
2025/10/6,20:15,430,,,,202
2025/10/6,20:30,430,,,,165
2025/10/6,20:45,430,,,,219
2025/10/6,21:00,430,,,,266
2025/10/6,21:15,430,,,,277
2025/10/6,21:30,430,,,,253
2025/10/6,21:45,430,,,,206
2025/10/6,22:00,430,,,,163
2025/10/6,22:15,430,,,,155
2025/10/6,22:30,430,,,,142
2025/10/6,22:45,430,,,,141
2025/10/6,23:00,430,,,,139
2025/10/6,23:15,430,,,,146
2025/10/6,23:30,430,,,,163
2025/10/6,23:45,430,,,,211
2025/10/7,00:00,430,,,,182
2025/10/7,00:15,430,,,,142
2025/10/7,00:30,430,,,,125
2025/10/7,00:45,430,,,,93
2025/10/7,01:00,430,,,,75
2025/10/7,01:15,430,,,,75
2025/10/7,01:30,430,,,,74
2025/10/7,01:45,430,,,,70
2025/10/7,02:00,430,,,,67
2025/10/7,02:15,430,,,,69
2025/10/7,02:30,430,,,,66
2025/10/7,02:45,430,,,,69
2025/10/7,03:00,430,,,,66
2025/10/7,03:15,430,,,,69
2025/10/7,03:30,430,,,,66
2025/10/7,03:45,430,,,,69
2025/10/7,04:00,430,,,,62
2025/10/7,04:15,430,,,,37
2025/10/7,04:30,430,,,,35
2025/10/7,04:45,430,,,,37
2025/10/7,05:00,430,,,,35
2025/10/7,05:15,430,,,,37
2025/10/7,05:30,430,,,,38
2025/10/7,05:45,430,,,,37
2025/10/7,06:00,430,,,,40
2025/10/7,06:15,430,,,,39
2025/10/7,06:30,430,,,,40
2025/10/7,06:45,430,,,,41
2025/10/7,07:00,430,,,,41
2025/10/7,07:15,430,,,,42
2025/10/7,07:30,430,,,,44
2025/10/7,07:45,430,,,,46
2025/10/7,08:00,430,,,,53
2025/10/7,08:15,430,,,,53
2025/10/7,08:30,430,,,,92
2025/10/7,08:45,430,,,,127
2025/10/7,09:00,430,,,,149
2025/10/7,09:15,430,,223,,
2025/10/7,09:30,430,,316,,
2025/10/7,09:45,430,,358,,
2025/10/7,10:00,430,,337,,
2025/10/7,10:15,430,,344,,
2025/10/7,10:30,430,,383,,
2025/10/7,10:45,430,,410,,
2025/10/7,11:00,430,,404,,
2025/10/7,11:15,430,,395,,
2025/10/7,11:30,430,,384,,
2025/10/7,11:45,430,,344,,
2025/10/7,12:00,430,,351,,
2025/10/7,12:15,430,,321,,
2025/10/7,12:30,430,,330,,
2025/10/7,12:45,430,,278,,
2025/10/7,13:00,430,,223,,
2025/10/7,13:15,430,,285,,
2025/10/7,13:30,430,,333,,
2025/10/7,13:45,430,,372,,
2025/10/7,14:00,430,,361,,
2025/10/7,14:15,430,,342,,
2025/10/7,14:30,430,,347,,
2025/10/7,14:45,430,,352,,
2025/10/7,15:00,430,,362,,
2025/10/7,15:15,430,,339,,
2025/10/7,15:30,430,,371,,
2025/10/7,15:45,430,,364,,
2025/10/7,16:00,430,,350,,
2025/10/7,16:15,430,321,,,
2025/10/7,16:30,430,317,,,
2025/10/7,16:45,430,320,,,
2025/10/7,17:00,430,314,,,
2025/10/7,17:15,430,262,,,
2025/10/7,17:30,430,238,,,
2025/10/7,17:45,430,207,,,
2025/10/7,18:00,430,248,,,
2025/10/7,18:15,430,290,,,
2025/10/7,18:30,430,317,,,
2025/10/7,18:45,430,326,,,
2025/10/7,19:00,430,323,,,
2025/10/7,19:15,430,314,,,
2025/10/7,19:30,430,322,,,
2025/10/7,19:45,430,293,,,
2025/10/7,20:00,430,259,,,
2025/10/7,20:15,430,226,,,
2025/10/7,20:30,430,203,,,
2025/10/7,20:45,430,227,,,
2025/10/7,21:00,430,245,,,
2025/10/7,21:15,430,270,,,
2025/10/7,21:30,430,282,,,
2025/10/7,21:45,430,262,,,
2025/10/7,22:00,430,222,,,
2025/10/7,22:15,430,,182,,
2025/10/7,22:30,430,,150,,
2025/10/7,22:45,430,,158,,
2025/10/7,23:00,430,,173,,
2025/10/7,23:15,430,,163,,
2025/10/7,23:30,430,,203,,
2025/10/7,23:45,430,,230,,
2025/10/8,00:00,430,,219,,
2025/10/8,00:15,430,,,,165
2025/10/8,00:30,430,,,,138
2025/10/8,00:45,430,,,,139
2025/10/8,01:00,430,,,,112
2025/10/8,01:15,430,,,,75
2025/10/8,01:30,430,,,,78
2025/10/8,01:45,430,,,,72
2025/10/8,02:00,430,,,,69
2025/10/8,02:15,430,,,,64
2025/10/8,02:30,430,,,,64
2025/10/8,02:45,430,,,,64
2025/10/8,03:00,430,,,,62
2025/10/8,03:15,430,,,,53
2025/10/8,03:30,430,,,,45
2025/10/8,03:45,430,,,,46
2025/10/8,04:00,430,,,,27
2025/10/8,04:15,430,,,,29
2025/10/8,04:30,430,,,,26
2025/10/8,04:45,430,,,,29
2025/10/8,05:00,430,,,,27
2025/10/8,05:15,430,,,,29
2025/10/8,05:30,430,,,,27
2025/10/8,05:45,430,,,,30
2025/10/8,06:00,430,,,,30
2025/10/8,06:15,430,,,,37
2025/10/8,06:30,430,,,,36
2025/10/8,06:45,430,,,,36
2025/10/8,07:00,430,,,,35
2025/10/8,07:15,430,,,,36
2025/10/8,07:30,430,,,,37
2025/10/8,07:45,430,,,,40
2025/10/8,08:00,430,,,,48
2025/10/8,08:15,430,,,,66
2025/10/8,08:30,430,,,,107
2025/10/8,08:45,430,,,,133
2025/10/8,09:00,430,,,,156
2025/10/8,09:15,430,,195,,
2025/10/8,09:30,430,,285,,
2025/10/8,09:45,430,,355,,
2025/10/8,10:00,430,,380,,
2025/10/8,10:15,430,,361,,
2025/10/8,10:30,430,,372,,
2025/10/8,10:45,430,,402,,
2025/10/8,11:00,430,,400,,
2025/10/8,11:15,430,,365,,
2025/10/8,11:30,430,,380,,
2025/10/8,11:45,430,,373,,
2025/10/8,12:00,430,,341,,
2025/10/8,12:15,430,,286,,
2025/10/8,12:30,430,,256,,
2025/10/8,12:45,430,,271,,
2025/10/8,13:00,430,,262,,
2025/10/8,13:15,430,,340,,
2025/10/8,13:30,430,,338,,
2025/10/8,13:45,430,,348,,
2025/10/8,14:00,430,,366,,
2025/10/8,14:15,430,,382,,
2025/10/8,14:30,430,,370,,
2025/10/8,14:45,430,,372,,
2025/10/8,15:00,430,,376,,
2025/10/8,15:15,430,,383,,
2025/10/8,15:30,430,,390,,
2025/10/8,15:45,430,,389,,
2025/10/8,16:00,430,,396,,
2025/10/8,16:15,430,375,,,
2025/10/8,16:30,430,364,,,
2025/10/8,16:45,430,361,,,
2025/10/8,17:00,430,337,,,
2025/10/8,17:15,430,316,,,
2025/10/8,17:30,430,280,,,
2025/10/8,17:45,430,266,,,
2025/10/8,18:00,430,309,,,
2025/10/8,18:15,430,317,,,
2025/10/8,18:30,430,315,,,
2025/10/8,18:45,430,333,,,
2025/10/8,19:00,430,331,,,
2025/10/8,19:15,430,328,,,
2025/10/8,19:30,430,333,,,
2025/10/8,19:45,430,318,,,
2025/10/8,20:00,430,298,,,
2025/10/8,20:15,430,251,,,
2025/10/8,20:30,430,224,,,
2025/10/8,20:45,430,282,,,
2025/10/8,21:00,430,328,,,
2025/10/8,21:15,430,326,,,
2025/10/8,21:30,430,306,,,
2025/10/8,21:45,430,302,,,
2025/10/8,22:00,430,288,,,
2025/10/8,22:15,430,,285,,
2025/10/8,22:30,430,,280,,
2025/10/8,22:45,430,,275,,
2025/10/8,23:00,430,,218,,
2025/10/8,23:15,430,,146,,
2025/10/8,23:30,430,,142,,
2025/10/8,23:45,430,,195,,
2025/10/9,00:00,430,,208,,
2025/10/9,00:15,430,,,,165
2025/10/9,00:30,430,,,,117
2025/10/9,00:45,430,,,,112
2025/10/9,01:00,430,,,,96
2025/10/9,01:15,430,,,,74
2025/10/9,01:30,430,,,,72
2025/10/9,01:45,430,,,,56
2025/10/9,02:00,430,,,,51
2025/10/9,02:15,430,,,,53
2025/10/9,02:30,430,,,,50
2025/10/9,02:45,430,,,,51
2025/10/9,03:00,430,,,,51
2025/10/9,03:15,430,,,,53
2025/10/9,03:30,430,,,,50
2025/10/9,03:45,430,,,,51
2025/10/9,04:00,430,,,,51
2025/10/9,04:15,430,,,,51
2025/10/9,04:30,430,,,,53
2025/10/9,04:45,430,,,,51
2025/10/9,05:00,430,,,,53
2025/10/9,05:15,430,,,,42
2025/10/9,05:30,430,,,,29
2025/10/9,05:45,430,,,,30
2025/10/9,06:00,430,,,,32
2025/10/9,06:15,430,,,,36
2025/10/9,06:30,430,,,,39
2025/10/9,06:45,430,,,,36
2025/10/9,07:00,430,,,,35
2025/10/9,07:15,430,,,,36
2025/10/9,07:30,430,,,,35
2025/10/9,07:45,430,,,,39
2025/10/9,08:00,430,,,,46
2025/10/9,08:15,430,,,,54
2025/10/9,08:30,430,,,,105
2025/10/9,08:45,430,,,,131
2025/10/9,09:00,430,,,,143
2025/10/9,09:15,430,,223,,
2025/10/9,09:30,430,,317,,
2025/10/9,09:45,430,,381,,
2025/10/9,10:00,430,,396,,
2025/10/9,10:15,430,,371,,
2025/10/9,10:30,430,,384,,
2025/10/9,10:45,430,,420,,
2025/10/9,11:00,430,,435,,
2025/10/9,11:15,430,,428,,
2025/10/9,11:30,430,,441,,
2025/10/9,11:45,430,,454,,
2025/10/9,12:00,430,,428,,
2025/10/9,12:15,430,,315,,
2025/10/9,12:30,430,,313,,
2025/10/9,12:45,430,,304,,
2025/10/9,13:00,430,,346,,
2025/10/9,13:15,430,,432,,
2025/10/9,13:30,430,,387,,
2025/10/9,13:45,430,,400,,
2025/10/9,14:00,430,,415,,
2025/10/9,14:15,430,,394,,
2025/10/9,14:30,430,,392,,
2025/10/9,14:45,430,,406,,
2025/10/9,15:00,430,,395,,
2025/10/9,15:15,430,,401,,
2025/10/9,15:30,430,,399,,
2025/10/9,15:45,430,,409,,
2025/10/9,16:00,430,,387,,
2025/10/9,16:15,430,368,,,
2025/10/9,16:30,430,359,,,
2025/10/9,16:45,430,372,,,
2025/10/9,17:00,430,358,,,
2025/10/9,17:15,430,314,,,
2025/10/9,17:30,430,270,,,
2025/10/9,17:45,430,255,,,
2025/10/9,18:00,430,270,,,
2025/10/9,18:15,430,262,,,
2025/10/9,18:30,430,275,,,
2025/10/9,18:45,430,317,,,
2025/10/9,19:00,430,331,,,
2025/10/9,19:15,430,323,,,
2025/10/9,19:30,430,339,,,
2025/10/9,19:45,430,294,,,
2025/10/9,20:00,430,274,,,
2025/10/9,20:15,430,211,,,
2025/10/9,20:30,430,205,,,
2025/10/9,20:45,430,256,,,
2025/10/9,21:00,430,315,,,
2025/10/9,21:15,430,306,,,
2025/10/9,21:30,430,304,,,
2025/10/9,21:45,430,298,,,
2025/10/9,22:00,430,299,,,
2025/10/9,22:15,430,,302,,
2025/10/9,22:30,430,,285,,
2025/10/9,22:45,430,,286,,
2025/10/9,23:00,430,,240,,
2025/10/9,23:15,430,,165,,
2025/10/9,23:30,430,,139,,
2025/10/9,23:45,430,,194,,
2025/10/10,00:00,430,,210,,
2025/10/10,00:15,430,,,,171
2025/10/10,00:30,430,,,,122
2025/10/10,00:45,430,,,,106
2025/10/10,01:00,430,,,,102
2025/10/10,01:15,430,,,,102
2025/10/10,01:30,430,,,,80
2025/10/10,01:45,430,,,,78
2025/10/10,02:00,430,,,,83
2025/10/10,02:15,430,,,,77
2025/10/10,02:30,430,,,,75
2025/10/10,02:45,430,,,,80
2025/10/10,03:00,430,,,,75
2025/10/10,03:15,430,,,,75
2025/10/10,03:30,430,,,,72
2025/10/10,03:45,430,,,,74
2025/10/10,04:00,430,,,,72
2025/10/10,04:15,430,,,,74
2025/10/10,04:30,430,,,,72
2025/10/10,04:45,430,,,,69
2025/10/10,05:00,430,,,,56
2025/10/10,05:15,430,,,,48
2025/10/10,05:30,430,,,,50
2025/10/10,05:45,430,,,,50
2025/10/10,06:00,430,,,,50
2025/10/10,06:15,430,,,,47
2025/10/10,06:30,430,,,,32
2025/10/10,06:45,430,,,,29
2025/10/10,07:00,430,,,,31
2025/10/10,07:15,430,,,,31
2025/10/10,07:30,430,,,,31
2025/10/10,07:45,430,,,,36
2025/10/10,08:00,430,,,,42
2025/10/10,08:15,430,,,,67
2025/10/10,08:30,430,,,,126
2025/10/10,08:45,430,,,,132
2025/10/10,09:00,430,,,,138
2025/10/10,09:15,430,,,,187
2025/10/10,09:30,430,,,,279
2025/10/10,09:45,430,,,,377
2025/10/10,10:00,430,,,,361
2025/10/10,10:15,430,,,,356
2025/10/10,10:30,430,,,,340
2025/10/10,10:45,430,,,,373
2025/10/10,11:00,430,,,,393
2025/10/10,11:15,430,,,,366
2025/10/10,11:30,430,,,,352
2025/10/10,11:45,430,,,,350
2025/10/10,12:00,430,,,,357
2025/10/10,12:15,430,,,,289
2025/10/10,12:30,430,,,,274
2025/10/10,12:45,430,,,,280
2025/10/10,13:00,430,,,,285
2025/10/10,13:15,430,,,,333
2025/10/10,13:30,430,,,,338
2025/10/10,13:45,430,,,,357
2025/10/10,14:00,430,,,,354
2025/10/10,14:15,430,,,,358
2025/10/10,14:30,430,,,,360
2025/10/10,14:45,430,,,,358
2025/10/10,15:00,430,,,,354
2025/10/10,15:15,430,,,,368
2025/10/10,15:30,430,,,,385
2025/10/10,15:45,430,,,,368
2025/10/10,16:00,430,,,,366
2025/10/10,16:15,430,,,,341
2025/10/10,16:30,430,,,,354
2025/10/10,16:45,430,,,,352
2025/10/10,17:00,430,,,,355
2025/10/10,17:15,430,,,,336
2025/10/10,17:30,430,,,,265
2025/10/10,17:45,430,,,,266
2025/10/10,18:00,430,,,,290
2025/10/10,18:15,430,,,,285
2025/10/10,18:30,430,,,,291
2025/10/10,18:45,430,,,,299
2025/10/10,19:00,430,,,,315
2025/10/10,19:15,430,,,,326
2025/10/10,19:30,430,,,,323
2025/10/10,19:45,430,,,,290
2025/10/10,20:00,430,,,,261
2025/10/10,20:15,430,,,,210
2025/10/10,20:30,430,,,,195
2025/10/10,20:45,430,,,,242
2025/10/10,21:00,430,,,,304
2025/10/10,21:15,430,,,,301
2025/10/10,21:30,430,,,,293
2025/10/10,21:45,430,,,,302
2025/10/10,22:00,430,,,,307
2025/10/10,22:15,430,,,,309
2025/10/10,22:30,430,,,,306
2025/10/10,22:45,430,,,,280
2025/10/10,23:00,430,,,,235
2025/10/10,23:15,430,,,,200
2025/10/10,23:30,430,,,,194
2025/10/10,23:45,430,,,,234
2025/10/11,00:00,430,,,,282
2025/10/11,00:15,430,,,,219
2025/10/11,00:30,430,,,,176
2025/10/11,00:45,430,,,,150
2025/10/11,01:00,430,,,,102
2025/10/11,01:15,430,,,,93
2025/10/11,01:30,430,,,,80
2025/10/11,01:45,430,,,,72
2025/10/11,02:00,430,,,,66
2025/10/11,02:15,430,,,,70
2025/10/11,02:30,430,,,,64
2025/10/11,02:45,430,,,,64
2025/10/11,03:00,430,,,,69
2025/10/11,03:15,430,,,,66
2025/10/11,03:30,430,,,,64
2025/10/11,03:45,430,,,,67
2025/10/11,04:00,430,,,,66
2025/10/11,04:15,430,,,,43
2025/10/11,04:30,430,,,,43
2025/10/11,04:45,430,,,,42
2025/10/11,05:00,430,,,,40
2025/10/11,05:15,430,,,,40
2025/10/11,05:30,430,,,,43
2025/10/11,05:45,430,,,,42
2025/10/11,06:00,430,,,,46
2025/10/11,06:15,430,,,,48
2025/10/11,06:30,430,,,,46
2025/10/11,06:45,430,,,,35
2025/10/11,07:00,430,,,,29
2025/10/11,07:15,430,,,,31
2025/10/11,07:30,430,,,,32
2025/10/11,07:45,430,,,,37
2025/10/11,08:00,430,,,,43
2025/10/11,08:15,430,,,,75
2025/10/11,08:30,430,,,,125
2025/10/11,08:45,430,,,,148
2025/10/11,09:00,430,,,174,
2025/10/11,09:15,430,,,185,
2025/10/11,09:30,430,,,235,
2025/10/11,09:45,430,,,336,
2025/10/11,10:00,430,,,389,
2025/10/11,10:15,430,,,393,
2025/10/11,10:30,430,,,390,
2025/10/11,10:45,430,,,382,
2025/10/11,11:00,430,,,379,
2025/10/11,11:15,430,,,361,
2025/10/11,11:30,430,,,372,
2025/10/11,11:45,430,,,341,
2025/10/11,12:00,430,,,323,
2025/10/11,12:15,430,,,268,
2025/10/11,12:30,430,,,265,
2025/10/11,12:45,430,,,260,
2025/10/11,13:00,430,,,259,
2025/10/11,13:15,430,,,320,
2025/10/11,13:30,430,,,338,
2025/10/11,13:45,430,,,358,
2025/10/11,14:00,430,,,383,
2025/10/11,14:15,430,,,378,
2025/10/11,14:30,430,,,362,
2025/10/11,14:45,430,,,359,
2025/10/11,15:00,430,,,337,
2025/10/11,15:15,430,,,320,
2025/10/11,15:30,430,,,354,
2025/10/11,15:45,430,,,355,
2025/10/11,16:00,430,,,316,
2025/10/11,16:15,430,,,316,
2025/10/11,16:30,430,,,329,
2025/10/11,16:45,430,,,346,
2025/10/11,17:00,430,,,331,
2025/10/11,17:15,430,,,304,
2025/10/11,17:30,430,,,277,
2025/10/11,17:45,430,,,242,
2025/10/11,18:00,430,,,238,
2025/10/11,18:15,430,,,264,
2025/10/11,18:30,430,,,267,
2025/10/11,18:45,430,,,259,
2025/10/11,19:00,430,,,294,
2025/10/11,19:15,430,,,307,
2025/10/11,19:30,430,,,283,
2025/10/11,19:45,430,,,214,
2025/10/11,20:00,430,,,197,
2025/10/11,20:15,430,,,197,
2025/10/11,20:30,430,,,197,
2025/10/11,20:45,430,,,242,
2025/10/11,21:00,430,,,306,
2025/10/11,21:15,430,,,318,
2025/10/11,21:30,430,,,320,
2025/10/11,21:45,430,,,291,
2025/10/11,22:00,430,,,256,
2025/10/11,22:15,430,,,213,
2025/10/11,22:30,430,,,189,
2025/10/11,22:45,430,,,166,
2025/10/11,23:00,430,,,170,
2025/10/11,23:15,430,,,160,
2025/10/11,23:30,430,,,152,
2025/10/11,23:45,430,,,195,
2025/10/12,00:00,430,,,195,
2025/10/12,00:15,430,,,,144
2025/10/12,00:30,430,,,,112
2025/10/12,00:45,430,,,,114
2025/10/12,01:00,430,,,,115
2025/10/12,01:15,430,,,,104
2025/10/12,01:30,430,,,,83
2025/10/12,01:45,430,,,,85
2025/10/12,02:00,430,,,,80
2025/10/12,02:15,430,,,,77
2025/10/12,02:30,430,,,,74
2025/10/12,02:45,430,,,,77
2025/10/12,03:00,430,,,,74
2025/10/12,03:15,430,,,,70
2025/10/12,03:30,430,,,,77
2025/10/12,03:45,430,,,,70
2025/10/12,04:00,430,,,,58
2025/10/12,04:15,430,,,,40
2025/10/12,04:30,430,,,,42
2025/10/12,04:45,430,,,,37
2025/10/12,05:00,430,,,,38
2025/10/12,05:15,430,,,,37
2025/10/12,05:30,430,,,,38
2025/10/12,05:45,430,,,,37
2025/10/12,06:00,430,,,,40
2025/10/12,06:15,430,,,,38
2025/10/12,06:30,430,,,,40
2025/10/12,06:45,430,,,,39
2025/10/12,07:00,430,,,,27
2025/10/12,07:15,430,,,,28
2025/10/12,07:30,430,,,,26
2025/10/12,07:45,430,,,,29
2025/10/12,08:00,430,,,,35
2025/10/12,08:15,430,,,,72
2025/10/12,08:30,430,,,,78
2025/10/12,08:45,430,,,,72
2025/10/12,09:00,430,,,,75
2025/10/12,09:15,430,,,,69
2025/10/12,09:30,430,,,,79
2025/10/12,09:45,430,,,,71
2025/10/12,10:00,430,,,,74
2025/10/12,10:15,430,,,,69
2025/10/12,10:30,430,,,,74
2025/10/12,10:45,430,,,,74
2025/10/12,11:00,430,,,,85
2025/10/12,11:15,430,,,,129
2025/10/12,11:30,430,,,,155
2025/10/12,11:45,430,,,,233
2025/10/12,12:00,430,,,,283
2025/10/12,12:15,430,,,,290
2025/10/12,12:30,430,,,,282
2025/10/12,12:45,430,,,,272
2025/10/12,13:00,430,,,,293
2025/10/12,13:15,430,,,,296
2025/10/12,13:30,430,,,,281
2025/10/12,13:45,430,,,,292
2025/10/12,14:00,430,,,,302
2025/10/12,14:15,430,,,,283
2025/10/12,14:30,430,,,,276
2025/10/12,14:45,430,,,,290
2025/10/12,15:00,430,,,,287
2025/10/12,15:15,430,,,,291
2025/10/12,15:30,430,,,,268
2025/10/12,15:45,430,,,,254
2025/10/12,16:00,430,,,,227
2025/10/12,16:15,430,,,,191
2025/10/12,16:30,430,,,,167
2025/10/12,16:45,430,,,,133
2025/10/12,17:00,430,,,,127
2025/10/12,17:15,430,,,,116
2025/10/12,17:30,430,,,,105
2025/10/12,17:45,430,,,,64
2025/10/12,18:00,430,,,,69
2025/10/12,18:15,430,,,,69
2025/10/12,18:30,430,,,,67
2025/10/12,18:45,430,,,,67
2025/10/12,19:00,430,,,,66
2025/10/12,19:15,430,,,,66
2025/10/12,19:30,430,,,,64
2025/10/12,19:45,430,,,,66
2025/10/12,20:00,430,,,,64
2025/10/12,20:15,430,,,,67
2025/10/12,20:30,430,,,,64
2025/10/12,20:45,430,,,,53
2025/10/12,21:00,430,,,,53
2025/10/12,21:15,430,,,,26
2025/10/12,21:30,430,,,,24
2025/10/12,21:45,430,,,,26
2025/10/12,22:00,430,,,,24
2025/10/12,22:15,430,,,,26
2025/10/12,22:30,430,,,,24
2025/10/12,22:45,430,,,,26
2025/10/12,23:00,430,,,,24
2025/10/12,23:15,430,,,,24
2025/10/12,23:30,430,,,,22
2025/10/12,23:45,430,,,,24
2025/10/13,00:00,430,,,,24
2025/10/13,00:15,430,,,,22
2025/10/13,00:30,430,,,,24
2025/10/13,00:45,430,,,,24
2025/10/13,01:00,430,,,,22
2025/10/13,01:15,430,,,,22
2025/10/13,01:30,430,,,,24
2025/10/13,01:45,430,,,,22
2025/10/13,02:00,430,,,,24
2025/10/13,02:15,430,,,,26
2025/10/13,02:30,430,,,,27
2025/10/13,02:45,430,,,,26
2025/10/13,03:00,430,,,,27
2025/10/13,03:15,430,,,,26
2025/10/13,03:30,430,,,,27
2025/10/13,03:45,430,,,,27
2025/10/13,04:00,430,,,,27
2025/10/13,04:15,430,,,,27
2025/10/13,04:30,430,,,,27
2025/10/13,04:45,430,,,,29
2025/10/13,05:00,430,,,,26
2025/10/13,05:15,430,,,,29
2025/10/13,05:30,430,,,,26
2025/10/13,05:45,430,,,,29
2025/10/13,06:00,430,,,,27
2025/10/13,06:15,430,,,,32
2025/10/13,06:30,430,,,,33
2025/10/13,06:45,430,,,,31
2025/10/13,07:00,430,,,,29
2025/10/13,07:15,430,,,,32
2025/10/13,07:30,430,,,,34
2025/10/13,07:45,430,,,,38
2025/10/13,08:00,430,,,,44
2025/10/13,08:15,430,,,,55
2025/10/13,08:30,430,,,,109
2025/10/13,08:45,430,,,,166
2025/10/13,09:00,430,,,,188
2025/10/13,09:15,430,,242,,
2025/10/13,09:30,430,,283,,
2025/10/13,09:45,430,,310,,
2025/10/13,10:00,430,,343,,
2025/10/13,10:15,430,,355,,
2025/10/13,10:30,430,,397,,
2025/10/13,10:45,430,,412,,
2025/10/13,11:00,430,,419,,
2025/10/13,11:15,430,,413,,
2025/10/13,11:30,430,,392,,
2025/10/13,11:45,430,,386,,
2025/10/13,12:00,430,,364,,
2025/10/13,12:15,430,,309,,
2025/10/13,12:30,430,,316,,
2025/10/13,12:45,430,,285,,
2025/10/13,13:00,430,,267,,
2025/10/13,13:15,430,,324,,
2025/10/13,13:30,430,,363,,
2025/10/13,13:45,430,,370,,
2025/10/13,14:00,430,,377,,
2025/10/13,14:15,430,,364,,
2025/10/13,14:30,430,,344,,
2025/10/13,14:45,430,,354,,
2025/10/13,15:00,430,,369,,
2025/10/13,15:15,430,,356,,
2025/10/13,15:30,430,,339,,
2025/10/13,15:45,430,,345,,
2025/10/13,16:00,430,,356,,
2025/10/13,16:15,430,325,,,
2025/10/13,16:30,430,333,,,
2025/10/13,16:45,430,298,,,
2025/10/13,17:00,430,272,,,
2025/10/13,17:15,430,223,,,
2025/10/13,17:30,430,191,,,
2025/10/13,17:45,430,194,,,
2025/10/13,18:00,430,237,,,
2025/10/13,18:15,430,298,,,
2025/10/13,18:30,430,322,,,
2025/10/13,18:45,430,334,,,
2025/10/13,19:00,430,326,,,
2025/10/13,19:15,430,330,,,
2025/10/13,19:30,430,310,,,
2025/10/13,19:45,430,307,,,
2025/10/13,20:00,430,294,,,
2025/10/13,20:15,430,238,,,
2025/10/13,20:30,430,203,,,
2025/10/13,20:45,430,227,,,
2025/10/13,21:00,430,275,,,
2025/10/13,21:15,430,298,,,
2025/10/13,21:30,430,309,,,
2025/10/13,21:45,430,274,,,
2025/10/13,22:00,430,285,,,
2025/10/13,22:15,430,,283,,
2025/10/13,22:30,430,,291,,
2025/10/13,22:45,430,,299,,
2025/10/13,23:00,430,,256,,
2025/10/13,23:15,430,,203,,
2025/10/13,23:30,430,,192,,
2025/10/13,23:45,430,,238,,
2025/10/14,00:00,430,,267,,
2025/10/14,00:15,430,,,,218
2025/10/14,00:30,430,,,,162
2025/10/14,00:45,430,,,,142
2025/10/14,01:00,430,,,,141
2025/10/14,01:15,430,,,,115
2025/10/14,01:30,430,,,,82
2025/10/14,01:45,430,,,,67
2025/10/14,02:00,430,,,,66
2025/10/14,02:15,430,,,,70
2025/10/14,02:30,430,,,,66
2025/10/14,02:45,430,,,,66
2025/10/14,03:00,430,,,,64
2025/10/14,03:15,430,,,,69
2025/10/14,03:30,430,,,,62
2025/10/14,03:45,430,,,,66
2025/10/14,04:00,430,,,,62
2025/10/14,04:15,430,,,,69
2025/10/14,04:30,430,,,,62
2025/10/14,04:45,430,,,,40
2025/10/14,05:00,430,,,,42
2025/10/14,05:15,430,,,,42
2025/10/14,05:30,430,,,,40
2025/10/14,05:45,430,,,,42
2025/10/14,06:00,430,,,,46
2025/10/14,06:15,430,,,,47
2025/10/14,06:30,430,,,,47
2025/10/14,06:45,430,,,,44
2025/10/14,07:00,430,,,,46
2025/10/14,07:15,430,,,,42
2025/10/14,07:30,430,,,,44
2025/10/14,07:45,430,,,,49
2025/10/14,08:00,430,,,,58
2025/10/14,08:15,430,,,,61
2025/10/14,08:30,430,,,,119
2025/10/14,08:45,430,,,,145
2025/10/14,09:00,430,,,,149
2025/10/14,09:15,430,,240,,
2025/10/14,09:30,430,,326,,
2025/10/14,09:45,430,,364,,
2025/10/14,10:00,430,,373,,
2025/10/14,10:15,430,,347,,
2025/10/14,10:30,430,,353,,
2025/10/14,10:45,430,,371,,
2025/10/14,11:00,430,,382,,
2025/10/14,11:15,430,,360,,
2025/10/14,11:30,430,,369,,
2025/10/14,11:45,430,,376,,
2025/10/14,12:00,430,,330,,
2025/10/14,12:15,430,,268,,
2025/10/14,12:30,430,,284,,
2025/10/14,12:45,430,,279,,
2025/10/14,13:00,430,,276,,
2025/10/14,13:15,430,,348,,
2025/10/14,13:30,430,,366,,
2025/10/14,13:45,430,,377,,
2025/10/14,14:00,430,,401,,
2025/10/14,14:15,430,,376,,
2025/10/14,14:30,430,,373,,
2025/10/14,14:45,430,,374,,
2025/10/14,15:00,430,,384,,
2025/10/14,15:15,430,,387,,
2025/10/14,15:30,430,,383,,
2025/10/14,15:45,430,,366,,
2025/10/14,16:00,430,,374,,
2025/10/14,16:15,430,340,,,
2025/10/14,16:30,430,337,,,
2025/10/14,16:45,430,339,,,
2025/10/14,17:00,430,327,,,
2025/10/14,17:15,430,293,,,
2025/10/14,17:30,430,248,,,
2025/10/14,17:45,430,256,,,
2025/10/14,18:00,430,274,,,
2025/10/14,18:15,430,294,,,
2025/10/14,18:30,430,302,,,
2025/10/14,18:45,430,315,,,
2025/10/14,19:00,430,290,,,
2025/10/14,19:15,430,290,,,
2025/10/14,19:30,430,278,,,
2025/10/14,19:45,430,253,,,
2025/10/14,20:00,430,229,,,
2025/10/14,20:15,430,222,,,
2025/10/14,20:30,430,224,,,
2025/10/14,20:45,430,245,,,
2025/10/14,21:00,430,246,,,
2025/10/14,21:15,430,237,,,
2025/10/14,21:30,430,270,,,
2025/10/14,21:45,430,286,,,
2025/10/14,22:00,430,302,,,
2025/10/14,22:15,430,,296,,
2025/10/14,22:30,430,,299,,
2025/10/14,22:45,430,,302,,
2025/10/14,23:00,430,,288,,
2025/10/14,23:15,430,,240,,
2025/10/14,23:30,430,,224,,
2025/10/14,23:45,430,,258,,
2025/10/15,00:00,430,,282,,
2025/10/15,00:15,430,,,,264
2025/10/15,00:30,430,,,,272
2025/10/15,00:45,430,,,,286
2025/10/15,01:00,430,,,,272
2025/10/15,01:15,430,,,,237
2025/10/15,01:30,430,,,,182
2025/10/15,01:45,430,,,,139
2025/10/15,02:00,430,,,,115
2025/10/15,02:15,430,,,,86
2025/10/15,02:30,430,,,,69
2025/10/15,02:45,430,,,,61
2025/10/15,03:00,430,,,,61
2025/10/15,03:15,430,,,,59
2025/10/15,03:30,430,,,,56
2025/10/15,03:45,430,,,,56
2025/10/15,04:00,430,,,,56
2025/10/15,04:15,430,,,,32
2025/10/15,04:30,430,,,,30
2025/10/15,04:45,430,,,,29
2025/10/15,05:00,430,,,,30
2025/10/15,05:15,430,,,,30
2025/10/15,05:30,430,,,,29
2025/10/15,05:45,430,,,,30
2025/10/15,06:00,430,,,,34
2025/10/15,06:15,430,,,,36
2025/10/15,06:30,430,,,,36
2025/10/15,06:45,430,,,,31
2025/10/15,07:00,430,,,,34
2025/10/15,07:15,430,,,,30
2025/10/15,07:30,430,,,,36
2025/10/15,07:45,430,,,,38
2025/10/15,08:00,430,,,,46
2025/10/15,08:15,430,,,,63
2025/10/15,08:30,430,,,,135
2025/10/15,08:45,430,,,,150
2025/10/15,09:00,430,,,,141
2025/10/15,09:15,430,,187,,
2025/10/15,09:30,430,,277,,
2025/10/15,09:45,430,,342,,
2025/10/15,10:00,430,,375,,
2025/10/15,10:15,430,,402,,
2025/10/15,10:30,430,,389,,
2025/10/15,10:45,430,,389,,
2025/10/15,11:00,430,,391,,
2025/10/15,11:15,430,,377,,
2025/10/15,11:30,430,,374,,
2025/10/15,11:45,430,,375,,
2025/10/15,12:00,430,,367,,
2025/10/15,12:15,430,,314,,
2025/10/15,12:30,430,,327,,
2025/10/15,12:45,430,,306,,
2025/10/15,13:00,430,,275,,
2025/10/15,13:15,430,,340,,
2025/10/15,13:30,430,,366,,
2025/10/15,13:45,430,,395,,
2025/10/15,14:00,430,,394,,
2025/10/15,14:15,430,,390,,
2025/10/15,14:30,430,,373,,
2025/10/15,14:45,430,,386,,
2025/10/15,15:00,430,,381,,
2025/10/15,15:15,430,,383,,
2025/10/15,15:30,430,,383,,
2025/10/15,15:45,430,,410,,
2025/10/15,16:00,430,,390,,
2025/10/15,16:15,430,360,,,
2025/10/15,16:30,430,333,,,
2025/10/15,16:45,430,353,,,
2025/10/15,17:00,430,348,,,
2025/10/15,17:15,430,318,,,
2025/10/15,17:30,430,291,,,
2025/10/15,17:45,430,256,,,
2025/10/15,18:00,430,302,,,
2025/10/15,18:15,430,333,,,
2025/10/15,18:30,430,328,,,
2025/10/15,18:45,430,339,,,
2025/10/15,19:00,430,347,,,
2025/10/15,19:15,430,344,,,
2025/10/15,19:30,430,328,,,
2025/10/15,19:45,430,320,,,
2025/10/15,20:00,430,320,,,
2025/10/15,20:15,430,266,,,
2025/10/15,20:30,430,238,,,
2025/10/15,20:45,430,269,,,
2025/10/15,21:00,430,326,,,
2025/10/15,21:15,430,306,,,
2025/10/15,21:30,430,299,,,
2025/10/15,21:45,430,294,,,
2025/10/15,22:00,430,299,,,
2025/10/15,22:15,430,,296,,
2025/10/15,22:30,430,,290,,
2025/10/15,22:45,430,,288,,
2025/10/15,23:00,430,,272,,
2025/10/15,23:15,430,,230,,
2025/10/15,23:30,430,,186,,
2025/10/15,23:45,430,,206,,
2025/10/16,00:00,430,,256,,
2025/10/16,00:15,430,,,,213
2025/10/16,00:30,430,,,,152
2025/10/16,00:45,430,,,,110
2025/10/16,01:00,430,,,,109
2025/10/16,01:15,430,,,,88
2025/10/16,01:30,430,,,,77
2025/10/16,01:45,430,,,,74
2025/10/16,02:00,430,,,,69
2025/10/16,02:15,430,,,,58
2025/10/16,02:30,430,,,,58
2025/10/16,02:45,430,,,,56
2025/10/16,03:00,430,,,,58
2025/10/16,03:15,430,,,,54
2025/10/16,03:30,430,,,,58
2025/10/16,03:45,430,,,,53
2025/10/16,04:00,430,,,,54
2025/10/16,04:15,430,,,,53
2025/10/16,04:30,430,,,,32
2025/10/16,04:45,430,,,,29
2025/10/16,05:00,430,,,,30
2025/10/16,05:15,430,,,,30
2025/10/16,05:30,430,,,,30
2025/10/16,05:45,430,,,,29
2025/10/16,06:00,430,,,,32
2025/10/16,06:15,430,,32,,
2025/10/16,06:30,430,,32,,
2025/10/16,06:45,430,,34,,
2025/10/16,07:00,430,,34,,
2025/10/16,07:15,430,,35,,
2025/10/16,07:30,430,,33,,
2025/10/16,07:45,430,,38,,
2025/10/16,08:00,430,,46,,
2025/10/16,08:15,430,,57,,
2025/10/16,08:30,430,,115,,
2025/10/16,08:45,430,,146,,
2025/10/16,09:00,430,,182,,
2025/10/16,09:15,430,,242,,
2025/10/16,09:30,430,,328,,
2025/10/16,09:45,430,,399,,
2025/10/16,10:00,430,,404,,
2025/10/16,10:15,430,,415,,
2025/10/16,10:30,430,,418,,
2025/10/16,10:45,430,,449,,
2025/10/16,11:00,430,,481,,
2025/10/16,11:15,430,,,,476
2025/10/16,11:30,430,,,,467
2025/10/16,11:45,430,,,,446
2025/10/16,12:00,430,,,,418
2025/10/16,12:15,430,,,,332
2025/10/16,12:30,430,,,,305
2025/10/16,12:45,430,,,,295
2025/10/16,13:00,430,,,,334
2025/10/16,13:15,430,,,,445
2025/10/16,13:30,430,,,,430
2025/10/16,13:45,430,,,,457
2025/10/16,14:00,430,,,,461
2025/10/16,14:15,430,,459,,
2025/10/16,14:30,430,,418,,
2025/10/16,14:45,430,,425,,
2025/10/16,15:00,430,,397,,
2025/10/16,15:15,430,,391,,
2025/10/16,15:30,430,,384,,
2025/10/16,15:45,430,,387,,
2025/10/16,16:00,430,,392,,
2025/10/16,16:15,430,,369,,
2025/10/16,16:30,430,,367,,
2025/10/16,16:45,430,,368,,
2025/10/16,17:00,430,,337,,
2025/10/16,17:15,430,,306,,
2025/10/16,17:30,430,,262,,
2025/10/16,17:45,430,,256,,
2025/10/16,18:00,430,,306,,
2025/10/16,18:15,430,,336,,
2025/10/16,18:30,430,,330,,
2025/10/16,18:45,430,,322,,
2025/10/16,19:00,430,,328,,
2025/10/16,19:15,430,,328,,
2025/10/16,19:30,430,,318,,
2025/10/16,19:45,430,,290,,
2025/10/16,20:00,430,,288,,
2025/10/16,20:15,430,,232,,
2025/10/16,20:30,430,,203,,
2025/10/16,20:45,430,,251,,
2025/10/16,21:00,430,,299,,
2025/10/16,21:15,430,,291,,
2025/10/16,21:30,430,,278,,
2025/10/16,21:45,430,,286,,
2025/10/16,22:00,430,,301,,
2025/10/16,22:15,430,,290,,
2025/10/16,22:30,430,,278,,
2025/10/16,22:45,430,,286,,
2025/10/16,23:00,430,,277,,
2025/10/16,23:15,430,,229,,
2025/10/16,23:30,430,,208,,
2025/10/16,23:45,430,,234,,
2025/10/17,00:00,430,,258,,
2025/10/17,00:15,430,,,,246
2025/10/17,00:30,430,,,,245
2025/10/17,00:45,430,,,,261
2025/10/17,01:00,430,,,,253
2025/10/17,01:15,430,,,,237
2025/10/17,01:30,430,,,,211
2025/10/17,01:45,430,,,,155
2025/10/17,02:00,430,,,,106
2025/10/17,02:15,430,,,,98
2025/10/17,02:30,430,,,,75
2025/10/17,02:45,430,,,,56
2025/10/17,03:00,430,,,,53
2025/10/17,03:15,430,,,,50
2025/10/17,03:30,430,,,,53
2025/10/17,03:45,430,,,,51
2025/10/17,04:00,430,,,,50
2025/10/17,04:15,430,,,,46
2025/10/17,04:30,430,,,,32
2025/10/17,04:45,430,,,,50
2025/10/17,05:00,430,,,,38
2025/10/17,05:15,430,,,,30
2025/10/17,05:30,430,,,,30
2025/10/17,05:45,430,,,,29
2025/10/17,06:00,430,,,,30
2025/10/17,06:15,430,,33,,
2025/10/17,06:30,430,,34,,
2025/10/17,06:45,430,,32,,
2025/10/17,07:00,430,,31,,
2025/10/17,07:15,430,,32,,
2025/10/17,07:30,430,,32,,
2025/10/17,07:45,430,,35,,
2025/10/17,08:00,430,,43,,
2025/10/17,08:15,430,,50,,
2025/10/17,08:30,430,,110,,
2025/10/17,08:45,430,,135,,
2025/10/17,09:00,430,,151,,
2025/10/17,09:15,430,,230,,
2025/10/17,09:30,430,,342,,
2025/10/17,09:45,430,,397,,
2025/10/17,10:00,430,,392,,
2025/10/17,10:15,430,,364,,
2025/10/17,10:30,430,,356,,
2025/10/17,10:45,430,,399,,
2025/10/17,11:00,430,,395,,
2025/10/17,11:15,430,,,,369
2025/10/17,11:30,430,,,,361
2025/10/17,11:45,430,,,,379
2025/10/17,12:00,430,,,,363
2025/10/17,12:15,430,,,,293
2025/10/17,12:30,430,,,,270
2025/10/17,12:45,430,,,,281
2025/10/17,13:00,430,,,,289
2025/10/17,13:15,430,,,,344
2025/10/17,13:30,430,,,,363
2025/10/17,13:45,430,,,,379
2025/10/17,14:00,430,,,,386
2025/10/17,14:15,430,,367,,
2025/10/17,14:30,430,,359,,
2025/10/17,14:45,430,,357,,
2025/10/17,15:00,430,,373,,
2025/10/17,15:15,430,,398,,
2025/10/17,15:30,430,,371,,
2025/10/17,15:45,430,,369,,
2025/10/17,16:00,430,,366,,
2025/10/17,16:15,430,,346,,
2025/10/17,16:30,430,,378,,
2025/10/17,16:45,430,,351,,
2025/10/17,17:00,430,,333,,
2025/10/17,17:15,430,,301,,
2025/10/17,17:30,430,,272,,
2025/10/17,17:45,430,,266,,
2025/10/17,18:00,430,,267,,
2025/10/17,18:15,430,,291,,
2025/10/17,18:30,430,,323,,
2025/10/17,18:45,430,,338,,
2025/10/17,19:00,430,,331,,
2025/10/17,19:15,430,,339,,
2025/10/17,19:30,430,,307,,
2025/10/17,19:45,430,,298,,
2025/10/17,20:00,430,,290,,
2025/10/17,20:15,430,,246,,
2025/10/17,20:30,430,,222,,
2025/10/17,20:45,430,,269,,
2025/10/17,21:00,430,,309,,
2025/10/17,21:15,430,,318,,
2025/10/17,21:30,430,,302,,
2025/10/17,21:45,430,,291,,
2025/10/17,22:00,430,,275,,
2025/10/17,22:15,430,,296,,
2025/10/17,22:30,430,,309,,
2025/10/17,22:45,430,,318,,
2025/10/17,23:00,430,,274,,
2025/10/17,23:15,430,,198,,
2025/10/17,23:30,430,,162,,
2025/10/17,23:45,430,,203,,
2025/10/18,00:00,430,,243,,
2025/10/18,00:15,430,,,,245
2025/10/18,00:30,430,,,,248
2025/10/18,00:45,430,,,,222
2025/10/18,01:00,430,,,,149
2025/10/18,01:15,430,,,,122
2025/10/18,01:30,430,,,,106
2025/10/18,01:45,430,,,,86
2025/10/18,02:00,430,,,,88
2025/10/18,02:15,430,,,,70
2025/10/18,02:30,430,,,,53
2025/10/18,02:45,430,,,,50
2025/10/18,03:00,430,,,,53
2025/10/18,03:15,430,,,,50
2025/10/18,03:30,430,,,,51
2025/10/18,03:45,430,,,,51
2025/10/18,04:00,430,,,,50
2025/10/18,04:15,430,,,,50
2025/10/18,04:30,430,,,,42
2025/10/18,04:45,430,,,,29
2025/10/18,05:00,430,,,,29
2025/10/18,05:15,430,,,,29
2025/10/18,05:30,430,,,,27
2025/10/18,05:45,430,,,,30
2025/10/18,06:00,430,,,,30
2025/10/18,06:15,430,,,35,
2025/10/18,06:30,430,,,35,
2025/10/18,06:45,430,,,38,
2025/10/18,07:00,430,,,35,
2025/10/18,07:15,430,,,33,
2025/10/18,07:30,430,,,36,
2025/10/18,07:45,430,,,41,
2025/10/18,08:00,430,,,47,
2025/10/18,08:15,430,,,89,
2025/10/18,08:30,430,,,130,
2025/10/18,08:45,430,,,141,
2025/10/18,09:00,430,,,172,
2025/10/18,09:15,430,,,274,
2025/10/18,09:30,430,,,354,
2025/10/18,09:45,430,,,388,
2025/10/18,10:00,430,,,383,
2025/10/18,10:15,430,,,367,
2025/10/18,10:30,430,,,365,
2025/10/18,10:45,430,,,383,
2025/10/18,11:00,430,,,378,
2025/10/18,11:15,430,,,,363
2025/10/18,11:30,430,,,,339
2025/10/18,11:45,430,,,,345
2025/10/18,12:00,430,,,,360
2025/10/18,12:15,430,,,,311
2025/10/18,12:30,430,,,,300
2025/10/18,12:45,430,,,,278
2025/10/18,13:00,430,,,,289
2025/10/18,13:15,430,,,,344
2025/10/18,13:30,430,,,,338
2025/10/18,13:45,430,,,,339
2025/10/18,14:00,430,,,,371
2025/10/18,14:15,430,,,368,
2025/10/18,14:30,430,,,361,
2025/10/18,14:45,430,,,354,
2025/10/18,15:00,430,,,351,
2025/10/18,15:15,430,,,361,
2025/10/18,15:30,430,,,349,
2025/10/18,15:45,430,,,368,
2025/10/18,16:00,430,,,376,
2025/10/18,16:15,430,,,356,
2025/10/18,16:30,430,,,344,
2025/10/18,16:45,430,,,332,
2025/10/18,17:00,430,,,299,
2025/10/18,17:15,430,,,273,
2025/10/18,17:30,430,,,257,
2025/10/18,17:45,430,,,240,
2025/10/18,18:00,430,,,296,
2025/10/18,18:15,430,,,330,
2025/10/18,18:30,430,,,336,
2025/10/18,18:45,430,,,323,
2025/10/18,19:00,430,,,322,
2025/10/18,19:15,430,,,322,
2025/10/18,19:30,430,,,322,
2025/10/18,19:45,430,,,317,
2025/10/18,20:00,430,,,282,
2025/10/18,20:15,430,,,242,
2025/10/18,20:30,430,,,240,
2025/10/18,20:45,430,,,261,
2025/10/18,21:00,430,,,310,
2025/10/18,21:15,430,,,317,
2025/10/18,21:30,430,,,309,
2025/10/18,21:45,430,,,301,
2025/10/18,22:00,430,,,299,
2025/10/18,22:15,430,,,296,
2025/10/18,22:30,430,,,274,
2025/10/18,22:45,430,,,278,
2025/10/18,23:00,430,,,253,
2025/10/18,23:15,430,,,163,
2025/10/18,23:30,430,,,142,
2025/10/18,23:45,430,,,181,
2025/10/19,00:00,430,,,234,
2025/10/19,00:15,430,,,,213
2025/10/19,00:30,430,,,,141
2025/10/19,00:45,430,,,,101
2025/10/19,01:00,430,,,,93
2025/10/19,01:15,430,,,,90
2025/10/19,01:30,430,,,,69
2025/10/19,01:45,430,,,,66
2025/10/19,02:00,430,,,,62
2025/10/19,02:15,430,,,,62
2025/10/19,02:30,430,,,,64
2025/10/19,02:45,430,,,,62
2025/10/19,03:00,430,,,,64
2025/10/19,03:15,430,,,,62
2025/10/19,03:30,430,,,,61
2025/10/19,03:45,430,,,,59
2025/10/19,04:00,430,,,,61
2025/10/19,04:15,430,,,,37
2025/10/19,04:30,430,,,,30
2025/10/19,04:45,430,,,,29
2025/10/19,05:00,430,,,,30
2025/10/19,05:15,430,,,,29
2025/10/19,05:30,430,,,,27
2025/10/19,05:45,430,,,,24
2025/10/19,06:00,430,,,,26
2025/10/19,06:15,430,,,,27
2025/10/19,06:30,430,,,,25
2025/10/19,06:45,430,,,,24
2025/10/19,07:00,430,,,,25
2025/10/19,07:15,430,,,,26
2025/10/19,07:30,430,,,,27
2025/10/19,07:45,430,,,,27
2025/10/19,08:00,430,,,,30
2025/10/19,08:15,430,,,,35
2025/10/19,08:30,430,,,,38
2025/10/19,08:45,430,,,,52
2025/10/19,09:00,430,,,,55
2025/10/19,09:15,430,,,,72
2025/10/19,09:30,430,,,,75
2025/10/19,09:45,430,,,,70
2025/10/19,10:00,430,,,,69
2025/10/19,10:15,430,,,,67
2025/10/19,10:30,430,,,,66
2025/10/19,10:45,430,,,,69
2025/10/19,11:00,430,,,,90
2025/10/19,11:15,430,,,,134
2025/10/19,11:30,430,,,,200
2025/10/19,11:45,430,,,,244
2025/10/19,12:00,430,,,,286
2025/10/19,12:15,430,,,,285
2025/10/19,12:30,430,,,,271
2025/10/19,12:45,430,,,,258
2025/10/19,13:00,430,,,,267
2025/10/19,13:15,430,,,,289
2025/10/19,13:30,430,,,,291
2025/10/19,13:45,430,,,,295
2025/10/19,14:00,430,,,,284
2025/10/19,14:15,430,,,,289
2025/10/19,14:30,430,,,,283
2025/10/19,14:45,430,,,,289
2025/10/19,15:00,430,,,,294
2025/10/19,15:15,430,,,,303
2025/10/19,15:30,430,,,,305
2025/10/19,15:45,430,,,,304
2025/10/19,16:00,430,,,,289
2025/10/19,16:15,430,,,,267
2025/10/19,16:30,430,,,,262
2025/10/19,16:45,430,,,,220
2025/10/19,17:00,430,,,,152
2025/10/19,17:15,430,,,,123
2025/10/19,17:30,430,,,,101
2025/10/19,17:45,430,,,,77
2025/10/19,18:00,430,,,,66
2025/10/19,18:15,430,,,,66
2025/10/19,18:30,430,,,,69
2025/10/19,18:45,430,,,,69
2025/10/19,19:00,430,,,,66
2025/10/19,19:15,430,,,,66
2025/10/19,19:30,430,,,,67
2025/10/19,19:45,430,,,,67
2025/10/19,20:00,430,,,,67
2025/10/19,20:15,430,,,,67
2025/10/19,20:30,430,,,,67
2025/10/19,20:45,430,,,,61
2025/10/19,21:00,430,,,,56
2025/10/19,21:15,430,,,,30
2025/10/19,21:30,430,,,,27
2025/10/19,21:45,430,,,,26
2025/10/19,22:00,430,,,,26
2025/10/19,22:15,430,,,,26
2025/10/19,22:30,430,,,,24
2025/10/19,22:45,430,,,,24
2025/10/19,23:00,430,,,,24
2025/10/19,23:15,430,,,,26
2025/10/19,23:30,430,,,,22
2025/10/19,23:45,430,,,,22
2025/10/20,00:00,430,,,,24
2025/10/20,00:15,430,,,,22
2025/10/20,00:30,430,,,,22
2025/10/20,00:45,430,,,,24
2025/10/20,01:00,430,,,,22
2025/10/20,01:15,430,,,,22
2025/10/20,01:30,430,,,,24
2025/10/20,01:45,430,,,,22
2025/10/20,02:00,430,,,,24
2025/10/20,02:15,430,,,,27
2025/10/20,02:30,430,,,,27
2025/10/20,02:45,430,,,,27
2025/10/20,03:00,430,,,,27
2025/10/20,03:15,430,,,,27
2025/10/20,03:30,430,,,,26
2025/10/20,03:45,430,,,,27
2025/10/20,04:00,430,,,,27
2025/10/20,04:15,430,,,,27
2025/10/20,04:30,430,,,,29
2025/10/20,04:45,430,,,,27
2025/10/20,05:00,430,,,,29
2025/10/20,05:15,430,,,,27
2025/10/20,05:30,430,,,,29
2025/10/20,05:45,430,,,,27
2025/10/20,06:00,430,,,,32
2025/10/20,06:15,430,,32,,
2025/10/20,06:30,430,,36,,
2025/10/20,06:45,430,,39,,
2025/10/20,07:00,430,,36,,
2025/10/20,07:15,430,,35,,
2025/10/20,07:30,430,,37,,
2025/10/20,07:45,430,,41,,
2025/10/20,08:00,430,,47,,
2025/10/20,08:15,430,,66,,
2025/10/20,08:30,430,,110,,
2025/10/20,08:45,430,,152,,
2025/10/20,09:00,430,,162,,
2025/10/20,09:15,430,,203,,
2025/10/20,09:30,430,,288,,
2025/10/20,09:45,430,,342,,
2025/10/20,10:00,430,,375,,
2025/10/20,10:15,430,,388,,
2025/10/20,10:30,430,,418,,
2025/10/20,10:45,430,,415,,
2025/10/20,11:00,430,,429,,
2025/10/20,11:15,430,,,,397
2025/10/20,11:30,430,,,,366
2025/10/20,11:45,430,,,,362
2025/10/20,12:00,430,,,,382
2025/10/20,12:15,430,,,,365
2025/10/20,12:30,430,,,,350
2025/10/20,12:45,430,,,,303
2025/10/20,13:00,430,,,,287
2025/10/20,13:15,430,,,,314
2025/10/20,13:30,430,,,,327
2025/10/20,13:45,430,,,,332
2025/10/20,14:00,430,,,,317
2025/10/20,14:15,430,,343,,
2025/10/20,14:30,430,,366,,
2025/10/20,14:45,430,,372,,
2025/10/20,15:00,430,,283,,
2025/10/20,15:15,430,,309,,
2025/10/20,15:30,430,,334,,
2025/10/20,15:45,430,,322,,
2025/10/20,16:00,430,,310,,
2025/10/20,16:15,430,,299,,
2025/10/20,16:30,430,,331,,
2025/10/20,16:45,430,,338,,
2025/10/20,17:00,430,,322,,
2025/10/20,17:15,430,,308,,
2025/10/20,17:30,430,,246,,
2025/10/20,17:45,430,,211,,
2025/10/20,18:00,430,,256,,
2025/10/20,18:15,430,,301,,
2025/10/20,18:30,430,,299,,
2025/10/20,18:45,430,,304,,
2025/10/20,19:00,430,,310,,
2025/10/20,19:15,430,,322,,
2025/10/20,19:30,430,,293,,
2025/10/20,19:45,430,,306,,
2025/10/20,20:00,430,,299,,
2025/10/20,20:15,430,,250,,
2025/10/20,20:30,430,,210,,
2025/10/20,20:45,430,,238,,
2025/10/20,21:00,430,,307,,
2025/10/20,21:15,430,,330,,
2025/10/20,21:30,430,,307,,
2025/10/20,21:45,430,,277,,
2025/10/20,22:00,430,,278,,
2025/10/20,22:15,430,,286,,
2025/10/20,22:30,430,,272,,
2025/10/20,22:45,430,,245,,
2025/10/20,23:00,430,,254,,
2025/10/20,23:15,430,,200,,
2025/10/20,23:30,430,,163,,
2025/10/20,23:45,430,,214,,
2025/10/21,00:00,430,,274,,
2025/10/21,00:15,430,,,,237
2025/10/21,00:30,430,,,,166
2025/10/21,00:45,430,,,,122
2025/10/21,01:00,430,,,,86
2025/10/21,01:15,430,,,,75
2025/10/21,01:30,430,,,,54
2025/10/21,01:45,430,,,,53
2025/10/21,02:00,430,,,,50
2025/10/21,02:15,430,,,,48
2025/10/21,02:30,430,,,,48
2025/10/21,02:45,430,,,,48
2025/10/21,03:00,430,,,,50
2025/10/21,03:15,430,,,,50
2025/10/21,03:30,430,,,,48
2025/10/21,03:45,430,,,,50
2025/10/21,04:00,430,,,,50
2025/10/21,04:15,430,,,,35
2025/10/21,04:30,430,,,,26
2025/10/21,04:45,430,,,,27
2025/10/21,05:00,430,,,,27
2025/10/21,05:15,430,,,,29
2025/10/21,05:30,430,,,,26
2025/10/21,05:45,430,,,,29
2025/10/21,06:00,430,,,,32
2025/10/21,06:15,430,,32,,
2025/10/21,06:30,430,,32,,
2025/10/21,06:45,430,,32,,
2025/10/21,07:00,430,,32,,
2025/10/21,07:15,430,,34,,
2025/10/21,07:30,430,,35,,
2025/10/21,07:45,430,,38,,
2025/10/21,08:00,430,,41,,
2025/10/21,08:15,430,,46,,
2025/10/21,08:30,430,,92,,
2025/10/21,08:45,430,,121,,
2025/10/21,09:00,430,,133,,
2025/10/21,09:15,430,,203,,
2025/10/21,09:30,430,,254,,
2025/10/21,09:45,430,,308,,
2025/10/21,10:00,430,,358,,
2025/10/21,10:15,430,,338,,
2025/10/21,10:30,430,,330,,
2025/10/21,10:45,430,,346,,
2025/10/21,11:00,430,,348,,
2025/10/21,11:15,430,,,,349
2025/10/21,11:30,430,,,,326
2025/10/21,11:45,430,,,,317
2025/10/21,12:00,430,,,,321
2025/10/21,12:15,430,,,,295
2025/10/21,12:30,430,,,,269
2025/10/21,12:45,430,,,,255
2025/10/21,13:00,430,,,,255
2025/10/21,13:15,430,,,,272
2025/10/21,13:30,430,,,,296
2025/10/21,13:45,430,,,,296
2025/10/21,14:00,430,,,,310
2025/10/21,14:15,430,,331,,
2025/10/21,14:30,430,,328,,
2025/10/21,14:45,430,,331,,
2025/10/21,15:00,430,,295,,
2025/10/21,15:15,430,,290,,
2025/10/21,15:30,430,,305,,
2025/10/21,15:45,430,,276,,
2025/10/21,16:00,430,,269,,
2025/10/21,16:15,430,,254,,
2025/10/21,16:30,430,,275,,
2025/10/21,16:45,430,,251,,
2025/10/21,17:00,430,,253,,
2025/10/21,17:15,430,,235,,
2025/10/21,17:30,430,,219,,
2025/10/21,17:45,430,,224,,
2025/10/21,18:00,430,,246,,
2025/10/21,18:15,430,,266,,
2025/10/21,18:30,430,,296,,
2025/10/21,18:45,430,,298,,
2025/10/21,19:00,430,,294,,
2025/10/21,19:15,430,,306,,
2025/10/21,19:30,430,,296,,
2025/10/21,19:45,430,,298,,
2025/10/21,20:00,430,,282,,
2025/10/21,20:15,430,,235,,
2025/10/21,20:30,430,,195,,
2025/10/21,20:45,430,,234,,
2025/10/21,21:00,430,,288,,
2025/10/21,21:15,430,,304,,
2025/10/21,21:30,430,,298,,
2025/10/21,21:45,430,,282,,
2025/10/21,22:00,430,,285,,
2025/10/21,22:15,430,,277,,
2025/10/21,22:30,430,,290,,
2025/10/21,22:45,430,,288,,
2025/10/21,23:00,430,,248,,
2025/10/21,23:15,430,,170,,
2025/10/21,23:30,430,,142,,
2025/10/21,23:45,430,,178,,
2025/10/22,00:00,430,,224,,
2025/10/22,00:15,430,,,,232
2025/10/22,00:30,430,,,,238
2025/10/22,00:45,430,,,,216
2025/10/22,01:00,430,,,,176
2025/10/22,01:15,430,,,,139
2025/10/22,01:30,430,,,,107
2025/10/22,01:45,430,,,,110
2025/10/22,02:00,430,,,,94
2025/10/22,02:15,430,,,,67
2025/10/22,02:30,430,,,,53
2025/10/22,02:45,430,,,,53
2025/10/22,03:00,430,,,,51
2025/10/22,03:15,430,,,,48
2025/10/22,03:30,430,,,,48
2025/10/22,03:45,430,,,,50
2025/10/22,04:00,430,,,,48
2025/10/22,04:15,430,,,,48
2025/10/22,04:30,430,,,,48
2025/10/22,04:45,430,,,,29
2025/10/22,05:00,430,,,,27
2025/10/22,05:15,430,,,,24
2025/10/22,05:30,430,,,,27
2025/10/22,05:45,430,,,,29
2025/10/22,06:00,430,,,,29
2025/10/22,06:15,430,,32,,
2025/10/22,06:30,430,,30,,
2025/10/22,06:45,430,,31,,
2025/10/22,07:00,430,,30,,
2025/10/22,07:15,430,,30,,
2025/10/22,07:30,430,,33,,
2025/10/22,07:45,430,,35,,
2025/10/22,08:00,430,,40,,
2025/10/22,08:15,430,,46,,
2025/10/22,08:30,430,,99,,
2025/10/22,08:45,430,,133,,
2025/10/22,09:00,430,,142,,
2025/10/22,09:15,430,,202,,
2025/10/22,09:30,430,,276,,
2025/10/22,09:45,430,,314,,
2025/10/22,10:00,430,,317,,
2025/10/22,10:15,430,,335,,
2025/10/22,10:30,430,,310,,
2025/10/22,10:45,430,,317,,
2025/10/22,11:00,430,,329,,
2025/10/22,11:15,430,,,,326
2025/10/22,11:30,430,,,,319
2025/10/22,11:45,430,,,,300
2025/10/22,12:00,430,,,,300
2025/10/22,12:15,430,,,,275
2025/10/22,12:30,430,,,,287
2025/10/22,12:45,430,,,,273
2025/10/22,13:00,430,,,,257
2025/10/22,13:15,430,,,,274
2025/10/22,13:30,430,,,,302
2025/10/22,13:45,430,,,,323
2025/10/22,14:00,430,,,,329
2025/10/22,14:15,430,,316,,
2025/10/22,14:30,430,,321,,
2025/10/22,14:45,430,,344,,
2025/10/22,15:00,430,,321,,
2025/10/22,15:15,430,,318,,
2025/10/22,15:30,430,,334,,
2025/10/22,15:45,430,,324,,
2025/10/22,16:00,430,,312,,
2025/10/22,16:15,430,,283,,
2025/10/22,16:30,430,,257,,
2025/10/22,16:45,430,,247,,
2025/10/22,17:00,430,,295,,
2025/10/22,17:15,430,,301,,
2025/10/22,17:30,430,,267,,
2025/10/22,17:45,430,,264,,
2025/10/22,18:00,430,,270,,
2025/10/22,18:15,430,,299,,
2025/10/22,18:30,430,,314,,
2025/10/22,18:45,430,,318,,
2025/10/22,19:00,430,,310,,
2025/10/22,19:15,430,,317,,
2025/10/22,19:30,430,,296,,
2025/10/22,19:45,430,,294,,
2025/10/22,20:00,430,,280,,
2025/10/22,20:15,430,,251,,
2025/10/22,20:30,430,,205,,
2025/10/22,20:45,430,,227,,
2025/10/22,21:00,430,,290,,
2025/10/22,21:15,430,,290,,
2025/10/22,21:30,430,,270,,
2025/10/22,21:45,430,,269,,
2025/10/22,22:00,430,,286,,
2025/10/22,22:15,430,,291,,
2025/10/22,22:30,430,,294,,
2025/10/22,22:45,430,,286,,
2025/10/22,23:00,430,,258,,
2025/10/22,23:15,430,,229,,
2025/10/22,23:30,430,,182,,
2025/10/22,23:45,430,,198,,
2025/10/23,00:00,430,,261,,
2025/10/23,00:15,430,,,,251
2025/10/23,00:30,430,,,,242
2025/10/23,00:45,430,,,,197
2025/10/23,01:00,430,,,,146
2025/10/23,01:15,430,,,,110
2025/10/23,01:30,430,,,,106
2025/10/23,01:45,430,,,,99
2025/10/23,02:00,430,,,,93
2025/10/23,02:15,430,,,,51
2025/10/23,02:30,430,,,,51
2025/10/23,02:45,430,,,,51
2025/10/23,03:00,430,,,,48
2025/10/23,03:15,430,,,,46
2025/10/23,03:30,430,,,,48
2025/10/23,03:45,430,,,,48
2025/10/23,04:00,430,,,,48
2025/10/23,04:15,430,,,,42
2025/10/23,04:30,430,,,,27
2025/10/23,04:45,430,,,,29
2025/10/23,05:00,430,,,,26
2025/10/23,05:15,430,,,,26
2025/10/23,05:30,430,,,,29
2025/10/23,05:45,430,,,,26
2025/10/23,06:00,430,,,,30
2025/10/23,06:15,430,,32,,
2025/10/23,06:30,430,,35,,
2025/10/23,06:45,430,,36,,
2025/10/23,07:00,430,,29,,
2025/10/23,07:15,430,,30,,
2025/10/23,07:30,430,,32,,
2025/10/23,07:45,430,,34,,
2025/10/23,08:00,430,,40,,
2025/10/23,08:15,430,,46,,
2025/10/23,08:30,430,,88,,
2025/10/23,08:45,430,,119,,
2025/10/23,09:00,430,,127,,
2025/10/23,09:15,430,,166,,
2025/10/23,09:30,430,,252,,
2025/10/23,09:45,430,,312,,
2025/10/23,10:00,430,,325,,
2025/10/23,10:15,430,,312,,
2025/10/23,10:30,430,,359,,
2025/10/23,10:45,430,,346,,
2025/10/23,11:00,430,,327,,
2025/10/23,11:15,430,,,,334
2025/10/23,11:30,430,,,,334
2025/10/23,11:45,430,,,,322
2025/10/23,12:00,430,,,,312
2025/10/23,12:15,430,,,,268
2025/10/23,12:30,430,,,,247
2025/10/23,12:45,430,,,,267
2025/10/23,13:00,430,,,,243
2025/10/23,13:15,430,,,,257
2025/10/23,13:30,430,,,,290
2025/10/23,13:45,430,,,,311
2025/10/23,14:00,430,,,,341
2025/10/23,14:15,430,,318,,
2025/10/23,14:30,430,,304,,
2025/10/23,14:45,430,,327,,
2025/10/23,15:00,430,,332,,
2025/10/23,15:15,430,,329,,
2025/10/23,15:30,430,,325,,
2025/10/23,15:45,430,,323,,
2025/10/23,16:00,430,,320,,
2025/10/23,16:15,430,,300,,
2025/10/23,16:30,430,,302,,
2025/10/23,16:45,430,,322,,
2025/10/23,17:00,430,,327,,
2025/10/23,17:15,430,,289,,
2025/10/23,17:30,430,,229,,
2025/10/23,17:45,430,,195,,
2025/10/23,18:00,430,,232,,
2025/10/23,18:15,430,,277,,
2025/10/23,18:30,430,,301,,
2025/10/23,18:45,430,,304,,
2025/10/23,19:00,430,,298,,
2025/10/23,19:15,430,,315,,
2025/10/23,19:30,430,,290,,
2025/10/23,19:45,430,,296,,
2025/10/23,20:00,430,,274,,
2025/10/23,20:15,430,,227,,
2025/10/23,20:30,430,,195,,
2025/10/23,20:45,430,,246,,
2025/10/23,21:00,430,,299,,
2025/10/23,21:15,430,,299,,
2025/10/23,21:30,430,,296,,
2025/10/23,21:45,430,,309,,
2025/10/23,22:00,430,,299,,
2025/10/23,22:15,430,,301,,
2025/10/23,22:30,430,,286,,
2025/10/23,22:45,430,,275,,
2025/10/23,23:00,430,,251,,
2025/10/23,23:15,430,,176,,
2025/10/23,23:30,430,,122,,
2025/10/23,23:45,430,,178,,
2025/10/24,00:00,430,,224,,
2025/10/24,00:15,430,,,,181
2025/10/24,00:30,430,,,,134
2025/10/24,00:45,430,,,,102
2025/10/24,01:00,430,,,,96
2025/10/24,01:15,430,,,,86
2025/10/24,01:30,430,,,,53
2025/10/24,01:45,430,,,,50
2025/10/24,02:00,430,,,,50
2025/10/24,02:15,430,,,,48
2025/10/24,02:30,430,,,,48
2025/10/24,02:45,430,,,,53
2025/10/24,03:00,430,,,,50
2025/10/24,03:15,430,,,,51
2025/10/24,03:30,430,,,,50
2025/10/24,03:45,430,,,,50
2025/10/24,04:00,430,,,,46
2025/10/24,04:15,430,,,,30
2025/10/24,04:30,430,,,,26
2025/10/24,04:45,430,,,,27
2025/10/24,05:00,430,,,,27
2025/10/24,05:15,430,,,,29
2025/10/24,05:30,430,,,,27
2025/10/24,05:45,430,,,,27
2025/10/24,06:00,430,,,,29
2025/10/24,06:15,430,,30,,
2025/10/24,06:30,430,,31,,
2025/10/24,06:45,430,,36,,
2025/10/24,07:00,430,,62,,
2025/10/24,07:15,430,,66,,
2025/10/24,07:30,430,,65,,
2025/10/24,07:45,430,,64,,
2025/10/24,08:00,430,,44,,
2025/10/24,08:15,430,,88,,
2025/10/24,08:30,430,,119,,
2025/10/24,08:45,430,,124,,
2025/10/24,09:00,430,,137,,
2025/10/24,09:15,430,,214,,
2025/10/24,09:30,430,,282,,
2025/10/24,09:45,430,,335,,
2025/10/24,10:00,430,,298,,
2025/10/24,10:15,430,,290,,
2025/10/24,10:30,430,,310,,
2025/10/24,10:45,430,,330,,
2025/10/24,11:00,430,,313,,
2025/10/24,11:15,430,,,,306
2025/10/24,11:30,430,,,,299
2025/10/24,11:45,430,,,,298
2025/10/24,12:00,430,,,,305
2025/10/24,12:15,430,,,,269
2025/10/24,12:30,430,,,,281
2025/10/24,12:45,430,,,,280
2025/10/24,13:00,430,,,,260
2025/10/24,13:15,430,,,,282
2025/10/24,13:30,430,,,,283
2025/10/24,13:45,430,,,,336
2025/10/24,14:00,430,,,,328
2025/10/24,14:15,430,,298,,
2025/10/24,14:30,430,,301,,
2025/10/24,14:45,430,,344,,
2025/10/24,15:00,430,,326,,
2025/10/24,15:15,430,,320,,
2025/10/24,15:30,430,,325,,
2025/10/24,15:45,430,,338,,
2025/10/24,16:00,430,,331,,
2025/10/24,16:15,430,,304,,
2025/10/24,16:30,430,,326,,
2025/10/24,16:45,430,,345,,
2025/10/24,17:00,430,,332,,
2025/10/24,17:15,430,,286,,
2025/10/24,17:30,430,,264,,
2025/10/24,17:45,430,,250,,
2025/10/24,18:00,430,,267,,
2025/10/24,18:15,430,,283,,
2025/10/24,18:30,430,,304,,
2025/10/24,18:45,430,,326,,
2025/10/24,19:00,430,,320,,
2025/10/24,19:15,430,,302,,
2025/10/24,19:30,430,,302,,
2025/10/24,19:45,430,,307,,
2025/10/24,20:00,430,,288,,
2025/10/24,20:15,430,,242,,
2025/10/24,20:30,430,,206,,
2025/10/24,20:45,430,,264,,
2025/10/24,21:00,430,,312,,
2025/10/24,21:15,430,,328,,
2025/10/24,21:30,430,,309,,
2025/10/24,21:45,430,,309,,
2025/10/24,22:00,430,,304,,
2025/10/24,22:15,430,,286,,
2025/10/24,22:30,430,,288,,
2025/10/24,22:45,430,,298,,
2025/10/24,23:00,430,,283,,
2025/10/24,23:15,430,,202,,
2025/10/24,23:30,430,,173,,
2025/10/24,23:45,430,,221,,
2025/10/25,00:00,430,,237,,
2025/10/25,00:15,430,,,,171
2025/10/25,00:30,430,,,,128
2025/10/25,00:45,430,,,,109
2025/10/25,01:00,430,,,,106
2025/10/25,01:15,430,,,,83
2025/10/25,01:30,430,,,,82
2025/10/25,01:45,430,,,,67
2025/10/25,02:00,430,,,,58
2025/10/25,02:15,430,,,,59
2025/10/25,02:30,430,,,,58
2025/10/25,02:45,430,,,,59
2025/10/25,03:00,430,,,,58
2025/10/25,03:15,430,,,,56
2025/10/25,03:30,430,,,,58
2025/10/25,03:45,430,,,,56
2025/10/25,04:00,430,,,,45
2025/10/25,04:15,430,,,,27
2025/10/25,04:30,430,,,,29
2025/10/25,04:45,430,,,,29
2025/10/25,05:00,430,,,,29
2025/10/25,05:15,430,,,,27
2025/10/25,05:30,430,,,,29
2025/10/25,05:45,430,,,,27
2025/10/25,06:00,430,,,,29
2025/10/25,06:15,430,,,,31
2025/10/25,06:30,430,,,,33
2025/10/25,06:45,430,,,,34
2025/10/25,07:00,430,,,,34
2025/10/25,07:15,430,,,,32
2025/10/25,07:30,430,,,,33
2025/10/25,07:45,430,,,,36
2025/10/25,08:00,430,,,,39
2025/10/25,08:15,430,,,,83
2025/10/25,08:30,430,,,,126
2025/10/25,08:45,430,,,,131
2025/10/25,09:00,430,,,,147
2025/10/25,09:15,430,,,,183
2025/10/25,09:30,430,,,,270
2025/10/25,09:45,430,,,,341
2025/10/25,10:00,430,,,,365
2025/10/25,10:15,430,,,,331
2025/10/25,10:30,430,,,,326
2025/10/25,10:45,430,,,,338
2025/10/25,11:00,430,,,,342
2025/10/25,11:15,430,,,,326
2025/10/25,11:30,430,,,,299
2025/10/25,11:45,430,,,,304
2025/10/25,12:00,430,,,,316
2025/10/25,12:15,430,,,,282
2025/10/25,12:30,430,,,,277
2025/10/25,12:45,430,,,,262
2025/10/25,13:00,430,,,,267
2025/10/25,13:15,430,,,,291
2025/10/25,13:30,430,,,,303
2025/10/25,13:45,430,,,,330
2025/10/25,14:00,430,,,,356
2025/10/25,14:15,430,,,,347
2025/10/25,14:30,430,,,,331
2025/10/25,14:45,430,,,,336
2025/10/25,15:00,430,,,,339
2025/10/25,15:15,430,,,,349
2025/10/25,15:30,430,,,,341
2025/10/25,15:45,430,,,,347
2025/10/25,16:00,430,,,,309
2025/10/25,16:15,430,,,,304
2025/10/25,16:30,430,,,,321
2025/10/25,16:45,430,,,,342
2025/10/25,17:00,430,,,,339
2025/10/25,17:15,430,,,,292
2025/10/25,17:30,430,,,,247
2025/10/25,17:45,430,,,,226
2025/10/25,18:00,430,,,,267
2025/10/25,18:15,430,,,,317
2025/10/25,18:30,430,,,,309
2025/10/25,18:45,430,,,,312
2025/10/25,19:00,430,,,,320
2025/10/25,19:15,430,,,,293
2025/10/25,19:30,430,,,,291
2025/10/25,19:45,430,,,,294
2025/10/25,20:00,430,,,,283
2025/10/25,20:15,430,,,,232
2025/10/25,20:30,430,,,,187
2025/10/25,20:45,430,,,,178
2025/10/25,21:00,430,,,,163
2025/10/25,21:15,430,,,,150
2025/10/25,21:30,430,,,,149
2025/10/25,21:45,430,,,,131
2025/10/25,22:00,430,,,,136
2025/10/25,22:15,430,,,,136
2025/10/25,22:30,430,,,,122
2025/10/25,22:45,430,,,,118
2025/10/25,23:00,430,,,,107
2025/10/25,23:15,430,,,,112
2025/10/25,23:30,430,,,,122
2025/10/25,23:45,430,,,,182
2025/10/26,00:00,430,,,,194
2025/10/26,00:15,430,,,,146
2025/10/26,00:30,430,,,,98
2025/10/26,00:45,430,,,,82
2025/10/26,01:00,430,,,,75
2025/10/26,01:15,430,,,,64
2025/10/26,01:30,430,,,,66
2025/10/26,01:45,430,,,,59
2025/10/26,02:00,430,,,,59
2025/10/26,02:15,430,,,,59
2025/10/26,02:30,430,,,,58
2025/10/26,02:45,430,,,,45
2025/10/26,03:00,430,,,,26
2025/10/26,03:15,430,,,,27
2025/10/26,03:30,430,,,,27
2025/10/26,03:45,430,,,,27
2025/10/26,04:00,430,,,,29
2025/10/26,04:15,430,,,,26
2025/10/26,04:30,430,,,,26
2025/10/26,04:45,430,,,,26
2025/10/26,05:00,430,,,,26
2025/10/26,05:15,430,,,,27
2025/10/26,05:30,430,,,,21
2025/10/26,05:45,430,,,,24
2025/10/26,06:00,430,,,,21
2025/10/26,06:15,430,,,,22
2025/10/26,06:30,430,,,,22
2025/10/26,06:45,430,,,,21
2025/10/26,07:00,430,,,,22
2025/10/26,07:15,430,,,,22
2025/10/26,07:30,430,,,,24
2025/10/26,07:45,430,,,,23
2025/10/26,08:00,430,,,,26
2025/10/26,08:15,430,,,,31
2025/10/26,08:30,430,,,,30
2025/10/26,08:45,430,,,,47
2025/10/26,09:00,430,,,,54
2025/10/26,09:15,430,,,,57
2025/10/26,09:30,430,,,,57
2025/10/26,09:45,430,,,,59
2025/10/26,10:00,430,,,,61
2025/10/26,10:15,430,,,,58
2025/10/26,10:30,430,,,,56
2025/10/26,10:45,430,,,,61
2025/10/26,11:00,430,,,,78
2025/10/26,11:15,430,,,,102
2025/10/26,11:30,430,,,,132
2025/10/26,11:45,430,,,,167
2025/10/26,12:00,430,,,,234
2025/10/26,12:15,430,,,,279
2025/10/26,12:30,430,,,,257
2025/10/26,12:45,430,,,,222
2025/10/26,13:00,430,,,,216
2025/10/26,13:15,430,,,,251
2025/10/26,13:30,430,,,,281
2025/10/26,13:45,430,,,,282
2025/10/26,14:00,430,,,,291
2025/10/26,14:15,430,,,,297
2025/10/26,14:30,430,,,,296
2025/10/26,14:45,430,,,,300
2025/10/26,15:00,430,,,,293
2025/10/26,15:15,430,,,,291
2025/10/26,15:30,430,,,,242
2025/10/26,15:45,430,,,,189
2025/10/26,16:00,430,,,,127
2025/10/26,16:15,430,,,,113
2025/10/26,16:30,430,,,,90
2025/10/26,16:45,430,,,,65
2025/10/26,17:00,430,,,,59
2025/10/26,17:15,430,,,,52
2025/10/26,17:30,430,,,,47
2025/10/26,17:45,430,,,,46
2025/10/26,18:00,430,,,,48
2025/10/26,18:15,430,,,,50
2025/10/26,18:30,430,,,,50
2025/10/26,18:45,430,,,,50
2025/10/26,19:00,430,,,,50
2025/10/26,19:15,430,,,,48
2025/10/26,19:30,430,,,,48
2025/10/26,19:45,430,,,,50
2025/10/26,20:00,430,,,,58
2025/10/26,20:15,430,,,,46
2025/10/26,20:30,430,,,,48
2025/10/26,20:45,430,,,,50
2025/10/26,21:00,430,,,,38
2025/10/26,21:15,430,,,,21
2025/10/26,21:30,430,,,,19
2025/10/26,21:45,430,,,,21
2025/10/26,22:00,430,,,,19
2025/10/26,22:15,430,,,,22
2025/10/26,22:30,430,,,,21
2025/10/26,22:45,430,,,,22
2025/10/26,23:00,430,,,,19
2025/10/26,23:15,430,,,,19
2025/10/26,23:30,430,,,,19
2025/10/26,23:45,430,,,,19
2025/10/27,00:00,430,,,,21
2025/10/27,00:15,430,,,,21
2025/10/27,00:30,430,,,,21
2025/10/27,00:45,430,,,,21
2025/10/27,01:00,430,,,,19
2025/10/27,01:15,430,,,,19
2025/10/27,01:30,430,,,,21
2025/10/27,01:45,430,,,,19
2025/10/27,02:00,430,,,,21
2025/10/27,02:15,430,,,,24
2025/10/27,02:30,430,,,,22
2025/10/27,02:45,430,,,,26
2025/10/27,03:00,430,,,,22
2025/10/27,03:15,430,,,,24
2025/10/27,03:30,430,,,,24
2025/10/27,03:45,430,,,,26
2025/10/27,04:00,430,,,,26
2025/10/27,04:15,430,,,,26
2025/10/27,04:30,430,,,,26
2025/10/27,04:45,430,,,,22
2025/10/27,05:00,430,,,,26
2025/10/27,05:15,430,,,,24
2025/10/27,05:30,430,,,,26
2025/10/27,05:45,430,,,,26
2025/10/27,06:00,430,,,,27
2025/10/27,06:15,430,,29,,
2025/10/27,06:30,430,,32,,
2025/10/27,06:45,430,,32,,
2025/10/27,07:00,430,,28,,
2025/10/27,07:15,430,,26,,
2025/10/27,07:30,430,,29,,
2025/10/27,07:45,430,,32,,
2025/10/27,08:00,430,,39,,
2025/10/27,08:15,430,,55,,
2025/10/27,08:30,430,,93,,
2025/10/27,08:45,430,,96,,
2025/10/27,09:00,430,,93,,
2025/10/27,09:15,430,,146,,
2025/10/27,09:30,430,,186,,
2025/10/27,09:45,430,,223,,
2025/10/27,10:00,430,,238,,
2025/10/27,10:15,430,,259,,
2025/10/27,10:30,430,,295,,
2025/10/27,10:45,430,,335,,
2025/10/27,11:00,430,,334,,
2025/10/27,11:15,430,,,,328
2025/10/27,11:30,430,,,,328
2025/10/27,11:45,430,,,,347
2025/10/27,12:00,430,,,,337
2025/10/27,12:15,430,,,,302
2025/10/27,12:30,430,,,,289
2025/10/27,12:45,430,,,,296
2025/10/27,13:00,430,,,,281
2025/10/27,13:15,430,,,,307
2025/10/27,13:30,430,,,,335
2025/10/27,13:45,430,,,,348
2025/10/27,14:00,430,,,,335
2025/10/27,14:15,430,,305,,
2025/10/27,14:30,430,,307,,
2025/10/27,14:45,430,,317,,
2025/10/27,15:00,430,,326,,
2025/10/27,15:15,430,,307,,
2025/10/27,15:30,430,,301,,
2025/10/27,15:45,430,,279,,
2025/10/27,16:00,430,,308,,
2025/10/27,16:15,430,,318,,
2025/10/27,16:30,430,,311,,
2025/10/27,16:45,430,,283,,
2025/10/27,17:00,430,,266,,
2025/10/27,17:15,430,,264,,
2025/10/27,17:30,430,,218,,
2025/10/27,17:45,430,,221,,
2025/10/27,18:00,430,,269,,
2025/10/27,18:15,430,,299,,
2025/10/27,18:30,430,,304,,
2025/10/27,18:45,430,,296,,
2025/10/27,19:00,430,,310,,
2025/10/27,19:15,430,,304,,
2025/10/27,19:30,430,,301,,
2025/10/27,19:45,430,,283,,
2025/10/27,20:00,430,,267,,
2025/10/27,20:15,430,,221,,
2025/10/27,20:30,430,,208,,
2025/10/27,20:45,430,,232,,
2025/10/27,21:00,430,,286,,
2025/10/27,21:15,430,,312,,
2025/10/27,21:30,430,,304,,
2025/10/27,21:45,430,,270,,
2025/10/27,22:00,430,,262,,
2025/10/27,22:15,430,,261,,
2025/10/27,22:30,430,,288,,
2025/10/27,22:45,430,,278,,
2025/10/27,23:00,430,,246,,
2025/10/27,23:15,430,,181,,
2025/10/27,23:30,430,,150,,
2025/10/27,23:45,430,,203,,
2025/10/28,00:00,430,,216,,
2025/10/28,00:15,430,,,,160
2025/10/28,00:30,430,,,,99
2025/10/28,00:45,430,,,,82
2025/10/28,01:00,430,,,,86
2025/10/28,01:15,430,,,,85
2025/10/28,01:30,430,,,,58
2025/10/28,01:45,430,,,,54
2025/10/28,02:00,430,,,,53
2025/10/28,02:15,430,,,,51
2025/10/28,02:30,430,,,,51
2025/10/28,02:45,430,,,,50
2025/10/28,03:00,430,,,,48
2025/10/28,03:15,430,,,,48
2025/10/28,03:30,430,,,,46
2025/10/28,03:45,430,,,,46
2025/10/28,04:00,430,,,,46
2025/10/28,04:15,430,,,,48
2025/10/28,04:30,430,,,,27
2025/10/28,04:45,430,,,,27
2025/10/28,05:00,430,,,,24
2025/10/28,05:15,430,,,,27
2025/10/28,05:30,430,,,,27
2025/10/28,05:45,430,,,,27
2025/10/28,06:00,430,,,,32
2025/10/28,06:15,430,,32,,
2025/10/28,06:30,430,,34,,
2025/10/28,06:45,430,,30,,
2025/10/28,07:00,430,,30,,
2025/10/28,07:15,430,,31,,
2025/10/28,07:30,430,,31,,
2025/10/28,07:45,430,,33,,
2025/10/28,08:00,430,,39,,
2025/10/28,08:15,430,,44,,
2025/10/28,08:30,430,,73,,
2025/10/28,08:45,430,,85,,
2025/10/28,09:00,430,,87,,
2025/10/28,09:15,430,,112,,
2025/10/28,09:30,430,,209,,
2025/10/28,09:45,430,,275,,
2025/10/28,10:00,430,,332,,
2025/10/28,10:15,430,,306,,
2025/10/28,10:30,430,,311,,
2025/10/28,10:45,430,,320,,
2025/10/28,11:00,430,,329,,
2025/10/28,11:15,430,,,,325
2025/10/28,11:30,430,,,,303
2025/10/28,11:45,430,,,,272
2025/10/28,12:00,430,,,,294
2025/10/28,12:15,430,,,,275
2025/10/28,12:30,430,,,,262
2025/10/28,12:45,430,,,,248
2025/10/28,13:00,430,,,,252
2025/10/28,13:15,430,,,,289
2025/10/28,13:30,430,,,,282
2025/10/28,13:45,430,,,,310
2025/10/28,14:00,430,,,,327
2025/10/28,14:15,430,,313,,
2025/10/28,14:30,430,,301,,
2025/10/28,14:45,430,,303,,
2025/10/28,15:00,430,,326,,
2025/10/28,15:15,430,,331,,
2025/10/28,15:30,430,,314,,
2025/10/28,15:45,430,,317,,
2025/10/28,16:00,430,,325,,
2025/10/28,16:15,430,,336,,
2025/10/28,16:30,430,,318,,
2025/10/28,16:45,430,,306,,
2025/10/28,17:00,430,,318,,
2025/10/28,17:15,430,,299,,
2025/10/28,17:30,430,,266,,
2025/10/28,17:45,430,,245,,
2025/10/28,18:00,430,,277,,
2025/10/28,18:15,430,,301,,
2025/10/28,18:30,430,,314,,
2025/10/28,18:45,430,,315,,
2025/10/28,19:00,430,,310,,
2025/10/28,19:15,430,,315,,
2025/10/28,19:30,430,,306,,
2025/10/28,19:45,430,,301,,
2025/10/28,20:00,430,,293,,
2025/10/28,20:15,430,,224,,
2025/10/28,20:30,430,,190,,
2025/10/28,20:45,430,,237,,
2025/10/28,21:00,430,,296,,
2025/10/28,21:15,430,,290,,
2025/10/28,21:30,430,,267,,
2025/10/28,21:45,430,,258,,
2025/10/28,22:00,430,,267,,
2025/10/28,22:15,430,,277,,
2025/10/28,22:30,430,,283,,
2025/10/28,22:45,430,,302,,
2025/10/28,23:00,430,,269,,
2025/10/28,23:15,430,,190,,
2025/10/28,23:30,430,,157,,
2025/10/28,23:45,430,,205,,
2025/10/29,00:00,430,,242,,
2025/10/29,00:15,430,,,,218
2025/10/29,00:30,430,,,,120
2025/10/29,00:45,430,,,,101
2025/10/29,01:00,430,,,,90
2025/10/29,01:15,430,,,,72
2025/10/29,01:30,430,,,,53
2025/10/29,01:45,430,,,,51
2025/10/29,02:00,430,,,,48
2025/10/29,02:15,430,,,,46
2025/10/29,02:30,430,,,,46
2025/10/29,02:45,430,,,,45
2025/10/29,03:00,430,,,,46
2025/10/29,03:15,430,,,,46
2025/10/29,03:30,430,,,,45
2025/10/29,03:45,430,,,,45
2025/10/29,04:00,430,,,,48
2025/10/29,04:15,430,,,,45
2025/10/29,04:30,430,,,,34
2025/10/29,04:45,430,,,,26
2025/10/29,05:00,430,,,,26
2025/10/29,05:15,430,,,,26
2025/10/29,05:30,430,,,,27
2025/10/29,05:45,430,,,,27
2025/10/29,06:00,430,,,,30
2025/10/29,06:15,430,,32,,
2025/10/29,06:30,430,,32,,
2025/10/29,06:45,430,,31,,
2025/10/29,07:00,430,,28,,
2025/10/29,07:15,430,,27,,
2025/10/29,07:30,430,,28,,
2025/10/29,07:45,430,,31,,
2025/10/29,08:00,430,,39,,
2025/10/29,08:15,430,,42,,
2025/10/29,08:30,430,,73,,
2025/10/29,08:45,430,,94,,
2025/10/29,09:00,430,,99,,
2025/10/29,09:15,430,,140,,
2025/10/29,09:30,430,,208,,
2025/10/29,09:45,430,,304,,
2025/10/29,10:00,430,,312,,
2025/10/29,10:15,430,,301,,
2025/10/29,10:30,430,,296,,
2025/10/29,10:45,430,,328,,
2025/10/29,11:00,430,,344,,
2025/10/29,11:15,430,,,,310
2025/10/29,11:30,430,,,,297
2025/10/29,11:45,430,,,,321
2025/10/29,12:00,430,,,,296
2025/10/29,12:15,430,,,,255
2025/10/29,12:30,430,,,,256
2025/10/29,12:45,430,,,,259
2025/10/29,13:00,430,,,,247
2025/10/29,13:15,430,,,,297
2025/10/29,13:30,430,,,,325
2025/10/29,13:45,430,,,,352
2025/10/29,14:00,430,,,,357
2025/10/29,14:15,430,,326,,
2025/10/29,14:30,430,,326,,
2025/10/29,14:45,430,,324,,
2025/10/29,15:00,430,,337,,
2025/10/29,15:15,430,,345,,
2025/10/29,15:30,430,,334,,
2025/10/29,15:45,430,,344,,
2025/10/29,16:00,430,,336,,
2025/10/29,16:15,430,,320,,
2025/10/29,16:30,430,,336,,
2025/10/29,16:45,430,,337,,
2025/10/29,17:00,430,,330,,
2025/10/29,17:15,430,,283,,
2025/10/29,17:30,430,,280,,
2025/10/29,17:45,430,,264,,
2025/10/29,18:00,430,,288,,
2025/10/29,18:15,430,,296,,
2025/10/29,18:30,430,,310,,
2025/10/29,18:45,430,,330,,
2025/10/29,19:00,430,,325,,
2025/10/29,19:15,430,,312,,
2025/10/29,19:30,430,,322,,
2025/10/29,19:45,430,,318,,
2025/10/29,20:00,430,,291,,
2025/10/29,20:15,430,,238,,
2025/10/29,20:30,430,,205,,
2025/10/29,20:45,430,,262,,
2025/10/29,21:00,430,,322,,
2025/10/29,21:15,430,,318,,
2025/10/29,21:30,430,,298,,
2025/10/29,21:45,430,,306,,
2025/10/29,22:00,430,,277,,
2025/10/29,22:15,430,,274,,
2025/10/29,22:30,430,,290,,
2025/10/29,22:45,430,,294,,
2025/10/29,23:00,430,,246,,
2025/10/29,23:15,430,,189,,
2025/10/29,23:30,430,,162,,
2025/10/29,23:45,430,,214,,
2025/10/30,00:00,430,,246,,
2025/10/30,00:15,430,,,,200
2025/10/30,00:30,430,,,,131
2025/10/30,00:45,430,,,,94
2025/10/30,01:00,430,,,,86
2025/10/30,01:15,430,,,,74
2025/10/30,01:30,430,,,,61
2025/10/30,01:45,430,,,,54
2025/10/30,02:00,430,,,,58
2025/10/30,02:15,430,,,,54
2025/10/30,02:30,430,,,,58
2025/10/30,02:45,430,,,,58
2025/10/30,03:00,430,,,,56
2025/10/30,03:15,430,,,,56
2025/10/30,03:30,430,,,,54
2025/10/30,03:45,430,,,,54
2025/10/30,04:00,430,,,,54
2025/10/30,04:15,430,,,,56
2025/10/30,04:30,430,,,,38
2025/10/30,04:45,430,,,,26
2025/10/30,05:00,430,,,,27
2025/10/30,05:15,430,,,,26
2025/10/30,05:30,430,,,,27
2025/10/30,05:45,430,,,,27
2025/10/30,06:00,430,,,,29
2025/10/30,06:15,430,,34,,
2025/10/30,06:30,430,,34,,
2025/10/30,06:45,430,,36,,
2025/10/30,07:00,430,,30,,
2025/10/30,07:15,430,,30,,
2025/10/30,07:30,430,,31,,
2025/10/30,07:45,430,,36,,
2025/10/30,08:00,430,,42,,
2025/10/30,08:15,430,,48,,
2025/10/30,08:30,430,,72,,
2025/10/30,08:45,430,,84,,
2025/10/30,09:00,430,,101,,
2025/10/30,09:15,430,,188,,
2025/10/30,09:30,430,,279,,
2025/10/30,09:45,430,,342,,
2025/10/30,10:00,430,,350,,
2025/10/30,10:15,430,,329,,
2025/10/30,10:30,430,,348,,
2025/10/30,10:45,430,,354,,
2025/10/30,11:00,430,,345,,
2025/10/30,11:15,430,,,,330
2025/10/30,11:30,430,,,,326
2025/10/30,11:45,430,,,,304
2025/10/30,12:00,430,,,,286
2025/10/30,12:15,430,,,,262
2025/10/30,12:30,430,,,,270
2025/10/30,12:45,430,,,,257
2025/10/30,13:00,430,,,,246
2025/10/30,13:15,430,,,,294
2025/10/30,13:30,430,,,,328
2025/10/30,13:45,430,,,,343
2025/10/30,14:00,430,,,,339
2025/10/30,14:15,430,,314,,
2025/10/30,14:30,430,,302,,
2025/10/30,14:45,430,,313,,
2025/10/30,15:00,430,,328,,
2025/10/30,15:15,430,,324,,
2025/10/30,15:30,430,,342,,
2025/10/30,15:45,430,,343,,
2025/10/30,16:00,430,,332,,
2025/10/30,16:15,430,,326,,
2025/10/30,16:30,430,,325,,
2025/10/30,16:45,430,,342,,
2025/10/30,17:00,430,,313,,
2025/10/30,17:15,430,,306,,
2025/10/30,17:30,430,,266,,
2025/10/30,17:45,430,,237,,
2025/10/30,18:00,430,,269,,
2025/10/30,18:15,430,,294,,
2025/10/30,18:30,430,,272,,
2025/10/30,18:45,430,,291,,
2025/10/30,19:00,430,,304,,
2025/10/30,19:15,430,,301,,
2025/10/30,19:30,430,,294,,
2025/10/30,19:45,430,,282,,
2025/10/30,20:00,430,,277,,
2025/10/30,20:15,430,,224,,
2025/10/30,20:30,430,,200,,
2025/10/30,20:45,430,,248,,
2025/10/30,21:00,430,,298,,
2025/10/30,21:15,430,,280,,
2025/10/30,21:30,430,,259,,
2025/10/30,21:45,430,,267,,
2025/10/30,22:00,430,,291,,
2025/10/30,22:15,430,,298,,
2025/10/30,22:30,430,,274,,
2025/10/30,22:45,430,,283,,
2025/10/30,23:00,430,,261,,
2025/10/30,23:15,430,,171,,
2025/10/30,23:30,430,,154,,
2025/10/30,23:45,430,,184,,
2025/10/31,00:00,430,,205,,
2025/10/31,00:15,430,,,,171
2025/10/31,00:30,430,,,,125
2025/10/31,00:45,430,,,,101
2025/10/31,01:00,430,,,,96
2025/10/31,01:15,430,,,,77
2025/10/31,01:30,430,,,,54
2025/10/31,01:45,430,,,,53
2025/10/31,02:00,430,,,,50
2025/10/31,02:15,430,,,,50
2025/10/31,02:30,430,,,,50
2025/10/31,02:45,430,,,,50
2025/10/31,03:00,430,,,,50
2025/10/31,03:15,430,,,,50
2025/10/31,03:30,430,,,,51
2025/10/31,03:45,430,,,,48
2025/10/31,04:00,430,,,,48
2025/10/31,04:15,430,,,,34
2025/10/31,04:30,430,,,,27
2025/10/31,04:45,430,,,,29
2025/10/31,05:00,430,,,,29
2025/10/31,05:15,430,,,,27
2025/10/31,05:30,430,,,,26
2025/10/31,05:45,430,,,,29
2025/10/31,06:00,430,,,,34
2025/10/31,06:15,430,,34,,
2025/10/31,06:30,430,,31,,
2025/10/31,06:45,430,,30,,
2025/10/31,07:00,430,,32,,
2025/10/31,07:15,430,,32,,
2025/10/31,07:30,430,,33,,
2025/10/31,07:45,430,,35,,
2025/10/31,08:00,430,,41,,
2025/10/31,08:15,430,,61,,
2025/10/31,08:30,430,,85,,
2025/10/31,08:45,430,,97,,
2025/10/31,09:00,430,,92,,
2025/10/31,09:15,430,,133,,
2025/10/31,09:30,430,,227,,
2025/10/31,09:45,430,,287,,
2025/10/31,10:00,430,,321,,
2025/10/31,10:15,430,,323,,
2025/10/31,10:30,430,,322,,
2025/10/31,10:45,430,,336,,
2025/10/31,11:00,430,,336,,
2025/10/31,11:15,430,,,,289
2025/10/31,11:30,430,,,,296
2025/10/31,11:45,430,,,,322
2025/10/31,12:00,430,,,,290
2025/10/31,12:15,430,,,,274
2025/10/31,12:30,430,,,,258
2025/10/31,12:45,430,,,,260
2025/10/31,13:00,430,,,,263
2025/10/31,13:15,430,,,,295
2025/10/31,13:30,430,,,,309
2025/10/31,13:45,430,,,,354
2025/10/31,14:00,430,,,,347
2025/10/31,14:15,430,,333,,
2025/10/31,14:30,430,,330,,
2025/10/31,14:45,430,,336,,
2025/10/31,15:00,430,,344,,
2025/10/31,15:15,430,,345,,
2025/10/31,15:30,430,,320,,
2025/10/31,15:45,430,,311,,
2025/10/31,16:00,430,,328,,
2025/10/31,16:15,430,,337,,
2025/10/31,16:30,430,,328,,
2025/10/31,16:45,430,,284,,
2025/10/31,17:00,430,,302,,
2025/10/31,17:15,430,,290,,
2025/10/31,17:30,430,,240,,
2025/10/31,17:45,430,,245,,
2025/10/31,18:00,430,,278,,
2025/10/31,18:15,430,,298,,
2025/10/31,18:30,430,,312,,
2025/10/31,18:45,430,,293,,
2025/10/31,19:00,430,,325,,
2025/10/31,19:15,430,,320,,
2025/10/31,19:30,430,,309,,
2025/10/31,19:45,430,,299,,
2025/10/31,20:00,430,,302,,
2025/10/31,20:15,430,,243,,
2025/10/31,20:30,430,,210,,
2025/10/31,20:45,430,,242,,
2025/10/31,21:00,430,,310,,
2025/10/31,21:15,430,,301,,
2025/10/31,21:30,430,,270,,
2025/10/31,21:45,430,,266,,
2025/10/31,22:00,430,,280,,
2025/10/31,22:15,430,,293,,
2025/10/31,22:30,430,,277,,
2025/10/31,22:45,430,,267,,
2025/10/31,23:00,430,,256,,
2025/10/31,23:15,430,,181,,
2025/10/31,23:30,430,,141,,
2025/10/31,23:45,430,,194,,
2025/11/1,00:00,430,,227,,
2025/11/1,00:15,430,,,,192
2025/11/1,00:30,430,,,,131
2025/11/1,00:45,430,,,,98
2025/11/1,01:00,430,,,,86
2025/11/1,01:15,430,,,,78
2025/11/1,01:30,430,,,,61
2025/11/1,01:45,430,,,,59
2025/11/1,02:00,430,,,,58
2025/11/1,02:15,430,,,,56
2025/11/1,02:30,430,,,,56
2025/11/1,02:45,430,,,,54
2025/11/1,03:00,430,,,,56
2025/11/1,03:15,430,,,,54
2025/11/1,03:30,430,,,,58
2025/11/1,03:45,430,,,,56
2025/11/1,04:00,430,,,,54
2025/11/1,04:15,430,,,,46
2025/11/1,04:30,430,,,,26
2025/11/1,04:45,430,,,,26
2025/11/1,05:00,430,,,,26
2025/11/1,05:15,430,,,,32
2025/11/1,05:30,430,,,,27
2025/11/1,05:45,430,,,,29
2025/11/1,06:00,430,,,,27
2025/11/1,06:15,430,,,29,
2025/11/1,06:30,430,,,30,
2025/11/1,06:45,430,,,31,
2025/11/1,07:00,430,,,30,
2025/11/1,07:15,430,,,50,
2025/11/1,07:30,430,,,46,
2025/11/1,07:45,430,,,37,
2025/11/1,08:00,430,,,37,
2025/11/1,08:15,430,,,41,
2025/11/1,08:30,430,,,102,
2025/11/1,08:45,430,,,109,
2025/11/1,09:00,430,,,130,
2025/11/1,09:15,430,,,211,
2025/11/1,09:30,430,,,280,
2025/11/1,09:45,430,,,323,
2025/11/1,10:00,430,,,325,
2025/11/1,10:15,430,,,301,
2025/11/1,10:30,430,,,313,
2025/11/1,10:45,430,,,326,
2025/11/1,11:00,430,,,305,
2025/11/1,11:15,430,,,,286
2025/11/1,11:30,430,,,,288
2025/11/1,11:45,430,,,,299
2025/11/1,12:00,430,,,,274
2025/11/1,12:15,430,,,,247
2025/11/1,12:30,430,,,,244
2025/11/1,12:45,430,,,,268
2025/11/1,13:00,430,,,,267
2025/11/1,13:15,430,,,,281
2025/11/1,13:30,430,,,,307
2025/11/1,13:45,430,,,,340
2025/11/1,14:00,430,,,,332
2025/11/1,14:15,430,,,323,
2025/11/1,14:30,430,,,300,
2025/11/1,14:45,430,,,325,
2025/11/1,15:00,430,,,315,
2025/11/1,15:15,430,,,311,
2025/11/1,15:30,430,,,330,
2025/11/1,15:45,430,,,313,
2025/11/1,16:00,430,,,318,
2025/11/1,16:15,430,,,310,
2025/11/1,16:30,430,,,310,
2025/11/1,16:45,430,,,313,
2025/11/1,17:00,430,,,283,
2025/11/1,17:15,430,,,271,
2025/11/1,17:30,430,,,246,
2025/11/1,17:45,430,,,245,
2025/11/1,18:00,430,,,278,
2025/11/1,18:15,430,,,293,
2025/11/1,18:30,430,,,291,
2025/11/1,18:45,430,,,315,
2025/11/1,19:00,430,,,312,
2025/11/1,19:15,430,,,314,
2025/11/1,19:30,430,,,298,
2025/11/1,19:45,430,,,304,
2025/11/1,20:00,430,,,283,
2025/11/1,20:15,430,,,227,
2025/11/1,20:30,430,,,205,
2025/11/1,20:45,430,,,238,
2025/11/1,21:00,430,,,291,
2025/11/1,21:15,430,,,266,
2025/11/1,21:30,430,,,264,
2025/11/1,21:45,430,,,285,
2025/11/1,22:00,430,,,261,
2025/11/1,22:15,430,,,269,
2025/11/1,22:30,430,,,274,
2025/11/1,22:45,430,,,274,
2025/11/1,23:00,430,,,253,
2025/11/1,23:15,430,,,178,
2025/11/1,23:30,430,,,142,
2025/11/1,23:45,430,,,181,
2025/11/2,00:00,430,,,235,
2025/11/2,00:15,430,,,,198
2025/11/2,00:30,430,,,,125
2025/11/2,00:45,430,,,,91
2025/11/2,01:00,430,,,,88
2025/11/2,01:15,430,,,,78
2025/11/2,01:30,430,,,,58
2025/11/2,01:45,430,,,,56
2025/11/2,02:00,430,,,,58
2025/11/2,02:15,430,,,,56
2025/11/2,02:30,430,,,,56
2025/11/2,02:45,430,,,,56
2025/11/2,03:00,430,,,,58
2025/11/2,03:15,430,,,,56
2025/11/2,03:30,430,,,,54
2025/11/2,03:45,430,,,,53
2025/11/2,04:00,430,,,,42
2025/11/2,04:15,430,,,,26
2025/11/2,04:30,430,,,,26
2025/11/2,04:45,430,,,,24
2025/11/2,05:00,430,,,,26
2025/11/2,05:15,430,,,,27
2025/11/2,05:30,430,,,,24
2025/11/2,05:45,430,,,,24
2025/11/2,06:00,430,,,,21
2025/11/2,06:15,430,,,,19
2025/11/2,06:30,430,,,,20
2025/11/2,06:45,430,,,,22
2025/11/2,07:00,430,,,,22
2025/11/2,07:15,430,,,,22
2025/11/2,07:30,430,,,,20
2025/11/2,07:45,430,,,,21
2025/11/2,08:00,430,,,,25
2025/11/2,08:15,430,,,,28
2025/11/2,08:30,430,,,,28
2025/11/2,08:45,430,,,,41
2025/11/2,09:00,430,,,,46
2025/11/2,09:15,430,,,,51
2025/11/2,09:30,430,,,,52
2025/11/2,09:45,430,,,,54
2025/11/2,10:00,430,,,,60
2025/11/2,10:15,430,,,,55
2025/11/2,10:30,430,,,,59
2025/11/2,10:45,430,,,,59
2025/11/2,11:00,430,,,,78
2025/11/2,11:15,430,,,,106
2025/11/2,11:30,430,,,,176
2025/11/2,11:45,430,,,,250
2025/11/2,12:00,430,,,,283
2025/11/2,12:15,430,,,,268
2025/11/2,12:30,430,,,,269
2025/11/2,12:45,430,,,,277
2025/11/2,13:00,430,,,,265
2025/11/2,13:15,430,,,,255
2025/11/2,13:30,430,,,,271
2025/11/2,13:45,430,,,,273
2025/11/2,14:00,430,,,,257
2025/11/2,14:15,430,,,,254
2025/11/2,14:30,430,,,,255
2025/11/2,14:45,430,,,,280
2025/11/2,15:00,430,,,,269
2025/11/2,15:15,430,,,,284
2025/11/2,15:30,430,,,,272
2025/11/2,15:45,430,,,,269
2025/11/2,16:00,430,,,,259
2025/11/2,16:15,430,,,,238
2025/11/2,16:30,430,,,,254
2025/11/2,16:45,430,,,,254
2025/11/2,17:00,430,,,,231
2025/11/2,17:15,430,,,,157
2025/11/2,17:30,430,,,,90
2025/11/2,17:45,430,,,,54
2025/11/2,18:00,430,,,,53
2025/11/2,18:15,430,,,,51
2025/11/2,18:30,430,,,,48
2025/11/2,18:45,430,,,,50
2025/11/2,19:00,430,,,,48
2025/11/2,19:15,430,,,,46
2025/11/2,19:30,430,,,,48
2025/11/2,19:45,430,,,,48
2025/11/2,20:00,430,,,,48
2025/11/2,20:15,430,,,,45
2025/11/2,20:30,430,,,,40
2025/11/2,20:45,430,,,,42
2025/11/2,21:00,430,,,,29
2025/11/2,21:15,430,,,,21
2025/11/2,21:30,430,,,,21
2025/11/2,21:45,430,,,,19
2025/11/2,22:00,430,,,,19
2025/11/2,22:15,430,,,,19
2025/11/2,22:30,430,,,,19
2025/11/2,22:45,430,,,,21
2025/11/2,23:00,430,,,,18
2025/11/2,23:15,430,,,,19
2025/11/2,23:30,430,,,,19
2025/11/2,23:45,430,,,,18
2025/11/3,00:00,430,,,,21
2025/11/3,00:15,430,,,,19
2025/11/3,00:30,430,,,,19
2025/11/3,00:45,430,,,,19
2025/11/3,01:00,430,,,,18
2025/11/3,01:15,430,,,,18
2025/11/3,01:30,430,,,,19
2025/11/3,01:45,430,,,,22
2025/11/3,02:00,430,,,,24
2025/11/3,02:15,430,,,,26
2025/11/3,02:30,430,,,,26
2025/11/3,02:45,430,,,,24
2025/11/3,03:00,430,,,,24
2025/11/3,03:15,430,,,,24
2025/11/3,03:30,430,,,,24
2025/11/3,03:45,430,,,,26
2025/11/3,04:00,430,,,,26
2025/11/3,04:15,430,,,,26
2025/11/3,04:30,430,,,,26
2025/11/3,04:45,430,,,,26
2025/11/3,05:00,430,,,,26
2025/11/3,05:15,430,,,,26
2025/11/3,05:30,430,,,,26
2025/11/3,05:45,430,,,,32
2025/11/3,06:00,430,,,,30
2025/11/3,06:15,430,,32,,
2025/11/3,06:30,430,,31,,
2025/11/3,06:45,430,,28,,
2025/11/3,07:00,430,,29,,
2025/11/3,07:15,430,,30,,
2025/11/3,07:30,430,,31,,
2025/11/3,07:45,430,,33,,
2025/11/3,08:00,430,,37,,
2025/11/3,08:15,430,,54,,
2025/11/3,08:30,430,,81,,
2025/11/3,08:45,430,,95,,
2025/11/3,09:00,430,,102,,
2025/11/3,09:15,430,,127,,
2025/11/3,09:30,430,,188,,
2025/11/3,09:45,430,,210,,
2025/11/3,10:00,430,,204,,
2025/11/3,10:15,430,,235,,
2025/11/3,10:30,430,,312,,
2025/11/3,10:45,430,,353,,
2025/11/3,11:00,430,,361,,
2025/11/3,11:15,430,,,,349
2025/11/3,11:30,430,,,,342
2025/11/3,11:45,430,,,,338
2025/11/3,12:00,430,,,,322
2025/11/3,12:15,430,,,,289
2025/11/3,12:30,430,,,,269
2025/11/3,12:45,430,,,,210
2025/11/3,13:00,430,,,,191
2025/11/3,13:15,430,,,,247
2025/11/3,13:30,430,,,,321
2025/11/3,13:45,430,,,,402
2025/11/3,14:00,430,,,,411
2025/11/3,14:15,430,,391,,
2025/11/3,14:30,430,,332,,
2025/11/3,14:45,430,,307,,
2025/11/3,15:00,430,,305,,
2025/11/3,15:15,430,,331,,
2025/11/3,15:30,430,,322,,
2025/11/3,15:45,430,,300,,
2025/11/3,16:00,430,,309,,
2025/11/3,16:15,430,,298,,
2025/11/3,16:30,430,,307,,
2025/11/3,16:45,430,,308,,
2025/11/3,17:00,430,,291,,
2025/11/3,17:15,430,,261,,
2025/11/3,17:30,430,,261,,
2025/11/3,17:45,430,,242,,
2025/11/3,18:00,430,,277,,
2025/11/3,18:15,430,,304,,
2025/11/3,18:30,430,,318,,
2025/11/3,18:45,430,,306,,
2025/11/3,19:00,430,,283,,
2025/11/3,19:15,430,,290,,
2025/11/3,19:30,430,,285,,
2025/11/3,19:45,430,,272,,
2025/11/3,20:00,430,,266,,
2025/11/3,20:15,430,,232,,
2025/11/3,20:30,430,,195,,
2025/11/3,20:45,430,,230,,
2025/11/3,21:00,430,,285,,
2025/11/3,21:15,430,,280,,
2025/11/3,21:30,430,,274,,
2025/11/3,21:45,430,,259,,
2025/11/3,22:00,430,,285,,
2025/11/3,22:15,430,,274,,
2025/11/3,22:30,430,,267,,
2025/11/3,22:45,430,,253,,
2025/11/3,23:00,430,,219,,
2025/11/3,23:15,430,,174,,
2025/11/3,23:30,430,,134,,
2025/11/3,23:45,430,,190,,
2025/11/4,00:00,430,,210,,
2025/11/4,00:15,430,,,,173
2025/11/4,00:30,430,,,,115
2025/11/4,00:45,430,,,,96
2025/11/4,01:00,430,,,,91
2025/11/4,01:15,430,,,,72
2025/11/4,01:30,430,,,,53
2025/11/4,01:45,430,,,,51
2025/11/4,02:00,430,,,,50
2025/11/4,02:15,430,,,,48
2025/11/4,02:30,430,,,,50
2025/11/4,02:45,430,,,,50
2025/11/4,03:00,430,,,,50
2025/11/4,03:15,430,,,,46
2025/11/4,03:30,430,,,,48
2025/11/4,03:45,430,,,,51
2025/11/4,04:00,430,,,,50
2025/11/4,04:15,430,,,,51
2025/11/4,04:30,430,,,,50
2025/11/4,04:45,430,,,,50
2025/11/4,05:00,430,,,,50
2025/11/4,05:15,430,,,,37
2025/11/4,05:30,430,,,,27
2025/11/4,05:45,430,,,,26
2025/11/4,06:00,430,,,,29
2025/11/4,06:15,430,,34,,
2025/11/4,06:30,430,,33,,
2025/11/4,06:45,430,,30,,
2025/11/4,07:00,430,,31,,
2025/11/4,07:15,430,,31,,
2025/11/4,07:30,430,,33,,
2025/11/4,07:45,430,,35,,
2025/11/4,08:00,430,,40,,
2025/11/4,08:15,430,,48,,
2025/11/4,08:30,430,,74,,
2025/11/4,08:45,430,,82,,
2025/11/4,09:00,430,,85,,
2025/11/4,09:15,430,,139,,
2025/11/4,09:30,430,,213,,
2025/11/4,09:45,430,,265,,
2025/11/4,10:00,430,,318,,
2025/11/4,10:15,430,,330,,
2025/11/4,10:30,430,,346,,
2025/11/4,10:45,430,,335,,
2025/11/4,11:00,430,,320,,
2025/11/4,11:15,430,,,,313
2025/11/4,11:30,430,,,,313
2025/11/4,11:45,430,,,,301
2025/11/4,12:00,430,,,,309
2025/11/4,12:15,430,,,,293
2025/11/4,12:30,430,,,,295
2025/11/4,12:45,430,,,,271
2025/11/4,13:00,430,,,,252
2025/11/4,13:15,430,,,,276
2025/11/4,13:30,430,,,,317
2025/11/4,13:45,430,,,,328
2025/11/4,14:00,430,,,,329
2025/11/4,14:15,430,,310,,
2025/11/4,14:30,430,,325,,
2025/11/4,14:45,430,,320,,
2025/11/4,15:00,430,,311,,
2025/11/4,15:15,430,,320,,
2025/11/4,15:30,430,,324,,
2025/11/4,15:45,430,,320,,
2025/11/4,16:00,430,,303,,
2025/11/4,16:15,430,,303,,
2025/11/4,16:30,430,,303,,
2025/11/4,16:45,430,,324,,
2025/11/4,17:00,430,,327,,
2025/11/4,17:15,430,,285,,
2025/11/4,17:30,430,,234,,
2025/11/4,17:45,430,,227,,
2025/11/4,18:00,430,,277,,
2025/11/4,18:15,430,,296,,
2025/11/4,18:30,430,,290,,
2025/11/4,18:45,430,,309,,
2025/11/4,19:00,430,,323,,
2025/11/4,19:15,430,,309,,
2025/11/4,19:30,430,,296,,
2025/11/4,19:45,430,,302,,
2025/11/4,20:00,430,,299,,
2025/11/4,20:15,430,,240,,
2025/11/4,20:30,430,,206,,
2025/11/4,20:45,430,,248,,
2025/11/4,21:00,430,,307,,
2025/11/4,21:15,430,,310,,
2025/11/4,21:30,430,,293,,
2025/11/4,21:45,430,,270,,
2025/11/4,22:00,430,,261,,
2025/11/4,22:15,430,,275,,
2025/11/4,22:30,430,,277,,
2025/11/4,22:45,430,,280,,
2025/11/4,23:00,430,,267,,
2025/11/4,23:15,430,,179,,
2025/11/4,23:30,430,,152,,
2025/11/4,23:45,430,,192,,
2025/11/5,00:00,430,,227,,
2025/11/5,00:15,430,,,,173
2025/11/5,00:30,430,,,,101
2025/11/5,00:45,430,,,,78
2025/11/5,01:00,430,,,,77
2025/11/5,01:15,430,,,,70
2025/11/5,01:30,430,,,,53
2025/11/5,01:45,430,,,,50
2025/11/5,02:00,430,,,,46
2025/11/5,02:15,430,,,,46
2025/11/5,02:30,430,,,,45
2025/11/5,02:45,430,,,,46
2025/11/5,03:00,430,,,,45
2025/11/5,03:15,430,,,,46
2025/11/5,03:30,430,,,,45
2025/11/5,03:45,430,,,,46
2025/11/5,04:00,430,,,,45
2025/11/5,04:15,430,,,,46
2025/11/5,04:30,430,,,,46
2025/11/5,04:45,430,,,,46
2025/11/5,05:00,430,,,,46
2025/11/5,05:15,430,,,,46
2025/11/5,05:30,430,,,,48
2025/11/5,05:45,430,,,,50
2025/11/5,06:00,430,,,,51
2025/11/5,06:15,430,,54,,
2025/11/5,06:30,430,,49,,
2025/11/5,06:45,430,,33,,
2025/11/5,07:00,430,,28,,
2025/11/5,07:15,430,,29,,
2025/11/5,07:30,430,,32,,
2025/11/5,07:45,430,,34,,
2025/11/5,08:00,430,,34,,
2025/11/5,08:15,430,,45,,
2025/11/5,08:30,430,,77,,
2025/11/5,08:45,430,,89,,
2025/11/5,09:00,430,,91,,
2025/11/5,09:15,430,,133,,
2025/11/5,09:30,430,,231,,
2025/11/5,09:45,430,,286,,
2025/11/5,10:00,430,,299,,
2025/11/5,10:15,430,,315,,
2025/11/5,10:30,430,,317,,
2025/11/5,10:45,430,,345,,
2025/11/5,11:00,430,,326,,
2025/11/5,11:15,430,,,,310
2025/11/5,11:30,430,,,,322
2025/11/5,11:45,430,,,,329
2025/11/5,12:00,430,,,,316
2025/11/5,12:15,430,,,,275
2025/11/5,12:30,430,,,,270
2025/11/5,12:45,430,,,,272
2025/11/5,13:00,430,,,,278
2025/11/5,13:15,430,,,,313
2025/11/5,13:30,430,,,,320
2025/11/5,13:45,430,,,,333
2025/11/5,14:00,430,,,,343
2025/11/5,14:15,430,,327,,
2025/11/5,14:30,430,,328,,
2025/11/5,14:45,430,,339,,
2025/11/5,15:00,430,,348,,
2025/11/5,15:15,430,,347,,
2025/11/5,15:30,430,,330,,
2025/11/5,15:45,430,,350,,
2025/11/5,16:00,430,,347,,
2025/11/5,16:15,430,,330,,
2025/11/5,16:30,430,,321,,
2025/11/5,16:45,430,,306,,
2025/11/5,17:00,430,,322,,
2025/11/5,17:15,430,,312,,
2025/11/5,17:30,430,,254,,
2025/11/5,17:45,430,,227,,
2025/11/5,18:00,430,,278,,
2025/11/5,18:15,430,,304,,
2025/11/5,18:30,430,,282,,
2025/11/5,18:45,430,,267,,
2025/11/5,19:00,430,,286,,
2025/11/5,19:15,430,,307,,
2025/11/5,19:30,430,,312,,
2025/11/5,19:45,430,,310,,
2025/11/5,20:00,430,,294,,
2025/11/5,20:15,430,,240,,
2025/11/5,20:30,430,,182,,
2025/11/5,20:45,430,,243,,
2025/11/5,21:00,430,,306,,
2025/11/5,21:15,430,,317,,
2025/11/5,21:30,430,,317,,
2025/11/5,21:45,430,,290,,
2025/11/5,22:00,430,,293,,
2025/11/5,22:15,430,,306,,
2025/11/5,22:30,430,,306,,
2025/11/5,22:45,430,,278,,
2025/11/5,23:00,430,,256,,
2025/11/5,23:15,430,,179,,
2025/11/5,23:30,430,,138,,
2025/11/5,23:45,430,,187,,
2025/11/6,00:00,430,,230,,
2025/11/6,00:15,430,,,,178
2025/11/6,00:30,430,,,,120
2025/11/6,00:45,430,,,,91
2025/11/6,01:00,430,,,,88
2025/11/6,01:15,430,,,,75
2025/11/6,01:30,430,,,,53
2025/11/6,01:45,430,,,,51
2025/11/6,02:00,430,,,,50
2025/11/6,02:15,430,,,,50
2025/11/6,02:30,430,,,,50
2025/11/6,02:45,430,,,,48
2025/11/6,03:00,430,,,,51
2025/11/6,03:15,430,,,,50
2025/11/6,03:30,430,,,,48
2025/11/6,03:45,430,,,,50
2025/11/6,04:00,430,,,,48
2025/11/6,04:15,430,,,,51
2025/11/6,04:30,430,,,,51
2025/11/6,04:45,430,,,,50
2025/11/6,05:00,430,,,,50
2025/11/6,05:15,430,,,,51
2025/11/6,05:30,430,,,,51
2025/11/6,05:45,430,,,,54
2025/11/6,06:00,430,,,,54
2025/11/6,06:15,430,,54,,
2025/11/6,06:30,430,,43,,
2025/11/6,06:45,430,,34,,
2025/11/6,07:00,430,,32,,
2025/11/6,07:15,430,,36,,
2025/11/6,07:30,430,,42,,
2025/11/6,07:45,430,,39,,
2025/11/6,08:00,430,,41,,
2025/11/6,08:15,430,,50,,
2025/11/6,08:30,430,,68,,
2025/11/6,08:45,430,,81,,
2025/11/6,09:00,430,,82,,
2025/11/6,09:15,430,,122,,
2025/11/6,09:30,430,,215,,
2025/11/6,09:45,430,,298,,
2025/11/6,10:00,430,,315,,
2025/11/6,10:15,430,,318,,
2025/11/6,10:30,430,,339,,
2025/11/6,10:45,430,,352,,
2025/11/6,11:00,430,,344,,
2025/11/6,11:15,430,,,,322
2025/11/6,11:30,430,,,,332
2025/11/6,11:45,430,,,,318
2025/11/6,12:00,430,,,,312
2025/11/6,12:15,430,,,,275
2025/11/6,12:30,430,,,,274
2025/11/6,12:45,430,,,,278
2025/11/6,13:00,430,,,,265
2025/11/6,13:15,430,,,,301
2025/11/6,13:30,430,,,,324
2025/11/6,13:45,430,,,,355
2025/11/6,14:00,430,,,,358
2025/11/6,14:15,430,,354,,
2025/11/6,14:30,430,,324,,
2025/11/6,14:45,430,,320,,
2025/11/6,15:00,430,,322,,
2025/11/6,15:15,430,,337,,
2025/11/6,15:30,430,,352,,
2025/11/6,15:45,430,,332,,
2025/11/6,16:00,430,,333,,
2025/11/6,16:15,430,,327,,
2025/11/6,16:30,430,,325,,
2025/11/6,16:45,430,,313,,
2025/11/6,17:00,430,,317,,
2025/11/6,17:15,430,,296,,
2025/11/6,17:30,430,,238,,
2025/11/6,17:45,430,,232,,
2025/11/6,18:00,430,,266,,
2025/11/6,18:15,430,,291,,
2025/11/6,18:30,430,,309,,
2025/11/6,18:45,430,,317,,
2025/11/6,19:00,430,,306,,
2025/11/6,19:15,430,,302,,
2025/11/6,19:30,430,,290,,
2025/11/6,19:45,430,,278,,
2025/11/6,20:00,430,,235,,
2025/11/6,20:15,430,,216,,
2025/11/6,20:30,430,,216,,
2025/11/6,20:45,430,,238,,
2025/11/6,21:00,430,,293,,
2025/11/6,21:15,430,,298,,
2025/11/6,21:30,430,,291,,
2025/11/6,21:45,430,,275,,
2025/11/6,22:00,430,,288,,
2025/11/6,22:15,430,,296,,
2025/11/6,22:30,430,,296,,
2025/11/6,22:45,430,,274,,
2025/11/6,23:00,430,,259,,
2025/11/6,23:15,430,,170,,
2025/11/6,23:30,430,,141,,
2025/11/6,23:45,430,,213,,
2025/11/7,00:00,430,,235,,
2025/11/7,00:15,430,,,,190
2025/11/7,00:30,430,,,,122
2025/11/7,00:45,430,,,,85
2025/11/7,01:00,430,,,,77
2025/11/7,01:15,430,,,,70
2025/11/7,01:30,430,,,,54
2025/11/7,01:45,430,,,,51
2025/11/7,02:00,430,,,,51
2025/11/7,02:15,430,,,,51
2025/11/7,02:30,430,,,,51
2025/11/7,02:45,430,,,,50
2025/11/7,03:00,430,,,,51
2025/11/7,03:15,430,,,,48
2025/11/7,03:30,430,,,,50
2025/11/7,03:45,430,,,,48
2025/11/7,04:00,430,,,,50
2025/11/7,04:15,430,,,,48
2025/11/7,04:30,430,,,,48
2025/11/7,04:45,430,,,,45
2025/11/7,05:00,430,,,,43
2025/11/7,05:15,430,,,,32
2025/11/7,05:30,430,,,,29
2025/11/7,05:45,430,,,,26
2025/11/7,06:00,430,,,,29
2025/11/7,06:15,430,,30,,
2025/11/7,06:30,430,,32,,
2025/11/7,06:45,430,,35,,
2025/11/7,07:00,430,,31,,
2025/11/7,07:15,430,,31,,
2025/11/7,07:30,430,,32,,
2025/11/7,07:45,430,,38,,
2025/11/7,08:00,430,,41,,
2025/11/7,08:15,430,,49,,
2025/11/7,08:30,430,,74,,
2025/11/7,08:45,430,,88,,
2025/11/7,09:00,430,,92,,
2025/11/7,09:15,430,,128,,
2025/11/7,09:30,430,,233,,
2025/11/7,09:45,430,,281,,
2025/11/7,10:00,430,,299,,
2025/11/7,10:15,430,,351,,
2025/11/7,10:30,430,,366,,
2025/11/7,10:45,430,,380,,
2025/11/7,11:00,430,,378,,
2025/11/7,11:15,430,,,,360
2025/11/7,11:30,430,,,,345
2025/11/7,11:45,430,,,,345
2025/11/7,12:00,430,,,,309
2025/11/7,12:15,430,,,,286
2025/11/7,12:30,430,,,,303
2025/11/7,12:45,430,,,,309
2025/11/7,13:00,430,,,,276
2025/11/7,13:15,430,,,,310
2025/11/7,13:30,430,,,,351
2025/11/7,13:45,430,,,,385
2025/11/7,14:00,430,,,,390
2025/11/7,14:15,430,,376,,
2025/11/7,14:30,430,,349,,
2025/11/7,14:45,430,,352,,
2025/11/7,15:00,430,,377,,
2025/11/7,15:15,430,,351,,
2025/11/7,15:30,430,,349,,
2025/11/7,15:45,430,,359,,
2025/11/7,16:00,430,,355,,
2025/11/7,16:15,430,,366,,
2025/11/7,16:30,430,,328,,
2025/11/7,16:45,430,,319,,
2025/11/7,17:00,430,,353,,
2025/11/7,17:15,430,,323,,
2025/11/7,17:30,430,,262,,
2025/11/7,17:45,430,,243,,
2025/11/7,18:00,430,,282,,
2025/11/7,18:15,430,,309,,
2025/11/7,18:30,430,,322,,
2025/11/7,18:45,430,,304,,
2025/11/7,19:00,430,,299,,
2025/11/7,19:15,430,,307,,
2025/11/7,19:30,430,,314,,
2025/11/7,19:45,430,,299,,
2025/11/7,20:00,430,,304,,
2025/11/7,20:15,430,,245,,
2025/11/7,20:30,430,,213,,
2025/11/7,20:45,430,,250,,
2025/11/7,21:00,430,,298,,
2025/11/7,21:15,430,,296,,
2025/11/7,21:30,430,,267,,
2025/11/7,21:45,430,,286,,
2025/11/7,22:00,430,,298,,
2025/11/7,22:15,430,,293,,
2025/11/7,22:30,430,,280,,
2025/11/7,22:45,430,,283,,
2025/11/7,23:00,430,,262,,
2025/11/7,23:15,430,,195,,
2025/11/7,23:30,430,,138,,
2025/11/7,23:45,430,,176,,
2025/11/8,00:00,430,,238,,
2025/11/8,00:15,430,,,,266
2025/11/8,00:30,430,,,,242
2025/11/8,00:45,430,,,,254
2025/11/8,01:00,430,,,,261
2025/11/8,01:15,430,,,,232
2025/11/8,01:30,430,,,,195
2025/11/8,01:45,430,,,,142
2025/11/8,02:00,430,,,,98
2025/11/8,02:15,430,,,,94
2025/11/8,02:30,430,,,,93
2025/11/8,02:45,430,,,,82
2025/11/8,03:00,430,,,,56
2025/11/8,03:15,430,,,,50
2025/11/8,03:30,430,,,,50
2025/11/8,03:45,430,,,,43
2025/11/8,04:00,430,,,,42
2025/11/8,04:15,430,,,,37
2025/11/8,04:30,430,,,,27
2025/11/8,04:45,430,,,,26
2025/11/8,05:00,430,,,,27
2025/11/8,05:15,430,,,,30
2025/11/8,05:30,430,,,,29
2025/11/8,05:45,430,,,,27
2025/11/8,06:00,430,,,,29
2025/11/8,06:15,430,,,30,
2025/11/8,06:30,430,,,31,
2025/11/8,06:45,430,,,29,
2025/11/8,07:00,430,,,28,
2025/11/8,07:15,430,,,32,
2025/11/8,07:30,430,,,33,
2025/11/8,07:45,430,,,38,
2025/11/8,08:00,430,,,42,
2025/11/8,08:15,430,,,92,
2025/11/8,08:30,430,,,113,
2025/11/8,08:45,430,,,110,
2025/11/8,09:00,430,,,114,
2025/11/8,09:15,430,,,162,
2025/11/8,09:30,430,,,266,
2025/11/8,09:45,430,,,332,
2025/11/8,10:00,430,,,346,
2025/11/8,10:15,430,,,349,
2025/11/8,10:30,430,,,346,
2025/11/8,10:45,430,,,356,
2025/11/8,11:00,430,,,339,
2025/11/8,11:15,430,,,,346
2025/11/8,11:30,430,,,,353
2025/11/8,11:45,430,,,,335
2025/11/8,12:00,430,,,,307
2025/11/8,12:15,430,,,,262
2025/11/8,12:30,430,,,,263
2025/11/8,12:45,430,,,,253
2025/11/8,13:00,430,,,,247
2025/11/8,13:15,430,,,,300
2025/11/8,13:30,430,,,,330
2025/11/8,13:45,430,,,,353
2025/11/8,14:00,430,,,,344
2025/11/8,14:15,430,,,322,
2025/11/8,14:30,430,,,353,
2025/11/8,14:45,430,,,360,
2025/11/8,15:00,430,,,350,
2025/11/8,15:15,430,,,341,
2025/11/8,15:30,430,,,356,
2025/11/8,15:45,430,,,363,
2025/11/8,16:00,430,,,363,
2025/11/8,16:15,430,,,337,
2025/11/8,16:30,430,,,329,
2025/11/8,16:45,430,,,361,
2025/11/8,17:00,430,,,351,
2025/11/8,17:15,430,,,302,
2025/11/8,17:30,430,,,262,
2025/11/8,17:45,430,,,219,
2025/11/8,18:00,430,,,243,
2025/11/8,18:15,430,,,298,
2025/11/8,18:30,430,,,296,
2025/11/8,18:45,430,,,267,
2025/11/8,19:00,430,,,285,
2025/11/8,19:15,430,,,323,
2025/11/8,19:30,430,,,310,
2025/11/8,19:45,430,,,302,
2025/11/8,20:00,430,,,301,
2025/11/8,20:15,430,,,250,
2025/11/8,20:30,430,,,218,
2025/11/8,20:45,430,,,250,
2025/11/8,21:00,430,,,306,
2025/11/8,21:15,430,,,320,
2025/11/8,21:30,430,,,307,
2025/11/8,21:45,430,,,296,
2025/11/8,22:00,430,,,304,
2025/11/8,22:15,430,,,315,
2025/11/8,22:30,430,,,288,
2025/11/8,22:45,430,,,280,
2025/11/8,23:00,430,,,274,
2025/11/8,23:15,430,,,246,
2025/11/8,23:30,430,,,197,
2025/11/8,23:45,430,,,192,
2025/11/9,00:00,430,,,230,
2025/11/9,00:15,430,,,,189
2025/11/9,00:30,430,,,,120
2025/11/9,00:45,430,,,,94
2025/11/9,01:00,430,,,,86
2025/11/9,01:15,430,,,,78
2025/11/9,01:30,430,,,,67
2025/11/9,01:45,430,,,,53
2025/11/9,02:00,430,,,,53
2025/11/9,02:15,430,,,,54
2025/11/9,02:30,430,,,,53
2025/11/9,02:45,430,,,,53
2025/11/9,03:00,430,,,,53
2025/11/9,03:15,430,,,,53
2025/11/9,03:30,430,,,,51
2025/11/9,03:45,430,,,,50
2025/11/9,04:00,430,,,,50
2025/11/9,04:15,430,,,,51
2025/11/9,04:30,430,,,,50
2025/11/9,04:45,430,,,,48
2025/11/9,05:00,430,,,,50
2025/11/9,05:15,430,,,,50
2025/11/9,05:30,430,,,,43
2025/11/9,05:45,430,,,,45
2025/11/9,06:00,430,,,,32
2025/11/9,06:15,430,,,,22
2025/11/9,06:30,430,,,,22
2025/11/9,06:45,430,,,,21
2025/11/9,07:00,430,,,,21
2025/11/9,07:15,430,,,,22
2025/11/9,07:30,430,,,,22
2025/11/9,07:45,430,,,,22
2025/11/9,08:00,430,,,,27
2025/11/9,08:15,430,,,,29
2025/11/9,08:30,430,,,,31
2025/11/9,08:45,430,,,,54
2025/11/9,09:00,430,,,,56
2025/11/9,09:15,430,,,,55
2025/11/9,09:30,430,,,,60
2025/11/9,09:45,430,,,,56
2025/11/9,10:00,430,,,,57
2025/11/9,10:15,430,,,,57
2025/11/9,10:30,430,,,,58
2025/11/9,10:45,430,,,,62
2025/11/9,11:00,430,,,,74
2025/11/9,11:15,430,,,,119
2025/11/9,11:30,430,,,,173
2025/11/9,11:45,430,,,,229
2025/11/9,12:00,430,,,,267
2025/11/9,12:15,430,,,,274
2025/11/9,12:30,430,,,,236
2025/11/9,12:45,430,,,,272
2025/11/9,13:00,430,,,,289
2025/11/9,13:15,430,,,,307
2025/11/9,13:30,430,,,,313
2025/11/9,13:45,430,,,,307
2025/11/9,14:00,430,,,,292
2025/11/9,14:15,430,,,,294
2025/11/9,14:30,430,,,,296
2025/11/9,14:45,430,,,,297
2025/11/9,15:00,430,,,,278
2025/11/9,15:15,430,,,,281
2025/11/9,15:30,430,,,,291
2025/11/9,15:45,430,,,,284
2025/11/9,16:00,430,,,,285
2025/11/9,16:15,430,,,,304
2025/11/9,16:30,430,,,,279
2025/11/9,16:45,430,,,,237
2025/11/9,17:00,430,,,,165
2025/11/9,17:15,430,,,,113
2025/11/9,17:30,430,,,,86
2025/11/9,17:45,430,,,,72
2025/11/9,18:00,430,,,,59
2025/11/9,18:15,430,,,,53
2025/11/9,18:30,430,,,,51
2025/11/9,18:45,430,,,,51
2025/11/9,19:00,430,,,,50
2025/11/9,19:15,430,,,,50
2025/11/9,19:30,430,,,,53
2025/11/9,19:45,430,,,,48
2025/11/9,20:00,430,,,,51
2025/11/9,20:15,430,,,,53
2025/11/9,20:30,430,,,,50
2025/11/9,20:45,430,,,,48
2025/11/9,21:00,430,,,,40
2025/11/9,21:15,430,,,,22
2025/11/9,21:30,430,,,,22
2025/11/9,21:45,430,,,,24
2025/11/9,22:00,430,,,,22
2025/11/9,22:15,430,,,,24
2025/11/9,22:30,430,,,,22
2025/11/9,22:45,430,,,,22
2025/11/9,23:00,430,,,,21
2025/11/9,23:15,430,,,,21
2025/11/9,23:30,430,,,,22
2025/11/9,23:45,430,,,,19
2025/11/10,00:00,430,,,,21
2025/11/10,00:15,430,,,,22
2025/11/10,00:30,430,,,,21
2025/11/10,00:45,430,,,,19
2025/11/10,01:00,430,,,,22
2025/11/10,01:15,430,,,,18
2025/11/10,01:30,430,,,,21
2025/11/10,01:45,430,,,,21
2025/11/10,02:00,430,,,,21
2025/11/10,02:15,430,,,,26
2025/11/10,02:30,430,,,,26
2025/11/10,02:45,430,,,,24
2025/11/10,03:00,430,,,,26
2025/11/10,03:15,430,,,,26
2025/11/10,03:30,430,,,,24
2025/11/10,03:45,430,,,,26
2025/11/10,04:00,430,,,,26
2025/11/10,04:15,430,,,,26
2025/11/10,04:30,430,,,,26
2025/11/10,04:45,430,,,,27
2025/11/10,05:00,430,,,,27
2025/11/10,05:15,430,,,,27
2025/11/10,05:30,430,,,,29
2025/11/10,05:45,430,,,,27
2025/11/10,06:00,430,,,,32
2025/11/10,06:15,430,,34,,
2025/11/10,06:30,430,,29,,
2025/11/10,06:45,430,,31,,
2025/11/10,07:00,430,,29,,
2025/11/10,07:15,430,,30,,
2025/11/10,07:30,430,,32,,
2025/11/10,07:45,430,,34,,
2025/11/10,08:00,430,,38,,
2025/11/10,08:15,430,,71,,
2025/11/10,08:30,430,,139,,
2025/11/10,08:45,430,,170,,
2025/11/10,09:00,430,,137,,
2025/11/10,09:15,430,,170,,
2025/11/10,09:30,430,,240,,
2025/11/10,09:45,430,,295,,
2025/11/10,10:00,430,,323,,
2025/11/10,10:15,430,,329,,
2025/11/10,10:30,430,,327,,
2025/11/10,10:45,430,,326,,
2025/11/10,11:00,430,,310,,
2025/11/10,11:15,430,,,,302
2025/11/10,11:30,430,,,,319
2025/11/10,11:45,430,,,,317
2025/11/10,12:00,430,,,,306
2025/11/10,12:15,430,,,,251
2025/11/10,12:30,430,,,,235
2025/11/10,12:45,430,,,,241
2025/11/10,13:00,430,,,,248
2025/11/10,13:15,430,,,,287
2025/11/10,13:30,430,,,,314
2025/11/10,13:45,430,,,,290
2025/11/10,14:00,430,,,,281
2025/11/10,14:15,430,,315,,
2025/11/10,14:30,430,,313,,
2025/11/10,14:45,430,,292,,
2025/11/10,15:00,430,,298,,
2025/11/10,15:15,430,,306,,
2025/11/10,15:30,430,,316,,
2025/11/10,15:45,430,,306,,
2025/11/10,16:00,430,,284,,
2025/11/10,16:15,430,,284,,
2025/11/10,16:30,430,,309,,
2025/11/10,16:45,430,,318,,
2025/11/10,17:00,430,,282,,
2025/11/10,17:15,430,,251,,
2025/11/10,17:30,430,,210,,
2025/11/10,17:45,430,,221,,
2025/11/10,18:00,430,,277,,
2025/11/10,18:15,430,,294,,
2025/11/10,18:30,430,,306,,
2025/11/10,18:45,430,,304,,
2025/11/10,19:00,430,,294,,
2025/11/10,19:15,430,,298,,
2025/11/10,19:30,430,,290,,
2025/11/10,19:45,430,,293,,
2025/11/10,20:00,430,,272,,
2025/11/10,20:15,430,,205,,
2025/11/10,20:30,430,,197,,
2025/11/10,20:45,430,,250,,
2025/11/10,21:00,430,,282,,
2025/11/10,21:15,430,,264,,
2025/11/10,21:30,430,,262,,
2025/11/10,21:45,430,,270,,
2025/11/10,22:00,430,,282,,
2025/11/10,22:15,430,,261,,
2025/11/10,22:30,430,,261,,
2025/11/10,22:45,430,,256,,
2025/11/10,23:00,430,,243,,
2025/11/10,23:15,430,,178,,
2025/11/10,23:30,430,,133,,
2025/11/10,23:45,430,,155,,
2025/11/11,00:00,430,,214,,
2025/11/11,00:15,430,,,,221
2025/11/11,00:30,430,,,,226
2025/11/11,00:45,430,,,,224
2025/11/11,01:00,430,,,,178
2025/11/11,01:15,430,,,,120
2025/11/11,01:30,430,,,,96
2025/11/11,01:45,430,,,,80
2025/11/11,02:00,430,,,,75
2025/11/11,02:15,430,,,,70
2025/11/11,02:30,430,,,,51
2025/11/11,02:45,430,,,,50
2025/11/11,03:00,430,,,,51
2025/11/11,03:15,430,,,,46
2025/11/11,03:30,430,,,,48
2025/11/11,03:45,430,,,,48
2025/11/11,04:00,430,,,,48
2025/11/11,04:15,430,,,,50
2025/11/11,04:30,430,,,,29
2025/11/11,04:45,430,,,,27
2025/11/11,05:00,430,,,,26
2025/11/11,05:15,430,,,,26
2025/11/11,05:30,430,,,,26
2025/11/11,05:45,430,,,,26
2025/11/11,06:00,430,,,,30
2025/11/11,06:15,430,,30,,
2025/11/11,06:30,430,,34,,
2025/11/11,06:45,430,,33,,
2025/11/11,07:00,430,,33,,
2025/11/11,07:15,430,,32,,
2025/11/11,07:30,430,,32,,
2025/11/11,07:45,430,,35,,
2025/11/11,08:00,430,,38,,
2025/11/11,08:15,430,,46,,
2025/11/11,08:30,430,,113,,
2025/11/11,08:45,430,,120,,
2025/11/11,09:00,430,,113,,
2025/11/11,09:15,430,,154,,
2025/11/11,09:30,430,,255,,
2025/11/11,09:45,430,,316,,
2025/11/11,10:00,430,,319,,
2025/11/11,10:15,430,,309,,
2025/11/11,10:30,430,,311,,
2025/11/11,10:45,430,,318,,
2025/11/11,11:00,430,,307,,
2025/11/11,11:15,430,,,,297
2025/11/11,11:30,430,,,,291
2025/11/11,11:45,430,,,,299
2025/11/11,12:00,430,,,,283
2025/11/11,12:15,430,,,,264
2025/11/11,12:30,430,,,,246
2025/11/11,12:45,430,,,,234
2025/11/11,13:00,430,,,,223
2025/11/11,13:15,430,,,,252
2025/11/11,13:30,430,,,,298
2025/11/11,13:45,430,,,,334
2025/11/11,14:00,430,,,,335
2025/11/11,14:15,430,,314,,
2025/11/11,14:30,430,,317,,
2025/11/11,14:45,430,,329,,
2025/11/11,15:00,430,,338,,
2025/11/11,15:15,430,,312,,
2025/11/11,15:30,430,,331,,
2025/11/11,15:45,430,,341,,
2025/11/11,16:00,430,,319,,
2025/11/11,16:15,430,,323,,
2025/11/11,16:30,430,,301,,
2025/11/11,16:45,430,,284,,
2025/11/11,17:00,430,,279,,
2025/11/11,17:15,430,,266,,
2025/11/11,17:30,430,,232,,
2025/11/11,17:45,430,,243,,
2025/11/11,18:00,430,,278,,
2025/11/11,18:15,430,,309,,
2025/11/11,18:30,430,,314,,
2025/11/11,18:45,430,,309,,
2025/11/11,19:00,430,,304,,
2025/11/11,19:15,430,,309,,
2025/11/11,19:30,430,,315,,
2025/11/11,19:45,430,,307,,
2025/11/11,20:00,430,,293,,
2025/11/11,20:15,430,,256,,
2025/11/11,20:30,430,,214,,
2025/11/11,20:45,430,,232,,
2025/11/11,21:00,430,,294,,
2025/11/11,21:15,430,,299,,
2025/11/11,21:30,430,,277,,
2025/11/11,21:45,430,,286,,
2025/11/11,22:00,430,,283,,
2025/11/11,22:15,430,,285,,
2025/11/11,22:30,430,,274,,
2025/11/11,22:45,430,,280,,
2025/11/11,23:00,430,,262,,
2025/11/11,23:15,430,,200,,
2025/11/11,23:30,430,,166,,
2025/11/11,23:45,430,,203,,
2025/11/12,00:00,430,,237,,
2025/11/12,00:15,430,,,,226
2025/11/12,00:30,430,,,,237
2025/11/12,00:45,430,,,,235
2025/11/12,01:00,430,,,,179
2025/11/12,01:15,430,,,,117
2025/11/12,01:30,430,,,,80
2025/11/12,01:45,430,,,,67
2025/11/12,02:00,430,,,,58
2025/11/12,02:15,430,,,,51
2025/11/12,02:30,430,,,,54
2025/11/12,02:45,430,,,,51
2025/11/12,03:00,430,,,,51
2025/11/12,03:15,430,,,,50
2025/11/12,03:30,430,,,,29
2025/11/12,03:45,430,,,,27
2025/11/12,04:00,430,,,,26
2025/11/12,04:15,430,,,,27
2025/11/12,04:30,430,,,,27
2025/11/12,04:45,430,,,,27
2025/11/12,05:00,430,,,,27
2025/11/12,05:15,430,,,,26
2025/11/12,05:30,430,,,,30
2025/11/12,05:45,430,,,,30
2025/11/12,06:00,430,,,,35
2025/11/12,06:15,430,,32,,
2025/11/12,06:30,430,,34,,
2025/11/12,06:45,430,,34,,
2025/11/12,07:00,430,,35,,
2025/11/12,07:15,430,,31,,
2025/11/12,07:30,430,,33,,
2025/11/12,07:45,430,,38,,
2025/11/12,08:00,430,,42,,
2025/11/12,08:15,430,,48,,
2025/11/12,08:30,430,,112,,
2025/11/12,08:45,430,,120,,
2025/11/12,09:00,430,,118,,
2025/11/12,09:15,430,,122,,
2025/11/12,09:30,430,,185,,
2025/11/12,09:45,430,,261,,
2025/11/12,10:00,430,,283,,
2025/11/12,10:15,430,,267,,
2025/11/12,10:30,430,,271,,
2025/11/12,10:45,430,,320,,
2025/11/12,11:00,430,,354,,
2025/11/12,11:15,430,,,,341
2025/11/12,11:30,430,,,,328
2025/11/12,11:45,430,,,,344
2025/11/12,12:00,430,,,,325
2025/11/12,12:15,430,,,,304
2025/11/12,12:30,430,,,,314
2025/11/12,12:45,430,,,,294
2025/11/12,13:00,430,,,,269
2025/11/12,13:15,430,,,,300
2025/11/12,13:30,430,,,,292
2025/11/12,13:45,430,,,,313
2025/11/12,14:00,430,,,,323
2025/11/12,14:15,430,,310,,
2025/11/12,14:30,430,,290,,
2025/11/12,14:45,430,,289,,
2025/11/12,15:00,430,,311,,
2025/11/12,15:15,430,,339,,
2025/11/12,15:30,430,,363,,
2025/11/12,15:45,430,,367,,
2025/11/12,16:00,430,,332,,
2025/11/12,16:15,430,,322,,
2025/11/12,16:30,430,,346,,
2025/11/12,16:45,430,,349,,
2025/11/12,17:00,430,,350,,
2025/11/12,17:15,430,,320,,
2025/11/12,17:30,430,,286,,
2025/11/12,17:45,430,,254,,
2025/11/12,18:00,430,,275,,
2025/11/12,18:15,430,,309,,
2025/11/12,18:30,430,,325,,
2025/11/12,18:45,430,,310,,
2025/11/12,19:00,430,,304,,
2025/11/12,19:15,430,,323,,
2025/11/12,19:30,430,,314,,
2025/11/12,19:45,430,,322,,
2025/11/12,20:00,430,,296,,
2025/11/12,20:15,430,,248,,
2025/11/12,20:30,430,,213,,
2025/11/12,20:45,430,,264,,
2025/11/12,21:00,430,,302,,
2025/11/12,21:15,430,,302,,
2025/11/12,21:30,430,,306,,
2025/11/12,21:45,430,,294,,
2025/11/12,22:00,430,,285,,
2025/11/12,22:15,430,,282,,
2025/11/12,22:30,430,,302,,
2025/11/12,22:45,430,,298,,
2025/11/12,23:00,430,,280,,
2025/11/12,23:15,430,,229,,
2025/11/12,23:30,430,,187,,
2025/11/12,23:45,430,,216,,
2025/11/13,00:00,430,,258,,
2025/11/13,00:15,430,,,,258
2025/11/13,00:30,430,,,,230
2025/11/13,00:45,430,,,,243
2025/11/13,01:00,430,,,,243
2025/11/13,01:15,430,,,,234
2025/11/13,01:30,430,,,,216
2025/11/13,01:45,430,,,,178
2025/11/13,02:00,430,,,,139
2025/11/13,02:15,430,,,,98
2025/11/13,02:30,430,,,,86
2025/11/13,02:45,430,,,,75
2025/11/13,03:00,430,,,,58
2025/11/13,03:15,430,,,,59
2025/11/13,03:30,430,,,,54
2025/11/13,03:45,430,,,,54
2025/11/13,04:00,430,,,,51
2025/11/13,04:15,430,,,,54
2025/11/13,04:30,430,,,,56
2025/11/13,04:45,430,,,,53
2025/11/13,05:00,430,,,,53
2025/11/13,05:15,430,,,,27
2025/11/13,05:30,430,,,,27
2025/11/13,05:45,430,,,,26
2025/11/13,06:00,430,,,,27
2025/11/13,06:15,430,,30,,
2025/11/13,06:30,430,,34,,
2025/11/13,06:45,430,,35,,
2025/11/13,07:00,430,,34,,
2025/11/13,07:15,430,,39,,
2025/11/13,07:30,430,,31,,
2025/11/13,07:45,430,,32,,
2025/11/13,08:00,430,,38,,
2025/11/13,08:15,430,,45,,
2025/11/13,08:30,430,,103,,
2025/11/13,08:45,430,,115,,
2025/11/13,09:00,430,,109,,
2025/11/13,09:15,430,,157,,
2025/11/13,09:30,430,,246,,
2025/11/13,09:45,430,,310,,
2025/11/13,10:00,430,,322,,
2025/11/13,10:15,430,,306,,
2025/11/13,10:30,430,,309,,
2025/11/13,10:45,430,,335,,
2025/11/13,11:00,430,,334,,
2025/11/13,11:15,430,,,,307
2025/11/13,11:30,430,,,,303
2025/11/13,11:45,430,,,,311
2025/11/13,12:00,430,,,,321
2025/11/13,12:15,430,,,,265
2025/11/13,12:30,430,,,,251
2025/11/13,12:45,430,,,,263
2025/11/13,13:00,430,,,,246
2025/11/13,13:15,430,,,,274
2025/11/13,13:30,430,,,,291
2025/11/13,13:45,430,,,,319
2025/11/13,14:00,430,,,,329
2025/11/13,14:15,430,,317,,
2025/11/13,14:30,430,,282,,
2025/11/13,14:45,430,,307,,
2025/11/13,15:00,430,,324,,
2025/11/13,15:15,430,,329,,
2025/11/13,15:30,430,,332,,
2025/11/13,15:45,430,,307,,
2025/11/13,16:00,430,,319,,
2025/11/13,16:15,430,,318,,
2025/11/13,16:30,430,,329,,
2025/11/13,16:45,430,,326,,
2025/11/13,17:00,430,,303,,
2025/11/13,17:15,430,,292,,
2025/11/13,17:30,430,,245,,
2025/11/13,17:45,430,,245,,
2025/11/13,18:00,430,,275,,
2025/11/13,18:15,430,,298,,
2025/11/13,18:30,430,,302,,
2025/11/13,18:45,430,,294,,
2025/11/13,19:00,430,,302,,
2025/11/13,19:15,430,,310,,
2025/11/13,19:30,430,,299,,
2025/11/13,19:45,430,,304,,
2025/11/13,20:00,430,,299,,
2025/11/13,20:15,430,,248,,
2025/11/13,20:30,430,,210,,
2025/11/13,20:45,430,,253,,
2025/11/13,21:00,430,,291,,
2025/11/13,21:15,430,,299,,
2025/11/13,21:30,430,,291,,
2025/11/13,21:45,430,,294,,
2025/11/13,22:00,430,,291,,
2025/11/13,22:15,430,,288,,
2025/11/13,22:30,430,,288,,
2025/11/13,22:45,430,,286,,
2025/11/13,23:00,430,,266,,
2025/11/13,23:15,430,,216,,
2025/11/13,23:30,430,,170,,
2025/11/13,23:45,430,,203,,
2025/11/14,00:00,430,,238,,
2025/11/14,00:15,430,,,,206
2025/11/14,00:30,430,,,,152
2025/11/14,00:45,430,,,,120
2025/11/14,01:00,430,,,,107
2025/11/14,01:15,430,,,,75
2025/11/14,01:30,430,,,,70
2025/11/14,01:45,430,,,,62
2025/11/14,02:00,430,,,,56
2025/11/14,02:15,430,,,,56
2025/11/14,02:30,430,,,,56
2025/11/14,02:45,430,,,,56
2025/11/14,03:00,430,,,,59
2025/11/14,03:15,430,,,,61
2025/11/14,03:30,430,,,,51
2025/11/14,03:45,430,,,,53
2025/11/14,04:00,430,,,,53
2025/11/14,04:15,430,,,,45
2025/11/14,04:30,430,,,,26
2025/11/14,04:45,430,,,,26
2025/11/14,05:00,430,,,,26
2025/11/14,05:15,430,,,,27
2025/11/14,05:30,430,,,,27
2025/11/14,05:45,430,,,,29
2025/11/14,06:00,430,,,,32
2025/11/14,06:15,430,,29,,
2025/11/14,06:30,430,,30,,
2025/11/14,06:45,430,,30,,
2025/11/14,07:00,430,,31,,
2025/11/14,07:15,430,,28,,
2025/11/14,07:30,430,,30,,
2025/11/14,07:45,430,,32,,
2025/11/14,08:00,430,,37,,
2025/11/14,08:15,430,,50,,
2025/11/14,08:30,430,,75,,
2025/11/14,08:45,430,,105,,
2025/11/14,09:00,430,,117,,
2025/11/14,09:15,430,,178,,
2025/11/14,09:30,430,,255,,
2025/11/14,09:45,430,,326,,
2025/11/14,10:00,430,,306,,
2025/11/14,10:15,430,,289,,
2025/11/14,10:30,430,,314,,
2025/11/14,10:45,430,,315,,
2025/11/14,11:00,430,,317,,
2025/11/14,11:15,430,,,,323
2025/11/14,11:30,430,,,,313
2025/11/14,11:45,430,,,,311
2025/11/14,12:00,430,,,,313
2025/11/14,12:15,430,,,,269
2025/11/14,12:30,430,,,,267
2025/11/14,12:45,430,,,,262
2025/11/14,13:00,430,,,,244
2025/11/14,13:15,430,,,,286
2025/11/14,13:30,430,,,,311
2025/11/14,13:45,430,,,,340
2025/11/14,14:00,430,,,,339
2025/11/14,14:15,430,,318,,
2025/11/14,14:30,430,,305,,
2025/11/14,14:45,430,,319,,
2025/11/14,15:00,430,,335,,
2025/11/14,15:15,430,,316,,
2025/11/14,15:30,430,,325,,
2025/11/14,15:45,430,,335,,
2025/11/14,16:00,430,,318,,
2025/11/14,16:15,430,,304,,
2025/11/14,16:30,430,,299,,
2025/11/14,16:45,430,,309,,
2025/11/14,17:00,430,,323,,
2025/11/14,17:15,430,,297,,
2025/11/14,17:30,430,,261,,
2025/11/14,17:45,430,,250,,
2025/11/14,18:00,430,,298,,
2025/11/14,18:15,430,,304,,
2025/11/14,18:30,430,,296,,
2025/11/14,18:45,430,,296,,
2025/11/14,19:00,430,,314,,
2025/11/14,19:15,430,,282,,
2025/11/14,19:30,430,,277,,
2025/11/14,19:45,430,,299,,
2025/11/14,20:00,430,,301,,
2025/11/14,20:15,430,,248,,
2025/11/14,20:30,430,,195,,
2025/11/14,20:45,430,,251,,
2025/11/14,21:00,430,,293,,
2025/11/14,21:15,430,,302,,
2025/11/14,21:30,430,,285,,
2025/11/14,21:45,430,,291,,
2025/11/14,22:00,430,,290,,
2025/11/14,22:15,430,,270,,
2025/11/14,22:30,430,,269,,
2025/11/14,22:45,430,,286,,
2025/11/14,23:00,430,,266,,
2025/11/14,23:15,430,,214,,
2025/11/14,23:30,430,,166,,
2025/11/14,23:45,430,,182,,
2025/11/15,00:00,430,,238,,
2025/11/15,00:15,430,,,,218
2025/11/15,00:30,430,,,,154
2025/11/15,00:45,430,,,,106
2025/11/15,01:00,430,,,,106
2025/11/15,01:15,430,,,,88
2025/11/15,01:30,430,,,,67
2025/11/15,01:45,430,,,,66
2025/11/15,02:00,430,,,,64
2025/11/15,02:15,430,,,,66
2025/11/15,02:30,430,,,,56
2025/11/15,02:45,430,,,,51
2025/11/15,03:00,430,,,,50
2025/11/15,03:15,430,,,,50
2025/11/15,03:30,430,,,,50
2025/11/15,03:45,430,,,,45
2025/11/15,04:00,430,,,,26
2025/11/15,04:15,430,,,,26
2025/11/15,04:30,430,,,,27
2025/11/15,04:45,430,,,,26
2025/11/15,05:00,430,,,,26
2025/11/15,05:15,430,,,,27
2025/11/15,05:30,430,,,,26
2025/11/15,05:45,430,,,,29
2025/11/15,06:00,430,,,,27
2025/11/15,06:15,430,,,30,
2025/11/15,06:30,430,,,28,
2025/11/15,06:45,430,,,30,
2025/11/15,07:00,430,,,29,
2025/11/15,07:15,430,,,29,
2025/11/15,07:30,430,,,31,
2025/11/15,07:45,430,,,35,
2025/11/15,08:00,430,,,38,
2025/11/15,08:15,430,,,44,
2025/11/15,08:30,430,,,69,
2025/11/15,08:45,430,,,99,
2025/11/15,09:00,430,,,115,
2025/11/15,09:15,430,,,178,
2025/11/15,09:30,430,,,255,
2025/11/15,09:45,430,,,317,
2025/11/15,10:00,430,,,325,
2025/11/15,10:15,430,,,322,
2025/11/15,10:30,430,,,332,
2025/11/15,10:45,430,,,341,
2025/11/15,11:00,430,,,335,
2025/11/15,11:15,430,,,,288
2025/11/15,11:30,430,,,,281
2025/11/15,11:45,430,,,,316
2025/11/15,12:00,430,,,,305
2025/11/15,12:15,430,,,,274
2025/11/15,12:30,430,,,,274
2025/11/15,12:45,430,,,,267
2025/11/15,13:00,430,,,,250
2025/11/15,13:15,430,,,,273
2025/11/15,13:30,430,,,,290
2025/11/15,13:45,430,,,,313
2025/11/15,14:00,430,,,,329
2025/11/15,14:15,430,,,334,
2025/11/15,14:30,430,,,306,
2025/11/15,14:45,430,,,295,
2025/11/15,15:00,430,,,340,
2025/11/15,15:15,430,,,337,
2025/11/15,15:30,430,,,322,
2025/11/15,15:45,430,,,312,
2025/11/15,16:00,430,,,323,
2025/11/15,16:15,430,,,327,
2025/11/15,16:30,430,,,321,
2025/11/15,16:45,430,,,319,
2025/11/15,17:00,430,,,308,
2025/11/15,17:15,430,,,297,
2025/11/15,17:30,430,,,230,
2025/11/15,17:45,430,,,224,
2025/11/15,18:00,430,,,262,
2025/11/15,18:15,430,,,301,
2025/11/15,18:30,430,,,306,
2025/11/15,18:45,430,,,290,
2025/11/15,19:00,430,,,306,
2025/11/15,19:15,430,,,302,
2025/11/15,19:30,430,,,299,
2025/11/15,19:45,430,,,293,
2025/11/15,20:00,430,,,286,
2025/11/15,20:15,430,,,240,
2025/11/15,20:30,430,,,194,
2025/11/15,20:45,430,,,242,
2025/11/15,21:00,430,,,306,
2025/11/15,21:15,430,,,312,
2025/11/15,21:30,430,,,306,
2025/11/15,21:45,430,,,290,
2025/11/15,22:00,430,,,299,
2025/11/15,22:15,430,,,294,
2025/11/15,22:30,430,,,278,
2025/11/15,22:45,430,,,275,
2025/11/15,23:00,430,,,275,
2025/11/15,23:15,430,,,197,
2025/11/15,23:30,430,,,152,
2025/11/15,23:45,430,,,189,
2025/11/16,00:00,430,,,238,
2025/11/16,00:15,430,,,,221
2025/11/16,00:30,430,,,,147
2025/11/16,00:45,430,,,,102
2025/11/16,01:00,430,,,,109
2025/11/16,01:15,430,,,,90
2025/11/16,01:30,430,,,,66
2025/11/16,01:45,430,,,,64
2025/11/16,02:00,430,,,,61
2025/11/16,02:15,430,,,,48
2025/11/16,02:30,430,,,,48
2025/11/16,02:45,430,,,,42
2025/11/16,03:00,430,,,,26
2025/11/16,03:15,430,,,,26
2025/11/16,03:30,430,,,,26
2025/11/16,03:45,430,,,,27
2025/11/16,04:00,430,,,,24
2025/11/16,04:15,430,,,,24
2025/11/16,04:30,430,,,,26
2025/11/16,04:45,430,,,,26
2025/11/16,05:00,430,,,,27
2025/11/16,05:15,430,,,,21
2025/11/16,05:30,430,,,,19
2025/11/16,05:45,430,,,,19
2025/11/16,06:00,430,,,,19
2025/11/16,06:15,430,,,,21
2025/11/16,06:30,430,,,,19
2025/11/16,06:45,430,,,,20
2025/11/16,07:00,430,,,,19
2025/11/16,07:15,430,,,,19
2025/11/16,07:30,430,,,,22
2025/11/16,07:45,430,,,,21
2025/11/16,08:00,430,,,,27
2025/11/16,08:15,430,,,,28
2025/11/16,08:30,430,,,,27
2025/11/16,08:45,430,,,,50
2025/11/16,09:00,430,,,,52
2025/11/16,09:15,430,,,,54
2025/11/16,09:30,430,,,,54
2025/11/16,09:45,430,,,,54
2025/11/16,10:00,430,,,,58
2025/11/16,10:15,430,,,,52
2025/11/16,10:30,430,,,,60
2025/11/16,10:45,430,,,,54
2025/11/16,11:00,430,,,,75
2025/11/16,11:15,430,,,,102
2025/11/16,11:30,430,,,,134
2025/11/16,11:45,430,,,,241
2025/11/16,12:00,430,,,,289
2025/11/16,12:15,430,,,,296
2025/11/16,12:30,430,,,,285
2025/11/16,12:45,430,,,,288
2025/11/16,13:00,430,,,,274
2025/11/16,13:15,430,,,,270
2025/11/16,13:30,430,,,,291
2025/11/16,13:45,430,,,,288
2025/11/16,14:00,430,,,,281
2025/11/16,14:15,430,,,,288
2025/11/16,14:30,430,,,,299
2025/11/16,14:45,430,,,,286
2025/11/16,15:00,430,,,,276
2025/11/16,15:15,430,,,,302
2025/11/16,15:30,430,,,,296
2025/11/16,15:45,430,,,,272
2025/11/16,16:00,430,,,,275
2025/11/16,16:15,430,,,,266
2025/11/16,16:30,430,,,,266
2025/11/16,16:45,430,,,,238
2025/11/16,17:00,430,,,,162
2025/11/16,17:15,430,,,,98
2025/11/16,17:30,430,,,,72
2025/11/16,17:45,430,,,,62
2025/11/16,18:00,430,,,,59
2025/11/16,18:15,430,,,,53
2025/11/16,18:30,430,,,,48
2025/11/16,18:45,430,,,,46
2025/11/16,19:00,430,,,,48
2025/11/16,19:15,430,,,,46
2025/11/16,19:30,430,,,,50
2025/11/16,19:45,430,,,,50
2025/11/16,20:00,430,,,,50
2025/11/16,20:15,430,,,,48
2025/11/16,20:30,430,,,,46
2025/11/16,20:45,430,,,,43
2025/11/16,21:00,430,,,,40
2025/11/16,21:15,430,,,,37
2025/11/16,21:30,430,,,,21
2025/11/16,21:45,430,,,,21
2025/11/16,22:00,430,,,,22
2025/11/16,22:15,430,,,,22
2025/11/16,22:30,430,,,,21
2025/11/16,22:45,430,,,,21
2025/11/16,23:00,430,,,,21
2025/11/16,23:15,430,,,,19
2025/11/16,23:30,430,,,,19
2025/11/16,23:45,430,,,,19
2025/11/17,00:00,430,,,,21
2025/11/17,00:15,430,,,,21
2025/11/17,00:30,430,,,,19
2025/11/17,00:45,430,,,,21
2025/11/17,01:00,430,,,,19
2025/11/17,01:15,430,,,,19
2025/11/17,01:30,430,,,,21
2025/11/17,01:45,430,,,,19
2025/11/17,02:00,430,,,,21
2025/11/17,02:15,430,,,,19
2025/11/17,02:30,430,,,,21
2025/11/17,02:45,430,,,,24
2025/11/17,03:00,430,,,,26
2025/11/17,03:15,430,,,,35
2025/11/17,03:30,430,,,,27
2025/11/17,03:45,430,,,,26
2025/11/17,04:00,430,,,,26
2025/11/17,04:15,430,,,,26
2025/11/17,04:30,430,,,,27
2025/11/17,04:45,430,,,,24
2025/11/17,05:00,430,,,,27
2025/11/17,05:15,430,,,,27
2025/11/17,05:30,430,,,,27
2025/11/17,05:45,430,,,,27
2025/11/17,06:00,430,,,,29
2025/11/17,06:15,430,,34,,
2025/11/17,06:30,430,,32,,
2025/11/17,06:45,430,,31,,
2025/11/17,07:00,430,,31,,
2025/11/17,07:15,430,,28,,
2025/11/17,07:30,430,,30,,
2025/11/17,07:45,430,,31,,
2025/11/17,08:00,430,,40,,
2025/11/17,08:15,430,,56,,
2025/11/17,08:30,430,,95,,
2025/11/17,08:45,430,,131,,
2025/11/17,09:00,430,,136,,
2025/11/17,09:15,430,,145,,
2025/11/17,09:30,430,,175,,
2025/11/17,09:45,430,,234,,
2025/11/17,10:00,430,,273,,
2025/11/17,10:15,430,,288,,
2025/11/17,10:30,430,,266,,
2025/11/17,10:45,430,,278,,
2025/11/17,11:00,430,,296,,
2025/11/17,11:15,430,,,,300
2025/11/17,11:30,430,,,,285
2025/11/17,11:45,430,,,,285
2025/11/17,12:00,430,,,,304
2025/11/17,12:15,430,,,,276
2025/11/17,12:30,430,,,,272
2025/11/17,12:45,430,,,,262
2025/11/17,13:00,430,,,,249
2025/11/17,13:15,430,,,,275
2025/11/17,13:30,430,,,,304
2025/11/17,13:45,430,,,,323
2025/11/17,14:00,430,,,,333
2025/11/17,14:15,430,,329,,
2025/11/17,14:30,430,,326,,
2025/11/17,14:45,430,,330,,
2025/11/17,15:00,430,,321,,
2025/11/17,15:15,430,,296,,
2025/11/17,15:30,430,,309,,
2025/11/17,15:45,430,,310,,
2025/11/17,16:00,430,,307,,
2025/11/17,16:15,430,,299,,
2025/11/17,16:30,430,,292,,
2025/11/17,16:45,430,,302,,
2025/11/17,17:00,430,,292,,
2025/11/17,17:15,430,,226,,
2025/11/17,17:30,430,,190,,
2025/11/17,17:45,430,,190,,
2025/11/17,18:00,430,,240,,
2025/11/17,18:15,430,,267,,
2025/11/17,18:30,430,,283,,
2025/11/17,18:45,430,,299,,
2025/11/17,19:00,430,,302,,
2025/11/17,19:15,430,,286,,
2025/11/17,19:30,430,,285,,
2025/11/17,19:45,430,,296,,
2025/11/17,20:00,430,,285,,
2025/11/17,20:15,430,,232,,
2025/11/17,20:30,430,,203,,
2025/11/17,20:45,430,,254,,
2025/11/17,21:00,430,,293,,
2025/11/17,21:15,430,,282,,
2025/11/17,21:30,430,,286,,
2025/11/17,21:45,430,,269,,
2025/11/17,22:00,430,,274,,
2025/11/17,22:15,430,,253,,
2025/11/17,22:30,430,,248,,
2025/11/17,22:45,430,,264,,
2025/11/17,23:00,430,,208,,
2025/11/17,23:15,430,,142,,
2025/11/17,23:30,430,,131,,
2025/11/17,23:45,430,,174,,
2025/11/18,00:00,430,,195,,
2025/11/18,00:15,430,,,,133
2025/11/18,00:30,430,,,,90
2025/11/18,00:45,430,,,,91
2025/11/18,01:00,430,,,,82
2025/11/18,01:15,430,,,,80
2025/11/18,01:30,430,,,,54
2025/11/18,01:45,430,,,,50
2025/11/18,02:00,430,,,,50
2025/11/18,02:15,430,,,,48
2025/11/18,02:30,430,,,,48
2025/11/18,02:45,430,,,,48
2025/11/18,03:00,430,,,,48
2025/11/18,03:15,430,,,,46
2025/11/18,03:30,430,,,,48
2025/11/18,03:45,430,,,,46
2025/11/18,04:00,430,,,,48
2025/11/18,04:15,430,,,,46
2025/11/18,04:30,430,,,,46
2025/11/18,04:45,430,,,,48
2025/11/18,05:00,430,,,,48
2025/11/18,05:15,430,,,,48
2025/11/18,05:30,430,,,,46
2025/11/18,05:45,430,,,,48
2025/11/18,06:00,430,,,,51
2025/11/18,06:15,430,,34,,
2025/11/18,06:30,430,,35,,
2025/11/18,06:45,430,,33,,
2025/11/18,07:00,430,,32,,
2025/11/18,07:15,430,,31,,
2025/11/18,07:30,430,,28,,
2025/11/18,07:45,430,,33,,
2025/11/18,08:00,430,,36,,
2025/11/18,08:15,430,,51,,
2025/11/18,08:30,430,,63,,
2025/11/18,08:45,430,,103,,
2025/11/18,09:00,430,,107,,
2025/11/18,09:15,430,,127,,
2025/11/18,09:30,430,,224,,
2025/11/18,09:45,430,,261,,
2025/11/18,10:00,430,,296,,
2025/11/18,10:15,430,,291,,
2025/11/18,10:30,430,,308,,
2025/11/18,10:45,430,,322,,
2025/11/18,11:00,430,,315,,
2025/11/18,11:15,430,,,,292
2025/11/18,11:30,430,,,,280
2025/11/18,11:45,430,,,,297
2025/11/18,12:00,430,,,,294
2025/11/18,12:15,430,,,,271
2025/11/18,12:30,430,,,,266
2025/11/18,12:45,430,,,,262
2025/11/18,13:00,430,,,,237
2025/11/18,13:15,430,,,,253
2025/11/18,13:30,430,,,,283
2025/11/18,13:45,430,,,,307
2025/11/18,14:00,430,,,,329
2025/11/18,14:15,430,,306,,
2025/11/18,14:30,430,,293,,
2025/11/18,14:45,430,,292,,
2025/11/18,15:00,430,,305,,
2025/11/18,15:15,430,,327,,
2025/11/18,15:30,430,,291,,
2025/11/18,15:45,430,,285,,
2025/11/18,16:00,430,,306,,
2025/11/18,16:15,430,,310,,
2025/11/18,16:30,430,,279,,
2025/11/18,16:45,430,,277,,
2025/11/18,17:00,430,,294,,
2025/11/18,17:15,430,,291,,
2025/11/18,17:30,430,,246,,
2025/11/18,17:45,430,,222,,
2025/11/18,18:00,430,,248,,
2025/11/18,18:15,430,,256,,
2025/11/18,18:30,430,,242,,
2025/11/18,18:45,430,,246,,
2025/11/18,19:00,430,,266,,
2025/11/18,19:15,430,,256,,
2025/11/18,19:30,430,,256,,
2025/11/18,19:45,430,,258,,
2025/11/18,20:00,430,,227,,
2025/11/18,20:15,430,,181,,
2025/11/18,20:30,430,,179,,
2025/11/18,20:45,430,,230,,
2025/11/18,21:00,430,,278,,
2025/11/18,21:15,430,,278,,
2025/11/18,21:30,430,,291,,
2025/11/18,21:45,430,,274,,
2025/11/18,22:00,430,,256,,
2025/11/18,22:15,430,,270,,
2025/11/18,22:30,430,,293,,
2025/11/18,22:45,430,,264,,
2025/11/18,23:00,430,,226,,
2025/11/18,23:15,430,,186,,
2025/11/18,23:30,430,,155,,
2025/11/18,23:45,430,,214,,
2025/11/19,00:00,430,,234,,
2025/11/19,00:15,430,,,,176
2025/11/19,00:30,430,,,,109
2025/11/19,00:45,430,,,,82
2025/11/19,01:00,430,,,,61
2025/11/19,01:15,430,,,,53
2025/11/19,01:30,430,,,,53
2025/11/19,01:45,430,,,,53
2025/11/19,02:00,430,,,,51
2025/11/19,02:15,430,,,,50
2025/11/19,02:30,430,,,,51
2025/11/19,02:45,430,,,,50
2025/11/19,03:00,430,,,,50
2025/11/19,03:15,430,,,,50
2025/11/19,03:30,430,,,,50
2025/11/19,03:45,430,,,,48
2025/11/19,04:00,430,,,,37
2025/11/19,04:15,430,,,,26
2025/11/19,04:30,430,,,,24
2025/11/19,04:45,430,,,,24
2025/11/19,05:00,430,,,,24
2025/11/19,05:15,430,,,,24
2025/11/19,05:30,430,,,,24
2025/11/19,05:45,430,,,,26
2025/11/19,06:00,430,,,,26
2025/11/19,06:15,430,,27,,
2025/11/19,06:30,430,,32,,
2025/11/19,06:45,430,,31,,
2025/11/19,07:00,430,,28,,
2025/11/19,07:15,430,,29,,
2025/11/19,07:30,430,,27,,
2025/11/19,07:45,430,,32,,
2025/11/19,08:00,430,,48,,
2025/11/19,08:15,430,,53,,
2025/11/19,08:30,430,,62,,
2025/11/19,08:45,430,,94,,
2025/11/19,09:00,430,,109,,
2025/11/19,09:15,430,,157,,
2025/11/19,09:30,430,,246,,
2025/11/19,09:45,430,,322,,
2025/11/19,10:00,430,,322,,
2025/11/19,10:15,430,,320,,
2025/11/19,10:30,430,,293,,
2025/11/19,10:45,430,,319,,
2025/11/19,11:00,430,,325,,
2025/11/19,11:15,430,,,,320
2025/11/19,11:30,430,,,,311
2025/11/19,11:45,430,,,,320
2025/11/19,12:00,430,,,,318
2025/11/19,12:15,430,,,,271
2025/11/19,12:30,430,,,,238
2025/11/19,12:45,430,,,,216
2025/11/19,13:00,430,,,,199
2025/11/19,13:15,430,,,,229
2025/11/19,13:30,430,,,,289
2025/11/19,13:45,430,,,,316
2025/11/19,14:00,430,,,,326
2025/11/19,14:15,430,,313,,
2025/11/19,14:30,430,,297,,
2025/11/19,14:45,430,,316,,
2025/11/19,15:00,430,,323,,
2025/11/19,15:15,430,,316,,
2025/11/19,15:30,430,,327,,
2025/11/19,15:45,430,,326,,
2025/11/19,16:00,430,,316,,
2025/11/19,16:15,430,,311,,
2025/11/19,16:30,430,,303,,
2025/11/19,16:45,430,,307,,
2025/11/19,17:00,430,,315,,
2025/11/19,17:15,430,,294,,
2025/11/19,17:30,430,,248,,
2025/11/19,17:45,430,,259,,
2025/11/19,18:00,430,,270,,
2025/11/19,18:15,430,,286,,
2025/11/19,18:30,430,,278,,
2025/11/19,18:45,430,,274,,
2025/11/19,19:00,430,,296,,
2025/11/19,19:15,430,,299,,
2025/11/19,19:30,430,,283,,
2025/11/19,19:45,430,,294,,
2025/11/19,20:00,430,,290,,
2025/11/19,20:15,430,,234,,
2025/11/19,20:30,430,,192,,
2025/11/19,20:45,430,,221,,
2025/11/19,21:00,430,,278,,
2025/11/19,21:15,430,,282,,
2025/11/19,21:30,430,,298,,
2025/11/19,21:45,430,,296,,
2025/11/19,22:00,430,,283,,
2025/11/19,22:15,430,,267,,
2025/11/19,22:30,430,,267,,
2025/11/19,22:45,430,,277,,
2025/11/19,23:00,430,,277,,
2025/11/19,23:15,430,,214,,
2025/11/19,23:30,430,,170,,
2025/11/19,23:45,430,,218,,
2025/11/20,00:00,430,,269,,
2025/11/20,00:15,430,,,,194
2025/11/20,00:30,430,,,,120
2025/11/20,00:45,430,,,,77
2025/11/20,01:00,430,,,,66
2025/11/20,01:15,430,,,,64
2025/11/20,01:30,430,,,,64
2025/11/20,01:45,430,,,,64
2025/11/20,02:00,430,,,,58
2025/11/20,02:15,430,,,,50
2025/11/20,02:30,430,,,,50
2025/11/20,02:45,430,,,,50
2025/11/20,03:00,430,,,,48
2025/11/20,03:15,430,,,,48
2025/11/20,03:30,430,,,,48
2025/11/20,03:45,430,,,,48
2025/11/20,04:00,430,,,,50
2025/11/20,04:15,430,,,,51
2025/11/20,04:30,430,,,,50
2025/11/20,04:45,430,,,,27
2025/11/20,05:00,430,,,,26
2025/11/20,05:15,430,,,,26
2025/11/20,05:30,430,,,,26
2025/11/20,05:45,430,,,,27
2025/11/20,06:00,430,,,,30
2025/11/20,06:15,430,,27,,
2025/11/20,06:30,430,,29,,
2025/11/20,06:45,430,,27,,
2025/11/20,07:00,430,,28,,
2025/11/20,07:15,430,,27,,
2025/11/20,07:30,430,,29,,
2025/11/20,07:45,430,,30,,
2025/11/20,08:00,430,,34,,
2025/11/20,08:15,430,,47,,
2025/11/20,08:30,430,,64,,
2025/11/20,08:45,430,,102,,
2025/11/20,09:00,430,,107,,
2025/11/20,09:15,430,,167,,
2025/11/20,09:30,430,,243,,
2025/11/20,09:45,430,,293,,
2025/11/20,10:00,430,,322,,
2025/11/20,10:15,430,,312,,
2025/11/20,10:30,430,,294,,
2025/11/20,10:45,430,,291,,
2025/11/20,11:00,430,,309,,
2025/11/20,11:15,430,,,,311
2025/11/20,11:30,430,,,,292
2025/11/20,11:45,430,,,,308
2025/11/20,12:00,430,,,,310
2025/11/20,12:15,430,,,,273
2025/11/20,12:30,430,,,,274
2025/11/20,12:45,430,,,,258
2025/11/20,13:00,430,,,,256
2025/11/20,13:15,430,,,,279
2025/11/20,13:30,430,,,,299
2025/11/20,13:45,430,,,,309
2025/11/20,14:00,430,,,,295
2025/11/20,14:15,430,,308,,
2025/11/20,14:30,430,,306,,
2025/11/20,14:45,430,,310,,
2025/11/20,15:00,430,,314,,
2025/11/20,15:15,430,,313,,
2025/11/20,15:30,430,,305,,
2025/11/20,15:45,430,,324,,
2025/11/20,16:00,430,,303,,
2025/11/20,16:15,430,,298,,
2025/11/20,16:30,430,,296,,
2025/11/20,16:45,430,,311,,
2025/11/20,17:00,430,,314,,
2025/11/20,17:15,430,,287,,
2025/11/20,17:30,430,,219,,
2025/11/20,17:45,430,,230,,
2025/11/20,18:00,430,,256,,
2025/11/20,18:15,430,,296,,
2025/11/20,18:30,430,,285,,
2025/11/20,18:45,430,,285,,
2025/11/20,19:00,430,,301,,
2025/11/20,19:15,430,,283,,
2025/11/20,19:30,430,,272,,
2025/11/20,19:45,430,,269,,
2025/11/20,20:00,430,,258,,
2025/11/20,20:15,430,,222,,
2025/11/20,20:30,430,,178,,
2025/11/20,20:45,430,,237,,
2025/11/20,21:00,430,,277,,
2025/11/20,21:15,430,,277,,
2025/11/20,21:30,430,,267,,
2025/11/20,21:45,430,,270,,
2025/11/20,22:00,430,,285,,
2025/11/20,22:15,430,,277,,
2025/11/20,22:30,430,,267,,
2025/11/20,22:45,430,,264,,
2025/11/20,23:00,430,,237,,
2025/11/20,23:15,430,,171,,
2025/11/20,23:30,430,,150,,
2025/11/20,23:45,430,,208,,
2025/11/21,00:00,430,,245,,
2025/11/21,00:15,430,,,,184
2025/11/21,00:30,430,,,,115
2025/11/21,00:45,430,,,,94
2025/11/21,01:00,430,,,,78
2025/11/21,01:15,430,,,,72
2025/11/21,01:30,430,,,,53
2025/11/21,01:45,430,,,,51
2025/11/21,02:00,430,,,,48
2025/11/21,02:15,430,,,,48
2025/11/21,02:30,430,,,,46
2025/11/21,02:45,430,,,,46
2025/11/21,03:00,430,,,,46
2025/11/21,03:15,430,,,,46
2025/11/21,03:30,430,,,,40
2025/11/21,03:45,430,,,,24
2025/11/21,04:00,430,,,,24
2025/11/21,04:15,430,,,,24
2025/11/21,04:30,430,,,,26
2025/11/21,04:45,430,,,,22
2025/11/21,05:00,430,,,,26
2025/11/21,05:15,430,,,,26
2025/11/21,05:30,430,,,,24
2025/11/21,05:45,430,,,,26
2025/11/21,06:00,430,,,,27
2025/11/21,06:15,430,,29,,
2025/11/21,06:30,430,,34,,
2025/11/21,06:45,430,,31,,
2025/11/21,07:00,430,,29,,
2025/11/21,07:15,430,,28,,
2025/11/21,07:30,430,,28,,
2025/11/21,07:45,430,,35,,
2025/11/21,08:00,430,,38,,
2025/11/21,08:15,430,,54,,
2025/11/21,08:30,430,,90,,
2025/11/21,08:45,430,,107,,
2025/11/21,09:00,430,,107,,
2025/11/21,09:15,430,,115,,
2025/11/21,09:30,430,,165,,
2025/11/21,09:45,430,,223,,
2025/11/21,10:00,430,,270,,
2025/11/21,10:15,430,,270,,
2025/11/21,10:30,430,,299,,
2025/11/21,10:45,430,,310,,
2025/11/21,11:00,430,,297,,
2025/11/21,11:15,430,,,,300
2025/11/21,11:30,430,,,,320
2025/11/21,11:45,430,,,,311
2025/11/21,12:00,430,,,,318
2025/11/21,12:15,430,,,,279
2025/11/21,12:30,430,,,,265
2025/11/21,12:45,430,,,,267
2025/11/21,13:00,430,,,,256
2025/11/21,13:15,430,,,,272
2025/11/21,13:30,430,,,,310
2025/11/21,13:45,430,,,,333
2025/11/21,14:00,430,,,,325
2025/11/21,14:15,430,,317,,
2025/11/21,14:30,430,,299,,
2025/11/21,14:45,430,,311,,
2025/11/21,15:00,430,,326,,
2025/11/21,15:15,430,,307,,
2025/11/21,15:30,430,,304,,
2025/11/21,15:45,430,,313,,
2025/11/21,16:00,430,,325,,
2025/11/21,16:15,430,,305,,
2025/11/21,16:30,430,,281,,
2025/11/21,16:45,430,,313,,
2025/11/21,17:00,430,,332,,
2025/11/21,17:15,430,,317,,
2025/11/21,17:30,430,,256,,
2025/11/21,17:45,430,,253,,
2025/11/21,18:00,430,,285,,
2025/11/21,18:15,430,,307,,
2025/11/21,18:30,430,,304,,
2025/11/21,18:45,430,,301,,
2025/11/21,19:00,430,,315,,
2025/11/21,19:15,430,,307,,
2025/11/21,19:30,430,,293,,
2025/11/21,19:45,430,,290,,
2025/11/21,20:00,430,,283,,
2025/11/21,20:15,430,,232,,
2025/11/21,20:30,430,,208,,
2025/11/21,20:45,430,,245,,
2025/11/21,21:00,430,,302,,
2025/11/21,21:15,430,,285,,
2025/11/21,21:30,430,,285,,
2025/11/21,21:45,430,,301,,
2025/11/21,22:00,430,,299,,
2025/11/21,22:15,430,,283,,
2025/11/21,22:30,430,,282,,
2025/11/21,22:45,430,,283,,
2025/11/21,23:00,430,,274,,
2025/11/21,23:15,430,,213,,
2025/11/21,23:30,430,,158,,
2025/11/21,23:45,430,,192,,
2025/11/22,00:00,430,,245,,
2025/11/22,00:15,430,,,,242
2025/11/22,00:30,430,,,,173
2025/11/22,00:45,430,,,,115
2025/11/22,01:00,430,,,,96
2025/11/22,01:15,430,,,,69
2025/11/22,01:30,430,,,,64
2025/11/22,01:45,430,,,,61
2025/11/22,02:00,430,,,,54
2025/11/22,02:15,430,,,,48
2025/11/22,02:30,430,,,,48
2025/11/22,02:45,430,,,,46
2025/11/22,03:00,430,,,,46
2025/11/22,03:15,430,,,,46
2025/11/22,03:30,430,,,,30
2025/11/22,03:45,430,,,,24
2025/11/22,04:00,430,,,,26
2025/11/22,04:15,430,,,,24
2025/11/22,04:30,430,,,,26
2025/11/22,04:45,430,,,,26
2025/11/22,05:00,430,,,,26
2025/11/22,05:15,430,,,,29
2025/11/22,05:30,430,,,,27
2025/11/22,05:45,430,,,,26
2025/11/22,06:00,430,,,,27
2025/11/22,06:15,430,,,29,
2025/11/22,06:30,430,,,28,
2025/11/22,06:45,430,,,28,
2025/11/22,07:00,430,,,26,
2025/11/22,07:15,430,,,28,
2025/11/22,07:30,430,,,29,
2025/11/22,07:45,430,,,30,
2025/11/22,08:00,430,,,35,
2025/11/22,08:15,430,,,38,
2025/11/22,08:30,430,,,49,
2025/11/22,08:45,430,,,62,
2025/11/22,09:00,430,,,97,
2025/11/22,09:15,430,,,159,
2025/11/22,09:30,430,,,255,
2025/11/22,09:45,430,,,301,
2025/11/22,10:00,430,,,305,
2025/11/22,10:15,430,,,298,
2025/11/22,10:30,430,,,304,
2025/11/22,10:45,430,,,319,
2025/11/22,11:00,430,,,317,
2025/11/22,11:15,430,,,,284
2025/11/22,11:30,430,,,,295
2025/11/22,11:45,430,,,,317
2025/11/22,12:00,430,,,,314
2025/11/22,12:15,430,,,,283
2025/11/22,12:30,430,,,,282
2025/11/22,12:45,430,,,,267
2025/11/22,13:00,430,,,,269
2025/11/22,13:15,430,,,,272
2025/11/22,13:30,430,,,,286
2025/11/22,13:45,430,,,,318
2025/11/22,14:00,430,,,,327
2025/11/22,14:15,430,,,293,
2025/11/22,14:30,430,,,308,
2025/11/22,14:45,430,,,319,
2025/11/22,15:00,430,,,322,
2025/11/22,15:15,430,,,300,
2025/11/22,15:30,430,,,322,
2025/11/22,15:45,430,,,334,
2025/11/22,16:00,430,,,324,
2025/11/22,16:15,430,,,314,
2025/11/22,16:30,430,,,303,
2025/11/22,16:45,430,,,306,
2025/11/22,17:00,430,,,311,
2025/11/22,17:15,430,,,277,
2025/11/22,17:30,430,,,224,
2025/11/22,17:45,430,,,235,
2025/11/22,18:00,430,,,264,
2025/11/22,18:15,430,,,288,
2025/11/22,18:30,430,,,306,
2025/11/22,18:45,430,,,288,
2025/11/22,19:00,430,,,275,
2025/11/22,19:15,430,,,291,
2025/11/22,19:30,430,,,306,
2025/11/22,19:45,430,,,301,
2025/11/22,20:00,430,,,269,
2025/11/22,20:15,430,,,230,
2025/11/22,20:30,430,,,194,
2025/11/22,20:45,430,,,259,
2025/11/22,21:00,430,,,285,
2025/11/22,21:15,430,,,280,
2025/11/22,21:30,430,,,296,
2025/11/22,21:45,430,,,288,
2025/11/22,22:00,430,,,274,
2025/11/22,22:15,430,,,288,
2025/11/22,22:30,430,,,272,
2025/11/22,22:45,430,,,278,
2025/11/22,23:00,430,,,256,
2025/11/22,23:15,430,,,162,
2025/11/22,23:30,430,,,138,
2025/11/22,23:45,430,,,181,
2025/11/23,00:00,430,,,195,
2025/11/23,00:15,430,,,,152
2025/11/23,00:30,430,,,,94
2025/11/23,00:45,430,,,,88
2025/11/23,01:00,430,,,,80
2025/11/23,01:15,430,,,,72
2025/11/23,01:30,430,,,,51
2025/11/23,01:45,430,,,,50
2025/11/23,02:00,430,,,,48
2025/11/23,02:15,430,,,,46
2025/11/23,02:30,430,,,,46
2025/11/23,02:45,430,,,,48
2025/11/23,03:00,430,,,,46
2025/11/23,03:15,430,,,,46
2025/11/23,03:30,430,,,,46
2025/11/23,03:45,430,,,,48
2025/11/23,04:00,430,,,,43
2025/11/23,04:15,430,,,,26
2025/11/23,04:30,430,,,,24
2025/11/23,04:45,430,,,,24
2025/11/23,05:00,430,,,,24
2025/11/23,05:15,430,,,,21
2025/11/23,05:30,430,,,,19
2025/11/23,05:45,430,,,,18
2025/11/23,06:00,430,,,,19
2025/11/23,06:15,430,,,,21
2025/11/23,06:30,430,,,,19
2025/11/23,06:45,430,,,,20
2025/11/23,07:00,430,,,,19
2025/11/23,07:15,430,,,,20
2025/11/23,07:30,430,,,,18
2025/11/23,07:45,430,,,,19
2025/11/23,08:00,430,,,,21
2025/11/23,08:15,430,,,,25
2025/11/23,08:30,430,,,,27
2025/11/23,08:45,430,,,,26
2025/11/23,09:00,430,,,,40
2025/11/23,09:15,430,,,,50
2025/11/23,09:30,430,,,,47
2025/11/23,09:45,430,,,,51
2025/11/23,10:00,430,,,,46
2025/11/23,10:15,430,,,,51
2025/11/23,10:30,430,,,,52
2025/11/23,10:45,430,,,,51
2025/11/23,11:00,430,,,,52
2025/11/23,11:15,430,,,,94
2025/11/23,11:30,430,,,,109
2025/11/23,11:45,430,,,,188
2025/11/23,12:00,430,,,,257
2025/11/23,12:15,430,,,,274
2025/11/23,12:30,430,,,,288
2025/11/23,12:45,430,,,,281
2025/11/23,13:00,430,,,,283
2025/11/23,13:15,430,,,,294
2025/11/23,13:30,430,,,,288
2025/11/23,13:45,430,,,,271
2025/11/23,14:00,430,,,,278
2025/11/23,14:15,430,,,,291
2025/11/23,14:30,430,,,,285
2025/11/23,14:45,430,,,,281
2025/11/23,15:00,430,,,,296
2025/11/23,15:15,430,,,,293
2025/11/23,15:30,430,,,,293
2025/11/23,15:45,430,,,,282
2025/11/23,16:00,430,,,,289
2025/11/23,16:15,430,,,,285
2025/11/23,16:30,430,,,,265
2025/11/23,16:45,430,,,,197
2025/11/23,17:00,430,,,,133
2025/11/23,17:15,430,,,,85
2025/11/23,17:30,430,,,,64
2025/11/23,17:45,430,,,,62
2025/11/23,18:00,430,,,,58
2025/11/23,18:15,430,,,,46
2025/11/23,18:30,430,,,,46
2025/11/23,18:45,430,,,,46
2025/11/23,19:00,430,,,,46
2025/11/23,19:15,430,,,,46
2025/11/23,19:30,430,,,,46
2025/11/23,19:45,430,,,,48
2025/11/23,20:00,430,,,,45
2025/11/23,20:15,430,,,,45
2025/11/23,20:30,430,,,,40
2025/11/23,20:45,430,,,,19
2025/11/23,21:00,430,,,,19
2025/11/23,21:15,430,,,,19
2025/11/23,21:30,430,,,,19
2025/11/23,21:45,430,,,,19
2025/11/23,22:00,430,,,,18
2025/11/23,22:15,430,,,,21
2025/11/23,22:30,430,,,,21
2025/11/23,22:45,430,,,,19
2025/11/23,23:00,430,,,,18
2025/11/23,23:15,430,,,,19
2025/11/23,23:30,430,,,,19
2025/11/23,23:45,430,,,,19
2025/11/24,00:00,430,,,,21
2025/11/24,00:15,430,,,,18
2025/11/24,00:30,430,,,,19
2025/11/24,00:45,430,,,,19
2025/11/24,01:00,430,,,,19
2025/11/24,01:15,430,,,,19
2025/11/24,01:30,430,,,,19
2025/11/24,01:45,430,,,,19
2025/11/24,02:00,430,,,,19
2025/11/24,02:15,430,,,,18
2025/11/24,02:30,430,,,,19
2025/11/24,02:45,430,,,,19
2025/11/24,03:00,430,,,,19
2025/11/24,03:15,430,,,,30
2025/11/24,03:30,430,,,,30
2025/11/24,03:45,430,,,,24
2025/11/24,04:00,430,,,,22
2025/11/24,04:15,430,,,,26
2025/11/24,04:30,430,,,,22
2025/11/24,04:45,430,,,,24
2025/11/24,05:00,430,,,,26
2025/11/24,05:15,430,,,,24
2025/11/24,05:30,430,,,,26
2025/11/24,05:45,430,,,,27
2025/11/24,06:00,430,,,,26
2025/11/24,06:15,430,,30,,
2025/11/24,06:30,430,,32,,
2025/11/24,06:45,430,,32,,
2025/11/24,07:00,430,,30,,
2025/11/24,07:15,430,,27,,
2025/11/24,07:30,430,,29,,
2025/11/24,07:45,430,,31,,
2025/11/24,08:00,430,,35,,
2025/11/24,08:15,430,,48,,
2025/11/24,08:30,430,,83,,
2025/11/24,08:45,430,,105,,
2025/11/24,09:00,430,,115,,
2025/11/24,09:15,430,,176,,
2025/11/24,09:30,430,,238,,
2025/11/24,09:45,430,,240,,
2025/11/24,10:00,430,,256,,
2025/11/24,10:15,430,,283,,
2025/11/24,10:30,430,,326,,
2025/11/24,10:45,430,,352,,
2025/11/24,11:00,430,,352,,
2025/11/24,11:15,430,,,,356
2025/11/24,11:30,430,,,,336
2025/11/24,11:45,430,,,,314
2025/11/24,12:00,430,,,,314
2025/11/24,12:15,430,,,,299
2025/11/24,12:30,430,,,,294
2025/11/24,12:45,430,,,,289
2025/11/24,13:00,430,,,,276
2025/11/24,13:15,430,,,,277
2025/11/24,13:30,430,,,,330
2025/11/24,13:45,430,,,,366
2025/11/24,14:00,430,,,,390
2025/11/24,14:15,430,,414,,
2025/11/24,14:30,430,,390,,
2025/11/24,14:45,430,,349,,
2025/11/24,15:00,430,,326,,
2025/11/24,15:15,430,,320,,
2025/11/24,15:30,430,,326,,
2025/11/24,15:45,430,,323,,
2025/11/24,16:00,430,,305,,
2025/11/24,16:15,430,,325,,
2025/11/24,16:30,430,,310,,
2025/11/24,16:45,430,,307,,
2025/11/24,17:00,430,,296,,
2025/11/24,17:15,430,,264,,
2025/11/24,17:30,430,,218,,
2025/11/24,17:45,430,,221,,
2025/11/24,18:00,430,,254,,
2025/11/24,18:15,430,,270,,
2025/11/24,18:30,430,,269,,
2025/11/24,18:45,430,,266,,
2025/11/24,19:00,430,,275,,
2025/11/24,19:15,430,,302,,
2025/11/24,19:30,430,,290,,
2025/11/24,19:45,430,,302,,
2025/11/24,20:00,430,,274,,
2025/11/24,20:15,430,,235,,
2025/11/24,20:30,430,,198,,
2025/11/24,20:45,430,,254,,
2025/11/24,21:00,430,,299,,
2025/11/24,21:15,430,,298,,
2025/11/24,21:30,430,,293,,
2025/11/24,21:45,430,,283,,
2025/11/24,22:00,430,,270,,
2025/11/24,22:15,430,,261,,
2025/11/24,22:30,430,,261,,
2025/11/24,22:45,430,,262,,
2025/11/24,23:00,430,,254,,
2025/11/24,23:15,430,,192,,
2025/11/24,23:30,430,,142,,
2025/11/24,23:45,430,,179,,
2025/11/25,00:00,430,,202,,
2025/11/25,00:15,430,,,,154
2025/11/25,00:30,430,,,,101
2025/11/25,00:45,430,,,,86
2025/11/25,01:00,430,,,,74
2025/11/25,01:15,430,,,,66
2025/11/25,01:30,430,,,,53
2025/11/25,01:45,430,,,,51
2025/11/25,02:00,430,,,,48
2025/11/25,02:15,430,,,,48
2025/11/25,02:30,430,,,,50
2025/11/25,02:45,430,,,,46
2025/11/25,03:00,430,,,,46
2025/11/25,03:15,430,,,,46
2025/11/25,03:30,430,,,,45
2025/11/25,03:45,430,,,,46
2025/11/25,04:00,430,,,,46
2025/11/25,04:15,430,,,,48
2025/11/25,04:30,430,,,,48
2025/11/25,04:45,430,,,,46
2025/11/25,05:00,430,,,,48
2025/11/25,05:15,430,,,,43
2025/11/25,05:30,430,,,,26
2025/11/25,05:45,430,,,,26
2025/11/25,06:00,430,,,,29
2025/11/25,06:15,430,,32,,
2025/11/25,06:30,430,,29,,
2025/11/25,06:45,430,,31,,
2025/11/25,07:00,430,,30,,
2025/11/25,07:15,430,,26,,
2025/11/25,07:30,430,,29,,
2025/11/25,07:45,430,,32,,
2025/11/25,08:00,430,,36,,
2025/11/25,08:15,430,,42,,
2025/11/25,08:30,430,,63,,
2025/11/25,08:45,430,,99,,
2025/11/25,09:00,430,,104,,
2025/11/25,09:15,430,,189,,
2025/11/25,09:30,430,,258,,
2025/11/25,09:45,430,,318,,
2025/11/25,10:00,430,,316,,
2025/11/25,10:15,430,,297,,
2025/11/25,10:30,430,,320,,
2025/11/25,10:45,430,,339,,
2025/11/25,11:00,430,,324,,
2025/11/25,11:15,430,,,,299
2025/11/25,11:30,430,,,,309
2025/11/25,11:45,430,,,,308
2025/11/25,12:00,430,,,,305
2025/11/25,12:15,430,,,,275
2025/11/25,12:30,430,,,,276
2025/11/25,12:45,430,,,,270
2025/11/25,13:00,430,,,,253
2025/11/25,13:15,430,,,,275
2025/11/25,13:30,430,,,,300
2025/11/25,13:45,430,,,,312
2025/11/25,14:00,430,,,,306
2025/11/25,14:15,430,,292,,
2025/11/25,14:30,430,,292,,
2025/11/25,14:45,430,,314,,
2025/11/25,15:00,430,,299,,
2025/11/25,15:15,430,,311,,
2025/11/25,15:30,430,,310,,
2025/11/25,15:45,430,,309,,
2025/11/25,16:00,430,,305,,
2025/11/25,16:15,430,,300,,
2025/11/25,16:30,430,,311,,
2025/11/25,16:45,430,,299,,
2025/11/25,17:00,430,,302,,
2025/11/25,17:15,430,,283,,
2025/11/25,17:30,430,,240,,
2025/11/25,17:45,430,,221,,
2025/11/25,18:00,430,,253,,
2025/11/25,18:15,430,,307,,
2025/11/25,18:30,430,,294,,
2025/11/25,18:45,430,,288,,
2025/11/25,19:00,430,,298,,
2025/11/25,19:15,430,,314,,
2025/11/25,19:30,430,,315,,
2025/11/25,19:45,430,,306,,
2025/11/25,20:00,430,,277,,
2025/11/25,20:15,430,,242,,
2025/11/25,20:30,430,,210,,
2025/11/25,20:45,430,,242,,
2025/11/25,21:00,430,,277,,
2025/11/25,21:15,430,,290,,
2025/11/25,21:30,430,,296,,
2025/11/25,21:45,430,,269,,
2025/11/25,22:00,430,,272,,
2025/11/25,22:15,430,,290,,
2025/11/25,22:30,430,,275,,
2025/11/25,22:45,430,,277,,
2025/11/25,23:00,430,,256,,
2025/11/25,23:15,430,,197,,
2025/11/25,23:30,430,,149,,
2025/11/25,23:45,430,,171,,
2025/11/26,00:00,430,,221,,
2025/11/26,00:15,430,,,,173
2025/11/26,00:30,430,,,,115
2025/11/26,00:45,430,,,,83
2025/11/26,01:00,430,,,,62
2025/11/26,01:15,430,,,,54
2025/11/26,01:30,430,,,,51
2025/11/26,01:45,430,,,,51
2025/11/26,02:00,430,,,,50
2025/11/26,02:15,430,,,,51
2025/11/26,02:30,430,,,,50
2025/11/26,02:45,430,,,,50
2025/11/26,03:00,430,,,,51
2025/11/26,03:15,430,,,,50
2025/11/26,03:30,430,,,,50
2025/11/26,03:45,430,,,,48
2025/11/26,04:00,430,,,,51
2025/11/26,04:15,430,,,,48
2025/11/26,04:30,430,,,,27
2025/11/26,04:45,430,,,,26
2025/11/26,05:00,430,,,,24
2025/11/26,05:15,430,,,,26
2025/11/26,05:30,430,,,,26
2025/11/26,05:45,430,,,,26
2025/11/26,06:00,430,,,,27
2025/11/26,06:15,430,,27,,
2025/11/26,06:30,430,,29,,
2025/11/26,06:45,430,,28,,
2025/11/26,07:00,430,,28,,
2025/11/26,07:15,430,,29,,
2025/11/26,07:30,430,,28,,
2025/11/26,07:45,430,,32,,
2025/11/26,08:00,430,,35,,
2025/11/26,08:15,430,,53,,
2025/11/26,08:30,430,,78,,
2025/11/26,08:45,430,,101,,
2025/11/26,09:00,430,,107,,
2025/11/26,09:15,430,,151,,
2025/11/26,09:30,430,,215,,
2025/11/26,09:45,430,,234,,
2025/11/26,10:00,430,,219,,
2025/11/26,10:15,430,,211,,
2025/11/26,10:30,430,,253,,
2025/11/26,10:45,430,,312,,
2025/11/26,11:00,430,,323,,
2025/11/26,11:15,430,,,,330
2025/11/26,11:30,430,,,,313
2025/11/26,11:45,430,,,,297
2025/11/26,12:00,430,,,,308
2025/11/26,12:15,430,,,,287
2025/11/26,12:30,430,,,,260
2025/11/26,12:45,430,,,,260
2025/11/26,13:00,430,,,,256
2025/11/26,13:15,430,,,,291
2025/11/26,13:30,430,,,,286
2025/11/26,13:45,430,,,,308
2025/11/26,14:00,430,,,,296
2025/11/26,14:15,430,,292,,
2025/11/26,14:30,430,,305,,
2025/11/26,14:45,430,,304,,
2025/11/26,15:00,430,,305,,
2025/11/26,15:15,430,,313,,
2025/11/26,15:30,430,,321,,
2025/11/26,15:45,430,,318,,
2025/11/26,16:00,430,,311,,
2025/11/26,16:15,430,,326,,
2025/11/26,16:30,430,,312,,
2025/11/26,16:45,430,,326,,
2025/11/26,17:00,430,,288,,
2025/11/26,17:15,430,,271,,
2025/11/26,17:30,430,,237,,
2025/11/26,17:45,430,,229,,
2025/11/26,18:00,430,,267,,
2025/11/26,18:15,430,,299,,
2025/11/26,18:30,430,,301,,
2025/11/26,18:45,430,,293,,
2025/11/26,19:00,430,,293,,
2025/11/26,19:15,430,,299,,
2025/11/26,19:30,430,,306,,
2025/11/26,19:45,430,,282,,
2025/11/26,20:00,430,,269,,
2025/11/26,20:15,430,,245,,
2025/11/26,20:30,430,,221,,
2025/11/26,20:45,430,,232,,
2025/11/26,21:00,430,,270,,
2025/11/26,21:15,430,,293,,
2025/11/26,21:30,430,,291,,
2025/11/26,21:45,430,,288,,
2025/11/26,22:00,430,,280,,
2025/11/26,22:15,430,,282,,
2025/11/26,22:30,430,,286,,
2025/11/26,22:45,430,,266,,
2025/11/26,23:00,430,,267,,
2025/11/26,23:15,430,,243,,
2025/11/26,23:30,430,,179,,
2025/11/26,23:45,430,,181,,
2025/11/27,00:00,430,,234,,
2025/11/27,00:15,430,,,,213
2025/11/27,00:30,430,,,,139
2025/11/27,00:45,430,,,,88
2025/11/27,01:00,430,,,,86
2025/11/27,01:15,430,,,,82
2025/11/27,01:30,430,,,,64
2025/11/27,01:45,430,,,,61
2025/11/27,02:00,430,,,,48
2025/11/27,02:15,430,,,,46
2025/11/27,02:30,430,,,,48
2025/11/27,02:45,430,,,,45
2025/11/27,03:00,430,,,,46
2025/11/27,03:15,430,,,,48
2025/11/27,03:30,430,,,,46
2025/11/27,03:45,430,,,,46
2025/11/27,04:00,430,,,,45
2025/11/27,04:15,430,,,,40
2025/11/27,04:30,430,,,,26
2025/11/27,04:45,430,,,,24
2025/11/27,05:00,430,,,,26
2025/11/27,05:15,430,,,,27
2025/11/27,05:30,430,,,,26
2025/11/27,05:45,430,,,,27
2025/11/27,06:00,430,,,,27
2025/11/27,06:15,430,,27,,
2025/11/27,06:30,430,,32,,
2025/11/27,06:45,430,,34,,
2025/11/27,07:00,430,,31,,
2025/11/27,07:15,430,,30,,
2025/11/27,07:30,430,,30,,
2025/11/27,07:45,430,,31,,
2025/11/27,08:00,430,,36,,
2025/11/27,08:15,430,,41,,
2025/11/27,08:30,430,,70,,
2025/11/27,08:45,430,,104,,
2025/11/27,09:00,430,,99,,
2025/11/27,09:15,430,,151,,
2025/11/27,09:30,430,,252,,
2025/11/27,09:45,430,,278,,
2025/11/27,10:00,430,,257,,
2025/11/27,10:15,430,,251,,
2025/11/27,10:30,430,,295,,
2025/11/27,10:45,430,,318,,
2025/11/27,11:00,430,,293,,
2025/11/27,11:15,430,,,,298
2025/11/27,11:30,430,,,,316
2025/11/27,11:45,430,,,,319
2025/11/27,12:00,430,,,,310
2025/11/27,12:15,430,,,,284
2025/11/27,12:30,430,,,,285
2025/11/27,12:45,430,,,,278
2025/11/27,13:00,430,,,,259
2025/11/27,13:15,430,,,,267
2025/11/27,13:30,430,,,,282
2025/11/27,13:45,430,,,,296
2025/11/27,14:00,430,,,,311
2025/11/27,14:15,430,,315,,
2025/11/27,14:30,430,,302,,
2025/11/27,14:45,430,,296,,
2025/11/27,15:00,430,,283,,
2025/11/27,15:15,430,,300,,
2025/11/27,15:30,430,,322,,
2025/11/27,15:45,430,,303,,
2025/11/27,16:00,430,,308,,
2025/11/27,16:15,430,,288,,
2025/11/27,16:30,430,,281,,
2025/11/27,16:45,430,,274,,
2025/11/27,17:00,430,,257,,
2025/11/27,17:15,430,,278,,
2025/11/27,17:30,430,,251,,
2025/11/27,17:45,430,,243,,
2025/11/27,18:00,430,,269,,
2025/11/27,18:15,430,,282,,
2025/11/27,18:30,430,,302,,
2025/11/27,18:45,430,,301,,
2025/11/27,19:00,430,,282,,
2025/11/27,19:15,430,,290,,
2025/11/27,19:30,430,,304,,
2025/11/27,19:45,430,,294,,
2025/11/27,20:00,430,,272,,
2025/11/27,20:15,430,,230,,
2025/11/27,20:30,430,,192,,
2025/11/27,20:45,430,,224,,
2025/11/27,21:00,430,,272,,
2025/11/27,21:15,430,,286,,
2025/11/27,21:30,430,,291,,
2025/11/27,21:45,430,,293,,
2025/11/27,22:00,430,,286,,
2025/11/27,22:15,430,,267,,
2025/11/27,22:30,430,,275,,
2025/11/27,22:45,430,,280,,
2025/11/27,23:00,430,,269,,
2025/11/27,23:15,430,,219,,
2025/11/27,23:30,430,,174,,
2025/11/27,23:45,430,,208,,
2025/11/28,00:00,430,,226,,
2025/11/28,00:15,430,,,,176
2025/11/28,00:30,430,,,,120
2025/11/28,00:45,430,,,,91
2025/11/28,01:00,430,,,,74
2025/11/28,01:15,430,,,,56
2025/11/28,01:30,430,,,,51
2025/11/28,01:45,430,,,,46
2025/11/28,02:00,430,,,,45
2025/11/28,02:15,430,,,,46
2025/11/28,02:30,430,,,,46
2025/11/28,02:45,430,,,,45
2025/11/28,03:00,430,,,,46
2025/11/28,03:15,430,,,,45
2025/11/28,03:30,430,,,,45
2025/11/28,03:45,430,,,,43
2025/11/28,04:00,430,,,,45
2025/11/28,04:15,430,,,,27
2025/11/28,04:30,430,,,,22
2025/11/28,04:45,430,,,,24
2025/11/28,05:00,430,,,,24
2025/11/28,05:15,430,,,,24
2025/11/28,05:30,430,,,,24
2025/11/28,05:45,430,,,,24
2025/11/28,06:00,430,,,,26
2025/11/28,06:15,430,,32,,
2025/11/28,06:30,430,,31,,
2025/11/28,06:45,430,,27,,
2025/11/28,07:00,430,,27,,
2025/11/28,07:15,430,,27,,
2025/11/28,07:30,430,,28,,
2025/11/28,07:45,430,,32,,
2025/11/28,08:00,430,,34,,
2025/11/28,08:15,430,,46,,
2025/11/28,08:30,430,,84,,
2025/11/28,08:45,430,,101,,
2025/11/28,09:00,430,,104,,
2025/11/28,09:15,430,,133,,
2025/11/28,09:30,430,,209,,
2025/11/28,09:45,430,,292,,
2025/11/28,10:00,430,,314,,
2025/11/28,10:15,430,,304,,
2025/11/28,10:30,430,,311,,
2025/11/28,10:45,430,,305,,
2025/11/28,11:00,430,,301,,
2025/11/28,11:15,430,,,,316
2025/11/28,11:30,430,,,,282
2025/11/28,11:45,430,,,,283
2025/11/28,12:00,430,,,,293
2025/11/28,12:15,430,,,,283
2025/11/28,12:30,430,,,,262
2025/11/28,12:45,430,,,,244
2025/11/28,13:00,430,,,,243
2025/11/28,13:15,430,,,,267
2025/11/28,13:30,430,,,,298
2025/11/28,13:45,430,,,,300
2025/11/28,14:00,430,,,,316
2025/11/28,14:15,430,,309,,
2025/11/28,14:30,430,,310,,
2025/11/28,14:45,430,,288,,
2025/11/28,15:00,430,,300,,
2025/11/28,15:15,430,,323,,
2025/11/28,15:30,430,,318,,
2025/11/28,15:45,430,,299,,
2025/11/28,16:00,430,,297,,
2025/11/28,16:15,430,,313,,
2025/11/28,16:30,430,,298,,
2025/11/28,16:45,430,,310,,
2025/11/28,17:00,430,,283,,
2025/11/28,17:15,430,,248,,
2025/11/28,17:30,430,,227,,
2025/11/28,17:45,430,,232,,
2025/11/28,18:00,430,,258,,
2025/11/28,18:15,430,,293,,
2025/11/28,18:30,430,,302,,
2025/11/28,18:45,430,,293,,
2025/11/28,19:00,430,,286,,
2025/11/28,19:15,430,,299,,
2025/11/28,19:30,430,,298,,
2025/11/28,19:45,430,,283,,
2025/11/28,20:00,430,,285,,
2025/11/28,20:15,430,,250,,
2025/11/28,20:30,430,,197,,
2025/11/28,20:45,430,,222,,
2025/11/28,21:00,430,,277,,
2025/11/28,21:15,430,,291,,
2025/11/28,21:30,430,,272,,
2025/11/28,21:45,430,,275,,
2025/11/28,22:00,430,,291,,
2025/11/28,22:15,430,,278,,
2025/11/28,22:30,430,,270,,
2025/11/28,22:45,430,,261,,
2025/11/28,23:00,430,,274,,
2025/11/28,23:15,430,,210,,
2025/11/28,23:30,430,,152,,
2025/11/28,23:45,430,,173,,
2025/11/29,00:00,430,,227,,
2025/11/29,00:15,430,,,,214
2025/11/29,00:30,430,,,,149
2025/11/29,00:45,430,,,,109
2025/11/29,01:00,430,,,,80
2025/11/29,01:15,430,,,,59
2025/11/29,01:30,430,,,,54
2025/11/29,01:45,430,,,,53
2025/11/29,02:00,430,,,,51
2025/11/29,02:15,430,,,,50
2025/11/29,02:30,430,,,,51
2025/11/29,02:45,430,,,,50
2025/11/29,03:00,430,,,,50
2025/11/29,03:15,430,,,,48
2025/11/29,03:30,430,,,,48
2025/11/29,03:45,430,,,,48
2025/11/29,04:00,430,,,,46
2025/11/29,04:15,430,,,,24
2025/11/29,04:30,430,,,,24
2025/11/29,04:45,430,,,,24
2025/11/29,05:00,430,,,,27
2025/11/29,05:15,430,,,,26
2025/11/29,05:30,430,,,,22
2025/11/29,05:45,430,,,,26
2025/11/29,06:00,430,,,,27
2025/11/29,06:15,430,,,26,
2025/11/29,06:30,430,,,35,
2025/11/29,06:45,430,,,71,
2025/11/29,07:00,430,,,57,
2025/11/29,07:15,430,,,57,
2025/11/29,07:30,430,,,56,
2025/11/29,07:45,430,,,56,
2025/11/29,08:00,430,,,51,
2025/11/29,08:15,430,,,35,
2025/11/29,08:30,430,,,37,
2025/11/29,08:45,430,,,73,
2025/11/29,09:00,430,,,74,
2025/11/29,09:15,430,,,144,
2025/11/29,09:30,430,,,218,
2025/11/29,09:45,430,,,279,
2025/11/29,10:00,430,,,301,
2025/11/29,10:15,430,,,311,
2025/11/29,10:30,430,,,301,
2025/11/29,10:45,430,,,307,
2025/11/29,11:00,430,,,309,
2025/11/29,11:15,430,,,,313
2025/11/29,11:30,430,,,,321
2025/11/29,11:45,430,,,,322
2025/11/29,12:00,430,,,,297
2025/11/29,12:15,430,,,,262
2025/11/29,12:30,430,,,,271
2025/11/29,12:45,430,,,,241
2025/11/29,13:00,430,,,,253
2025/11/29,13:15,430,,,,256
2025/11/29,13:30,430,,,,289
2025/11/29,13:45,430,,,,326
2025/11/29,14:00,430,,,,321
2025/11/29,14:15,430,,,309,
2025/11/29,14:30,430,,,318,
2025/11/29,14:45,430,,,312,
2025/11/29,15:00,430,,,318,
2025/11/29,15:15,430,,,307,
2025/11/29,15:30,430,,,323,
2025/11/29,15:45,430,,,319,
2025/11/29,16:00,430,,,318,
2025/11/29,16:15,430,,,309,
2025/11/29,16:30,430,,,319,
2025/11/29,16:45,430,,,311,
2025/11/29,17:00,430,,,285,
2025/11/29,17:15,430,,,241,
2025/11/29,17:30,430,,,227,
2025/11/29,17:45,430,,,229,
2025/11/29,18:00,430,,,269,
2025/11/29,18:15,430,,,275,
2025/11/29,18:30,430,,,267,
2025/11/29,18:45,430,,,282,
2025/11/29,19:00,430,,,288,
2025/11/29,19:15,430,,,288,
2025/11/29,19:30,430,,,272,
2025/11/29,19:45,430,,,270,
2025/11/29,20:00,430,,,254,
2025/11/29,20:15,430,,,229,
2025/11/29,20:30,430,,,194,
2025/11/29,20:45,430,,,218,
2025/11/29,21:00,430,,,280,
2025/11/29,21:15,430,,,283,
2025/11/29,21:30,430,,,275,
2025/11/29,21:45,430,,,277,
2025/11/29,22:00,430,,,286,
2025/11/29,22:15,430,,,277,
2025/11/29,22:30,430,,,261,
2025/11/29,22:45,430,,,266,
2025/11/29,23:00,430,,,272,
2025/11/29,23:15,430,,,203,
2025/11/29,23:30,430,,,139,
2025/11/29,23:45,430,,,173,
2025/11/30,00:00,430,,,221,
2025/11/30,00:15,430,,,,211
2025/11/30,00:30,430,,,,133
2025/11/30,00:45,430,,,,94
2025/11/30,01:00,430,,,,72
2025/11/30,01:15,430,,,,53
2025/11/30,01:30,430,,,,51
2025/11/30,01:45,430,,,,50
2025/11/30,02:00,430,,,,50
2025/11/30,02:15,430,,,,48
2025/11/30,02:30,430,,,,48
2025/11/30,02:45,430,,,,46
2025/11/30,03:00,430,,,,45
2025/11/30,03:15,430,,,,43
2025/11/30,03:30,430,,,,46
2025/11/30,03:45,430,,,,43
2025/11/30,04:00,430,,,,46
2025/11/30,04:15,430,,,,38
2025/11/30,04:30,430,,,,24
2025/11/30,04:45,430,,,,24
2025/11/30,05:00,430,,,,24
2025/11/30,05:15,430,,,,22
2025/11/30,05:30,430,,,,21
2025/11/30,05:45,430,,,,22
2025/11/30,06:00,430,,,,24
2025/11/30,06:15,430,,,,24
2025/11/30,06:30,430,,,,24
2025/11/30,06:45,430,,,,24
2025/11/30,07:00,430,,,,22
2025/11/30,07:15,430,,,,25
2025/11/30,07:30,430,,,,22
2025/11/30,07:45,430,,,,24
2025/11/30,08:00,430,,,,25
2025/11/30,08:15,430,,,,28
2025/11/30,08:30,430,,,,26
2025/11/30,08:45,430,,,,36
2025/11/30,09:00,430,,,,78
2025/11/30,09:15,430,,,,74
2025/11/30,09:30,430,,,,89
2025/11/30,09:45,430,,,,80
2025/11/30,10:00,430,,,,76
2025/11/30,10:15,430,,,,73
2025/11/30,10:30,430,,,,58
2025/11/30,10:45,430,,,,49
2025/11/30,11:00,430,,,,50
2025/11/30,11:15,430,,,,105
2025/11/30,11:30,430,,,,169
2025/11/30,11:45,430,,,,241
2025/11/30,12:00,430,,,,270
2025/11/30,12:15,430,,,,273
2025/11/30,12:30,430,,,,262
2025/11/30,12:45,430,,,,279
2025/11/30,13:00,430,,,,275
2025/11/30,13:15,430,,,,265
2025/11/30,13:30,430,,,,240
2025/11/30,13:45,430,,,,242
2025/11/30,14:00,430,,,,258
2025/11/30,14:15,430,,,,264
2025/11/30,14:30,430,,,,271
2025/11/30,14:45,430,,,,272
2025/11/30,15:00,430,,,,264
2025/11/30,15:15,430,,,,275
2025/11/30,15:30,430,,,,249
2025/11/30,15:45,430,,,,257
2025/11/30,16:00,430,,,,252
2025/11/30,16:15,430,,,,256
2025/11/30,16:30,430,,,,244
2025/11/30,16:45,430,,,,191
2025/11/30,17:00,430,,,,130
2025/11/30,17:15,430,,,,80
2025/11/30,17:30,430,,,,61
2025/11/30,17:45,430,,,,56
2025/11/30,18:00,430,,,,54
2025/11/30,18:15,430,,,,45
2025/11/30,18:30,430,,,,42
2025/11/30,18:45,430,,,,43
2025/11/30,19:00,430,,,,42
2025/11/30,19:15,430,,,,43
2025/11/30,19:30,430,,,,42
2025/11/30,19:45,430,,,,43
2025/11/30,20:00,430,,,,42
2025/11/30,20:15,430,,,,38
2025/11/30,20:30,430,,,,35
2025/11/30,20:45,430,,,,35
2025/11/30,21:00,430,,,,35
2025/11/30,21:15,430,,,,35
2025/11/30,21:30,430,,,,34
2025/11/30,21:45,430,,,,35
2025/11/30,22:00,430,,,,35
2025/11/30,22:15,430,,,,35
2025/11/30,22:30,430,,,,35
2025/11/30,22:45,430,,,,35
2025/11/30,23:00,430,,,,34
2025/11/30,23:15,430,,,,35
2025/11/30,23:30,430,,,,34
2025/11/30,23:45,430,,,,34
2025/12/1,00:00,430,,,,35
2025/12/1,00:15,430,,,,34
2025/12/1,00:30,430,,,,34
2025/12/1,00:45,430,,,,37
2025/12/1,01:00,430,,,,35
2025/12/1,01:15,430,,,,34
2025/12/1,01:30,430,,,,35
2025/12/1,01:45,430,,,,35
2025/12/1,02:00,430,,,,35
2025/12/1,02:15,430,,,,34
2025/12/1,02:30,430,,,,34
2025/12/1,02:45,430,,,,37
2025/12/1,03:00,430,,,,35
2025/12/1,03:15,430,,,,40
2025/12/1,03:30,430,,,,40
2025/12/1,03:45,430,,,,38
2025/12/1,04:00,430,,,,42
2025/12/1,04:15,430,,,,40
2025/12/1,04:30,430,,,,42
2025/12/1,04:45,430,,,,38
2025/12/1,05:00,430,,,,42
2025/12/1,05:15,430,,,,42
2025/12/1,05:30,430,,,,27
2025/12/1,05:45,430,,,,30
2025/12/1,06:00,430,,,,30
2025/12/1,06:15,430,,30,,
2025/12/1,06:30,430,,32,,
2025/12/1,06:45,430,,32,,
2025/12/1,07:00,430,,32,,
2025/12/1,07:15,430,,27,,
2025/12/1,07:30,430,,28,,
2025/12/1,07:45,430,,30,,
2025/12/1,08:00,430,,34,,
2025/12/1,08:15,430,,58,,
2025/12/1,08:30,430,,82,,
2025/12/1,08:45,430,,111,,
2025/12/1,09:00,430,,110,,
2025/12/1,09:15,430,,154,,
2025/12/1,09:30,430,,225,,
2025/12/1,09:45,430,,278,,
2025/12/1,10:00,430,,292,,
2025/12/1,10:15,430,,279,,
2025/12/1,10:30,430,,280,,
2025/12/1,10:45,430,,252,,
2025/12/1,11:00,430,,247,,
2025/12/1,11:15,430,,,,266
2025/12/1,11:30,430,,,,295
2025/12/1,11:45,430,,,,298
2025/12/1,12:00,430,,,,289
2025/12/1,12:15,430,,,,270
2025/12/1,12:30,430,,,,268
2025/12/1,12:45,430,,,,242
2025/12/1,13:00,430,,,,214
2025/12/1,13:15,430,,,,246
2025/12/1,13:30,430,,,,267
2025/12/1,13:45,430,,,,298
2025/12/1,14:00,430,,,,319
2025/12/1,14:15,430,,310,,
2025/12/1,14:30,430,,314,,
2025/12/1,14:45,430,,297,,
2025/12/1,15:00,430,,298,,
2025/12/1,15:15,430,,317,,
2025/12/1,15:30,430,,318,,
2025/12/1,15:45,430,,295,,
2025/12/1,16:00,430,,274,,
2025/12/1,16:15,430,,280,,
2025/12/1,16:30,430,,289,,
2025/12/1,16:45,430,,286,,
2025/12/1,17:00,430,,282,,
2025/12/1,17:15,430,,281,,
2025/12/1,17:30,430,,222,,
2025/12/1,17:45,430,,232,,
2025/12/1,18:00,430,,274,,
2025/12/1,18:15,430,,302,,
2025/12/1,18:30,430,,298,,
2025/12/1,18:45,430,,277,,
2025/12/1,19:00,430,,288,,
2025/12/1,19:15,430,,304,,
2025/12/1,19:30,430,,290,,
2025/12/1,19:45,430,,278,,
2025/12/1,20:00,430,,262,,
2025/12/1,20:15,430,,202,,
2025/12/1,20:30,430,,182,,
2025/12/1,20:45,430,,229,,
2025/12/1,21:00,430,,293,,
2025/12/1,21:15,430,,302,,
2025/12/1,21:30,430,,293,,
2025/12/1,21:45,430,,290,,
2025/12/1,22:00,430,,290,,
2025/12/1,22:15,430,,282,,
2025/12/1,22:30,430,,262,,
2025/12/1,22:45,430,,282,,
2025/12/1,23:00,430,,269,,
2025/12/1,23:15,430,,189,,
2025/12/1,23:30,430,,163,,
2025/12/1,23:45,430,,200,,
2025/12/2,00:00,430,,221,,
2025/12/2,00:15,430,,,,162
2025/12/2,00:30,430,,,,102
2025/12/2,00:45,430,,,,93
2025/12/2,01:00,430,,,,85
2025/12/2,01:15,430,,,,78
2025/12/2,01:30,430,,,,59
2025/12/2,01:45,430,,,,51
2025/12/2,02:00,430,,,,48
2025/12/2,02:15,430,,,,50
2025/12/2,02:30,430,,,,50
2025/12/2,02:45,430,,,,46
2025/12/2,03:00,430,,,,48
2025/12/2,03:15,430,,,,48
2025/12/2,03:30,430,,,,50
2025/12/2,03:45,430,,,,48
2025/12/2,04:00,430,,,,46
2025/12/2,04:15,430,,,,46
2025/12/2,04:30,430,,,,48
2025/12/2,04:45,430,,,,46
2025/12/2,05:00,430,,,,46
2025/12/2,05:15,430,,,,48
2025/12/2,05:30,430,,,,45
2025/12/2,05:45,430,,,,27
2025/12/2,06:00,430,,,,27
2025/12/2,06:15,430,,29,,
2025/12/2,06:30,430,,34,,
2025/12/2,06:45,430,,30,,
2025/12/2,07:00,430,,28,,
2025/12/2,07:15,430,,28,,
2025/12/2,07:30,430,,29,,
2025/12/2,07:45,430,,29,,
2025/12/2,08:00,430,,35,,
2025/12/2,08:15,430,,43,,
2025/12/2,08:30,430,,85,,
2025/12/2,08:45,430,,102,,
2025/12/2,09:00,430,,111,,
2025/12/2,09:15,430,,124,,
2025/12/2,09:30,430,,224,,
2025/12/2,09:45,430,,280,,
2025/12/2,10:00,430,,320,,
2025/12/2,10:15,430,,306,,
2025/12/2,10:30,430,,301,,
2025/12/2,10:45,430,,316,,
2025/12/2,11:00,430,,314,,
2025/12/2,11:15,430,,,,314
2025/12/2,11:30,430,,,,320
2025/12/2,11:45,430,,,,315
2025/12/2,12:00,430,,,,307
2025/12/2,12:15,430,,,,301
2025/12/2,12:30,430,,,,292
2025/12/2,12:45,430,,,,257
2025/12/2,13:00,430,,,,254
2025/12/2,13:15,430,,,,284
2025/12/2,13:30,430,,,,307
2025/12/2,13:45,430,,,,334
2025/12/2,14:00,430,,,,329
2025/12/2,14:15,430,,334,,
2025/12/2,14:30,430,,340,,
2025/12/2,14:45,430,,315,,
2025/12/2,15:00,430,,326,,
2025/12/2,15:15,430,,336,,
2025/12/2,15:30,430,,321,,
2025/12/2,15:45,430,,304,,
2025/12/2,16:00,430,,330,,
2025/12/2,16:15,430,,333,,
2025/12/2,16:30,430,,321,,
2025/12/2,16:45,430,,316,,
2025/12/2,17:00,430,,317,,
2025/12/2,17:15,430,,322,,
2025/12/2,17:30,430,,266,,
2025/12/2,17:45,430,,250,,
2025/12/2,18:00,430,,259,,
2025/12/2,18:15,430,,290,,
2025/12/2,18:30,430,,280,,
2025/12/2,18:45,430,,282,,
2025/12/2,19:00,430,,296,,
2025/12/2,19:15,430,,306,,
2025/12/2,19:30,430,,282,,
2025/12/2,19:45,430,,288,,
2025/12/2,20:00,430,,290,,
2025/12/2,20:15,430,,251,,
2025/12/2,20:30,430,,213,,
2025/12/2,20:45,430,,232,,
2025/12/2,21:00,430,,290,,
2025/12/2,21:15,430,,291,,
2025/12/2,21:30,430,,275,,
2025/12/2,21:45,430,,296,,
2025/12/2,22:00,430,,299,,
2025/12/2,22:15,430,,275,,
2025/12/2,22:30,430,,288,,
2025/12/2,22:45,430,,309,,
2025/12/2,23:00,430,,275,,
2025/12/2,23:15,430,,218,,
2025/12/2,23:30,430,,170,,
2025/12/2,23:45,430,,195,,
2025/12/3,00:00,430,,243,,
2025/12/3,00:15,430,,,,194
2025/12/3,00:30,430,,,,120
2025/12/3,00:45,430,,,,80
2025/12/3,01:00,430,,,,69
2025/12/3,01:15,430,,,,66
2025/12/3,01:30,430,,,,58
2025/12/3,01:45,430,,,,53
2025/12/3,02:00,430,,,,51
2025/12/3,02:15,430,,,,51
2025/12/3,02:30,430,,,,50
2025/12/3,02:45,430,,,,51
2025/12/3,03:00,430,,,,50
2025/12/3,03:15,430,,,,50
2025/12/3,03:30,430,,,,50
2025/12/3,03:45,430,,,,51
2025/12/3,04:00,430,,,,50
2025/12/3,04:15,430,,,,50
2025/12/3,04:30,430,,,,50
2025/12/3,04:45,430,,,,50
2025/12/3,05:00,430,,,,38
2025/12/3,05:15,430,,,,30
2025/12/3,05:30,430,,,,27
2025/12/3,05:45,430,,,,27
2025/12/3,06:00,430,,,,29
2025/12/3,06:15,430,,30,,
2025/12/3,06:30,430,,29,,
2025/12/3,06:45,430,,29,,
2025/12/3,07:00,430,,28,,
2025/12/3,07:15,430,,31,,
2025/12/3,07:30,430,,30,,
2025/12/3,07:45,430,,33,,
2025/12/3,08:00,430,,38,,
2025/12/3,08:15,430,,68,,
2025/12/3,08:30,430,,77,,
2025/12/3,08:45,430,,107,,
2025/12/3,09:00,430,,107,,
2025/12/3,09:15,430,,157,,
2025/12/3,09:30,430,,237,,
2025/12/3,09:45,430,,292,,
2025/12/3,10:00,430,,318,,
2025/12/3,10:15,430,,312,,
2025/12/3,10:30,430,,303,,
2025/12/3,10:45,430,,317,,
2025/12/3,11:00,430,,312,,
2025/12/3,11:15,430,,,,311
2025/12/3,11:30,430,,,,299
2025/12/3,11:45,430,,,,307
2025/12/3,12:00,430,,,,292
2025/12/3,12:15,430,,,,253
2025/12/3,12:30,430,,,,252
2025/12/3,12:45,430,,,,248
2025/12/3,13:00,430,,,,260
2025/12/3,13:15,430,,,,282
2025/12/3,13:30,430,,,,301
2025/12/3,13:45,430,,,,308
2025/12/3,14:00,430,,,,304
2025/12/3,14:15,430,,294,,
2025/12/3,14:30,430,,295,,
2025/12/3,14:45,430,,314,,
2025/12/3,15:00,430,,318,,
2025/12/3,15:15,430,,311,,
2025/12/3,15:30,430,,316,,
2025/12/3,15:45,430,,322,,
2025/12/3,16:00,430,,323,,
2025/12/3,16:15,430,,299,,
2025/12/3,16:30,430,,307,,
2025/12/3,16:45,430,,320,,
2025/12/3,17:00,430,,317,,
2025/12/3,17:15,430,,280,,
2025/12/3,17:30,430,,248,,
2025/12/3,17:45,430,,237,,
2025/12/3,18:00,430,,254,,
2025/12/3,18:15,430,,266,,
2025/12/3,18:30,430,,275,,
2025/12/3,18:45,430,,282,,
2025/12/3,19:00,430,,266,,
2025/12/3,19:15,430,,235,,
2025/12/3,19:30,430,,256,,
2025/12/3,19:45,430,,293,,
2025/12/3,20:00,430,,261,,
2025/12/3,20:15,430,,211,,
2025/12/3,20:30,430,,181,,
2025/12/3,20:45,430,,234,,
2025/12/3,21:00,430,,286,,
2025/12/3,21:15,430,,285,,
2025/12/3,21:30,430,,291,,
2025/12/3,21:45,430,,282,,
2025/12/3,22:00,430,,270,,
2025/12/3,22:15,430,,267,,
2025/12/3,22:30,430,,290,,
2025/12/3,22:45,430,,275,,
2025/12/3,23:00,430,,248,,
2025/12/3,23:15,430,,200,,
2025/12/3,23:30,430,,149,,
2025/12/3,23:45,430,,181,,
2025/12/4,00:00,430,,206,,
2025/12/4,00:15,430,,,,158
2025/12/4,00:30,430,,,,93
2025/12/4,00:45,430,,,,69
2025/12/4,01:00,430,,,,67
2025/12/4,01:15,430,,,,53
2025/12/4,01:30,430,,,,50
2025/12/4,01:45,430,,,,51
2025/12/4,02:00,430,,,,53
2025/12/4,02:15,430,,,,53
2025/12/4,02:30,430,,,,51
2025/12/4,02:45,430,,,,53
2025/12/4,03:00,430,,,,53
2025/12/4,03:15,430,,,,51
2025/12/4,03:30,430,,,,51
2025/12/4,03:45,430,,,,50
2025/12/4,04:00,430,,,,50
2025/12/4,04:15,430,,,,51
2025/12/4,04:30,430,,,,51
2025/12/4,04:45,430,,,,48
2025/12/4,05:00,430,,,,29
2025/12/4,05:15,430,,,,26
2025/12/4,05:30,430,,,,26
2025/12/4,05:45,430,,,,27
2025/12/4,06:00,430,,,,27
2025/12/4,06:15,430,,30,,
2025/12/4,06:30,430,,32,,
2025/12/4,06:45,430,,33,,
2025/12/4,07:00,430,,29,,
2025/12/4,07:15,430,,30,,
2025/12/4,07:30,430,,30,,
2025/12/4,07:45,430,,31,,
2025/12/4,08:00,430,,35,,
2025/12/4,08:15,430,,43,,
2025/12/4,08:30,430,,74,,
2025/12/4,08:45,430,,103,,
2025/12/4,09:00,430,,94,,
2025/12/4,09:15,430,,144,,
2025/12/4,09:30,430,,229,,
2025/12/4,09:45,430,,284,,
2025/12/4,10:00,430,,294,,
2025/12/4,10:15,430,,310,,
2025/12/4,10:30,430,,315,,
2025/12/4,10:45,430,,310,,
2025/12/4,11:00,430,,307,,
2025/12/4,11:15,430,,,,318
2025/12/4,11:30,430,,,,324
2025/12/4,11:45,430,,,,305
2025/12/4,12:00,430,,,,291
2025/12/4,12:15,430,,,,263
2025/12/4,12:30,430,,,,272
2025/12/4,12:45,430,,,,248
2025/12/4,13:00,430,,,,230
2025/12/4,13:15,430,,,,268
2025/12/4,13:30,430,,,,287
2025/12/4,13:45,430,,,,312
2025/12/4,14:00,430,,,,311
2025/12/4,14:15,430,,305,,
2025/12/4,14:30,430,,314,,
2025/12/4,14:45,430,,314,,
2025/12/4,15:00,430,,307,,
2025/12/4,15:15,430,,309,,
2025/12/4,15:30,430,,315,,
2025/12/4,15:45,430,,324,,
2025/12/4,16:00,430,,310,,
2025/12/4,16:15,430,,320,,
2025/12/4,16:30,430,,314,,
2025/12/4,16:45,430,,315,,
2025/12/4,17:00,430,,309,,
2025/12/4,17:15,430,,291,,
2025/12/4,17:30,430,,245,,
2025/12/4,17:45,430,,230,,
2025/12/4,18:00,430,,259,,
2025/12/4,18:15,430,,267,,
2025/12/4,18:30,430,,285,,
2025/12/4,18:45,430,,275,,
2025/12/4,19:00,430,,282,,
2025/12/4,19:15,430,,290,,
2025/12/4,19:30,430,,286,,
2025/12/4,19:45,430,,277,,
2025/12/4,20:00,430,,272,,
2025/12/4,20:15,430,,227,,
2025/12/4,20:30,430,,179,,
2025/12/4,20:45,430,,229,,
2025/12/4,21:00,430,,280,,
2025/12/4,21:15,430,,278,,
2025/12/4,21:30,430,,277,,
2025/12/4,21:45,430,,291,,
2025/12/4,22:00,430,,288,,
2025/12/4,22:15,430,,272,,
2025/12/4,22:30,430,,278,,
2025/12/4,22:45,430,,283,,
2025/12/4,23:00,430,,261,,
2025/12/4,23:15,430,,210,,
2025/12/4,23:30,430,,157,,
2025/12/4,23:45,430,,200,,
2025/12/5,00:00,430,,216,,
2025/12/5,00:15,430,,,,149
2025/12/5,00:30,430,,,,91
2025/12/5,00:45,430,,,,66
2025/12/5,01:00,430,,,,64
2025/12/5,01:15,430,,,,62
2025/12/5,01:30,430,,,,61
2025/12/5,01:45,430,,,,48
2025/12/5,02:00,430,,,,48
2025/12/5,02:15,430,,,,50
2025/12/5,02:30,430,,,,50
2025/12/5,02:45,430,,,,46
2025/12/5,03:00,430,,,,46
2025/12/5,03:15,430,,,,45
2025/12/5,03:30,430,,,,46
2025/12/5,03:45,430,,,,45
2025/12/5,04:00,430,,,,43
2025/12/5,04:15,430,,,,40
2025/12/5,04:30,430,,,,37
2025/12/5,04:45,430,,,,26
2025/12/5,05:00,430,,,,26
2025/12/5,05:15,430,,,,26
2025/12/5,05:30,430,,,,26
2025/12/5,05:45,430,,,,29
2025/12/5,06:00,430,,,,32
2025/12/5,06:15,430,,27,,
2025/12/5,06:30,430,,29,,
2025/12/5,06:45,430,,29,,
2025/12/5,07:00,430,,30,,
2025/12/5,07:15,430,,30,,
2025/12/5,07:30,430,,29,,
2025/12/5,07:45,430,,35,,
2025/12/5,08:00,430,,36,,
2025/12/5,08:15,430,,50,,
2025/12/5,08:30,430,,79,,
2025/12/5,08:45,430,,101,,
2025/12/5,09:00,430,,99,,
2025/12/5,09:15,430,,151,,
2025/12/5,09:30,430,,239,,
2025/12/5,09:45,430,,295,,
2025/12/5,10:00,430,,322,,
2025/12/5,10:15,430,,314,,
2025/12/5,10:30,430,,304,,
2025/12/5,10:45,430,,323,,
2025/12/5,11:00,430,,303,,
2025/12/5,11:15,430,,,,325
2025/12/5,11:30,430,,,,306
2025/12/5,11:45,430,,,,300
2025/12/5,12:00,430,,,,310
2025/12/5,12:15,430,,,,270
2025/12/5,12:30,430,,,,254
2025/12/5,12:45,430,,,,255
2025/12/5,13:00,430,,,,254
2025/12/5,13:15,430,,,,260
2025/12/5,13:30,430,,,,247
2025/12/5,13:45,430,,,,269
2025/12/5,14:00,430,,,,293
2025/12/5,14:15,430,,314,,
2025/12/5,14:30,430,,336,,
2025/12/5,14:45,430,,351,,
2025/12/5,15:00,430,,353,,
2025/12/5,15:15,430,,342,,
2025/12/5,15:30,430,,335,,
2025/12/5,15:45,430,,326,,
2025/12/5,16:00,430,,334,,
2025/12/5,16:15,430,,336,,
2025/12/5,16:30,430,,322,,
2025/12/5,16:45,430,,355,,
2025/12/5,17:00,430,,390,,
2025/12/5,17:15,430,,368,,
2025/12/5,17:30,430,,333,,
2025/12/5,17:45,430,,302,,
2025/12/5,18:00,430,,314,,
2025/12/5,18:15,430,,309,,
2025/12/5,18:30,430,,286,,
2025/12/5,18:45,430,,278,,
2025/12/5,19:00,430,,302,,
2025/12/5,19:15,430,,301,,
2025/12/5,19:30,430,,288,,
2025/12/5,19:45,430,,283,,
2025/12/5,20:00,430,,283,,
2025/12/5,20:15,430,,238,,
2025/12/5,20:30,430,,192,,
2025/12/5,20:45,430,,234,,
2025/12/5,21:00,430,,288,,
2025/12/5,21:15,430,,282,,
2025/12/5,21:30,430,,274,,
2025/12/5,21:45,430,,286,,
2025/12/5,22:00,430,,280,,
2025/12/5,22:15,430,,270,,
2025/12/5,22:30,430,,283,,
2025/12/5,22:45,430,,285,,
2025/12/5,23:00,430,,278,,
2025/12/5,23:15,430,,211,,
2025/12/5,23:30,430,,158,,
2025/12/5,23:45,430,,194,,
2025/12/6,00:00,430,,234,,
2025/12/6,00:15,430,,,,187
2025/12/6,00:30,430,,,,131
2025/12/6,00:45,430,,,,112
2025/12/6,01:00,430,,,,102
2025/12/6,01:15,430,,,,88
2025/12/6,01:30,430,,,,54
2025/12/6,01:45,430,,,,53
2025/12/6,02:00,430,,,,53
2025/12/6,02:15,430,,,,50
2025/12/6,02:30,430,,,,51
2025/12/6,02:45,430,,,,50
2025/12/6,03:00,430,,,,48
2025/12/6,03:15,430,,,,48
2025/12/6,03:30,430,,,,26
2025/12/6,03:45,430,,,,24
2025/12/6,04:00,430,,,,24
2025/12/6,04:15,430,,,,24
2025/12/6,04:30,430,,,,24
2025/12/6,04:45,430,,,,26
2025/12/6,05:00,430,,,,26
2025/12/6,05:15,430,,,,26
2025/12/6,05:30,430,,,,29
2025/12/6,05:45,430,,,,34
2025/12/6,06:00,430,,,,27
2025/12/6,06:15,430,,,27,
2025/12/6,06:30,430,,,29,
2025/12/6,06:45,430,,,28,
2025/12/6,07:00,430,,,31,
2025/12/6,07:15,430,,,27,
2025/12/6,07:30,430,,,28,
2025/12/6,07:45,430,,,32,
2025/12/6,08:00,430,,,34,
2025/12/6,08:15,430,,,40,
2025/12/6,08:30,430,,,39,
2025/12/6,08:45,430,,,85,
2025/12/6,09:00,430,,,98,
2025/12/6,09:15,430,,,150,
2025/12/6,09:30,430,,,210,
2025/12/6,09:45,430,,,280,
2025/12/6,10:00,430,,,310,
2025/12/6,10:15,430,,,298,
2025/12/6,10:30,430,,,302,
2025/12/6,10:45,430,,,313,
2025/12/6,11:00,430,,,306,
2025/12/6,11:15,430,,,,299
2025/12/6,11:30,430,,,,304
2025/12/6,11:45,430,,,,292
2025/12/6,12:00,430,,,,284
2025/12/6,12:15,430,,,,256
2025/12/6,12:30,430,,,,258
2025/12/6,12:45,430,,,,243
2025/12/6,13:00,430,,,,235
2025/12/6,13:15,430,,,,261
2025/12/6,13:30,430,,,,281
2025/12/6,13:45,430,,,,312
2025/12/6,14:00,430,,,,311
2025/12/6,14:15,430,,,316,
2025/12/6,14:30,430,,,310,
2025/12/6,14:45,430,,,310,
2025/12/6,15:00,430,,,309,
2025/12/6,15:15,430,,,306,
2025/12/6,15:30,430,,,314,
2025/12/6,15:45,430,,,302,
2025/12/6,16:00,430,,,283,
2025/12/6,16:15,430,,,294,
2025/12/6,16:30,430,,,315,
2025/12/6,16:45,430,,,307,
2025/12/6,17:00,430,,,291,
2025/12/6,17:15,430,,,271,
2025/12/6,17:30,430,,,224,
2025/12/6,17:45,430,,,232,
2025/12/6,18:00,430,,,262,
2025/12/6,18:15,430,,,266,
2025/12/6,18:30,430,,,269,
2025/12/6,18:45,430,,,288,
2025/12/6,19:00,430,,,288,
2025/12/6,19:15,430,,,258,
2025/12/6,19:30,430,,,245,
2025/12/6,19:45,430,,,288,
2025/12/6,20:00,430,,,285,
2025/12/6,20:15,430,,,227,
2025/12/6,20:30,430,,,178,
2025/12/6,20:45,430,,,218,
2025/12/6,21:00,430,,,277,
2025/12/6,21:15,430,,,286,
2025/12/6,21:30,430,,,278,
2025/12/6,21:45,430,,,274,
2025/12/6,22:00,430,,,288,
2025/12/6,22:15,430,,,280,
2025/12/6,22:30,430,,,262,
2025/12/6,22:45,430,,,269,
2025/12/6,23:00,430,,,267,
2025/12/6,23:15,430,,,198,
2025/12/6,23:30,430,,,144,
2025/12/6,23:45,430,,,178,
2025/12/7,00:00,430,,,206,
2025/12/7,00:15,430,,,,158
2025/12/7,00:30,430,,,,101
2025/12/7,00:45,430,,,,78
2025/12/7,01:00,430,,,,77
2025/12/7,01:15,430,,,,74
2025/12/7,01:30,430,,,,46
2025/12/7,01:45,430,,,,29
2025/12/7,02:00,430,,,,27
2025/12/7,02:15,430,,,,26
2025/12/7,02:30,430,,,,27
2025/12/7,02:45,430,,,,26
2025/12/7,03:00,430,,,,27
2025/12/7,03:15,430,,,,26
2025/12/7,03:30,430,,,,26
2025/12/7,03:45,430,,,,26
2025/12/7,04:00,430,,,,26
2025/12/7,04:15,430,,,,26
2025/12/7,04:30,430,,,,26
2025/12/7,04:45,430,,,,26
2025/12/7,05:00,430,,,,26
2025/12/7,05:15,430,,,,22
2025/12/7,05:30,430,,,,22
2025/12/7,05:45,430,,,,19
2025/12/7,06:00,430,,,,19
2025/12/7,06:15,430,,,,19
2025/12/7,06:30,430,,,,21
2025/12/7,06:45,430,,,,20
2025/12/7,07:00,430,,,,20
2025/12/7,07:15,430,,,,20
2025/12/7,07:30,430,,,,18
2025/12/7,07:45,430,,,,22
2025/12/7,08:00,430,,,,27
2025/12/7,08:15,430,,,,26
2025/12/7,08:30,430,,,,26
2025/12/7,08:45,430,,,,25
2025/12/7,09:00,430,,,,33
2025/12/7,09:15,430,,,,45
2025/12/7,09:30,430,,,,45
2025/12/7,09:45,430,,,,50
2025/12/7,10:00,430,,,,44
2025/12/7,10:15,430,,,,47
2025/12/7,10:30,430,,,,48
2025/12/7,10:45,430,,,,45
2025/12/7,11:00,430,,,,54
2025/12/7,11:15,430,,,,87
2025/12/7,11:30,430,,,,114
2025/12/7,11:45,430,,,,180
2025/12/7,12:00,430,,,,234
2025/12/7,12:15,430,,,,255
2025/12/7,12:30,430,,,,251
2025/12/7,12:45,430,,,,257
2025/12/7,13:00,430,,,,260
2025/12/7,13:15,430,,,,258
2025/12/7,13:30,430,,,,264
2025/12/7,13:45,430,,,,276
2025/12/7,14:00,430,,,,258
2025/12/7,14:15,430,,,,264
2025/12/7,14:30,430,,,,271
2025/12/7,14:45,430,,,,278
2025/12/7,15:00,430,,,,249
2025/12/7,15:15,430,,,,264
2025/12/7,15:30,430,,,,288
2025/12/7,15:45,430,,,,269
2025/12/7,16:00,430,,,,269
2025/12/7,16:15,430,,,,252
2025/12/7,16:30,430,,,,251
2025/12/7,16:45,430,,,,188
2025/12/7,17:00,430,,,,135
2025/12/7,17:15,430,,,,116
2025/12/7,17:30,430,,,,98
2025/12/7,17:45,430,,,,93
2025/12/7,18:00,430,,,,85
2025/12/7,18:15,430,,,,66
2025/12/7,18:30,430,,,,53
2025/12/7,18:45,430,,,,48
2025/12/7,19:00,430,,,,48
2025/12/7,19:15,430,,,,48
2025/12/7,19:30,430,,,,46
2025/12/7,19:45,430,,,,45
2025/12/7,20:00,430,,,,45
2025/12/7,20:15,430,,,,26
2025/12/7,20:30,430,,,,19
2025/12/7,20:45,430,,,,18
2025/12/7,21:00,430,,,,18
2025/12/7,21:15,430,,,,19
2025/12/7,21:30,430,,,,18
2025/12/7,21:45,430,,,,19
2025/12/7,22:00,430,,,,19
2025/12/7,22:15,430,,,,21
2025/12/7,22:30,430,,,,18
2025/12/7,22:45,430,,,,19
2025/12/7,23:00,430,,,,19
2025/12/7,23:15,430,,,,18
2025/12/7,23:30,430,,,,19
2025/12/7,23:45,430,,,,18
2025/12/8,00:00,430,,,,16
2025/12/8,00:15,430,,,,19
2025/12/8,00:30,430,,,,19
2025/12/8,00:45,430,,,,18
2025/12/8,01:00,430,,,,18
2025/12/8,01:15,430,,,,18
2025/12/8,01:30,430,,,,18
2025/12/8,01:45,430,,,,19
2025/12/8,02:00,430,,,,18
2025/12/8,02:15,430,,,,18
2025/12/8,02:30,430,,,,18
2025/12/8,02:45,430,,,,18
2025/12/8,03:00,430,,,,19
2025/12/8,03:15,430,,,,22
2025/12/8,03:30,430,,,,22
2025/12/8,03:45,430,,,,24
2025/12/8,04:00,430,,,,24
2025/12/8,04:15,430,,,,26
2025/12/8,04:30,430,,,,24
2025/12/8,04:45,430,,,,24
2025/12/8,05:00,430,,,,26
2025/12/8,05:15,430,,,,26
2025/12/8,05:30,430,,,,26
2025/12/8,05:45,430,,,,26
2025/12/8,06:00,430,,,,26
2025/12/8,06:15,430,,34,,
2025/12/8,06:30,430,,30,,
2025/12/8,06:45,430,,32,,
2025/12/8,07:00,430,,32,,
2025/12/8,07:15,430,,28,,
2025/12/8,07:30,430,,30,,
2025/12/8,07:45,430,,32,,
2025/12/8,08:00,430,,34,,
2025/12/8,08:15,430,,55,,
2025/12/8,08:30,430,,81,,
2025/12/8,08:45,430,,107,,
2025/12/8,09:00,430,,126,,
2025/12/8,09:15,430,,165,,
2025/12/8,09:30,430,,208,,
2025/12/8,09:45,430,,276,,
2025/12/8,10:00,430,,305,,
2025/12/8,10:15,430,,310,,
2025/12/8,10:30,430,,294,,
2025/12/8,10:45,430,,309,,
2025/12/8,11:00,430,,312,,
2025/12/8,11:15,430,,,,313
2025/12/8,11:30,430,,,,306
2025/12/8,11:45,430,,,,301
2025/12/8,12:00,430,,,,300
2025/12/8,12:15,430,,,,270
2025/12/8,12:30,430,,,,256
2025/12/8,12:45,430,,,,229
2025/12/8,13:00,430,,,,211
2025/12/8,13:15,430,,,,266
2025/12/8,13:30,430,,,,286
2025/12/8,13:45,430,,,,297
2025/12/8,14:00,430,,,,306
2025/12/8,14:15,430,,312,,
2025/12/8,14:30,430,,315,,
2025/12/8,14:45,430,,311,,
2025/12/8,15:00,430,,277,,
2025/12/8,15:15,430,,307,,
2025/12/8,15:30,430,,311,,
2025/12/8,15:45,430,,298,,
2025/12/8,16:00,430,,278,,
2025/12/8,16:15,430,,296,,
2025/12/8,16:30,430,,300,,
2025/12/8,16:45,430,,280,,
2025/12/8,17:00,430,,275,,
2025/12/8,17:15,430,,207,,
2025/12/8,17:30,430,,179,,
2025/12/8,17:45,430,,211,,
2025/12/8,18:00,430,,262,,
2025/12/8,18:15,430,,267,,
2025/12/8,18:30,430,,280,,
2025/12/8,18:45,430,,280,,
2025/12/8,19:00,430,,286,,
2025/12/8,19:15,430,,269,,
2025/12/8,19:30,430,,272,,
2025/12/8,19:45,430,,286,,
2025/12/8,20:00,430,,266,,
2025/12/8,20:15,430,,227,,
2025/12/8,20:30,430,,186,,
2025/12/8,20:45,430,,226,,
2025/12/8,21:00,430,,272,,
2025/12/8,21:15,430,,278,,
2025/12/8,21:30,430,,283,,
2025/12/8,21:45,430,,291,,
2025/12/8,22:00,430,,290,,
2025/12/8,22:15,430,,277,,
2025/12/8,22:30,430,,266,,
2025/12/8,22:45,430,,259,,
2025/12/8,23:00,430,,206,,
2025/12/8,23:15,430,,122,,
2025/12/8,23:30,430,,154,,
2025/12/8,23:45,430,,200,,
2025/12/9,00:00,430,,232,,
2025/12/9,00:15,430,,,,189
2025/12/9,00:30,430,,,,125
2025/12/9,00:45,430,,,,102
2025/12/9,01:00,430,,,,91
2025/12/9,01:15,430,,,,90
2025/12/9,01:30,430,,,,64
2025/12/9,01:45,430,,,,62
2025/12/9,02:00,430,,,,50
2025/12/9,02:15,430,,,,48
2025/12/9,02:30,430,,,,46
2025/12/9,02:45,430,,,,48
2025/12/9,03:00,430,,,,51
2025/12/9,03:15,430,,,,53
2025/12/9,03:30,430,,,,45
2025/12/9,03:45,430,,,,45
2025/12/9,04:00,430,,,,35
2025/12/9,04:15,430,,,,26
2025/12/9,04:30,430,,,,24
2025/12/9,04:45,430,,,,24
2025/12/9,05:00,430,,,,24
2025/12/9,05:15,430,,,,24
2025/12/9,05:30,430,,,,24
2025/12/9,05:45,430,,,,27
2025/12/9,06:00,430,,,,27
2025/12/9,06:15,430,,29,,
2025/12/9,06:30,430,,32,,
2025/12/9,06:45,430,,30,,
2025/12/9,07:00,430,,29,,
2025/12/9,07:15,430,,28,,
2025/12/9,07:30,430,,29,,
2025/12/9,07:45,430,,32,,
2025/12/9,08:00,430,,35,,
2025/12/9,08:15,430,,53,,
2025/12/9,08:30,430,,65,,
2025/12/9,08:45,430,,99,,
2025/12/9,09:00,430,,105,,
2025/12/9,09:15,430,,150,,
2025/12/9,09:30,430,,220,,
2025/12/9,09:45,430,,280,,
2025/12/9,10:00,430,,313,,
2025/12/9,10:15,430,,306,,
2025/12/9,10:30,430,,318,,
2025/12/9,10:45,430,,302,,
2025/12/9,11:00,430,,296,,
2025/12/9,11:15,430,,,,305
2025/12/9,11:30,430,,,,309
2025/12/9,11:45,430,,,,295
2025/12/9,12:00,430,,,,296
2025/12/9,12:15,430,,,,287
2025/12/9,12:30,430,,,,250
2025/12/9,12:45,430,,,,243
2025/12/9,13:00,430,,,,245
2025/12/9,13:15,430,,,,275
2025/12/9,13:30,430,,,,301
2025/12/9,13:45,430,,,,291
2025/12/9,14:00,430,,,,280
2025/12/9,14:15,430,,320,,
2025/12/9,14:30,430,,313,,
2025/12/9,14:45,430,,313,,
2025/12/9,15:00,430,,309,,
2025/12/9,15:15,430,,308,,
2025/12/9,15:30,430,,325,,
2025/12/9,15:45,430,,305,,
2025/12/9,16:00,430,,305,,
2025/12/9,16:15,430,,314,,
2025/12/9,16:30,430,,304,,
2025/12/9,16:45,430,,302,,
2025/12/9,17:00,430,,298,,
2025/12/9,17:15,430,,306,,
2025/12/9,17:30,430,,274,,
2025/12/9,17:45,430,,242,,
2025/12/9,18:00,430,,262,,
2025/12/9,18:15,430,,282,,
2025/12/9,18:30,430,,283,,
2025/12/9,18:45,430,,280,,
2025/12/9,19:00,430,,290,,
2025/12/9,19:15,430,,291,,
2025/12/9,19:30,430,,293,,
2025/12/9,19:45,430,,285,,
2025/12/9,20:00,430,,270,,
2025/12/9,20:15,430,,237,,
2025/12/9,20:30,430,,203,,
2025/12/9,20:45,430,,240,,
2025/12/9,21:00,430,,291,,
2025/12/9,21:15,430,,283,,
2025/12/9,21:30,430,,272,,
2025/12/9,21:45,430,,262,,
2025/12/9,22:00,430,,282,,
2025/12/9,22:15,430,,282,,
2025/12/9,22:30,430,,274,,
2025/12/9,22:45,430,,272,,
2025/12/9,23:00,430,,275,,
2025/12/9,23:15,430,,198,,
2025/12/9,23:30,430,,165,,
2025/12/9,23:45,430,,205,,
2025/12/10,00:00,430,,261,,
2025/12/10,00:15,430,,,,198
2025/12/10,00:30,430,,,,123
2025/12/10,00:45,430,,,,78
2025/12/10,01:00,430,,,,69
2025/12/10,01:15,430,,,,67
2025/12/10,01:30,430,,,,54
2025/12/10,01:45,430,,,,51
2025/12/10,02:00,430,,,,51
2025/12/10,02:15,430,,,,50
2025/12/10,02:30,430,,,,50
2025/12/10,02:45,430,,,,51
2025/12/10,03:00,430,,,,48
2025/12/10,03:15,430,,,,48
2025/12/10,03:30,430,,,,48
2025/12/10,03:45,430,,,,45
2025/12/10,04:00,430,,,,29
2025/12/10,04:15,430,,,,24
2025/12/10,04:30,430,,,,22
2025/12/10,04:45,430,,,,22
2025/12/10,05:00,430,,,,24
2025/12/10,05:15,430,,,,24
2025/12/10,05:30,430,,,,27
2025/12/10,05:45,430,,,,29
2025/12/10,06:00,430,,,,27
2025/12/10,06:15,430,,27,,
2025/12/10,06:30,430,,29,,
2025/12/10,06:45,430,,29,,
2025/12/10,07:00,430,,35,,
2025/12/10,07:15,430,,48,,
2025/12/10,07:30,430,,49,,
2025/12/10,07:45,430,,51,,
2025/12/10,08:00,430,,54,,
2025/12/10,08:15,430,,70,,
2025/12/10,08:30,430,,81,,
2025/12/10,08:45,430,,83,,
2025/12/10,09:00,430,,85,,
2025/12/10,09:15,430,,135,,
2025/12/10,09:30,430,,213,,
2025/12/10,09:45,430,,259,,
2025/12/10,10:00,430,,278,,
2025/12/10,10:15,430,,283,,
2025/12/10,10:30,430,,293,,
2025/12/10,10:45,430,,289,,
2025/12/10,11:00,430,,286,,
2025/12/10,11:15,430,,,,295
2025/12/10,11:30,430,,,,321
2025/12/10,11:45,430,,,,305
2025/12/10,12:00,430,,,,288
2025/12/10,12:15,430,,,,248
2025/12/10,12:30,430,,,,254
2025/12/10,12:45,430,,,,239
2025/12/10,13:00,430,,,,219
2025/12/10,13:15,430,,,,259
2025/12/10,13:30,430,,,,275
2025/12/10,13:45,430,,,,303
2025/12/10,14:00,430,,,,316
2025/12/10,14:15,430,,296,,
2025/12/10,14:30,430,,319,,
2025/12/10,14:45,430,,310,,
2025/12/10,15:00,430,,295,,
2025/12/10,15:15,430,,296,,
2025/12/10,15:30,430,,315,,
2025/12/10,15:45,430,,316,,
2025/12/10,16:00,430,,303,,
2025/12/10,16:15,430,,307,,
2025/12/10,16:30,430,,321,,
2025/12/10,16:45,430,,316,,
2025/12/10,17:00,430,,310,,
2025/12/10,17:15,430,,303,,
2025/12/10,17:30,430,,266,,
2025/12/10,17:45,430,,242,,
2025/12/10,18:00,430,,259,,
2025/12/10,18:15,430,,269,,
2025/12/10,18:30,430,,290,,
2025/12/10,18:45,430,,278,,
2025/12/10,19:00,430,,282,,
2025/12/10,19:15,430,,272,,
2025/12/10,19:30,430,,293,,
2025/12/10,19:45,430,,290,,
2025/12/10,20:00,430,,277,,
2025/12/10,20:15,430,,248,,
2025/12/10,20:30,430,,222,,
2025/12/10,20:45,430,,232,,
2025/12/10,21:00,430,,280,,
2025/12/10,21:15,430,,282,,
2025/12/10,21:30,430,,278,,
2025/12/10,21:45,430,,285,,
2025/12/10,22:00,430,,275,,
2025/12/10,22:15,430,,270,,
2025/12/10,22:30,430,,280,,
2025/12/10,22:45,430,,277,,
2025/12/10,23:00,430,,256,,
2025/12/10,23:15,430,,208,,
2025/12/10,23:30,430,,166,,
2025/12/10,23:45,430,,219,,
2025/12/11,00:00,430,,242,,
2025/12/11,00:15,430,,,,187
2025/12/11,00:30,430,,,,134
2025/12/11,00:45,430,,,,102
2025/12/11,01:00,430,,,,102
2025/12/11,01:15,430,,,,86
2025/12/11,01:30,430,,,,56
2025/12/11,01:45,430,,,,50
2025/12/11,02:00,430,,,,50
2025/12/11,02:15,430,,,,51
2025/12/11,02:30,430,,,,50
2025/12/11,02:45,430,,,,50
2025/12/11,03:00,430,,,,48
2025/12/11,03:15,430,,,,48
2025/12/11,03:30,430,,,,48
2025/12/11,03:45,430,,,,34
2025/12/11,04:00,430,,,,22
2025/12/11,04:15,430,,,,24
2025/12/11,04:30,430,,,,24
2025/12/11,04:45,430,,,,22
2025/12/11,05:00,430,,,,24
2025/12/11,05:15,430,,,,24
2025/12/11,05:30,430,,,,24
2025/12/11,05:45,430,,,,26
2025/12/11,06:00,430,,,,26
2025/12/11,06:15,430,,27,,
2025/12/11,06:30,430,,27,,
2025/12/11,06:45,430,,28,,
2025/12/11,07:00,430,,29,,
2025/12/11,07:15,430,,27,,
2025/12/11,07:30,430,,41,,
2025/12/11,07:45,430,,50,,
2025/12/11,08:00,430,,51,,
2025/12/11,08:15,430,,75,,
2025/12/11,08:30,430,,84,,
2025/12/11,08:45,430,,99,,
2025/12/11,09:00,430,,99,,
2025/12/11,09:15,430,,160,,
2025/12/11,09:30,430,,235,,
2025/12/11,09:45,430,,282,,
2025/12/11,10:00,430,,297,,
2025/12/11,10:15,430,,319,,
2025/12/11,10:30,430,,300,,
2025/12/11,10:45,430,,307,,
2025/12/11,11:00,430,,300,,
2025/12/11,11:15,430,,,,321
2025/12/11,11:30,430,,,,271
2025/12/11,11:45,430,,,,248
2025/12/11,12:00,430,,,,219
2025/12/11,12:15,430,,,,227
2025/12/11,12:30,430,,,,246
2025/12/11,12:45,430,,,,233
2025/12/11,13:00,430,,,,231
2025/12/11,13:15,430,,,,253
2025/12/11,13:30,430,,,,271
2025/12/11,13:45,430,,,,293
2025/12/11,14:00,430,,,,299
2025/12/11,14:15,430,,313,,
2025/12/11,14:30,430,,305,,
2025/12/11,14:45,430,,302,,
2025/12/11,15:00,430,,303,,
2025/12/11,15:15,430,,312,,
2025/12/11,15:30,430,,321,,
2025/12/11,15:45,430,,303,,
2025/12/11,16:00,430,,319,,
2025/12/11,16:15,430,,301,,
2025/12/11,16:30,430,,277,,
2025/12/11,16:45,430,,299,,
2025/12/11,17:00,430,,320,,
2025/12/11,17:15,430,,285,,
2025/12/11,17:30,430,,245,,
2025/12/11,17:45,430,,240,,
2025/12/11,18:00,430,,269,,
2025/12/11,18:15,430,,270,,
2025/12/11,18:30,430,,277,,
2025/12/11,18:45,430,,272,,
2025/12/11,19:00,430,,298,,
2025/12/11,19:15,430,,298,,
2025/12/11,19:30,430,,282,,
2025/12/11,19:45,430,,272,,
2025/12/11,20:00,430,,286,,
2025/12/11,20:15,430,,237,,
2025/12/11,20:30,430,,202,,
2025/12/11,20:45,430,,224,,
2025/12/11,21:00,430,,282,,
2025/12/11,21:15,430,,275,,
2025/12/11,21:30,430,,274,,
2025/12/11,21:45,430,,280,,
2025/12/11,22:00,430,,262,,
2025/12/11,22:15,430,,269,,
2025/12/11,22:30,430,,282,,
2025/12/11,22:45,430,,286,,
2025/12/11,23:00,430,,264,,
2025/12/11,23:15,430,,186,,
2025/12/11,23:30,430,,168,,
2025/12/11,23:45,430,,218,,
2025/12/12,00:00,430,,248,,
2025/12/12,00:15,430,,,,186
2025/12/12,00:30,430,,,,115
2025/12/12,00:45,430,,,,96
2025/12/12,01:00,430,,,,75
2025/12/12,01:15,430,,,,70
2025/12/12,01:30,430,,,,59
2025/12/12,01:45,430,,,,54
2025/12/12,02:00,430,,,,53
2025/12/12,02:15,430,,,,51
2025/12/12,02:30,430,,,,53
2025/12/12,02:45,430,,,,50
2025/12/12,03:00,430,,,,50
2025/12/12,03:15,430,,,,48
2025/12/12,03:30,430,,,,50
2025/12/12,03:45,430,,,,43
2025/12/12,04:00,430,,,,26
2025/12/12,04:15,430,,,,24
2025/12/12,04:30,430,,,,26
2025/12/12,04:45,430,,,,26
2025/12/12,05:00,430,,,,26
2025/12/12,05:15,430,,,,26
2025/12/12,05:30,430,,,,27
2025/12/12,05:45,430,,,,27
2025/12/12,06:00,430,,,,30
2025/12/12,06:15,430,,30,,
2025/12/12,06:30,430,,30,,
2025/12/12,06:45,430,,31,,
2025/12/12,07:00,430,,30,,
2025/12/12,07:15,430,,30,,
2025/12/12,07:30,430,,43,,
2025/12/12,07:45,430,,50,,
2025/12/12,08:00,430,,56,,
2025/12/12,08:15,430,,73,,
2025/12/12,08:30,430,,98,,
2025/12/12,08:45,430,,97,,
2025/12/12,09:00,430,,94,,
2025/12/12,09:15,430,,153,,
2025/12/12,09:30,430,,237,,
2025/12/12,09:45,430,,278,,
2025/12/12,10:00,430,,295,,
2025/12/12,10:15,430,,311,,
2025/12/12,10:30,430,,324,,
2025/12/12,10:45,430,,323,,
2025/12/12,11:00,430,,299,,
2025/12/12,11:15,430,,,,302
2025/12/12,11:30,430,,,,300
2025/12/12,11:45,430,,,,301
2025/12/12,12:00,430,,,,317
2025/12/12,12:15,430,,,,269
2025/12/12,12:30,430,,,,239
2025/12/12,12:45,430,,,,235
2025/12/12,13:00,430,,,,233
2025/12/12,13:15,430,,,,272
2025/12/12,13:30,430,,,,302
2025/12/12,13:45,430,,,,302
2025/12/12,14:00,430,,,,324
2025/12/12,14:15,430,,320,,
2025/12/12,14:30,430,,305,,
2025/12/12,14:45,430,,307,,
2025/12/12,15:00,430,,325,,
2025/12/12,15:15,430,,324,,
2025/12/12,15:30,430,,309,,
2025/12/12,15:45,430,,327,,
2025/12/12,16:00,430,,310,,
2025/12/12,16:15,430,,330,,
2025/12/12,16:30,430,,319,,
2025/12/12,16:45,430,,307,,
2025/12/12,17:00,430,,329,,
2025/12/12,17:15,430,,304,,
2025/12/12,17:30,430,,250,,
2025/12/12,17:45,430,,230,,
2025/12/12,18:00,430,,253,,
2025/12/12,18:15,430,,274,,
2025/12/12,18:30,430,,286,,
2025/12/12,18:45,430,,269,,
2025/12/12,19:00,430,,277,,
2025/12/12,19:15,430,,286,,
2025/12/12,19:30,430,,285,,
2025/12/12,19:45,430,,270,,
2025/12/12,20:00,430,,259,,
2025/12/12,20:15,430,,232,,
2025/12/12,20:30,430,,192,,
2025/12/12,20:45,430,,240,,
2025/12/12,21:00,430,,298,,
2025/12/12,21:15,430,,288,,
2025/12/12,21:30,430,,282,,
2025/12/12,21:45,430,,286,,
2025/12/12,22:00,430,,299,,
2025/12/12,22:15,430,,294,,
2025/12/12,22:30,430,,274,,
2025/12/12,22:45,430,,266,,
2025/12/12,23:00,430,,274,,
2025/12/12,23:15,430,,275,,
2025/12/12,23:30,430,,267,,
2025/12/12,23:45,430,,251,,
2025/12/13,00:00,430,,234,,
2025/12/13,00:15,430,,,,198
2025/12/13,00:30,430,,,,152
2025/12/13,00:45,430,,,,120
2025/12/13,01:00,430,,,,98
2025/12/13,01:15,430,,,,86
2025/12/13,01:30,430,,,,74
2025/12/13,01:45,430,,,,70
2025/12/13,02:00,430,,,,66
2025/12/13,02:15,430,,,,62
2025/12/13,02:30,430,,,,64
2025/12/13,02:45,430,,,,62
2025/12/13,03:00,430,,,,50
2025/12/13,03:15,430,,,,51
2025/12/13,03:30,430,,,,48
2025/12/13,03:45,430,,,,48
2025/12/13,04:00,430,,,,27
2025/12/13,04:15,430,,,,24
2025/12/13,04:30,430,,,,26
2025/12/13,04:45,430,,,,26
2025/12/13,05:00,430,,,,24
2025/12/13,05:15,430,,,,27
2025/12/13,05:30,430,,,,24
2025/12/13,05:45,430,,,,26
2025/12/13,06:00,430,,,,26
2025/12/13,06:15,430,,,29,
2025/12/13,06:30,430,,,34,
2025/12/13,06:45,430,,,32,
2025/12/13,07:00,430,,,33,
2025/12/13,07:15,430,,,49,
2025/12/13,07:30,430,,,52,
2025/12/13,07:45,430,,,57,
2025/12/13,08:00,430,,,59,
2025/12/13,08:15,430,,,63,
2025/12/13,08:30,430,,,84,
2025/12/13,08:45,430,,,83,
2025/12/13,09:00,430,,,84,
2025/12/13,09:15,430,,,132,
2025/12/13,09:30,430,,,199,
2025/12/13,09:45,430,,,268,
2025/12/13,10:00,430,,,273,
2025/12/13,10:15,430,,,270,
2025/12/13,10:30,430,,,280,
2025/12/13,10:45,430,,,283,
2025/12/13,11:00,430,,,272,
2025/12/13,11:15,430,,,,277
2025/12/13,11:30,430,,,,281
2025/12/13,11:45,430,,,,277
2025/12/13,12:00,430,,,,285
2025/12/13,12:15,430,,,,264
2025/12/13,12:30,430,,,,265
2025/12/13,12:45,430,,,,245
2025/12/13,13:00,430,,,,240
2025/12/13,13:15,430,,,,269
2025/12/13,13:30,430,,,,289
2025/12/13,13:45,430,,,,308
2025/12/13,14:00,430,,,,299
2025/12/13,14:15,430,,,313,
2025/12/13,14:30,430,,,316,
2025/12/13,14:45,430,,,301,
2025/12/13,15:00,430,,,300,
2025/12/13,15:15,430,,,308,
2025/12/13,15:30,430,,,315,
2025/12/13,15:45,430,,,313,
2025/12/13,16:00,430,,,308,
2025/12/13,16:15,430,,,320,
2025/12/13,16:30,430,,,317,
2025/12/13,16:45,430,,,303,
2025/12/13,17:00,430,,,299,
2025/12/13,17:15,430,,,293,
2025/12/13,17:30,430,,,245,
2025/12/13,17:45,430,,,224,
2025/12/13,18:00,430,,,243,
2025/12/13,18:15,430,,,277,
2025/12/13,18:30,430,,,290,
2025/12/13,18:45,430,,,290,
2025/12/13,19:00,430,,,288,
2025/12/13,19:15,430,,,296,
2025/12/13,19:30,430,,,294,
2025/12/13,19:45,430,,,290,
2025/12/13,20:00,430,,,253,
2025/12/13,20:15,430,,,219,
2025/12/13,20:30,430,,,202,
2025/12/13,20:45,430,,,250,
2025/12/13,21:00,430,,,291,
2025/12/13,21:15,430,,,280,
2025/12/13,21:30,430,,,274,
2025/12/13,21:45,430,,,280,
2025/12/13,22:00,430,,,280,
2025/12/13,22:15,430,,,254,
2025/12/13,22:30,430,,,278,
2025/12/13,22:45,430,,,285,
2025/12/13,23:00,430,,,243,
2025/12/13,23:15,430,,,168,
2025/12/13,23:30,430,,,131,
2025/12/13,23:45,430,,,171,
2025/12/14,00:00,430,,,194,
2025/12/14,00:15,430,,,,147
2025/12/14,00:30,430,,,,94
2025/12/14,00:45,430,,,,90
2025/12/14,01:00,430,,,,85
2025/12/14,01:15,430,,,,74
2025/12/14,01:30,430,,,,62
2025/12/14,01:45,430,,,,61
2025/12/14,02:00,430,,,,59
2025/12/14,02:15,430,,,,46
2025/12/14,02:30,430,,,,46
2025/12/14,02:45,430,,,,45
2025/12/14,03:00,430,,,,46
2025/12/14,03:15,430,,,,43
2025/12/14,03:30,430,,,,34
2025/12/14,03:45,430,,,,24
2025/12/14,04:00,430,,,,22
2025/12/14,04:15,430,,,,22
2025/12/14,04:30,430,,,,24
2025/12/14,04:45,430,,,,22
2025/12/14,05:00,430,,,,24
2025/12/14,05:15,430,,,,22
2025/12/14,05:30,430,,,,24
2025/12/14,05:45,430,,,,22
2025/12/14,06:00,430,,,,24
2025/12/14,06:15,430,,,,19
2025/12/14,06:30,430,,,,21
2025/12/14,06:45,430,,,,19
2025/12/14,07:00,430,,,,20
2025/12/14,07:15,430,,,,23
2025/12/14,07:30,430,,,,20
2025/12/14,07:45,430,,,,21
2025/12/14,08:00,430,,,,21
2025/12/14,08:15,430,,,,27
2025/12/14,08:30,430,,,,25
2025/12/14,08:45,430,,,,25
2025/12/14,09:00,430,,,,24
2025/12/14,09:15,430,,,,24
2025/12/14,09:30,430,,,,41
2025/12/14,09:45,430,,,,43
2025/12/14,10:00,430,,,,44
2025/12/14,10:15,430,,,,44
2025/12/14,10:30,430,,,,43
2025/12/14,10:45,430,,,,44
2025/12/14,11:00,430,,,,53
2025/12/14,11:15,430,,,,78
2025/12/14,11:30,430,,,,108
2025/12/14,11:45,430,,,,175
2025/12/14,12:00,430,,,,243
2025/12/14,12:15,430,,,,254
2025/12/14,12:30,430,,,,258
2025/12/14,12:45,430,,,,269
2025/12/14,13:00,430,,,,266
2025/12/14,13:15,430,,,,243
2025/12/14,13:30,430,,,,247
2025/12/14,13:45,430,,,,271
2025/12/14,14:00,430,,,,271
2025/12/14,14:15,430,,,,247
2025/12/14,14:30,430,,,,249
2025/12/14,14:45,430,,,,271
2025/12/14,15:00,430,,,,274
2025/12/14,15:15,430,,,,265
2025/12/14,15:30,430,,,,261
2025/12/14,15:45,430,,,,257
2025/12/14,16:00,430,,,,261
2025/12/14,16:15,430,,,,268
2025/12/14,16:30,430,,,,256
2025/12/14,16:45,430,,,,261
2025/12/14,17:00,430,,,,258
2025/12/14,17:15,430,,,,189
2025/12/14,17:30,430,,,,114
2025/12/14,17:45,430,,,,90
2025/12/14,18:00,430,,,,80
2025/12/14,18:15,430,,,,82
2025/12/14,18:30,430,,,,62
2025/12/14,18:45,430,,,,51
2025/12/14,19:00,430,,,,48
2025/12/14,19:15,430,,,,46
2025/12/14,19:30,430,,,,46
2025/12/14,19:45,430,,,,48
2025/12/14,20:00,430,,,,48
2025/12/14,20:15,430,,,,43
2025/12/14,20:30,430,,,,40
2025/12/14,20:45,430,,,,40
2025/12/14,21:00,430,,,,37
2025/12/14,21:15,430,,,,24
2025/12/14,21:30,430,,,,19
2025/12/14,21:45,430,,,,19
2025/12/14,22:00,430,,,,19
2025/12/14,22:15,430,,,,19
2025/12/14,22:30,430,,,,21
2025/12/14,22:45,430,,,,18
2025/12/14,23:00,430,,,,19
2025/12/14,23:15,430,,,,19
2025/12/14,23:30,430,,,,18
2025/12/14,23:45,430,,,,18
2025/12/15,00:00,430,,,,18
2025/12/15,00:15,430,,,,19
2025/12/15,00:30,430,,,,18
2025/12/15,00:45,430,,,,18
2025/12/15,01:00,430,,,,18
2025/12/15,01:15,430,,,,19
2025/12/15,01:30,430,,,,18
2025/12/15,01:45,430,,,,18
2025/12/15,02:00,430,,,,18
2025/12/15,02:15,430,,,,18
2025/12/15,02:30,430,,,,24
2025/12/15,02:45,430,,,,26
2025/12/15,03:00,430,,,,19
2025/12/15,03:15,430,,,,21
2025/12/15,03:30,430,,,,24
2025/12/15,03:45,430,,,,24
2025/12/15,04:00,430,,,,24
2025/12/15,04:15,430,,,,24
2025/12/15,04:30,430,,,,22
2025/12/15,04:45,430,,,,24
2025/12/15,05:00,430,,,,22
2025/12/15,05:15,430,,,,24
2025/12/15,05:30,430,,,,22
2025/12/15,05:45,430,,,,22
2025/12/15,06:00,430,,,,24
2025/12/15,06:15,430,,26,,
2025/12/15,06:30,430,,26,,
2025/12/15,06:45,430,,26,,
2025/12/15,07:00,430,,27,,
2025/12/15,07:15,430,,27,,
2025/12/15,07:30,430,,27,,
2025/12/15,07:45,430,,32,,
2025/12/15,08:00,430,,35,,
2025/12/15,08:15,430,,58,,
2025/12/15,08:30,430,,86,,
2025/12/15,08:45,430,,107,,
2025/12/15,09:00,430,,107,,
2025/12/15,09:15,430,,126,,
2025/12/15,09:30,430,,182,,
2025/12/15,09:45,430,,247,,
2025/12/15,10:00,430,,295,,
2025/12/15,10:15,430,,283,,
2025/12/15,10:30,430,,299,,
2025/12/15,10:45,430,,304,,
2025/12/15,11:00,430,,281,,
2025/12/15,11:15,430,,,,294
2025/12/15,11:30,430,,,,307
2025/12/15,11:45,430,,,,289
2025/12/15,12:00,430,,,,284
2025/12/15,12:15,430,,,,246
2025/12/15,12:30,430,,,,251
2025/12/15,12:45,430,,,,249
2025/12/15,13:00,430,,,,218
2025/12/15,13:15,430,,,,235
2025/12/15,13:30,430,,,,266
2025/12/15,13:45,430,,,,290
2025/12/15,14:00,430,,,,297
2025/12/15,14:15,430,,288,,
2025/12/15,14:30,430,,259,,
2025/12/15,14:45,430,,281,,
2025/12/15,15:00,430,,297,,
2025/12/15,15:15,430,,294,,
2025/12/15,15:30,430,,295,,
2025/12/15,15:45,430,,298,,
2025/12/15,16:00,430,,289,,
2025/12/15,16:15,430,,301,,
2025/12/15,16:30,430,,294,,
2025/12/15,16:45,430,,274,,
2025/12/15,17:00,430,,280,,
2025/12/15,17:15,430,,289,,
2025/12/15,17:30,430,,251,,
2025/12/15,17:45,430,,245,,
2025/12/15,18:00,430,,264,,
2025/12/15,18:15,430,,253,,
2025/12/15,18:30,430,,272,,
2025/12/15,18:45,430,,278,,
2025/12/15,19:00,430,,266,,
2025/12/15,19:15,430,,278,,
2025/12/15,19:30,430,,285,,
2025/12/15,19:45,430,,283,,
2025/12/15,20:00,430,,261,,
2025/12/15,20:15,430,,216,,
2025/12/15,20:30,430,,189,,
2025/12/15,20:45,430,,224,,
2025/12/15,21:00,430,,267,,
2025/12/15,21:15,430,,274,,
2025/12/15,21:30,430,,280,,
2025/12/15,21:45,430,,262,,
2025/12/15,22:00,430,,266,,
2025/12/15,22:15,430,,270,,
2025/12/15,22:30,430,,267,,
2025/12/15,22:45,430,,266,,
2025/12/15,23:00,430,,256,,
2025/12/15,23:15,430,,213,,
2025/12/15,23:30,430,,173,,
2025/12/15,23:45,430,,197,,
2025/12/16,00:00,430,,206,,
2025/12/16,00:15,430,,,,160
2025/12/16,00:30,430,,,,106
2025/12/16,00:45,430,,,,82
2025/12/16,01:00,430,,,,67
2025/12/16,01:15,430,,,,67
2025/12/16,01:30,430,,,,66
2025/12/16,01:45,430,,,,62
2025/12/16,02:00,430,,,,64
2025/12/16,02:15,430,,,,62
2025/12/16,02:30,430,,,,61
2025/12/16,02:45,430,,,,50
2025/12/16,03:00,430,,,,50
2025/12/16,03:15,430,,,,48
2025/12/16,03:30,430,,,,50
2025/12/16,03:45,430,,,,48
2025/12/16,04:00,430,,,,48
2025/12/16,04:15,430,,,,48
2025/12/16,04:30,430,,,,37
2025/12/16,04:45,430,,,,24
2025/12/16,05:00,430,,,,24
2025/12/16,05:15,430,,,,24
2025/12/16,05:30,430,,,,24
2025/12/16,05:45,430,,,,27
2025/12/16,06:00,430,,,,26
2025/12/16,06:15,430,,29,,
2025/12/16,06:30,430,,32,,
2025/12/16,06:45,430,,32,,
2025/12/16,07:00,430,,30,,
2025/12/16,07:15,430,,30,,
2025/12/16,07:30,430,,27,,
2025/12/16,07:45,430,,29,,
2025/12/16,08:00,430,,35,,
2025/12/16,08:15,430,,55,,
2025/12/16,08:30,430,,64,,
2025/12/16,08:45,430,,96,,
2025/12/16,09:00,430,,100,,
2025/12/16,09:15,430,,153,,
2025/12/16,09:30,430,,224,,
2025/12/16,09:45,430,,263,,
2025/12/16,10:00,430,,274,,
2025/12/16,10:15,430,,285,,
2025/12/16,10:30,430,,271,,
2025/12/16,10:45,430,,287,,
2025/12/16,11:00,430,,283,,
2025/12/16,11:15,430,,,,291
2025/12/16,11:30,430,,,,301
2025/12/16,11:45,430,,,,296
2025/12/16,12:00,430,,,,303
2025/12/16,12:15,430,,,,289
2025/12/16,12:30,430,,,,269
2025/12/16,12:45,430,,,,258
2025/12/16,13:00,430,,,,251
2025/12/16,13:15,430,,,,266
2025/12/16,13:30,430,,,,288
2025/12/16,13:45,430,,,,294
2025/12/16,14:00,430,,,,309
2025/12/16,14:15,430,,280,,
2025/12/16,14:30,430,,286,,
2025/12/16,14:45,430,,295,,
2025/12/16,15:00,430,,306,,
2025/12/16,15:15,430,,288,,
2025/12/16,15:30,430,,295,,
2025/12/16,15:45,430,,329,,
2025/12/16,16:00,430,,327,,
2025/12/16,16:15,430,,318,,
2025/12/16,16:30,430,,311,,
2025/12/16,16:45,430,,321,,
2025/12/16,17:00,430,,317,,
2025/12/16,17:15,430,,294,,
2025/12/16,17:30,430,,259,,
2025/12/16,17:45,430,,248,,
2025/12/16,18:00,430,,261,,
2025/12/16,18:15,430,,267,,
2025/12/16,18:30,430,,269,,
2025/12/16,18:45,430,,277,,
2025/12/16,19:00,430,,291,,
2025/12/16,19:15,430,,288,,
2025/12/16,19:30,430,,296,,
2025/12/16,19:45,430,,299,,
2025/12/16,20:00,430,,283,,
2025/12/16,20:15,430,,243,,
2025/12/16,20:30,430,,229,,
2025/12/16,20:45,430,,243,,
2025/12/16,21:00,430,,283,,
2025/12/16,21:15,430,,269,,
2025/12/16,21:30,430,,274,,
2025/12/16,21:45,430,,266,,
2025/12/16,22:00,430,,274,,
2025/12/16,22:15,430,,264,,
2025/12/16,22:30,430,,278,,
2025/12/16,22:45,430,,277,,
2025/12/16,23:00,430,,266,,
2025/12/16,23:15,430,,227,,
2025/12/16,23:30,430,,194,,
2025/12/16,23:45,430,,234,,
2025/12/17,00:00,430,,256,,
2025/12/17,00:15,430,,,,202
2025/12/17,00:30,430,,,,139
2025/12/17,00:45,430,,,,107
2025/12/17,01:00,430,,,,101
2025/12/17,01:15,430,,,,90
2025/12/17,01:30,430,,,,64
2025/12/17,01:45,430,,,,61
2025/12/17,02:00,430,,,,58
2025/12/17,02:15,430,,,,58
2025/12/17,02:30,430,,,,58
2025/12/17,02:45,430,,,,58
2025/12/17,03:00,430,,,,58
2025/12/17,03:15,430,,,,62
2025/12/17,03:30,430,,,,59
2025/12/17,03:45,430,,,,58
2025/12/17,04:00,430,,,,58
2025/12/17,04:15,430,,,,56
2025/12/17,04:30,430,,,,56
2025/12/17,04:45,430,,,,50
2025/12/17,05:00,430,,,,46
2025/12/17,05:15,430,,,,34
2025/12/17,05:30,430,,,,24
2025/12/17,05:45,430,,,,24
2025/12/17,06:00,430,,,,27
2025/12/17,06:15,430,,32,,
2025/12/17,06:30,430,,30,,
2025/12/17,06:45,430,,34,,
2025/12/17,07:00,430,,31,,
2025/12/17,07:15,430,,49,,
2025/12/17,07:30,430,,49,,
2025/12/17,07:45,430,,50,,
2025/12/17,08:00,430,,56,,
2025/12/17,08:15,430,,69,,
2025/12/17,08:30,430,,96,,
2025/12/17,08:45,430,,103,,
2025/12/17,09:00,430,,102,,
2025/12/17,09:15,430,,108,,
2025/12/17,09:30,430,,178,,
2025/12/17,09:45,430,,232,,
2025/12/17,10:00,430,,275,,
2025/12/17,10:15,430,,289,,
2025/12/17,10:30,430,,327,,
2025/12/17,10:45,430,,314,,
2025/12/17,11:00,430,,303,,
2025/12/17,11:15,430,,,,302
2025/12/17,11:30,430,,,,317
2025/12/17,11:45,430,,,,310
2025/12/17,12:00,430,,,,289
2025/12/17,12:15,430,,,,268
2025/12/17,12:30,430,,,,274
2025/12/17,12:45,430,,,,230
2025/12/17,13:00,430,,,,239
2025/12/17,13:15,430,,,,268
2025/12/17,13:30,430,,,,293
2025/12/17,13:45,430,,,,315
2025/12/17,14:00,430,,,,317
2025/12/17,14:15,430,,309,,
2025/12/17,14:30,430,,309,,
2025/12/17,14:45,430,,330,,
2025/12/17,15:00,430,,316,,
2025/12/17,15:15,430,,309,,
2025/12/17,15:30,430,,319,,
2025/12/17,15:45,430,,323,,
2025/12/17,16:00,430,,318,,
2025/12/17,16:15,430,,313,,
2025/12/17,16:30,430,,306,,
2025/12/17,16:45,430,,318,,
2025/12/17,17:00,430,,324,,
2025/12/17,17:15,430,,306,,
2025/12/17,17:30,430,,243,,
2025/12/17,17:45,430,,240,,
2025/12/17,18:00,430,,266,,
2025/12/17,18:15,430,,285,,
2025/12/17,18:30,430,,285,,
2025/12/17,18:45,430,,285,,
2025/12/17,19:00,430,,286,,
2025/12/17,19:15,430,,286,,
2025/12/17,19:30,430,,288,,
2025/12/17,19:45,430,,278,,
2025/12/17,20:00,430,,285,,
2025/12/17,20:15,430,,226,,
2025/12/17,20:30,430,,205,,
2025/12/17,20:45,430,,251,,
2025/12/17,21:00,430,,296,,
2025/12/17,21:15,430,,283,,
2025/12/17,21:30,430,,278,,
2025/12/17,21:45,430,,282,,
2025/12/17,22:00,430,,283,,
2025/12/17,22:15,430,,274,,
2025/12/17,22:30,430,,267,,
2025/12/17,22:45,430,,272,,
2025/12/17,23:00,430,,258,,
2025/12/17,23:15,430,,178,,
2025/12/17,23:30,430,,154,,
2025/12/17,23:45,430,,206,,
2025/12/18,00:00,430,,224,,
2025/12/18,00:15,430,,,,173
2025/12/18,00:30,430,,,,109
2025/12/18,00:45,430,,,,99
2025/12/18,01:00,430,,,,74
2025/12/18,01:15,430,,,,61
2025/12/18,01:30,430,,,,62
2025/12/18,01:45,430,,,,58
2025/12/18,02:00,430,,,,48
2025/12/18,02:15,430,,,,48
2025/12/18,02:30,430,,,,46
2025/12/18,02:45,430,,,,45
2025/12/18,03:00,430,,,,45
2025/12/18,03:15,430,,,,46
2025/12/18,03:30,430,,,,45
2025/12/18,03:45,430,,,,46
2025/12/18,04:00,430,,,,45
2025/12/18,04:15,430,,,,48
2025/12/18,04:30,430,,,,46
2025/12/18,04:45,430,,,,45
2025/12/18,05:00,430,,,,46
2025/12/18,05:15,430,,,,48
2025/12/18,05:30,430,,,,46
2025/12/18,05:45,430,,,,46
2025/12/18,06:00,430,,,,50
2025/12/18,06:15,430,,35,,
2025/12/18,06:30,430,,27,,
2025/12/18,06:45,430,,29,,
2025/12/18,07:00,430,,28,,
2025/12/18,07:15,430,,35,,
2025/12/18,07:30,430,,48,,
2025/12/18,07:45,430,,50,,
2025/12/18,08:00,430,,59,,
2025/12/18,08:15,430,,92,,
2025/12/18,08:30,430,,99,,
2025/12/18,08:45,430,,106,,
2025/12/18,09:00,430,,104,,
2025/12/18,09:15,430,,154,,
2025/12/18,09:30,430,,246,,
2025/12/18,09:45,430,,294,,
2025/12/18,10:00,430,,297,,
2025/12/18,10:15,430,,304,,
2025/12/18,10:30,430,,318,,
2025/12/18,10:45,430,,317,,
2025/12/18,11:00,430,,295,,
2025/12/18,11:15,430,,,,300
2025/12/18,11:30,430,,,,308
2025/12/18,11:45,430,,,,295
2025/12/18,12:00,430,,,,271
2025/12/18,12:15,430,,,,244
2025/12/18,12:30,430,,,,251
2025/12/18,12:45,430,,,,251
2025/12/18,13:00,430,,,,244
2025/12/18,13:15,430,,,,264
2025/12/18,13:30,430,,,,296
2025/12/18,13:45,430,,,,306
2025/12/18,14:00,430,,,,310
2025/12/18,14:15,430,,307,,
2025/12/18,14:30,430,,297,,
2025/12/18,14:45,430,,298,,
2025/12/18,15:00,430,,314,,
2025/12/18,15:15,430,,303,,
2025/12/18,15:30,430,,307,,
2025/12/18,15:45,430,,307,,
2025/12/18,16:00,430,,319,,
2025/12/18,16:15,430,,298,,
2025/12/18,16:30,430,,297,,
2025/12/18,16:45,430,,309,,
2025/12/18,17:00,430,,307,,
2025/12/18,17:15,430,,271,,
2025/12/18,17:30,430,,237,,
2025/12/18,17:45,430,,238,,
2025/12/18,18:00,430,,269,,
2025/12/18,18:15,430,,274,,
2025/12/18,18:30,430,,270,,
2025/12/18,18:45,430,,285,,
2025/12/18,19:00,430,,294,,
2025/12/18,19:15,430,,294,,
2025/12/18,19:30,430,,286,,
2025/12/18,19:45,430,,283,,
2025/12/18,20:00,430,,270,,
2025/12/18,20:15,430,,224,,
2025/12/18,20:30,430,,197,,
2025/12/18,20:45,430,,237,,
2025/12/18,21:00,430,,280,,
2025/12/18,21:15,430,,274,,
2025/12/18,21:30,430,,264,,
2025/12/18,21:45,430,,288,,
2025/12/18,22:00,430,,283,,
2025/12/18,22:15,430,,272,,
2025/12/18,22:30,430,,251,,
2025/12/18,22:45,430,,253,,
2025/12/18,23:00,430,,251,,
2025/12/18,23:15,430,,186,,
2025/12/18,23:30,430,,146,,
2025/12/18,23:45,430,,205,,
2025/12/19,00:00,430,,227,,
2025/12/19,00:15,430,,,,173
2025/12/19,00:30,430,,,,109
2025/12/19,00:45,430,,,,72
2025/12/19,01:00,430,,,,70
2025/12/19,01:15,430,,,,70
2025/12/19,01:30,430,,,,59
2025/12/19,01:45,430,,,,51
2025/12/19,02:00,430,,,,53
2025/12/19,02:15,430,,,,54
2025/12/19,02:30,430,,,,54
2025/12/19,02:45,430,,,,54
2025/12/19,03:00,430,,,,54
2025/12/19,03:15,430,,,,54
2025/12/19,03:30,430,,,,53
2025/12/19,03:45,430,,,,51
2025/12/19,04:00,430,,,,53
2025/12/19,04:15,430,,,,53
2025/12/19,04:30,430,,,,51
2025/12/19,04:45,430,,,,54
2025/12/19,05:00,430,,,,53
2025/12/19,05:15,430,,,,54
2025/12/19,05:30,430,,,,38
2025/12/19,05:45,430,,,,29
2025/12/19,06:00,430,,,,32
2025/12/19,06:15,430,,34,,
2025/12/19,06:30,430,,32,,
2025/12/19,06:45,430,,34,,
2025/12/19,07:00,430,,34,,
2025/12/19,07:15,430,,32,,
2025/12/19,07:30,430,,34,,
2025/12/19,07:45,430,,35,,
2025/12/19,08:00,430,,37,,
2025/12/19,08:15,430,,56,,
2025/12/19,08:30,430,,92,,
2025/12/19,08:45,430,,103,,
2025/12/19,09:00,430,,101,,
2025/12/19,09:15,430,,142,,
2025/12/19,09:30,430,,249,,
2025/12/19,09:45,430,,296,,
2025/12/19,10:00,430,,295,,
2025/12/19,10:15,430,,291,,
2025/12/19,10:30,430,,303,,
2025/12/19,10:45,430,,319,,
2025/12/19,11:00,430,,307,,
2025/12/19,11:15,430,,,,295
2025/12/19,11:30,430,,,,307
2025/12/19,11:45,430,,,,295
2025/12/19,12:00,430,,,,286
2025/12/19,12:15,430,,,,271
2025/12/19,12:30,430,,,,259
2025/12/19,12:45,430,,,,243
2025/12/19,13:00,430,,,,230
2025/12/19,13:15,430,,,,264
2025/12/19,13:30,430,,,,295
2025/12/19,13:45,430,,,,308
2025/12/19,14:00,430,,,,301
2025/12/19,14:15,430,,281,,
2025/12/19,14:30,430,,286,,
2025/12/19,14:45,430,,299,,
2025/12/19,15:00,430,,313,,
2025/12/19,15:15,430,,306,,
2025/12/19,15:30,430,,294,,
2025/12/19,15:45,430,,302,,
2025/12/19,16:00,430,,309,,
2025/12/19,16:15,430,,307,,
2025/12/19,16:30,430,,305,,
2025/12/19,16:45,430,,307,,
2025/12/19,17:00,430,,310,,
2025/12/19,17:15,430,,293,,
2025/12/19,17:30,430,,246,,
2025/12/19,17:45,430,,232,,
2025/12/19,18:00,430,,251,,
2025/12/19,18:15,430,,264,,
2025/12/19,18:30,430,,269,,
2025/12/19,18:45,430,,278,,
2025/12/19,19:00,430,,298,,
2025/12/19,19:15,430,,286,,
2025/12/19,19:30,430,,291,,
2025/12/19,19:45,430,,298,,
2025/12/19,20:00,430,,272,,
2025/12/19,20:15,430,,227,,
2025/12/19,20:30,430,,189,,
2025/12/19,20:45,430,,238,,
2025/12/19,21:00,430,,290,,
2025/12/19,21:15,430,,283,,
2025/12/19,21:30,430,,285,,
2025/12/19,21:45,430,,302,,
2025/12/19,22:00,430,,294,,
2025/12/19,22:15,430,,294,,
2025/12/19,22:30,430,,270,,
2025/12/19,22:45,430,,267,,
2025/12/19,23:00,430,,270,,
2025/12/19,23:15,430,,211,,
2025/12/19,23:30,430,,162,,
2025/12/19,23:45,430,,197,,
2025/12/20,00:00,430,,245,,
2025/12/20,00:15,430,,,,202
2025/12/20,00:30,430,,,,144
2025/12/20,00:45,430,,,,88
2025/12/20,01:00,430,,,,69
2025/12/20,01:15,430,,,,61
2025/12/20,01:30,430,,,,53
2025/12/20,01:45,430,,,,54
2025/12/20,02:00,430,,,,51
2025/12/20,02:15,430,,,,53
2025/12/20,02:30,430,,,,51
2025/12/20,02:45,430,,,,51
2025/12/20,03:00,430,,,,50
2025/12/20,03:15,430,,,,51
2025/12/20,03:30,430,,,,50
2025/12/20,03:45,430,,,,48
2025/12/20,04:00,430,,,,27
2025/12/20,04:15,430,,,,26
2025/12/20,04:30,430,,,,26
2025/12/20,04:45,430,,,,24
2025/12/20,05:00,430,,,,26
2025/12/20,05:15,430,,,,24
2025/12/20,05:30,430,,,,26
2025/12/20,05:45,430,,,,26
2025/12/20,06:00,430,,,,27
2025/12/20,06:15,430,,,30,
2025/12/20,06:30,430,,,32,
2025/12/20,06:45,430,,,30,
2025/12/20,07:00,430,,,30,
2025/12/20,07:15,430,,,27,
2025/12/20,07:30,430,,,28,
2025/12/20,07:45,430,,,28,
2025/12/20,08:00,430,,,34,
2025/12/20,08:15,430,,,38,
2025/12/20,08:30,430,,,49,
2025/12/20,08:45,430,,,77,
2025/12/20,09:00,430,,,79,
2025/12/20,09:15,430,,,108,
2025/12/20,09:30,430,,,191,
2025/12/20,09:45,430,,,255,
2025/12/20,10:00,430,,,289,
2025/12/20,10:15,430,,,285,
2025/12/20,10:30,430,,,295,
2025/12/20,10:45,430,,,306,
2025/12/20,11:00,430,,,306,
2025/12/20,11:15,430,,,,302
2025/12/20,11:30,430,,,,318
2025/12/20,11:45,430,,,,314
2025/12/20,12:00,430,,,,300
2025/12/20,12:15,430,,,,268
2025/12/20,12:30,430,,,,269
2025/12/20,12:45,430,,,,272
2025/12/20,13:00,430,,,,267
2025/12/20,13:15,430,,,,269
2025/12/20,13:30,430,,,,294
2025/12/20,13:45,430,,,,316
2025/12/20,14:00,430,,,,312
2025/12/20,14:15,430,,,299,
2025/12/20,14:30,430,,,312,
2025/12/20,14:45,430,,,317,
2025/12/20,15:00,430,,,325,
2025/12/20,15:15,430,,,308,
2025/12/20,15:30,430,,,314,
2025/12/20,15:45,430,,,318,
2025/12/20,16:00,430,,,326,
2025/12/20,16:15,430,,,306,
2025/12/20,16:30,430,,,300,
2025/12/20,16:45,430,,,315,
2025/12/20,17:00,430,,,313,
2025/12/20,17:15,430,,,316,
2025/12/20,17:30,430,,,251,
2025/12/20,17:45,430,,,206,
2025/12/20,18:00,430,,,186,
2025/12/20,18:15,430,,,181,
2025/12/20,18:30,430,,,176,
2025/12/20,18:45,430,,,186,
2025/12/20,19:00,430,,,278,
2025/12/20,19:15,430,,,291,
2025/12/20,19:30,430,,,282,
2025/12/20,19:45,430,,,291,
2025/12/20,20:00,430,,,293,
2025/12/20,20:15,430,,,232,
2025/12/20,20:30,430,,,192,
2025/12/20,20:45,430,,,230,
2025/12/20,21:00,430,,,290,
2025/12/20,21:15,430,,,304,
2025/12/20,21:30,430,,,278,
2025/12/20,21:45,430,,,283,
2025/12/20,22:00,430,,,296,
2025/12/20,22:15,430,,,291,
2025/12/20,22:30,430,,,275,
2025/12/20,22:45,430,,,261,
2025/12/20,23:00,430,,,264,
2025/12/20,23:15,430,,,232,
2025/12/20,23:30,430,,,171,
2025/12/20,23:45,430,,,203,
2025/12/21,00:00,430,,,235,
2025/12/21,00:15,430,,,,178
2025/12/21,00:30,430,,,,125
2025/12/21,00:45,430,,,,83
2025/12/21,01:00,430,,,,67
2025/12/21,01:15,430,,,,59
2025/12/21,01:30,430,,,,59
2025/12/21,01:45,430,,,,54
2025/12/21,02:00,430,,,,50
2025/12/21,02:15,430,,,,48
2025/12/21,02:30,430,,,,50
2025/12/21,02:45,430,,,,48
2025/12/21,03:00,430,,,,48
2025/12/21,03:15,430,,,,48
2025/12/21,03:30,430,,,,48
2025/12/21,03:45,430,,,,46
2025/12/21,04:00,430,,,,48
2025/12/21,04:15,430,,,,48
2025/12/21,04:30,430,,,,46
2025/12/21,04:45,430,,,,46
2025/12/21,05:00,430,,,,40
2025/12/21,05:15,430,,,,26
2025/12/21,05:30,430,,,,22
2025/12/21,05:45,430,,,,21
2025/12/21,06:00,430,,,,19
2025/12/21,06:15,430,,,,19
2025/12/21,06:30,430,,,,19
2025/12/21,06:45,430,,,,19
2025/12/21,07:00,430,,,,21
2025/12/21,07:15,430,,,,20
2025/12/21,07:30,430,,,,22
2025/12/21,07:45,430,,,,20
2025/12/21,08:00,430,,,,18
2025/12/21,08:15,430,,,,27
2025/12/21,08:30,430,,,,29
2025/12/21,08:45,430,,,,28
2025/12/21,09:00,430,,,,26
2025/12/21,09:15,430,,,,28
2025/12/21,09:30,430,,,,26
2025/12/21,09:45,430,,,,29
2025/12/21,10:00,430,,,,28
2025/12/21,10:15,430,,,,27
2025/12/21,10:30,430,,,,26
2025/12/21,10:45,430,,,,48
2025/12/21,11:00,430,,,,51
2025/12/21,11:15,430,,,,80
2025/12/21,11:30,430,,,,116
2025/12/21,11:45,430,,,,181
2025/12/21,12:00,430,,,,229
2025/12/21,12:15,430,,,,231
2025/12/21,12:30,430,,,,222
2025/12/21,12:45,430,,,,231
2025/12/21,13:00,430,,,,246
2025/12/21,13:15,430,,,,237
2025/12/21,13:30,430,,,,227
2025/12/21,13:45,430,,,,253
2025/12/21,14:00,430,,,,254
2025/12/21,14:15,430,,,,236
2025/12/21,14:30,430,,,,251
2025/12/21,14:45,430,,,,268
2025/12/21,15:00,430,,,,248
2025/12/21,15:15,430,,,,245
2025/12/21,15:30,430,,,,268
2025/12/21,15:45,430,,,,244
2025/12/21,16:00,430,,,,237
2025/12/21,16:15,430,,,,244
2025/12/21,16:30,430,,,,244
2025/12/21,16:45,430,,,,264
2025/12/21,17:00,430,,,,240
2025/12/21,17:15,430,,,,166
2025/12/21,17:30,430,,,,106
2025/12/21,17:45,430,,,,62
2025/12/21,18:00,430,,,,58
2025/12/21,18:15,430,,,,59
2025/12/21,18:30,430,,,,50
2025/12/21,18:45,430,,,,42
2025/12/21,19:00,430,,,,42
2025/12/21,19:15,430,,,,43
2025/12/21,19:30,430,,,,42
2025/12/21,19:45,430,,,,43
2025/12/21,20:00,430,,,,42
2025/12/21,20:15,430,,,,40
2025/12/21,20:30,430,,,,42
2025/12/21,20:45,430,,,,42
2025/12/21,21:00,430,,,,21
2025/12/21,21:15,430,,,,19
2025/12/21,21:30,430,,,,19
2025/12/21,21:45,430,,,,21
2025/12/21,22:00,430,,,,21
2025/12/21,22:15,430,,,,19
2025/12/21,22:30,430,,,,21
2025/12/21,22:45,430,,,,21
2025/12/21,23:00,430,,,,19
2025/12/21,23:15,430,,,,19
2025/12/21,23:30,430,,,,18
2025/12/21,23:45,430,,,,21
2025/12/22,00:00,430,,,,19
2025/12/22,00:15,430,,,,21
2025/12/22,00:30,430,,,,19
2025/12/22,00:45,430,,,,21
2025/12/22,01:00,430,,,,19
2025/12/22,01:15,430,,,,19
2025/12/22,01:30,430,,,,21
2025/12/22,01:45,430,,,,19
2025/12/22,02:00,430,,,,19
2025/12/22,02:15,430,,,,21
2025/12/22,02:30,430,,,,19
2025/12/22,02:45,430,,,,21
2025/12/22,03:00,430,,,,19
2025/12/22,03:15,430,,,,24
2025/12/22,03:30,430,,,,26
2025/12/22,03:45,430,,,,24
2025/12/22,04:00,430,,,,26
2025/12/22,04:15,430,,,,24
2025/12/22,04:30,430,,,,26
2025/12/22,04:45,430,,,,24
2025/12/22,05:00,430,,,,26
2025/12/22,05:15,430,,,,26
2025/12/22,05:30,430,,,,27
2025/12/22,05:45,430,,,,26
2025/12/22,06:00,430,,,,27
2025/12/22,06:15,430,,30,,
2025/12/22,06:30,430,,38,,
2025/12/22,06:45,430,,34,,
2025/12/22,07:00,430,,29,,
2025/12/22,07:15,430,,29,,
2025/12/22,07:30,430,,27,,
2025/12/22,07:45,430,,30,,
2025/12/22,08:00,430,,34,,
2025/12/22,08:15,430,,46,,
2025/12/22,08:30,430,,89,,
2025/12/22,08:45,430,,120,,
2025/12/22,09:00,430,,124,,
2025/12/22,09:15,430,,158,,
2025/12/22,09:30,430,,224,,
2025/12/22,09:45,430,,283,,
2025/12/22,10:00,430,,311,,
2025/12/22,10:15,430,,304,,
2025/12/22,10:30,430,,304,,
2025/12/22,10:45,430,,321,,
2025/12/22,11:00,430,,309,,
2025/12/22,11:15,430,,,,285
2025/12/22,11:30,430,,,,299
2025/12/22,11:45,430,,,,309
2025/12/22,12:00,430,,,,288
2025/12/22,12:15,430,,,,267
2025/12/22,12:30,430,,,,244
2025/12/22,12:45,430,,,,237
2025/12/22,13:00,430,,,,241
2025/12/22,13:15,430,,,,274
2025/12/22,13:30,430,,,,297
2025/12/22,13:45,430,,,,312
2025/12/22,14:00,430,,,,321
2025/12/22,14:15,430,,298,,
2025/12/22,14:30,430,,300,,
2025/12/22,14:45,430,,305,,
2025/12/22,15:00,430,,317,,
2025/12/22,15:15,430,,308,,
2025/12/22,15:30,430,,309,,
2025/12/22,15:45,430,,315,,
2025/12/22,16:00,430,,297,,
2025/12/22,16:15,430,,292,,
2025/12/22,16:30,430,,302,,
2025/12/22,16:45,430,,299,,
2025/12/22,17:00,430,,297,,
2025/12/22,17:15,430,,281,,
2025/12/22,17:30,430,,256,,
2025/12/22,17:45,430,,253,,
2025/12/22,18:00,430,,256,,
2025/12/22,18:15,430,,282,,
2025/12/22,18:30,430,,296,,
2025/12/22,18:45,430,,299,,
2025/12/22,19:00,430,,299,,
2025/12/22,19:15,430,,298,,
2025/12/22,19:30,430,,317,,
2025/12/22,19:45,430,,304,,
2025/12/22,20:00,430,,278,,
2025/12/22,20:15,430,,235,,
2025/12/22,20:30,430,,194,,
2025/12/22,20:45,430,,229,,
2025/12/22,21:00,430,,274,,
2025/12/22,21:15,430,,274,,
2025/12/22,21:30,430,,274,,
2025/12/22,21:45,430,,286,,
2025/12/22,22:00,430,,282,,
2025/12/22,22:15,430,,296,,
2025/12/22,22:30,430,,304,,
2025/12/22,22:45,430,,290,,
2025/12/22,23:00,430,,250,,
2025/12/22,23:15,430,,198,,
2025/12/22,23:30,430,,157,,
2025/12/22,23:45,430,,189,,
2025/12/23,00:00,430,,229,,
2025/12/23,00:15,430,,,,181
2025/12/23,00:30,430,,,,112
2025/12/23,00:45,430,,,,90
2025/12/23,01:00,430,,,,66
2025/12/23,01:15,430,,,,66
2025/12/23,01:30,430,,,,66
2025/12/23,01:45,430,,,,64
2025/12/23,02:00,430,,,,62
2025/12/23,02:15,430,,,,62
2025/12/23,02:30,430,,,,61
2025/12/23,02:45,430,,,,61
2025/12/23,03:00,430,,,,62
2025/12/23,03:15,430,,,,58
2025/12/23,03:30,430,,,,50
2025/12/23,03:45,430,,,,50
2025/12/23,04:00,430,,,,50
2025/12/23,04:15,430,,,,38
2025/12/23,04:30,430,,,,22
2025/12/23,04:45,430,,,,24
2025/12/23,05:00,430,,,,24
2025/12/23,05:15,430,,,,24
2025/12/23,05:30,430,,,,22
2025/12/23,05:45,430,,,,24
2025/12/23,06:00,430,,,,26
2025/12/23,06:15,430,,30,,
2025/12/23,06:30,430,,30,,
2025/12/23,06:45,430,,32,,
2025/12/23,07:00,430,,31,,
2025/12/23,07:15,430,,27,,
2025/12/23,07:30,430,,29,,
2025/12/23,07:45,430,,28,,
2025/12/23,08:00,430,,36,,
2025/12/23,08:15,430,,56,,
2025/12/23,08:30,430,,74,,
2025/12/23,08:45,430,,98,,
2025/12/23,09:00,430,,104,,
2025/12/23,09:15,430,,174,,
2025/12/23,09:30,430,,242,,
2025/12/23,09:45,430,,302,,
2025/12/23,10:00,430,,314,,
2025/12/23,10:15,430,,320,,
2025/12/23,10:30,430,,320,,
2025/12/23,10:45,430,,312,,
2025/12/23,11:00,430,,315,,
2025/12/23,11:15,430,,,,309
2025/12/23,11:30,430,,,,312
2025/12/23,11:45,430,,,,306
2025/12/23,12:00,430,,,,295
2025/12/23,12:15,430,,,,283
2025/12/23,12:30,430,,,,264
2025/12/23,12:45,430,,,,244
2025/12/23,13:00,430,,,,245
2025/12/23,13:15,430,,,,266
2025/12/23,13:30,430,,,,296
2025/12/23,13:45,430,,,,323
2025/12/23,14:00,430,,,,326
2025/12/23,14:15,430,,343,,
2025/12/23,14:30,430,,285,,
2025/12/23,14:45,430,,269,,
2025/12/23,15:00,430,,312,,
2025/12/23,15:15,430,,262,,
2025/12/23,15:30,430,,310,,
2025/12/23,15:45,430,,309,,
2025/12/23,16:00,430,,304,,
2025/12/23,16:15,430,,298,,
2025/12/23,16:30,430,,288,,
2025/12/23,16:45,430,,272,,
2025/12/23,17:00,430,,293,,
2025/12/23,17:15,430,,285,,
2025/12/23,17:30,430,,259,,
2025/12/23,17:45,430,,226,,
2025/12/23,18:00,430,,250,,
2025/12/23,18:15,430,,278,,
2025/12/23,18:30,430,,290,,
2025/12/23,18:45,430,,283,,
2025/12/23,19:00,430,,286,,
2025/12/23,19:15,430,,298,,
2025/12/23,19:30,430,,288,,
2025/12/23,19:45,430,,275,,
2025/12/23,20:00,430,,278,,
2025/12/23,20:15,430,,229,,
2025/12/23,20:30,430,,187,,
2025/12/23,20:45,430,,227,,
2025/12/23,21:00,430,,270,,
2025/12/23,21:15,430,,291,,
2025/12/23,21:30,430,,298,,
2025/12/23,21:45,430,,282,,
2025/12/23,22:00,430,,280,,
2025/12/23,22:15,430,,290,,
2025/12/23,22:30,430,,283,,
2025/12/23,22:45,430,,269,,
2025/12/23,23:00,430,,246,,
2025/12/23,23:15,430,,189,,
2025/12/23,23:30,430,,181,,
2025/12/23,23:45,430,,221,,
2025/12/24,00:00,430,,234,,
2025/12/24,00:15,430,,,,168
2025/12/24,00:30,430,,,,102
2025/12/24,00:45,430,,,,77
2025/12/24,01:00,430,,,,64
2025/12/24,01:15,430,,,,66
2025/12/24,01:30,430,,,,51
2025/12/24,01:45,430,,,,50
2025/12/24,02:00,430,,,,48
2025/12/24,02:15,430,,,,46
2025/12/24,02:30,430,,,,58
2025/12/24,02:45,430,,,,50
2025/12/24,03:00,430,,,,46
2025/12/24,03:15,430,,,,45
2025/12/24,03:30,430,,,,45
2025/12/24,03:45,430,,,,43
2025/12/24,04:00,430,,,,26
2025/12/24,04:15,430,,,,24
2025/12/24,04:30,430,,,,26
2025/12/24,04:45,430,,,,24
2025/12/24,05:00,430,,,,24
2025/12/24,05:15,430,,,,26
2025/12/24,05:30,430,,,,24
2025/12/24,05:45,430,,,,24
2025/12/24,06:00,430,,,,26
2025/12/24,06:15,430,,27,,
2025/12/24,06:30,430,,29,,
2025/12/24,06:45,430,,50,,
2025/12/24,07:00,430,,54,,
2025/12/24,07:15,430,,48,,
2025/12/24,07:30,430,,46,,
2025/12/24,07:45,430,,50,,
2025/12/24,08:00,430,,54,,
2025/12/24,08:15,430,,65,,
2025/12/24,08:30,430,,84,,
2025/12/24,08:45,430,,99,,
2025/12/24,09:00,430,,104,,
2025/12/24,09:15,430,,157,,
2025/12/24,09:30,430,,231,,
2025/12/24,09:45,430,,292,,
2025/12/24,10:00,430,,315,,
2025/12/24,10:15,430,,299,,
2025/12/24,10:30,430,,318,,
2025/12/24,10:45,430,,332,,
2025/12/24,11:00,430,,330,,
2025/12/24,11:15,430,,,,322
2025/12/24,11:30,430,,,,302
2025/12/24,11:45,430,,,,300
2025/12/24,12:00,430,,,,293
2025/12/24,12:15,430,,,,265
2025/12/24,12:30,430,,,,254
2025/12/24,12:45,430,,,,248
2025/12/24,13:00,430,,,,252
2025/12/24,13:15,430,,,,269
2025/12/24,13:30,430,,,,301
2025/12/24,13:45,430,,,,321
2025/12/24,14:00,430,,,,319
2025/12/24,14:15,430,,314,,
2025/12/24,14:30,430,,327,,
2025/12/24,14:45,430,,321,,
2025/12/24,15:00,430,,321,,
2025/12/24,15:15,430,,313,,
2025/12/24,15:30,430,,327,,
2025/12/24,15:45,430,,329,,
2025/12/24,16:00,430,,317,,
2025/12/24,16:15,430,,308,,
2025/12/24,16:30,430,,332,,
2025/12/24,16:45,430,,325,,
2025/12/24,17:00,430,,311,,
2025/12/24,17:15,430,,296,,
2025/12/24,17:30,430,,253,,
2025/12/24,17:45,430,,256,,
2025/12/24,18:00,430,,266,,
2025/12/24,18:15,430,,283,,
2025/12/24,18:30,430,,302,,
2025/12/24,18:45,430,,291,,
2025/12/24,19:00,430,,280,,
2025/12/24,19:15,430,,286,,
2025/12/24,19:30,430,,291,,
2025/12/24,19:45,430,,288,,
2025/12/24,20:00,430,,280,,
2025/12/24,20:15,430,,238,,
2025/12/24,20:30,430,,203,,
2025/12/24,20:45,430,,230,,
2025/12/24,21:00,430,,250,,
2025/12/24,21:15,430,,286,,
2025/12/24,21:30,430,,294,,
2025/12/24,21:45,430,,278,,
2025/12/24,22:00,430,,277,,
2025/12/24,22:15,430,,296,,
2025/12/24,22:30,430,,298,,
2025/12/24,22:45,430,,288,,
2025/12/24,23:00,430,,264,,
2025/12/24,23:15,430,,197,,
2025/12/24,23:30,430,,166,,
2025/12/24,23:45,430,,206,,
2025/12/25,00:00,430,,222,,
2025/12/25,00:15,430,,,,154
2025/12/25,00:30,430,,,,101
2025/12/25,00:45,430,,,,80
2025/12/25,01:00,430,,,,70
2025/12/25,01:15,430,,,,69
2025/12/25,01:30,430,,,,69
2025/12/25,01:45,430,,,,64
2025/12/25,02:00,430,,,,66
2025/12/25,02:15,430,,,,64
2025/12/25,02:30,430,,,,64
2025/12/25,02:45,430,,,,56
2025/12/25,03:00,430,,,,51
2025/12/25,03:15,430,,,,53
2025/12/25,03:30,430,,,,51
2025/12/25,03:45,430,,,,51
2025/12/25,04:00,430,,,,51
2025/12/25,04:15,430,,,,51
2025/12/25,04:30,430,,,,51
2025/12/25,04:45,430,,,,48
2025/12/25,05:00,430,,,,50
2025/12/25,05:15,430,,,,27
2025/12/25,05:30,430,,,,26
2025/12/25,05:45,430,,,,29
2025/12/25,06:00,430,,,,30
2025/12/25,06:15,430,,,,27
2025/12/25,06:30,430,,,,27
2025/12/25,06:45,430,,,,29
2025/12/25,07:00,430,,,,32
2025/12/25,07:15,430,,,,48
2025/12/25,07:30,430,,,,48
2025/12/25,07:45,430,,,,52
2025/12/25,08:00,430,,,,54
2025/12/25,08:15,430,,,,58
2025/12/25,08:30,430,,,,67
2025/12/25,08:45,430,,,,75
2025/12/25,09:00,430,,,,79
2025/12/25,09:15,430,,,,130
2025/12/25,09:30,430,,,,243
2025/12/25,09:45,430,,,,296
2025/12/25,10:00,430,,,,307
2025/12/25,10:15,430,,,,291
2025/12/25,10:30,430,,,,307
2025/12/25,10:45,430,,,,299
2025/12/25,11:00,430,,,,304
2025/12/25,11:15,430,,,,289
2025/12/25,11:30,430,,,,308
2025/12/25,11:45,430,,,,287
2025/12/25,12:00,430,,,,265
2025/12/25,12:15,430,,,,268
2025/12/25,12:30,430,,,,262
2025/12/25,12:45,430,,,,248
2025/12/25,13:00,430,,,,228
2025/12/25,13:15,430,,,,240
2025/12/25,13:30,430,,,,273
2025/12/25,13:45,430,,,,302
2025/12/25,14:00,430,,,,283
2025/12/25,14:15,430,,,,269
2025/12/25,14:30,430,,,,291
2025/12/25,14:45,430,,,,289
2025/12/25,15:00,430,,,,291
2025/12/25,15:15,430,,,,299
2025/12/25,15:30,430,,,,312
2025/12/25,15:45,430,,,,293
2025/12/25,16:00,430,,,,293
2025/12/25,16:15,430,,,,307
2025/12/25,16:30,430,,,,313
2025/12/25,16:45,430,,,,301
2025/12/25,17:00,430,,,,311
2025/12/25,17:15,430,,,,299
2025/12/25,17:30,430,,,,245
2025/12/25,17:45,430,,,,235
2025/12/25,18:00,430,,,,246
2025/12/25,18:15,430,,,,272
2025/12/25,18:30,430,,,,277
2025/12/25,18:45,430,,,,267
2025/12/25,19:00,430,,,,269
2025/12/25,19:15,430,,,,286
2025/12/25,19:30,430,,,,288
2025/12/25,19:45,430,,,,275
2025/12/25,20:00,430,,,,278
2025/12/25,20:15,430,,,,230
2025/12/25,20:30,430,,,,187
2025/12/25,20:45,430,,,,237
2025/12/25,21:00,430,,,,278
2025/12/25,21:15,430,,,,282
2025/12/25,21:30,430,,,,272
2025/12/25,21:45,430,,,,283
2025/12/25,22:00,430,,,,285
2025/12/25,22:15,430,,,,286
2025/12/25,22:30,430,,,,274
2025/12/25,22:45,430,,,,269
2025/12/25,23:00,430,,,,230
2025/12/25,23:15,430,,,,154
2025/12/25,23:30,430,,,,123
2025/12/25,23:45,430,,,,171
2025/12/26,00:00,430,,,,189
2025/12/26,00:15,430,,,,144
2025/12/26,00:30,430,,,,93
2025/12/26,00:45,430,,,,72
2025/12/26,01:00,430,,,,53
2025/12/26,01:15,430,,,,50
2025/12/26,01:30,430,,,,50
2025/12/26,01:45,430,,,,48
2025/12/26,02:00,430,,,,45
2025/12/26,02:15,430,,,,46
2025/12/26,02:30,430,,,,46
2025/12/26,02:45,430,,,,46
2025/12/26,03:00,430,,,,45
2025/12/26,03:15,430,,,,46
2025/12/26,03:30,430,,,,46
2025/12/26,03:45,430,,,,45
2025/12/26,04:00,430,,,,42
2025/12/26,04:15,430,,,,24
2025/12/26,04:30,430,,,,21
2025/12/26,04:45,430,,,,22
2025/12/26,05:00,430,,,,22
2025/12/26,05:15,430,,,,24
2025/12/26,05:30,430,,,,24
2025/12/26,05:45,430,,,,29
2025/12/26,06:00,430,,,,30
2025/12/26,06:15,430,,24,,
2025/12/26,06:30,430,,26,,
2025/12/26,06:45,430,,27,,
2025/12/26,07:00,430,,27,,
2025/12/26,07:15,430,,27,,
2025/12/26,07:30,430,,28,,
2025/12/26,07:45,430,,30,,
2025/12/26,08:00,430,,35,,
2025/12/26,08:15,430,,40,,
2025/12/26,08:30,430,,84,,
2025/12/26,08:45,430,,91,,
2025/12/26,09:00,430,,93,,
2025/12/26,09:15,430,,135,,
2025/12/26,09:30,430,,172,,
2025/12/26,09:45,430,,200,,
2025/12/26,10:00,430,,267,,
2025/12/26,10:15,430,,303,,
2025/12/26,10:30,430,,298,,
2025/12/26,10:45,430,,290,,
2025/12/26,11:00,430,,302,,
2025/12/26,11:15,430,,,,292
2025/12/26,11:30,430,,,,284
2025/12/26,11:45,430,,,,277
2025/12/26,12:00,430,,,,296
2025/12/26,12:15,430,,,,280
2025/12/26,12:30,430,,,,264
2025/12/26,12:45,430,,,,240
2025/12/26,13:00,430,,,,230
2025/12/26,13:15,430,,,,265
2025/12/26,13:30,430,,,,279
2025/12/26,13:45,430,,,,292
2025/12/26,14:00,430,,,,306
2025/12/26,14:15,430,,296,,
2025/12/26,14:30,430,,293,,
2025/12/26,14:45,430,,278,,
2025/12/26,15:00,430,,285,,
2025/12/26,15:15,430,,294,,
2025/12/26,15:30,430,,295,,
2025/12/26,15:45,430,,269,,
2025/12/26,16:00,430,,273,,
2025/12/26,16:15,430,,279,,
2025/12/26,16:30,430,,282,,
2025/12/26,16:45,430,,278,,
2025/12/26,17:00,430,,301,,
2025/12/26,17:15,430,,270,,
2025/12/26,17:30,430,,206,,
2025/12/26,17:45,430,,181,,
2025/12/26,18:00,430,,192,,
2025/12/26,18:15,430,,237,,
2025/12/26,18:30,430,,256,,
2025/12/26,18:45,430,,283,,
2025/12/26,19:00,430,,293,,
2025/12/26,19:15,430,,288,,
2025/12/26,19:30,430,,285,,
2025/12/26,19:45,430,,270,,
2025/12/26,20:00,430,,277,,
2025/12/26,20:15,430,,226,,
2025/12/26,20:30,430,,174,,
2025/12/26,20:45,430,,232,,
2025/12/26,21:00,430,,285,,
2025/12/26,21:15,430,,288,,
2025/12/26,21:30,430,,278,,
2025/12/26,21:45,430,,272,,
2025/12/26,22:00,430,,283,,
2025/12/26,22:15,430,,256,,
2025/12/26,22:30,430,,202,,
2025/12/26,22:45,430,,147,,
2025/12/26,23:00,430,,110,,
2025/12/26,23:15,430,,110,,
2025/12/26,23:30,430,,104,,
2025/12/26,23:45,430,,101,,
2025/12/27,00:00,430,,99,,
2025/12/27,00:15,430,,,,102
2025/12/27,00:30,430,,,,102
2025/12/27,00:45,430,,,,88
2025/12/27,01:00,430,,,,56
2025/12/27,01:15,430,,,,58
2025/12/27,01:30,430,,,,58
2025/12/27,01:45,430,,,,56
2025/12/27,02:00,430,,,,54
2025/12/27,02:15,430,,,,53
2025/12/27,02:30,430,,,,54
2025/12/27,02:45,430,,,,54
2025/12/27,03:00,430,,,,53
2025/12/27,03:15,430,,,,54
2025/12/27,03:30,430,,,,54
2025/12/27,03:45,430,,,,53
2025/12/27,04:00,430,,,,54
2025/12/27,04:15,430,,,,54
2025/12/27,04:30,430,,,,53
2025/12/27,04:45,430,,,,54
2025/12/27,05:00,430,,,,42
2025/12/27,05:15,430,,,,30
2025/12/27,05:30,430,,,,29
2025/12/27,05:45,430,,,,29
2025/12/27,06:00,430,,,,30
2025/12/27,06:15,430,,,30,
2025/12/27,06:30,430,,,30,
2025/12/27,06:45,430,,,32,
2025/12/27,07:00,430,,,34,
2025/12/27,07:15,430,,,32,
2025/12/27,07:30,430,,,29,
2025/12/27,07:45,430,,,30,
2025/12/27,08:00,430,,,35,
2025/12/27,08:15,430,,,38,
2025/12/27,08:30,430,,,67,
2025/12/27,08:45,430,,,78,
2025/12/27,09:00,430,,,80,
2025/12/27,09:15,430,,,127,
2025/12/27,09:30,430,,,201,
2025/12/27,09:45,430,,,267,
2025/12/27,10:00,430,,,300,
2025/12/27,10:15,430,,,291,
2025/12/27,10:30,430,,,275,
2025/12/27,10:45,430,,,294,
2025/12/27,11:00,430,,,290,
2025/12/27,11:15,430,,,,257
2025/12/27,11:30,430,,,,260
2025/12/27,11:45,430,,,,294
2025/12/27,12:00,430,,,,275
2025/12/27,12:15,430,,,,220
2025/12/27,12:30,430,,,,205
2025/12/27,12:45,430,,,,221
2025/12/27,13:00,430,,,,216
2025/12/27,13:15,430,,,,225
2025/12/27,13:30,430,,,,246
2025/12/27,13:45,430,,,,262
2025/12/27,14:00,430,,,,254
2025/12/27,14:15,430,,,235,
2025/12/27,14:30,430,,,255,
2025/12/27,14:45,430,,,273,
2025/12/27,15:00,430,,,268,
2025/12/27,15:15,430,,,279,
2025/12/27,15:30,430,,,297,
2025/12/27,15:45,430,,,296,
2025/12/27,16:00,430,,,286,
2025/12/27,16:15,430,,,286,
2025/12/27,16:30,430,,,300,
2025/12/27,16:45,430,,,284,
2025/12/27,17:00,430,,,285,
2025/12/27,17:15,430,,,261,
2025/12/27,17:30,430,,,216,
2025/12/27,17:45,430,,,214,
2025/12/27,18:00,430,,,240,
2025/12/27,18:15,430,,,261,
2025/12/27,18:30,430,,,282,
2025/12/27,18:45,430,,,280,
2025/12/27,19:00,430,,,283,
2025/12/27,19:15,430,,,283,
2025/12/27,19:30,430,,,290,
2025/12/27,19:45,430,,,269,
2025/12/27,20:00,430,,,234,
2025/12/27,20:15,430,,,221,
2025/12/27,20:30,430,,,211,
2025/12/27,20:45,430,,,254,
2025/12/27,21:00,430,,,275,
2025/12/27,21:15,430,,,259,
2025/12/27,21:30,430,,,256,
2025/12/27,21:45,430,,,258,
2025/12/27,22:00,430,,,245,
2025/12/27,22:15,430,,,227,
2025/12/27,22:30,430,,,192,
2025/12/27,22:45,430,,,154,
2025/12/27,23:00,430,,,110,
2025/12/27,23:15,430,,,109,
2025/12/27,23:30,430,,,110,
2025/12/27,23:45,430,,,102,
2025/12/28,00:00,430,,,78,
2025/12/28,00:15,430,,,,70
2025/12/28,00:30,430,,,,58
2025/12/28,00:45,430,,,,58
2025/12/28,01:00,430,,,,59
2025/12/28,01:15,430,,,,56
2025/12/28,01:30,430,,,,58
2025/12/28,01:45,430,,,,53
2025/12/28,02:00,430,,,,54
2025/12/28,02:15,430,,,,54
2025/12/28,02:30,430,,,,54
2025/12/28,02:45,430,,,,51
2025/12/28,03:00,430,,,,53
2025/12/28,03:15,430,,,,51
2025/12/28,03:30,430,,,,51
2025/12/28,03:45,430,,,,51
2025/12/28,04:00,430,,,,50
2025/12/28,04:15,430,,,,50
2025/12/28,04:30,430,,,,43
2025/12/28,04:45,430,,,,22
2025/12/28,05:00,430,,,,24
2025/12/28,05:15,430,,,,22
2025/12/28,05:30,430,,,,21
2025/12/28,05:45,430,,,,22
2025/12/28,06:00,430,,,,22
2025/12/28,06:15,430,,,,24
2025/12/28,06:30,430,,,,24
2025/12/28,06:45,430,,,,22
2025/12/28,07:00,430,,,,23
2025/12/28,07:15,430,,,,23
2025/12/28,07:30,430,,,,23
2025/12/28,07:45,430,,,,24
2025/12/28,08:00,430,,,,23
2025/12/28,08:15,430,,,,26
2025/12/28,08:30,430,,,,23
2025/12/28,08:45,430,,,,24
2025/12/28,09:00,430,,,,27
2025/12/28,09:15,430,,,,44
2025/12/28,09:30,430,,,,43
2025/12/28,09:45,430,,,,44
2025/12/28,10:00,430,,,,41
2025/12/28,10:15,430,,,,43
2025/12/28,10:30,430,,,,44
2025/12/28,10:45,430,,,,43
2025/12/28,11:00,430,,,,64
2025/12/28,11:15,430,,,,110
2025/12/28,11:30,430,,,,146
2025/12/28,11:45,430,,,,189
2025/12/28,12:00,430,,,,228
2025/12/28,12:15,430,,,,237
2025/12/28,12:30,430,,,,264
2025/12/28,12:45,430,,,,260
2025/12/28,13:00,430,,,,258
2025/12/28,13:15,430,,,,252
2025/12/28,13:30,430,,,,257
2025/12/28,13:45,430,,,,261
2025/12/28,14:00,430,,,,254
2025/12/28,14:15,430,,,,265
2025/12/28,14:30,430,,,,288
2025/12/28,14:45,430,,,,281
2025/12/28,15:00,430,,,,282
2025/12/28,15:15,430,,,,261
2025/12/28,15:30,430,,,,253
2025/12/28,15:45,430,,,,271
2025/12/28,16:00,430,,,,260
2025/12/28,16:15,430,,,,262
2025/12/28,16:30,430,,,,275
2025/12/28,16:45,430,,,,221
2025/12/28,17:00,430,,,,122
2025/12/28,17:15,430,,,,78
2025/12/28,17:30,430,,,,66
2025/12/28,17:45,430,,,,64
2025/12/28,18:00,430,,,,62
2025/12/28,18:15,430,,,,54
2025/12/28,18:30,430,,,,21
2025/12/28,18:45,430,,,,21
2025/12/28,19:00,430,,,,19
2025/12/28,19:15,430,,,,18
2025/12/28,19:30,430,,,,19
2025/12/28,19:45,430,,,,18
2025/12/28,20:00,430,,,,18
2025/12/28,20:15,430,,,,18
2025/12/28,20:30,430,,,,19
2025/12/28,20:45,430,,,,16
2025/12/28,21:00,430,,,,18
2025/12/28,21:15,430,,,,18
2025/12/28,21:30,430,,,,18
2025/12/28,21:45,430,,,,18
2025/12/28,22:00,430,,,,18
2025/12/28,22:15,430,,,,18
2025/12/28,22:30,430,,,,18
2025/12/28,22:45,430,,,,18
2025/12/28,23:00,430,,,,18
2025/12/28,23:15,430,,,,18
2025/12/28,23:30,430,,,,18
2025/12/28,23:45,430,,,,16
2025/12/29,00:00,430,,,,18
2025/12/29,00:15,430,,,,18
2025/12/29,00:30,430,,,,18
2025/12/29,00:45,430,,,,18
2025/12/29,01:00,430,,,,16
2025/12/29,01:15,430,,,,18
2025/12/29,01:30,430,,,,18
2025/12/29,01:45,430,,,,18
2025/12/29,02:00,430,,,,18
2025/12/29,02:15,430,,,,16
2025/12/29,02:30,430,,,,18
2025/12/29,02:45,430,,,,19
2025/12/29,03:00,430,,,,18
2025/12/29,03:15,430,,,,22
2025/12/29,03:30,430,,,,24
2025/12/29,03:45,430,,,,22
2025/12/29,04:00,430,,,,22
2025/12/29,04:15,430,,,,22
2025/12/29,04:30,430,,,,22
2025/12/29,04:45,430,,,,21
2025/12/29,05:00,430,,,,22
2025/12/29,05:15,430,,,,22
2025/12/29,05:30,430,,,,22
2025/12/29,05:45,430,,,,22
2025/12/29,06:00,430,,,,22
2025/12/29,06:15,430,,27,,
2025/12/29,06:30,430,,26,,
2025/12/29,06:45,430,,32,,
2025/12/29,07:00,430,,34,,
2025/12/29,07:15,430,,35,,
2025/12/29,07:30,430,,29,,
2025/12/29,07:45,430,,29,,
2025/12/29,08:00,430,,35,,
2025/12/29,08:15,430,,68,,
2025/12/29,08:30,430,,95,,
2025/12/29,08:45,430,,119,,
2025/12/29,09:00,430,,117,,
2025/12/29,09:15,430,,156,,
2025/12/29,09:30,430,,213,,
2025/12/29,09:45,430,,252,,
2025/12/29,10:00,430,,257,,
2025/12/29,10:15,430,,276,,
2025/12/29,10:30,430,,329,,
2025/12/29,10:45,430,,340,,
2025/12/29,11:00,430,,309,,
2025/12/29,11:15,430,,,,302
2025/12/29,11:30,430,,,,333
2025/12/29,11:45,430,,,,300
2025/12/29,12:00,430,,,,265
2025/12/29,12:15,430,,,,261
2025/12/29,12:30,430,,,,251
2025/12/29,12:45,430,,,,253
2025/12/29,13:00,430,,,,255
2025/12/29,13:15,430,,,,296
2025/12/29,13:30,430,,,,323
2025/12/29,13:45,430,,,,345
2025/12/29,14:00,430,,,,290
2025/12/29,14:15,430,,279,,
2025/12/29,14:30,430,,282,,
2025/12/29,14:45,430,,303,,
2025/12/29,15:00,430,,302,,
2025/12/29,15:15,430,,316,,
2025/12/29,15:30,430,,312,,
2025/12/29,15:45,430,,300,,
2025/12/29,16:00,430,,301,,
2025/12/29,16:15,430,,267,,
2025/12/29,16:30,430,,267,,
2025/12/29,16:45,430,,271,,
2025/12/29,17:00,430,,276,,
2025/12/29,17:15,430,,222,,
2025/12/29,17:30,430,,168,,
2025/12/29,17:45,430,,194,,
2025/12/29,18:00,430,,246,,
2025/12/29,18:15,430,,256,,
2025/12/29,18:30,430,,238,,
2025/12/29,18:45,430,,266,,
2025/12/29,19:00,430,,282,,
2025/12/29,19:15,430,,267,,
2025/12/29,19:30,430,,290,,
2025/12/29,19:45,430,,280,,
2025/12/29,20:00,430,,242,,
2025/12/29,20:15,430,,197,,
2025/12/29,20:30,430,,194,,
2025/12/29,20:45,430,,238,,
2025/12/29,21:00,430,,266,,
2025/12/29,21:15,430,,267,,
2025/12/29,21:30,430,,277,,
2025/12/29,21:45,430,,277,,
2025/12/29,22:00,430,,272,,
2025/12/29,22:15,430,,262,,
2025/12/29,22:30,430,,250,,
2025/12/29,22:45,430,,251,,
2025/12/29,23:00,430,,189,,
2025/12/29,23:15,430,,128,,
2025/12/29,23:30,430,,106,,
2025/12/29,23:45,430,,106,,
2025/12/30,00:00,430,,104,,
2025/12/30,00:15,430,,,,94
2025/12/30,00:30,430,,,,88
2025/12/30,00:45,430,,,,82
2025/12/30,01:00,430,,,,69
2025/12/30,01:15,430,,,,67
2025/12/30,01:30,430,,,,67
2025/12/30,01:45,430,,,,69
2025/12/30,02:00,430,,,,64
2025/12/30,02:15,430,,,,61
2025/12/30,02:30,430,,,,62
2025/12/30,02:45,430,,,,59
2025/12/30,03:00,430,,,,37
2025/12/30,03:15,430,,,,24
2025/12/30,03:30,430,,,,21
2025/12/30,03:45,430,,,,22
2025/12/30,04:00,430,,,,22
2025/12/30,04:15,430,,,,24
2025/12/30,04:30,430,,,,22
2025/12/30,04:45,430,,,,24
2025/12/30,05:00,430,,,,24
2025/12/30,05:15,430,,,,24
2025/12/30,05:30,430,,,,24
2025/12/30,05:45,430,,,,24
2025/12/30,06:00,430,,,,27
2025/12/30,06:15,430,,30,,
2025/12/30,06:30,430,,43,,
2025/12/30,06:45,430,,34,,
2025/12/30,07:00,430,,27,,
2025/12/30,07:15,430,,28,,
2025/12/30,07:30,430,,27,,
2025/12/30,07:45,430,,30,,
2025/12/30,08:00,430,,35,,
2025/12/30,08:15,430,,48,,
2025/12/30,08:30,430,,60,,
2025/12/30,08:45,430,,93,,
2025/12/30,09:00,430,,102,,
2025/12/30,09:15,430,,150,,
2025/12/30,09:30,430,,227,,
2025/12/30,09:45,430,,292,,
2025/12/30,10:00,430,,312,,
2025/12/30,10:15,430,,307,,
2025/12/30,10:30,430,,290,,
2025/12/30,10:45,430,,292,,
2025/12/30,11:00,430,,305,,
2025/12/30,11:15,430,,,,297
2025/12/30,11:30,430,,,,274
2025/12/30,11:45,430,,,,281
2025/12/30,12:00,430,,,,290
2025/12/30,12:15,430,,,,257
2025/12/30,12:30,430,,,,217
2025/12/30,12:45,430,,,,218
2025/12/30,13:00,430,,,,235
2025/12/30,13:15,430,,,,258
2025/12/30,13:30,430,,,,278
2025/12/30,13:45,430,,,,308
2025/12/30,14:00,430,,,,297
2025/12/30,14:15,430,,304,,
2025/12/30,14:30,430,,290,,
2025/12/30,14:45,430,,300,,
2025/12/30,15:00,430,,304,,
2025/12/30,15:15,430,,304,,
2025/12/30,15:30,430,,295,,
2025/12/30,15:45,430,,275,,
2025/12/30,16:00,430,,299,,
2025/12/30,16:15,430,,308,,
2025/12/30,16:30,430,,300,,
2025/12/30,16:45,430,,298,,
2025/12/30,17:00,430,,307,,
2025/12/30,17:15,430,,282,,
2025/12/30,17:30,430,,224,,
2025/12/30,17:45,430,,219,,
2025/12/30,18:00,430,,254,,
2025/12/30,18:15,430,,258,,
2025/12/30,18:30,430,,258,,
2025/12/30,18:45,430,,272,,
2025/12/30,19:00,430,,274,,
2025/12/30,19:15,430,,291,,
2025/12/30,19:30,430,,278,,
2025/12/30,19:45,430,,282,,
2025/12/30,20:00,430,,259,,
2025/12/30,20:15,430,,213,,
2025/12/30,20:30,430,,174,,
2025/12/30,20:45,430,,219,,
2025/12/30,21:00,430,,254,,
2025/12/30,21:15,430,,269,,
2025/12/30,21:30,430,,282,,
2025/12/30,21:45,430,,291,,
2025/12/30,22:00,430,,286,,
2025/12/30,22:15,430,,277,,
2025/12/30,22:30,430,,286,,
2025/12/30,22:45,430,,294,,
2025/12/30,23:00,430,,264,,
2025/12/30,23:15,430,,190,,
2025/12/30,23:30,430,,155,,
2025/12/30,23:45,430,,186,,
2025/12/31,00:00,430,,224,,
2025/12/31,00:15,430,,,,160
2025/12/31,00:30,430,,,,104
2025/12/31,00:45,430,,,,90
2025/12/31,01:00,430,,,,64
2025/12/31,01:15,430,,,,64
2025/12/31,01:30,430,,,,62
2025/12/31,01:45,430,,,,59
2025/12/31,02:00,430,,,,59
2025/12/31,02:15,430,,,,58
2025/12/31,02:30,430,,,,56
2025/12/31,02:45,430,,,,45
2025/12/31,03:00,430,,,,45
2025/12/31,03:15,430,,,,45
2025/12/31,03:30,430,,,,43
2025/12/31,03:45,430,,,,45
2025/12/31,04:00,430,,,,45
2025/12/31,04:15,430,,,,45
2025/12/31,04:30,430,,,,43
2025/12/31,04:45,430,,,,45
2025/12/31,05:00,430,,,,24
2025/12/31,05:15,430,,,,24
2025/12/31,05:30,430,,,,26
2025/12/31,05:45,430,,,,26
2025/12/31,06:00,430,,,,26
2025/12/31,06:15,430,,26,,
2025/12/31,06:30,430,,27,,
2025/12/31,06:45,430,,30,,
2025/12/31,07:00,430,,32,,
2025/12/31,07:15,430,,47,,
2025/12/31,07:30,430,,48,,
2025/12/31,07:45,430,,51,,
2025/12/31,08:00,430,,53,,
2025/12/31,08:15,430,,68,,
2025/12/31,08:30,430,,84,,
2025/12/31,08:45,430,,94,,
2025/12/31,09:00,430,,92,,
2025/12/31,09:15,430,,135,,
2025/12/31,09:30,430,,212,,
2025/12/31,09:45,430,,280,,
2025/12/31,10:00,430,,300,,
2025/12/31,10:15,430,,305,,
2025/12/31,10:30,430,,295,,
2025/12/31,10:45,430,,301,,
2025/12/31,11:00,430,,300,,
2025/12/31,11:15,430,,,,297
2025/12/31,11:30,430,,,,294
2025/12/31,11:45,430,,,,305
2025/12/31,12:00,430,,,,282
2025/12/31,12:15,430,,,,262
2025/12/31,12:30,430,,,,257
2025/12/31,12:45,430,,,,266
2025/12/31,13:00,430,,,,248
2025/12/31,13:15,430,,,,256
2025/12/31,13:30,430,,,,285
2025/12/31,13:45,430,,,,304
2025/12/31,14:00,430,,,,310
2025/12/31,14:15,430,,300,,
2025/12/31,14:30,430,,290,,
2025/12/31,14:45,430,,308,,
2025/12/31,15:00,430,,307,,
2025/12/31,15:15,430,,313,,
2025/12/31,15:30,430,,304,,
2025/12/31,15:45,430,,304,,
2025/12/31,16:00,430,,320,,
2025/12/31,16:15,430,,313,,
2025/12/31,16:30,430,,307,,
2025/12/31,16:45,430,,304,,
2025/12/31,17:00,430,,296,,
2025/12/31,17:15,430,,296,,
2025/12/31,17:30,430,,242,,
2025/12/31,17:45,430,,230,,
2025/12/31,18:00,430,,269,,
2025/12/31,18:15,430,,298,,
2025/12/31,18:30,430,,278,,
2025/12/31,18:45,430,,267,,
2025/12/31,19:00,430,,283,,
2025/12/31,19:15,430,,309,,
2025/12/31,19:30,430,,307,,
2025/12/31,19:45,430,,290,,
2025/12/31,20:00,430,,277,,
2025/12/31,20:15,430,,243,,
2025/12/31,20:30,430,,200,,
2025/12/31,20:45,430,,238,,
2025/12/31,21:00,430,,282,,
2025/12/31,21:15,430,,288,,
2025/12/31,21:30,430,,283,,
2025/12/31,21:45,430,,293,,
2025/12/31,22:00,430,,288,,
2025/12/31,22:15,430,,302,,
2025/12/31,22:30,430,,301,,
2025/12/31,22:45,430,,302,,
2025/12/31,23:00,430,,277,,
2025/12/31,23:15,430,,213,,
2025/12/31,23:30,430,,163,,
2025/12/31,23:45,430,,165,,
2026/1/1,00:00,430,,190,,
2026/1/1,00:15,430,,,,162
2026/1/1,00:30,430,,,,102
2026/1/1,00:45,430,,,,75
2026/1/1,01:00,430,,,,64
2026/1/1,01:15,430,,,,66
2026/1/1,01:30,430,,,,64
2026/1/1,01:45,430,,,,64
2026/1/1,02:00,430,,,,70
2026/1/1,02:15,430,,,,61
2026/1/1,02:30,430,,,,62
2026/1/1,02:45,430,,,,61
2026/1/1,03:00,430,,,,61
2026/1/1,03:15,430,,,,61
2026/1/1,03:30,430,,,,54
2026/1/1,03:45,430,,,,48
2026/1/1,04:00,430,,,,51
2026/1/1,04:15,430,,,,50
2026/1/1,04:30,430,,,,48
2026/1/1,04:45,430,,,,48
2026/1/1,05:00,430,,,,50
2026/1/1,05:15,430,,,,50
2026/1/1,05:30,430,,,,43
2026/1/1,05:45,430,,,,27
2026/1/1,06:00,430,,,,27
2026/1/1,06:15,430,,,,26
2026/1/1,06:30,430,,,,27
2026/1/1,06:45,430,,,,27
2026/1/1,07:00,430,,,,26
2026/1/1,07:15,430,,,,26
2026/1/1,07:30,430,,,,28
2026/1/1,07:45,430,,,,27
2026/1/1,08:00,430,,,,28
2026/1/1,08:15,430,,,,32
2026/1/1,08:30,430,,,,54
2026/1/1,08:45,430,,,,88
2026/1/1,09:00,430,,,,91
2026/1/1,09:15,430,,,,150
2026/1/1,09:30,430,,,,222
2026/1/1,09:45,430,,,,262
2026/1/1,10:00,430,,,,295
2026/1/1,10:15,430,,,,289
2026/1/1,10:30,430,,,,295
2026/1/1,10:45,430,,,,303
2026/1/1,11:00,430,,,,303
2026/1/1,11:15,430,,,,290
2026/1/1,11:30,430,,,,274
2026/1/1,11:45,430,,,,278
2026/1/1,12:00,430,,,,280
2026/1/1,12:15,430,,,,281
2026/1/1,12:30,430,,,,266
2026/1/1,12:45,430,,,,253
2026/1/1,13:00,430,,,,254
2026/1/1,13:15,430,,,,276
2026/1/1,13:30,430,,,,270
2026/1/1,13:45,430,,,,266
2026/1/1,14:00,430,,,,280
2026/1/1,14:15,430,,,,301
2026/1/1,14:30,430,,,,297
2026/1/1,14:45,430,,,,293
2026/1/1,15:00,430,,,,287
2026/1/1,15:15,430,,,,298
2026/1/1,15:30,430,,,,308
2026/1/1,15:45,430,,,,295
2026/1/1,16:00,430,,,,296
2026/1/1,16:15,430,,,,293
2026/1/1,16:30,430,,,,292
2026/1/1,16:45,430,,,,290
2026/1/1,17:00,430,,,,287
2026/1/1,17:15,430,,,,304
2026/1/1,17:30,430,,,,274
2026/1/1,17:45,430,,,,253
2026/1/1,18:00,430,,,,221
2026/1/1,18:15,430,,,,224
2026/1/1,18:30,430,,,,235
2026/1/1,18:45,430,,,,274
2026/1/1,19:00,430,,,,280
2026/1/1,19:15,430,,,,246
2026/1/1,19:30,430,,,,224
2026/1/1,19:45,430,,,,234
2026/1/1,20:00,430,,,,208
2026/1/1,20:15,430,,,,176
2026/1/1,20:30,430,,,,178
2026/1/1,20:45,430,,,,226
2026/1/1,21:00,430,,,,264
2026/1/1,21:15,430,,,,258
2026/1/1,21:30,430,,,,261
2026/1/1,21:45,430,,,,261
2026/1/1,22:00,430,,,,274
2026/1/1,22:15,430,,,,293
2026/1/1,22:30,430,,,,280
2026/1/1,22:45,430,,,,258
2026/1/1,23:00,430,,,,203
2026/1/1,23:15,430,,,,139
2026/1/1,23:30,430,,,,98
2026/1/1,23:45,430,,,,88
2026/1/2,00:00,430,,,,88
2026/1/2,00:15,430,,,,75
2026/1/2,00:30,430,,,,69
2026/1/2,00:45,430,,,,69
2026/1/2,01:00,430,,,,78
2026/1/2,01:15,430,,,,78
2026/1/2,01:30,430,,,,80
2026/1/2,01:45,430,,,,77
2026/1/2,02:00,430,,,,72
2026/1/2,02:15,430,,,,61
2026/1/2,02:30,430,,,,61
2026/1/2,02:45,430,,,,61
2026/1/2,03:00,430,,,,61
2026/1/2,03:15,430,,,,59
2026/1/2,03:30,430,,,,61
2026/1/2,03:45,430,,,,61
2026/1/2,04:00,430,,,,48
2026/1/2,04:15,430,,,,37
2026/1/2,04:30,430,,,,34
2026/1/2,04:45,430,,,,35
2026/1/2,05:00,430,,,,37
2026/1/2,05:15,430,,,,24
2026/1/2,05:30,430,,,,24
2026/1/2,05:45,430,,,,24
2026/1/2,06:00,430,,,,26
2026/1/2,06:15,430,,27,,
2026/1/2,06:30,430,,26,,
2026/1/2,06:45,430,,27,,
2026/1/2,07:00,430,,27,,
2026/1/2,07:15,430,,29,,
2026/1/2,07:30,430,,30,,
2026/1/2,07:45,430,,29,,
2026/1/2,08:00,430,,37,,
2026/1/2,08:15,430,,58,,
2026/1/2,08:30,430,,86,,
2026/1/2,08:45,430,,92,,
2026/1/2,09:00,430,,96,,
2026/1/2,09:15,430,,142,,
2026/1/2,09:30,430,,215,,
2026/1/2,09:45,430,,261,,
2026/1/2,10:00,430,,281,,
2026/1/2,10:15,430,,291,,
2026/1/2,10:30,430,,265,,
2026/1/2,10:45,430,,274,,
2026/1/2,11:00,430,,308,,
2026/1/2,11:15,430,,,,312
2026/1/2,11:30,430,,,,289
2026/1/2,11:45,430,,,,280
2026/1/2,12:00,430,,,,291
2026/1/2,12:15,430,,,,274
2026/1/2,12:30,430,,,,247
2026/1/2,12:45,430,,,,238
2026/1/2,13:00,430,,,,236
2026/1/2,13:15,430,,,,252
2026/1/2,13:30,430,,,,271
2026/1/2,13:45,430,,,,297
2026/1/2,14:00,430,,,,305
2026/1/2,14:15,430,,295,,
2026/1/2,14:30,430,,289,,
2026/1/2,14:45,430,,292,,
2026/1/2,15:00,430,,306,,
2026/1/2,15:15,430,,300,,
2026/1/2,15:30,430,,300,,
2026/1/2,15:45,430,,304,,
2026/1/2,16:00,430,,309,,
2026/1/2,16:15,430,,301,,
2026/1/2,16:30,430,,275,,
2026/1/2,16:45,430,,290,,
2026/1/2,17:00,430,,306,,
2026/1/2,17:15,430,,275,,
2026/1/2,17:30,430,,205,,
2026/1/2,17:45,430,,192,,
2026/1/2,18:00,430,,256,,
2026/1/2,18:15,430,,296,,
2026/1/2,18:30,430,,288,,
2026/1/2,18:45,430,,262,,
2026/1/2,19:00,430,,278,,
2026/1/2,19:15,430,,277,,
2026/1/2,19:30,430,,266,,
2026/1/2,19:45,430,,256,,
2026/1/2,20:00,430,,230,,
2026/1/2,20:15,430,,195,,
2026/1/2,20:30,430,,166,,
2026/1/2,20:45,430,,222,,
2026/1/2,21:00,430,,283,,
2026/1/2,21:15,430,,262,,
2026/1/2,21:30,430,,264,,
2026/1/2,21:45,430,,264,,
2026/1/2,22:00,430,,258,,
2026/1/2,22:15,430,,197,,
2026/1/2,22:30,430,,144,,
2026/1/2,22:45,430,,110,,
2026/1/2,23:00,430,,109,,
2026/1/2,23:15,430,,109,,
2026/1/2,23:30,430,,94,,
2026/1/2,23:45,430,,85,,
2026/1/3,00:00,430,,82,,
2026/1/3,00:15,430,,,,78
2026/1/3,00:30,430,,,,82
2026/1/3,00:45,430,,,,69
2026/1/3,01:00,430,,,,59
2026/1/3,01:15,430,,,,51
2026/1/3,01:30,430,,,,48
2026/1/3,01:45,430,,,,45
2026/1/3,02:00,430,,,,45
2026/1/3,02:15,430,,,,45
2026/1/3,02:30,430,,,,45
2026/1/3,02:45,430,,,,43
2026/1/3,03:00,430,,,,43
2026/1/3,03:15,430,,,,43
2026/1/3,03:30,430,,,,40
2026/1/3,03:45,430,,,,21
2026/1/3,04:00,430,,,,22
2026/1/3,04:15,430,,,,21
2026/1/3,04:30,430,,,,21
2026/1/3,04:45,430,,,,22
2026/1/3,05:00,430,,,,21
2026/1/3,05:15,430,,,,22
2026/1/3,05:30,430,,,,21
2026/1/3,05:45,430,,,,21
2026/1/3,06:00,430,,,,24
2026/1/3,06:15,430,,,24,
2026/1/3,06:30,430,,,26,
2026/1/3,06:45,430,,,26,
2026/1/3,07:00,430,,,48,
2026/1/3,07:15,430,,,47,
2026/1/3,07:30,430,,,46,
2026/1/3,07:45,430,,,44,
2026/1/3,08:00,430,,,50,
2026/1/3,08:15,430,,,51,
2026/1/3,08:30,430,,,57,
2026/1/3,08:45,430,,,69,
2026/1/3,09:00,430,,,73,
2026/1/3,09:15,430,,,134,
2026/1/3,09:30,430,,,231,
2026/1/3,09:45,430,,,289,
2026/1/3,10:00,430,,,286,
2026/1/3,10:15,430,,,282,
2026/1/3,10:30,430,,,303,
2026/1/3,10:45,430,,,308,
2026/1/3,11:00,430,,,299,
2026/1/3,11:15,430,,,,283
2026/1/3,11:30,430,,,,295
2026/1/3,11:45,430,,,,287
2026/1/3,12:00,430,,,,275
2026/1/3,12:15,430,,,,256
2026/1/3,12:30,430,,,,263
2026/1/3,12:45,430,,,,244
2026/1/3,13:00,430,,,,225
2026/1/3,13:15,430,,,,228
2026/1/3,13:30,430,,,,254
2026/1/3,13:45,430,,,,280
2026/1/3,14:00,430,,,,283
2026/1/3,14:15,430,,,285,
2026/1/3,14:30,430,,,300,
2026/1/3,14:45,430,,,287,
2026/1/3,15:00,430,,,303,
2026/1/3,15:15,430,,,297,
2026/1/3,15:30,430,,,301,
2026/1/3,15:45,430,,,294,
2026/1/3,16:00,430,,,303,
2026/1/3,16:15,430,,,291,
2026/1/3,16:30,430,,,273,
2026/1/3,16:45,430,,,261,
2026/1/3,17:00,430,,,243,
2026/1/3,17:15,430,,,245,
2026/1/3,17:30,430,,,223,
2026/1/3,17:45,430,,,213,
2026/1/3,18:00,430,,,245,
2026/1/3,18:15,430,,,278,
2026/1/3,18:30,430,,,294,
2026/1/3,18:45,430,,,293,
2026/1/3,19:00,430,,,288,
2026/1/3,19:15,430,,,278,
2026/1/3,19:30,430,,,282,
2026/1/3,19:45,430,,,275,
2026/1/3,20:00,430,,,262,
2026/1/3,20:15,430,,,218,
2026/1/3,20:30,430,,,182,
2026/1/3,20:45,430,,,232,
2026/1/3,21:00,430,,,283,
2026/1/3,21:15,430,,,293,
2026/1/3,21:30,430,,,288,
2026/1/3,21:45,430,,,293,
2026/1/3,22:00,430,,,277,
2026/1/3,22:15,430,,,248,
2026/1/3,22:30,430,,,184,
2026/1/3,22:45,430,,,139,
2026/1/3,23:00,430,,,112,
2026/1/3,23:15,430,,,112,
2026/1/3,23:30,430,,,96,
2026/1/3,23:45,430,,,82,
2026/1/4,00:00,430,,,64,
2026/1/4,00:15,430,,,,62
2026/1/4,00:30,430,,,,66
2026/1/4,00:45,430,,,,64
2026/1/4,01:00,430,,,,62
2026/1/4,01:15,430,,,,66
2026/1/4,01:30,430,,,,58
2026/1/4,01:45,430,,,,50
2026/1/4,02:00,430,,,,48
2026/1/4,02:15,430,,,,48
2026/1/4,02:30,430,,,,48
2026/1/4,02:45,430,,,,46
2026/1/4,03:00,430,,,,48
2026/1/4,03:15,430,,,,48
2026/1/4,03:30,430,,,,48
2026/1/4,03:45,430,,,,46
2026/1/4,04:00,430,,,,46
2026/1/4,04:15,430,,,,46
2026/1/4,04:30,430,,,,42
2026/1/4,04:45,430,,,,22
2026/1/4,05:00,430,,,,22
2026/1/4,05:15,430,,,,21
2026/1/4,05:30,430,,,,22
2026/1/4,05:45,430,,,,22
2026/1/4,06:00,430,,,,21
2026/1/4,06:15,430,,,,26
2026/1/4,06:30,430,,,,22
2026/1/4,06:45,430,,,,22
2026/1/4,07:00,430,,,,24
2026/1/4,07:15,430,,,,23
2026/1/4,07:30,430,,,,22
2026/1/4,07:45,430,,,,24
2026/1/4,08:00,430,,,,24
2026/1/4,08:15,430,,,,24
2026/1/4,08:30,430,,,,25
2026/1/4,08:45,430,,,,30
2026/1/4,09:00,430,,,,30
2026/1/4,09:15,430,,,,41
2026/1/4,09:30,430,,,,41
2026/1/4,09:45,430,,,,42
2026/1/4,10:00,430,,,,40
2026/1/4,10:15,430,,,,43
2026/1/4,10:30,430,,,,40
2026/1/4,10:45,430,,,,42
2026/1/4,11:00,430,,,,57
2026/1/4,11:15,430,,,,98
2026/1/4,11:30,430,,,,137
2026/1/4,11:45,430,,,,211
2026/1/4,12:00,430,,,,266
2026/1/4,12:15,430,,,,278
2026/1/4,12:30,430,,,,269
2026/1/4,12:45,430,,,,265
2026/1/4,13:00,430,,,,255
2026/1/4,13:15,430,,,,271
2026/1/4,13:30,430,,,,265
2026/1/4,13:45,430,,,,261
2026/1/4,14:00,430,,,,259
2026/1/4,14:15,430,,,,283
2026/1/4,14:30,430,,,,278
2026/1/4,14:45,430,,,,251
2026/1/4,15:00,430,,,,265
2026/1/4,15:15,430,,,,290
2026/1/4,15:30,430,,,,237
2026/1/4,15:45,430,,,,192
2026/1/4,16:00,430,,,,222
2026/1/4,16:15,430,,,,250
2026/1/4,16:30,430,,,,197
2026/1/4,16:45,430,,,,127
2026/1/4,17:00,430,,,,83
2026/1/4,17:15,430,,,,65
2026/1/4,17:30,430,,,,60
2026/1/4,17:45,430,,,,62
2026/1/4,18:00,430,,,,58
2026/1/4,18:15,430,,,,61
2026/1/4,18:30,430,,,,58
2026/1/4,18:45,430,,,,56
2026/1/4,19:00,430,,,,45
2026/1/4,19:15,430,,,,43
2026/1/4,19:30,430,,,,43
2026/1/4,19:45,430,,,,46
2026/1/4,20:00,430,,,,43
2026/1/4,20:15,430,,,,45
2026/1/4,20:30,430,,,,45
2026/1/4,20:45,430,,,,45
2026/1/4,21:00,430,,,,42
2026/1/4,21:15,430,,,,18
2026/1/4,21:30,430,,,,18
2026/1/4,21:45,430,,,,18
2026/1/4,22:00,430,,,,18
2026/1/4,22:15,430,,,,18
2026/1/4,22:30,430,,,,16
2026/1/4,22:45,430,,,,18
2026/1/4,23:00,430,,,,18
2026/1/4,23:15,430,,,,16
2026/1/4,23:30,430,,,,18
2026/1/4,23:45,430,,,,16
2026/1/5,00:00,430,,,,16
2026/1/5,00:15,430,,,,18
2026/1/5,00:30,430,,,,18
2026/1/5,00:45,430,,,,16
2026/1/5,01:00,430,,,,16
2026/1/5,01:15,430,,,,18
2026/1/5,01:30,430,,,,18
2026/1/5,01:45,430,,,,27
2026/1/5,02:00,430,,,,18
2026/1/5,02:15,430,,,,16
2026/1/5,02:30,430,,,,18
2026/1/5,02:45,430,,,,16
2026/1/5,03:00,430,,,,18
2026/1/5,03:15,430,,,,22
2026/1/5,03:30,430,,,,24
2026/1/5,03:45,430,,,,22
2026/1/5,04:00,430,,,,22
2026/1/5,04:15,430,,,,24
2026/1/5,04:30,430,,,,22
2026/1/5,04:45,430,,,,22
2026/1/5,05:00,430,,,,22
2026/1/5,05:15,430,,,,24
2026/1/5,05:30,430,,,,22
2026/1/5,05:45,430,,,,24
2026/1/5,06:00,430,,,,26
2026/1/5,06:15,430,,24,,
2026/1/5,06:30,430,,27,,
2026/1/5,06:45,430,,26,,
2026/1/5,07:00,430,,27,,
2026/1/5,07:15,430,,27,,
2026/1/5,07:30,430,,28,,
2026/1/5,07:45,430,,28,,
2026/1/5,08:00,430,,31,,
2026/1/5,08:15,430,,50,,
2026/1/5,08:30,430,,66,,
2026/1/5,08:45,430,,86,,
2026/1/5,09:00,430,,85,,
2026/1/5,09:15,430,,120,,
2026/1/5,09:30,430,,204,,
2026/1/5,09:45,430,,258,,
2026/1/5,10:00,430,,286,,
2026/1/5,10:15,430,,275,,
2026/1/5,10:30,430,,274,,
2026/1/5,10:45,430,,290,,
2026/1/5,11:00,430,,288,,
2026/1/5,11:15,430,,,,261
2026/1/5,11:30,430,,,,248
2026/1/5,11:45,430,,,,237
2026/1/5,12:00,430,,,,251
2026/1/5,12:15,430,,,,218
2026/1/5,12:30,430,,,,209
2026/1/5,12:45,430,,,,216
2026/1/5,13:00,430,,,,229
2026/1/5,13:15,430,,,,242
2026/1/5,13:30,430,,,,250
2026/1/5,13:45,430,,,,266
2026/1/5,14:00,430,,,,263
2026/1/5,14:15,430,,252,,
2026/1/5,14:30,430,,245,,
2026/1/5,14:45,430,,262,,
2026/1/5,15:00,430,,277,,
2026/1/5,15:15,430,,281,,
2026/1/5,15:30,430,,261,,
2026/1/5,15:45,430,,268,,
2026/1/5,16:00,430,,262,,
2026/1/5,16:15,430,,264,,
2026/1/5,16:30,430,,258,,
2026/1/5,16:45,430,,270,,
2026/1/5,17:00,430,,250,,
2026/1/5,17:15,430,,228,,
2026/1/5,17:30,430,,175,,
2026/1/5,17:45,430,,181,,
2026/1/5,18:00,430,,229,,
2026/1/5,18:15,430,,256,,
2026/1/5,18:30,430,,254,,
2026/1/5,18:45,430,,259,,
2026/1/5,19:00,430,,275,,
2026/1/5,19:15,430,,266,,
2026/1/5,19:30,430,,253,,
2026/1/5,19:45,430,,264,,
2026/1/5,20:00,430,,256,,
2026/1/5,20:15,430,,189,,
2026/1/5,20:30,430,,139,,
2026/1/5,20:45,430,,179,,
2026/1/5,21:00,430,,245,,
2026/1/5,21:15,430,,262,,
2026/1/5,21:30,430,,262,,
2026/1/5,21:45,430,,248,,
2026/1/5,22:00,430,,259,,
2026/1/5,22:15,430,,246,,
2026/1/5,22:30,430,,234,,
2026/1/5,22:45,430,,226,,
2026/1/5,23:00,430,,192,,
2026/1/5,23:15,430,,141,,
2026/1/5,23:30,430,,101,,
2026/1/5,23:45,430,,98,,
2026/1/6,00:00,430,,104,,
2026/1/6,00:15,430,,,,94
2026/1/6,00:30,430,,,,93
2026/1/6,00:45,430,,,,66
2026/1/6,01:00,430,,,,62
2026/1/6,01:15,430,,,,62
2026/1/6,01:30,430,,,,62
2026/1/6,01:45,430,,,,51
2026/1/6,02:00,430,,,,48
2026/1/6,02:15,430,,,,50
2026/1/6,02:30,430,,,,48
2026/1/6,02:45,430,,,,48
2026/1/6,03:00,430,,,,48
2026/1/6,03:15,430,,,,48
2026/1/6,03:30,430,,,,48
2026/1/6,03:45,430,,,,46
2026/1/6,04:00,430,,,,45
2026/1/6,04:15,430,,,,48
2026/1/6,04:30,430,,,,34
2026/1/6,04:45,430,,,,22
2026/1/6,05:00,430,,,,22
2026/1/6,05:15,430,,,,22
2026/1/6,05:30,430,,,,22
2026/1/6,05:45,430,,,,22
2026/1/6,06:00,430,,,,21
2026/1/6,06:15,430,,24,,
2026/1/6,06:30,430,,27,,
2026/1/6,06:45,430,,27,,
2026/1/6,07:00,430,,27,,
2026/1/6,07:15,430,,38,,
2026/1/6,07:30,430,,29,,
2026/1/6,07:45,430,,30,,
2026/1/6,08:00,430,,32,,
2026/1/6,08:15,430,,56,,
2026/1/6,08:30,430,,73,,
2026/1/6,08:45,430,,89,,
2026/1/6,09:00,430,,92,,
2026/1/6,09:15,430,,139,,
2026/1/6,09:30,430,,227,,
2026/1/6,09:45,430,,287,,
2026/1/6,10:00,430,,309,,
2026/1/6,10:15,430,,283,,
2026/1/6,10:30,430,,286,,
2026/1/6,10:45,430,,306,,
2026/1/6,11:00,430,,300,,
2026/1/6,11:15,430,,,,288
2026/1/6,11:30,430,,,,268
2026/1/6,11:45,430,,,,273
2026/1/6,12:00,430,,,,286
2026/1/6,12:15,430,,,,260
2026/1/6,12:30,430,,,,251
2026/1/6,12:45,430,,,,248
2026/1/6,13:00,430,,,,242
2026/1/6,13:15,430,,,,234
2026/1/6,13:30,430,,,,227
2026/1/6,13:45,430,,,,265
2026/1/6,14:00,430,,,,279
2026/1/6,14:15,430,,238,,
2026/1/6,14:30,430,,254,,
2026/1/6,14:45,430,,301,,
2026/1/6,15:00,430,,300,,
2026/1/6,15:15,430,,298,,
2026/1/6,15:30,430,,296,,
2026/1/6,15:45,430,,288,,
2026/1/6,16:00,430,,303,,
2026/1/6,16:15,430,,273,,
2026/1/6,16:30,430,,270,,
2026/1/6,16:45,430,,304,,
2026/1/6,17:00,430,,301,,
2026/1/6,17:15,430,,282,,
2026/1/6,17:30,430,,216,,
2026/1/6,17:45,430,,208,,
2026/1/6,18:00,430,,245,,
2026/1/6,18:15,430,,274,,
2026/1/6,18:30,430,,259,,
2026/1/6,18:45,430,,267,,
2026/1/6,19:00,430,,272,,
2026/1/6,19:15,430,,267,,
2026/1/6,19:30,430,,264,,
2026/1/6,19:45,430,,259,,
2026/1/6,20:00,430,,261,,
2026/1/6,20:15,430,,194,,
2026/1/6,20:30,430,,166,,
2026/1/6,20:45,430,,213,,
2026/1/6,21:00,430,,272,,
2026/1/6,21:15,430,,283,,
2026/1/6,21:30,430,,269,,
2026/1/6,21:45,430,,262,,
2026/1/6,22:00,430,,266,,
2026/1/6,22:15,430,,254,,
2026/1/6,22:30,430,,237,,
2026/1/6,22:45,430,,229,,
2026/1/6,23:00,430,,226,,
2026/1/6,23:15,430,,165,,
2026/1/6,23:30,430,,125,,
2026/1/6,23:45,430,,158,,
2026/1/7,00:00,430,,210,,
2026/1/7,00:15,430,,,,187
2026/1/7,00:30,430,,,,118
2026/1/7,00:45,430,,,,83
2026/1/7,01:00,430,,,,77
2026/1/7,01:15,430,,,,62
2026/1/7,01:30,430,,,,45
2026/1/7,01:45,430,,,,45
2026/1/7,02:00,430,,,,43
2026/1/7,02:15,430,,,,43
2026/1/7,02:30,430,,,,42
2026/1/7,02:45,430,,,,43
2026/1/7,03:00,430,,,,43
2026/1/7,03:15,430,,,,43
2026/1/7,03:30,430,,,,43
2026/1/7,03:45,430,,,,43
2026/1/7,04:00,430,,,,42
2026/1/7,04:15,430,,,,45
2026/1/7,04:30,430,,,,43
2026/1/7,04:45,430,,,,24
2026/1/7,05:00,430,,,,22
2026/1/7,05:15,430,,,,22
2026/1/7,05:30,430,,,,21
2026/1/7,05:45,430,,,,22
2026/1/7,06:00,430,,,,24
2026/1/7,06:15,430,,27,,
2026/1/7,06:30,430,,29,,
2026/1/7,06:45,430,,27,,
2026/1/7,07:00,430,,27,,
2026/1/7,07:15,430,,28,,
2026/1/7,07:30,430,,27,,
2026/1/7,07:45,430,,28,,
2026/1/7,08:00,430,,33,,
2026/1/7,08:15,430,,43,,
2026/1/7,08:30,430,,76,,
2026/1/7,08:45,430,,99,,
2026/1/7,09:00,430,,99,,
2026/1/7,09:15,430,,138,,
2026/1/7,09:30,430,,192,,
2026/1/7,09:45,430,,220,,
2026/1/7,10:00,430,,257,,
2026/1/7,10:15,430,,269,,
2026/1/7,10:30,430,,295,,
2026/1/7,10:45,430,,310,,
2026/1/7,11:00,430,,297,,
2026/1/7,11:15,430,,,,282
2026/1/7,11:30,430,,,,291
2026/1/7,11:45,430,,,,293
2026/1/7,12:00,430,,,,294
2026/1/7,12:15,430,,,,262
2026/1/7,12:30,430,,,,250
2026/1/7,12:45,430,,,,250
2026/1/7,13:00,430,,,,241
2026/1/7,13:15,430,,,,256
2026/1/7,13:30,430,,,,296
2026/1/7,13:45,430,,,,309
2026/1/7,14:00,430,,,,287
2026/1/7,14:15,430,,274,,
2026/1/7,14:30,430,,293,,
2026/1/7,14:45,430,,285,,
2026/1/7,15:00,430,,276,,
2026/1/7,15:15,430,,278,,
2026/1/7,15:30,430,,281,,
2026/1/7,15:45,430,,300,,
2026/1/7,16:00,430,,296,,
2026/1/7,16:15,430,,291,,
2026/1/7,16:30,430,,282,,
2026/1/7,16:45,430,,312,,
2026/1/7,17:00,430,,295,,
2026/1/7,17:15,430,,271,,
2026/1/7,17:30,430,,261,,
2026/1/7,17:45,430,,240,,
2026/1/7,18:00,430,,254,,
2026/1/7,18:15,430,,277,,
2026/1/7,18:30,430,,283,,
2026/1/7,18:45,430,,283,,
2026/1/7,19:00,430,,283,,
2026/1/7,19:15,430,,290,,
2026/1/7,19:30,430,,278,,
2026/1/7,19:45,430,,275,,
2026/1/7,20:00,430,,269,,
2026/1/7,20:15,430,,202,,
2026/1/7,20:30,430,,162,,
2026/1/7,20:45,430,,187,,
2026/1/7,21:00,430,,243,,
2026/1/7,21:15,430,,274,,
2026/1/7,21:30,430,,274,,
2026/1/7,21:45,430,,274,,
2026/1/7,22:00,430,,286,,
2026/1/7,22:15,430,,286,,
2026/1/7,22:30,430,,269,,
2026/1/7,22:45,430,,264,,
2026/1/7,23:00,430,,232,,
2026/1/7,23:15,430,,166,,
2026/1/7,23:30,430,,118,,
2026/1/7,23:45,430,,158,,
2026/1/8,00:00,430,,208,,
2026/1/8,00:15,430,,,,192
2026/1/8,00:30,430,,,,117
2026/1/8,00:45,430,,,,93
2026/1/8,01:00,430,,,,66
2026/1/8,01:15,430,,,,62
2026/1/8,01:30,430,,,,62
2026/1/8,01:45,430,,,,58
2026/1/8,02:00,430,,,,56
2026/1/8,02:15,430,,,,54
2026/1/8,02:30,430,,,,51
2026/1/8,02:45,430,,,,45
2026/1/8,03:00,430,,,,43
2026/1/8,03:15,430,,,,45
2026/1/8,03:30,430,,,,45
2026/1/8,03:45,430,,,,43
2026/1/8,04:00,430,,,,45
2026/1/8,04:15,430,,,,45
2026/1/8,04:30,430,,,,43
2026/1/8,04:45,430,,,,42
2026/1/8,05:00,430,,,,22
2026/1/8,05:15,430,,,,21
2026/1/8,05:30,430,,,,24
2026/1/8,05:45,430,,,,22
2026/1/8,06:00,430,,,,22
2026/1/8,06:15,430,,24,,
2026/1/8,06:30,430,,27,,
2026/1/8,06:45,430,,30,,
2026/1/8,07:00,430,,28,,
2026/1/8,07:15,430,,27,,
2026/1/8,07:30,430,,28,,
2026/1/8,07:45,430,,31,,
2026/1/8,08:00,430,,33,,
2026/1/8,08:15,430,,51,,
2026/1/8,08:30,430,,75,,
2026/1/8,08:45,430,,94,,
2026/1/8,09:00,430,,92,,
2026/1/8,09:15,430,,141,,
2026/1/8,09:30,430,,219,,
2026/1/8,09:45,430,,276,,
2026/1/8,10:00,430,,316,,
2026/1/8,10:15,430,,300,,
2026/1/8,10:30,430,,300,,
2026/1/8,10:45,430,,316,,
2026/1/8,11:00,430,,307,,
2026/1/8,11:15,430,,,,293
2026/1/8,11:30,430,,,,298
2026/1/8,11:45,430,,,,310
2026/1/8,12:00,430,,,,298
2026/1/8,12:15,430,,,,281
2026/1/8,12:30,430,,,,277
2026/1/8,12:45,430,,,,267
2026/1/8,13:00,430,,,,249
2026/1/8,13:15,430,,,,266
2026/1/8,13:30,430,,,,297
2026/1/8,13:45,430,,,,308
2026/1/8,14:00,430,,,,306
2026/1/8,14:15,430,,288,,
2026/1/8,14:30,430,,276,,
2026/1/8,14:45,430,,297,,
2026/1/8,15:00,430,,310,,
2026/1/8,15:15,430,,295,,
2026/1/8,15:30,430,,290,,
2026/1/8,15:45,430,,305,,
2026/1/8,16:00,430,,298,,
2026/1/8,16:15,430,,284,,
2026/1/8,16:30,430,,277,,
2026/1/8,16:45,430,,304,,
2026/1/8,17:00,430,,304,,
2026/1/8,17:15,430,,268,,
2026/1/8,17:30,430,,250,,
2026/1/8,17:45,430,,240,,
2026/1/8,18:00,430,,253,,
2026/1/8,18:15,430,,270,,
2026/1/8,18:30,430,,285,,
2026/1/8,18:45,430,,278,,
2026/1/8,19:00,430,,274,,
2026/1/8,19:15,430,,261,,
2026/1/8,19:30,430,,256,,
2026/1/8,19:45,430,,254,,
2026/1/8,20:00,430,,230,,
2026/1/8,20:15,430,,195,,
2026/1/8,20:30,430,,157,,
2026/1/8,20:45,430,,195,,
2026/1/8,21:00,430,,246,,
2026/1/8,21:15,430,,267,,
2026/1/8,21:30,430,,259,,
2026/1/8,21:45,430,,254,,
2026/1/8,22:00,430,,259,,
2026/1/8,22:15,430,,256,,
2026/1/8,22:30,430,,235,,
2026/1/8,22:45,430,,234,,
2026/1/8,23:00,430,,202,,
2026/1/8,23:15,430,,154,,
2026/1/8,23:30,430,,110,,
2026/1/8,23:45,430,,166,,
2026/1/9,00:00,430,,216,,
2026/1/9,00:15,430,,,,186
2026/1/9,00:30,430,,,,125
2026/1/9,00:45,430,,,,93
2026/1/9,01:00,430,,,,90
2026/1/9,01:15,430,,,,77
2026/1/9,01:30,430,,,,50
2026/1/9,01:45,430,,,,48
2026/1/9,02:00,430,,,,48
2026/1/9,02:15,430,,,,46
2026/1/9,02:30,430,,,,48
2026/1/9,02:45,430,,,,48
2026/1/9,03:00,430,,,,48
2026/1/9,03:15,430,,,,48
2026/1/9,03:30,430,,,,48
2026/1/9,03:45,430,,,,48
2026/1/9,04:00,430,,,,48
2026/1/9,04:15,430,,,,48
2026/1/9,04:30,430,,,,48
2026/1/9,04:45,430,,,,46
2026/1/9,05:00,430,,,,48
2026/1/9,05:15,430,,,,34
2026/1/9,05:30,430,,,,22
2026/1/9,05:45,430,,,,24
2026/1/9,06:00,430,,,,24
2026/1/9,06:15,430,,26,,
2026/1/9,06:30,430,,26,,
2026/1/9,06:45,430,,24,,
2026/1/9,07:00,430,,27,,
2026/1/9,07:15,430,,27,,
2026/1/9,07:30,430,,28,,
2026/1/9,07:45,430,,29,,
2026/1/9,08:00,430,,34,,
2026/1/9,08:15,430,,49,,
2026/1/9,08:30,430,,67,,
2026/1/9,08:45,430,,59,,
2026/1/9,09:00,430,,86,,
2026/1/9,09:15,430,,154,,
2026/1/9,09:30,430,,235,,
2026/1/9,09:45,430,,287,,
2026/1/9,10:00,430,,293,,
2026/1/9,10:15,430,,304,,
2026/1/9,10:30,430,,298,,
2026/1/9,10:45,430,,314,,
2026/1/9,11:00,430,,275,,
2026/1/9,11:15,430,,,,290
2026/1/9,11:30,430,,,,297
2026/1/9,11:45,430,,,,299
2026/1/9,12:00,430,,,,285
2026/1/9,12:15,430,,,,275
2026/1/9,12:30,430,,,,250
2026/1/9,12:45,430,,,,235
2026/1/9,13:00,430,,,,237
2026/1/9,13:15,430,,,,268
2026/1/9,13:30,430,,,,280
2026/1/9,13:45,430,,,,281
2026/1/9,14:00,430,,,,299
2026/1/9,14:15,430,,294,,
2026/1/9,14:30,430,,292,,
2026/1/9,14:45,430,,291,,
2026/1/9,15:00,430,,313,,
2026/1/9,15:15,430,,299,,
2026/1/9,15:30,430,,294,,
2026/1/9,15:45,430,,290,,
2026/1/9,16:00,430,,303,,
2026/1/9,16:15,430,,306,,
2026/1/9,16:30,430,,285,,
2026/1/9,16:45,430,,285,,
2026/1/9,17:00,430,,275,,
2026/1/9,17:15,430,,278,,
2026/1/9,17:30,430,,225,,
2026/1/9,17:45,430,,210,,
2026/1/9,18:00,430,,242,,
2026/1/9,18:15,430,,278,,
2026/1/9,18:30,430,,283,,
2026/1/9,18:45,430,,290,,
2026/1/9,19:00,430,,275,,
2026/1/9,19:15,430,,259,,
2026/1/9,19:30,430,,258,,
2026/1/9,19:45,430,,253,,
2026/1/9,20:00,430,,237,,
2026/1/9,20:15,430,,187,,
2026/1/9,20:30,430,,152,,
2026/1/9,20:45,430,,187,,
2026/1/9,21:00,430,,237,,
2026/1/9,21:15,430,,243,,
2026/1/9,21:30,430,,259,,
2026/1/9,21:45,430,,266,,
2026/1/9,22:00,430,,274,,
2026/1/9,22:15,430,,272,,
2026/1/9,22:30,430,,269,,
2026/1/9,22:45,430,,274,,
2026/1/9,23:00,430,,254,,
2026/1/9,23:15,430,,200,,
2026/1/9,23:30,430,,149,,
2026/1/9,23:45,430,,171,,
2026/1/10,00:00,430,,221,,
2026/1/10,00:15,430,,,,174
2026/1/10,00:30,430,,,,114
2026/1/10,00:45,430,,,,94
2026/1/10,01:00,430,,,,93
2026/1/10,01:15,430,,,,94
2026/1/10,01:30,430,,,,80
2026/1/10,01:45,430,,,,56
2026/1/10,02:00,430,,,,58
2026/1/10,02:15,430,,,,56
2026/1/10,02:30,430,,,,56
2026/1/10,02:45,430,,,,56
2026/1/10,03:00,430,,,,51
2026/1/10,03:15,430,,,,42
2026/1/10,03:30,430,,,,45
2026/1/10,03:45,430,,,,43
2026/1/10,04:00,430,,,,42
2026/1/10,04:15,430,,,,43
2026/1/10,04:30,430,,,,42
2026/1/10,04:45,430,,,,43
2026/1/10,05:00,430,,,,42
2026/1/10,05:15,430,,,,22
2026/1/10,05:30,430,,,,22
2026/1/10,05:45,430,,,,21
2026/1/10,06:00,430,,,,22
2026/1/10,06:15,430,,,24,
2026/1/10,06:30,430,,,24,
2026/1/10,06:45,430,,,24,
2026/1/10,07:00,430,,,27,
2026/1/10,07:15,430,,,26,
2026/1/10,07:30,430,,,25,
2026/1/10,07:45,430,,,25,
2026/1/10,08:00,430,,,32,
2026/1/10,08:15,430,,,33,
2026/1/10,08:30,430,,,58,
2026/1/10,08:45,430,,,74,
2026/1/10,09:00,430,,,79,
2026/1/10,09:15,430,,,154,
2026/1/10,09:30,430,,,233,
2026/1/10,09:45,430,,,288,
2026/1/10,10:00,430,,,302,
2026/1/10,10:15,430,,,298,
2026/1/10,10:30,430,,,298,
2026/1/10,10:45,430,,,303,
2026/1/10,11:00,430,,,315,
2026/1/10,11:15,430,,,,297
2026/1/10,11:30,430,,,,288
2026/1/10,11:45,430,,,,279
2026/1/10,12:00,430,,,,296
2026/1/10,12:15,430,,,,267
2026/1/10,12:30,430,,,,261
2026/1/10,12:45,430,,,,261
2026/1/10,13:00,430,,,,257
2026/1/10,13:15,430,,,,260
2026/1/10,13:30,430,,,,285
2026/1/10,13:45,430,,,,296
2026/1/10,14:00,430,,,,296
2026/1/10,14:15,430,,,298,
2026/1/10,14:30,430,,,270,
2026/1/10,14:45,430,,,270,
2026/1/10,15:00,430,,,300,
2026/1/10,15:15,430,,,302,
2026/1/10,15:30,430,,,285,
2026/1/10,15:45,430,,,283,
2026/1/10,16:00,430,,,303,
2026/1/10,16:15,430,,,280,
2026/1/10,16:30,430,,,276,
2026/1/10,16:45,430,,,292,
2026/1/10,17:00,430,,,291,
2026/1/10,17:15,430,,,256,
2026/1/10,17:30,430,,,211,
2026/1/10,17:45,430,,,219,
2026/1/10,18:00,430,,,258,
2026/1/10,18:15,430,,,277,
2026/1/10,18:30,430,,,277,
2026/1/10,18:45,430,,,282,
2026/1/10,19:00,430,,,294,
2026/1/10,19:15,430,,,270,
2026/1/10,19:30,430,,,266,
2026/1/10,19:45,430,,,278,
2026/1/10,20:00,430,,,267,
2026/1/10,20:15,430,,,213,
2026/1/10,20:30,430,,,181,
2026/1/10,20:45,430,,,192,
2026/1/10,21:00,430,,,242,
2026/1/10,21:15,430,,,267,
2026/1/10,21:30,430,,,272,
2026/1/10,21:45,430,,,277,
2026/1/10,22:00,430,,,274,
2026/1/10,22:15,430,,,266,
2026/1/10,22:30,430,,,245,
2026/1/10,22:45,430,,,240,
2026/1/10,23:00,430,,,230,
2026/1/10,23:15,430,,,165,
2026/1/10,23:30,430,,,136,
2026/1/10,23:45,430,,,182,
2026/1/11,00:00,430,,,213,
2026/1/11,00:15,430,,,,168
2026/1/11,00:30,430,,,,118
2026/1/11,00:45,430,,,,101
2026/1/11,01:00,430,,,,91
2026/1/11,01:15,430,,,,88
2026/1/11,01:30,430,,,,72
2026/1/11,01:45,430,,,,50
2026/1/11,02:00,430,,,,50
2026/1/11,02:15,430,,,,48
2026/1/11,02:30,430,,,,50
2026/1/11,02:45,430,,,,50
2026/1/11,03:00,430,,,,48
2026/1/11,03:15,430,,,,48
2026/1/11,03:30,430,,,,50
2026/1/11,03:45,430,,,,46
2026/1/11,04:00,430,,,,48
2026/1/11,04:15,430,,,,30
2026/1/11,04:30,430,,,,22
2026/1/11,04:45,430,,,,22
2026/1/11,05:00,430,,,,21
2026/1/11,05:15,430,,,,22
2026/1/11,05:30,430,,,,22
2026/1/11,05:45,430,,,,21
2026/1/11,06:00,430,,,,22
2026/1/11,06:15,430,,,,22
2026/1/11,06:30,430,,,,22
2026/1/11,06:45,430,,,,24
2026/1/11,07:00,430,,,,22
2026/1/11,07:15,430,,,,24
2026/1/11,07:30,430,,,,23
2026/1/11,07:45,430,,,,24
2026/1/11,08:00,430,,,,25
2026/1/11,08:15,430,,,,25
2026/1/11,08:30,430,,,,25
2026/1/11,08:45,430,,,,22
2026/1/11,09:00,430,,,,26
2026/1/11,09:15,430,,,,39
2026/1/11,09:30,430,,,,42
2026/1/11,09:45,430,,,,44
2026/1/11,10:00,430,,,,42
2026/1/11,10:15,430,,,,43
2026/1/11,10:30,430,,,,45
2026/1/11,10:45,430,,,,63
2026/1/11,11:00,430,,,,71
2026/1/11,11:15,430,,,,129
2026/1/11,11:30,430,,,,140
2026/1/11,11:45,430,,,,182
2026/1/11,12:00,430,,,,236
2026/1/11,12:15,430,,,,268
2026/1/11,12:30,430,,,,247
2026/1/11,12:45,430,,,,253
2026/1/11,13:00,430,,,,267
2026/1/11,13:15,430,,,,268
2026/1/11,13:30,430,,,,264
2026/1/11,13:45,430,,,,266
2026/1/11,14:00,430,,,,258
2026/1/11,14:15,430,,,,251
2026/1/11,14:30,430,,,,274
2026/1/11,14:45,430,,,,272
2026/1/11,15:00,430,,,,269
2026/1/11,15:15,430,,,,275
2026/1/11,15:30,430,,,,263
2026/1/11,15:45,430,,,,260
2026/1/11,16:00,430,,,,263
2026/1/11,16:15,430,,,,272
2026/1/11,16:30,430,,,,283
2026/1/11,16:45,430,,,,260
2026/1/11,17:00,430,,,,225
2026/1/11,17:15,430,,,,178
2026/1/11,17:30,430,,,,96
2026/1/11,17:45,430,,,,82
2026/1/11,18:00,430,,,,80
2026/1/11,18:15,430,,,,70
2026/1/11,18:30,430,,,,56
2026/1/11,18:45,430,,,,56
2026/1/11,19:00,430,,,,51
2026/1/11,19:15,430,,,,45
2026/1/11,19:30,430,,,,45
2026/1/11,19:45,430,,,,45
2026/1/11,20:00,430,,,,45
2026/1/11,20:15,430,,,,26
2026/1/11,20:30,430,,,,19
2026/1/11,20:45,430,,,,18
2026/1/11,21:00,430,,,,16
2026/1/11,21:15,430,,,,18
2026/1/11,21:30,430,,,,18
2026/1/11,21:45,430,,,,18
2026/1/11,22:00,430,,,,18
2026/1/11,22:15,430,,,,18
2026/1/11,22:30,430,,,,16
2026/1/11,22:45,430,,,,18
2026/1/11,23:00,430,,,,18
2026/1/11,23:15,430,,,,16
2026/1/11,23:30,430,,,,16
2026/1/11,23:45,430,,,,18
2026/1/12,00:00,430,,,,16
2026/1/12,00:15,430,,,,16
2026/1/12,00:30,430,,,,18
2026/1/12,00:45,430,,,,18
2026/1/12,01:00,430,,,,18
2026/1/12,01:15,430,,,,16
2026/1/12,01:30,430,,,,18
2026/1/12,01:45,430,,,,18
2026/1/12,02:00,430,,,,16
2026/1/12,02:15,430,,,,16
2026/1/12,02:30,430,,,,18
2026/1/12,02:45,430,,,,16
2026/1/12,03:00,430,,,,18
2026/1/12,03:15,430,,,,19
2026/1/12,03:30,430,,,,21
2026/1/12,03:45,430,,,,19
2026/1/12,04:00,430,,,,21
2026/1/12,04:15,430,,,,21
2026/1/12,04:30,430,,,,19
2026/1/12,04:45,430,,,,21
2026/1/12,05:00,430,,,,19
2026/1/12,05:15,430,,,,21
2026/1/12,05:30,430,,,,21
2026/1/12,05:45,430,,,,21
2026/1/12,06:00,430,,,,22
2026/1/12,06:15,430,,24,,
2026/1/12,06:30,430,,29,,
2026/1/12,06:45,430,,29,,
2026/1/12,07:00,430,,27,,
2026/1/12,07:15,430,,28,,
2026/1/12,07:30,430,,25,,
2026/1/12,07:45,430,,28,,
2026/1/12,08:00,430,,34,,
2026/1/12,08:15,430,,47,,
2026/1/12,08:30,430,,93,,
2026/1/12,08:45,430,,112,,
2026/1/12,09:00,430,,107,,
2026/1/12,09:15,430,,146,,
2026/1/12,09:30,430,,218,,
2026/1/12,09:45,430,,271,,
2026/1/12,10:00,430,,297,,
2026/1/12,10:15,430,,304,,
2026/1/12,10:30,430,,305,,
2026/1/12,10:45,430,,296,,
2026/1/12,11:00,430,,284,,
2026/1/12,11:15,430,,,,310
2026/1/12,11:30,430,,,,307
2026/1/12,11:45,430,,,,292
2026/1/12,12:00,430,,,,298
2026/1/12,12:15,430,,,,281
2026/1/12,12:30,430,,,,274
2026/1/12,12:45,430,,,,227
2026/1/12,13:00,430,,,,220
2026/1/12,13:15,430,,,,232
2026/1/12,13:30,430,,,,261
2026/1/12,13:45,430,,,,291
2026/1/12,14:00,430,,,,286
2026/1/12,14:15,430,,296,,
2026/1/12,14:30,430,,299,,
2026/1/12,14:45,430,,287,,
2026/1/12,15:00,430,,278,,
2026/1/12,15:15,430,,302,,
2026/1/12,15:30,430,,299,,
2026/1/12,15:45,430,,291,,
2026/1/12,16:00,430,,284,,
2026/1/12,16:15,430,,300,,
2026/1/12,16:30,430,,269,,
2026/1/12,16:45,430,,259,,
2026/1/12,17:00,430,,282,,
2026/1/12,17:15,430,,274,,
2026/1/12,17:30,430,,214,,
2026/1/12,17:45,430,,194,,
2026/1/12,18:00,430,,219,,
2026/1/12,18:15,430,,264,,
2026/1/12,18:30,430,,262,,
2026/1/12,18:45,430,,261,,
2026/1/12,19:00,430,,267,,
2026/1/12,19:15,430,,274,,
2026/1/12,19:30,430,,270,,
2026/1/12,19:45,430,,259,,
2026/1/12,20:00,430,,248,,
2026/1/12,20:15,430,,230,,
2026/1/12,20:30,430,,176,,
2026/1/12,20:45,430,,200,,
2026/1/12,21:00,430,,258,,
2026/1/12,21:15,430,,261,,
2026/1/12,21:30,430,,248,,
2026/1/12,21:45,430,,250,,
2026/1/12,22:00,430,,266,,
2026/1/12,22:15,430,,275,,
2026/1/12,22:30,430,,253,,
2026/1/12,22:45,430,,235,,
2026/1/12,23:00,430,,222,,
2026/1/12,23:15,430,,171,,
2026/1/12,23:30,430,,138,,
2026/1/12,23:45,430,,168,,
2026/1/13,00:00,430,,197,,
2026/1/13,00:15,430,,,,157
2026/1/13,00:30,430,,,,104
2026/1/13,00:45,430,,,,91
2026/1/13,01:00,430,,,,93
2026/1/13,01:15,430,,,,90
2026/1/13,01:30,430,,,,58
2026/1/13,01:45,430,,,,46
2026/1/13,02:00,430,,,,48
2026/1/13,02:15,430,,,,48
2026/1/13,02:30,430,,,,48
2026/1/13,02:45,430,,,,48
2026/1/13,03:00,430,,,,46
2026/1/13,03:15,430,,,,48
2026/1/13,03:30,430,,,,46
2026/1/13,03:45,430,,,,45
2026/1/13,04:00,430,,,,46
2026/1/13,04:15,430,,,,46
2026/1/13,04:30,430,,,,37
2026/1/13,04:45,430,,,,22
2026/1/13,05:00,430,,,,22
2026/1/13,05:15,430,,,,22
2026/1/13,05:30,430,,,,22
2026/1/13,05:45,430,,,,24
2026/1/13,06:00,430,,,,24
2026/1/13,06:15,430,,27,,
2026/1/13,06:30,430,,40,,
2026/1/13,06:45,430,,29,,
2026/1/13,07:00,430,,30,,
2026/1/13,07:15,430,,27,,
2026/1/13,07:30,430,,40,,
2026/1/13,07:45,430,,50,,
2026/1/13,08:00,430,,52,,
2026/1/13,08:15,430,,68,,
2026/1/13,08:30,430,,88,,
2026/1/13,08:45,430,,90,,
2026/1/13,09:00,430,,92,,
2026/1/13,09:15,430,,157,,
2026/1/13,09:30,430,,234,,
2026/1/13,09:45,430,,303,,
2026/1/13,10:00,430,,296,,
2026/1/13,10:15,430,,281,,
2026/1/13,10:30,430,,276,,
2026/1/13,10:45,430,,304,,
2026/1/13,11:00,430,,304,,
2026/1/13,11:15,430,,,,303
2026/1/13,11:30,430,,,,294
2026/1/13,11:45,430,,,,273
2026/1/13,12:00,430,,,,290
2026/1/13,12:15,430,,,,274
2026/1/13,12:30,430,,,,263
2026/1/13,12:45,430,,,,261
2026/1/13,13:00,430,,,,248
2026/1/13,13:15,430,,,,273
2026/1/13,13:30,430,,,,285
2026/1/13,13:45,430,,,,301
2026/1/13,14:00,430,,,,309
2026/1/13,14:15,430,,293,,
2026/1/13,14:30,430,,302,,
2026/1/13,14:45,430,,308,,
2026/1/13,15:00,430,,312,,
2026/1/13,15:15,430,,303,,
2026/1/13,15:30,430,,297,,
2026/1/13,15:45,430,,303,,
2026/1/13,16:00,430,,298,,
2026/1/13,16:15,430,,296,,
2026/1/13,16:30,430,,299,,
2026/1/13,16:45,430,,305,,
2026/1/13,17:00,430,,299,,
2026/1/13,17:15,430,,283,,
2026/1/13,17:30,430,,243,,
2026/1/13,17:45,430,,221,,
2026/1/13,18:00,430,,232,,
2026/1/13,18:15,430,,256,,
2026/1/13,18:30,430,,274,,
2026/1/13,18:45,430,,274,,
2026/1/13,19:00,430,,274,,
2026/1/13,19:15,430,,275,,
2026/1/13,19:30,430,,264,,
2026/1/13,19:45,430,,245,,
2026/1/13,20:00,430,,250,,
2026/1/13,20:15,430,,206,,
2026/1/13,20:30,430,,190,,
2026/1/13,20:45,430,,202,,
2026/1/13,21:00,430,,256,,
2026/1/13,21:15,430,,274,,
2026/1/13,21:30,430,,262,,
2026/1/13,21:45,430,,256,,
2026/1/13,22:00,430,,256,,
2026/1/13,22:15,430,,266,,
2026/1/13,22:30,430,,229,,
2026/1/13,22:45,430,,211,,
2026/1/13,23:00,430,,208,,
2026/1/13,23:15,430,,174,,
2026/1/13,23:30,430,,144,,
2026/1/13,23:45,430,,198,,
2026/1/14,00:00,430,,202,,
2026/1/14,00:15,430,,,,155
2026/1/14,00:30,430,,,,106
2026/1/14,00:45,430,,,,94
2026/1/14,01:00,430,,,,93
2026/1/14,01:15,430,,,,88
2026/1/14,01:30,430,,,,62
2026/1/14,01:45,430,,,,54
2026/1/14,02:00,430,,,,48
2026/1/14,02:15,430,,,,50
2026/1/14,02:30,430,,,,48
2026/1/14,02:45,430,,,,46
2026/1/14,03:00,430,,,,46
2026/1/14,03:15,430,,,,48
2026/1/14,03:30,430,,,,45
2026/1/14,03:45,430,,,,46
2026/1/14,04:00,430,,,,46
2026/1/14,04:15,430,,,,45
2026/1/14,04:30,430,,,,29
2026/1/14,04:45,430,,,,22
2026/1/14,05:00,430,,,,22
2026/1/14,05:15,430,,,,22
2026/1/14,05:30,430,,,,24
2026/1/14,05:45,430,,,,22
2026/1/14,06:00,430,,,,24
2026/1/14,06:15,430,,27,,
2026/1/14,06:30,430,,27,,
2026/1/14,06:45,430,,30,,
2026/1/14,07:00,430,,29,,
2026/1/14,07:15,430,,25,,
2026/1/14,07:30,430,,27,,
2026/1/14,07:45,430,,27,,
2026/1/14,08:00,430,,30,,
2026/1/14,08:15,430,,43,,
2026/1/14,08:30,430,,69,,
2026/1/14,08:45,430,,95,,
2026/1/14,09:00,430,,95,,
2026/1/14,09:15,430,,163,,
2026/1/14,09:30,430,,241,,
2026/1/14,09:45,430,,284,,
2026/1/14,10:00,430,,298,,
2026/1/14,10:15,430,,300,,
2026/1/14,10:30,430,,326,,
2026/1/14,10:45,430,,317,,
2026/1/14,11:00,430,,302,,
2026/1/14,11:15,430,,,,285
2026/1/14,11:30,430,,,,292
2026/1/14,11:45,430,,,,308
2026/1/14,12:00,430,,,,275
2026/1/14,12:15,430,,,,265
2026/1/14,12:30,430,,,,257
2026/1/14,12:45,430,,,,240
2026/1/14,13:00,430,,,,243
2026/1/14,13:15,430,,,,279
2026/1/14,13:30,430,,,,290
2026/1/14,13:45,430,,,,296
2026/1/14,14:00,430,,,,284
2026/1/14,14:15,430,,275,,
2026/1/14,14:30,430,,287,,
2026/1/14,14:45,430,,279,,
2026/1/14,15:00,430,,285,,
2026/1/14,15:15,430,,280,,
2026/1/14,15:30,430,,286,,
2026/1/14,15:45,430,,280,,
2026/1/14,16:00,430,,278,,
2026/1/14,16:15,430,,295,,
2026/1/14,16:30,430,,309,,
2026/1/14,16:45,430,,298,,
2026/1/14,17:00,430,,288,,
2026/1/14,17:15,430,,272,,
2026/1/14,17:30,430,,225,,
2026/1/14,17:45,430,,202,,
2026/1/14,18:00,430,,227,,
2026/1/14,18:15,430,,256,,
2026/1/14,18:30,430,,269,,
2026/1/14,18:45,430,,266,,
2026/1/14,19:00,430,,261,,
2026/1/14,19:15,430,,254,,
2026/1/14,19:30,430,,243,,
2026/1/14,19:45,430,,256,,
2026/1/14,20:00,430,,259,,
2026/1/14,20:15,430,,203,,
2026/1/14,20:30,430,,174,,
2026/1/14,20:45,430,,222,,
2026/1/14,21:00,430,,278,,
2026/1/14,21:15,430,,264,,
2026/1/14,21:30,430,,270,,
2026/1/14,21:45,430,,280,,
2026/1/14,22:00,430,,278,,
2026/1/14,22:15,430,,266,,
2026/1/14,22:30,430,,253,,
2026/1/14,22:45,430,,256,,
2026/1/14,23:00,430,,238,,
2026/1/14,23:15,430,,176,,
2026/1/14,23:30,430,,136,,
2026/1/14,23:45,430,,163,,
2026/1/15,00:00,430,,205,,
2026/1/15,00:15,430,,,,157
2026/1/15,00:30,430,,,,96
2026/1/15,00:45,430,,,,82
2026/1/15,01:00,430,,,,83
2026/1/15,01:15,430,,,,78
2026/1/15,01:30,430,,,,50
2026/1/15,01:45,430,,,,45
2026/1/15,02:00,430,,,,43
2026/1/15,02:15,430,,,,45
2026/1/15,02:30,430,,,,45
2026/1/15,02:45,430,,,,45
2026/1/15,03:00,430,,,,43
2026/1/15,03:15,430,,,,43
2026/1/15,03:30,430,,,,43
2026/1/15,03:45,430,,,,43
2026/1/15,04:00,430,,,,43
2026/1/15,04:15,430,,,,42
2026/1/15,04:30,430,,,,38
2026/1/15,04:45,430,,,,22
2026/1/15,05:00,430,,,,22
2026/1/15,05:15,430,,,,22
2026/1/15,05:30,430,,,,24
2026/1/15,05:45,430,,,,22
2026/1/15,06:00,430,,,,24
2026/1/15,06:15,430,,27,,
2026/1/15,06:30,430,,29,,
2026/1/15,06:45,430,,29,,
2026/1/15,07:00,430,,30,,
2026/1/15,07:15,430,,37,,
2026/1/15,07:30,430,,45,,
2026/1/15,07:45,430,,51,,
2026/1/15,08:00,430,,51,,
2026/1/15,08:15,430,,72,,
2026/1/15,08:30,430,,82,,
2026/1/15,08:45,430,,93,,
2026/1/15,09:00,430,,99,,
2026/1/15,09:15,430,,160,,
2026/1/15,09:30,430,,252,,
2026/1/15,09:45,430,,295,,
2026/1/15,10:00,430,,304,,
2026/1/15,10:15,430,,306,,
2026/1/15,10:30,430,,313,,
2026/1/15,10:45,430,,317,,
2026/1/15,11:00,430,,295,,
2026/1/15,11:15,430,,,,290
2026/1/15,11:30,430,,,,306
2026/1/15,11:45,430,,,,301
2026/1/15,12:00,430,,,,285
2026/1/15,12:15,430,,,,252
2026/1/15,12:30,430,,,,255
2026/1/15,12:45,430,,,,250
2026/1/15,13:00,430,,,,235
2026/1/15,13:15,430,,,,255
2026/1/15,13:30,430,,,,291
2026/1/15,13:45,430,,,,317
2026/1/15,14:00,430,,,,303
2026/1/15,14:15,430,,291,,
2026/1/15,14:30,430,,277,,
2026/1/15,14:45,430,,288,,
2026/1/15,15:00,430,,301,,
2026/1/15,15:15,430,,312,,
2026/1/15,15:30,430,,277,,
2026/1/15,15:45,430,,264,,
2026/1/15,16:00,430,,293,,
2026/1/15,16:15,430,,310,,
2026/1/15,16:30,430,,308,,
2026/1/15,16:45,430,,300,,
2026/1/15,17:00,430,,299,,
2026/1/15,17:15,430,,291,,
2026/1/15,17:30,430,,244,,
2026/1/15,17:45,430,,216,,
2026/1/15,18:00,430,,248,,
2026/1/15,18:15,430,,282,,
2026/1/15,18:30,430,,296,,
2026/1/15,18:45,430,,291,,
2026/1/15,19:00,430,,280,,
2026/1/15,19:15,430,,282,,
2026/1/15,19:30,430,,280,,
2026/1/15,19:45,430,,269,,
2026/1/15,20:00,430,,253,,
2026/1/15,20:15,430,,205,,
2026/1/15,20:30,430,,170,,
2026/1/15,20:45,430,,218,,
2026/1/15,21:00,430,,269,,
2026/1/15,21:15,430,,275,,
2026/1/15,21:30,430,,248,,
2026/1/15,21:45,430,,250,,
2026/1/15,22:00,430,,251,,
2026/1/15,22:15,430,,253,,
2026/1/15,22:30,430,,238,,
2026/1/15,22:45,430,,224,,
2026/1/15,23:00,430,,211,,
2026/1/15,23:15,430,,160,,
2026/1/15,23:30,430,,138,,
2026/1/15,23:45,430,,190,,
2026/1/16,00:00,430,,190,,
2026/1/16,00:15,430,,,,149
2026/1/16,00:30,430,,,,98
2026/1/16,00:45,430,,,,80
2026/1/16,01:00,430,,,,77
2026/1/16,01:15,430,,,,75
2026/1/16,01:30,430,,,,51
2026/1/16,01:45,430,,,,50
2026/1/16,02:00,430,,,,50
2026/1/16,02:15,430,,,,48
2026/1/16,02:30,430,,,,48
2026/1/16,02:45,430,,,,48
2026/1/16,03:00,430,,,,48
2026/1/16,03:15,430,,,,42
2026/1/16,03:30,430,,,,22
2026/1/16,03:45,430,,,,24
2026/1/16,04:00,430,,,,22
2026/1/16,04:15,430,,,,24
2026/1/16,04:30,430,,,,22
2026/1/16,04:45,430,,,,22
2026/1/16,05:00,430,,,,22
2026/1/16,05:15,430,,,,22
2026/1/16,05:30,430,,,,24
2026/1/16,05:45,430,,,,24
2026/1/16,06:00,430,,,,24
2026/1/16,06:15,430,,27,,
2026/1/16,06:30,430,,26,,
2026/1/16,06:45,430,,26,,
2026/1/16,07:00,430,,28,,
2026/1/16,07:15,430,,29,,
2026/1/16,07:30,430,,27,,
2026/1/16,07:45,430,,29,,
2026/1/16,08:00,430,,31,,
2026/1/16,08:15,430,,37,,
2026/1/16,08:30,430,,58,,
2026/1/16,08:45,430,,95,,
2026/1/16,09:00,430,,105,,
2026/1/16,09:15,430,,159,,
2026/1/16,09:30,430,,248,,
2026/1/16,09:45,430,,285,,
2026/1/16,10:00,430,,306,,
2026/1/16,10:15,430,,295,,
2026/1/16,10:30,430,,319,,
2026/1/16,10:45,430,,307,,
2026/1/16,11:00,430,,303,,
2026/1/16,11:15,430,,,,300
2026/1/16,11:30,430,,,,309
2026/1/16,11:45,430,,,,304
2026/1/16,12:00,430,,,,284
2026/1/16,12:15,430,,,,265
2026/1/16,12:30,430,,,,247
2026/1/16,12:45,430,,,,227
2026/1/16,13:00,430,,,,231
2026/1/16,13:15,430,,,,252
2026/1/16,13:30,430,,,,255
2026/1/16,13:45,430,,,,245
2026/1/16,14:00,430,,,,268
2026/1/16,14:15,430,,278,,
2026/1/16,14:30,430,,251,,
2026/1/16,14:45,430,,251,,
2026/1/16,15:00,430,,290,,
2026/1/16,15:15,430,,287,,
2026/1/16,15:30,430,,284,,
2026/1/16,15:45,430,,282,,
2026/1/16,16:00,430,,298,,
2026/1/16,16:15,430,,290,,
2026/1/16,16:30,430,,282,,
2026/1/16,16:45,430,,280,,
2026/1/16,17:00,430,,286,,
2026/1/16,17:15,430,,252,,
2026/1/16,17:30,430,,242,,
2026/1/16,17:45,430,,237,,
2026/1/16,18:00,430,,266,,
2026/1/16,18:15,430,,286,,
2026/1/16,18:30,430,,298,,
2026/1/16,18:45,430,,285,,
2026/1/16,19:00,430,,275,,
2026/1/16,19:15,430,,290,,
2026/1/16,19:30,430,,293,,
2026/1/16,19:45,430,,285,,
2026/1/16,20:00,430,,259,,
2026/1/16,20:15,430,,226,,
2026/1/16,20:30,430,,189,,
2026/1/16,20:45,430,,222,,
2026/1/16,21:00,430,,267,,
2026/1/16,21:15,430,,291,,
2026/1/16,21:30,430,,277,,
2026/1/16,21:45,430,,278,,
2026/1/16,22:00,430,,290,,
2026/1/16,22:15,430,,278,,
2026/1/16,22:30,430,,259,,
2026/1/16,22:45,430,,246,,
2026/1/16,23:00,430,,238,,
2026/1/16,23:15,430,,198,,
2026/1/16,23:30,430,,147,,
2026/1/16,23:45,430,,184,,
2026/1/17,00:00,430,,221,,
2026/1/17,00:15,430,,,,190
2026/1/17,00:30,430,,,,147
2026/1/17,00:45,430,,,,102
2026/1/17,01:00,430,,,,61
2026/1/17,01:15,430,,,,56
2026/1/17,01:30,430,,,,48
2026/1/17,01:45,430,,,,46
2026/1/17,02:00,430,,,,48
2026/1/17,02:15,430,,,,46
2026/1/17,02:30,430,,,,46
2026/1/17,02:45,430,,,,46
2026/1/17,03:00,430,,,,46
2026/1/17,03:15,430,,,,45
2026/1/17,03:30,430,,,,45
2026/1/17,03:45,430,,,,45
2026/1/17,04:00,430,,,,43
2026/1/17,04:15,430,,,,24
2026/1/17,04:30,430,,,,24
2026/1/17,04:45,430,,,,24
2026/1/17,05:00,430,,,,24
2026/1/17,05:15,430,,,,26
2026/1/17,05:30,430,,,,24
2026/1/17,05:45,430,,,,26
2026/1/17,06:00,430,,,,29
2026/1/17,06:15,430,,,27,
2026/1/17,06:30,430,,,27,
2026/1/17,06:45,430,,,27,
2026/1/17,07:00,430,,,26,
2026/1/17,07:15,430,,,26,
2026/1/17,07:30,430,,,27,
2026/1/17,07:45,430,,,28,
2026/1/17,08:00,430,,,32,
2026/1/17,08:15,430,,,34,
2026/1/17,08:30,430,,,52,
2026/1/17,08:45,430,,,83,
2026/1/17,09:00,430,,,88,
2026/1/17,09:15,430,,,137,
2026/1/17,09:30,430,,,224,
2026/1/17,09:45,430,,,284,
2026/1/17,10:00,430,,,292,
2026/1/17,10:15,430,,,287,
2026/1/17,10:30,430,,,285,
2026/1/17,10:45,430,,,299,
2026/1/17,11:00,430,,,295,
2026/1/17,11:15,430,,,,295
2026/1/17,11:30,430,,,,291
2026/1/17,11:45,430,,,,282
2026/1/17,12:00,430,,,,289
2026/1/17,12:15,430,,,,264
2026/1/17,12:30,430,,,,251
2026/1/17,12:45,430,,,,241
2026/1/17,13:00,430,,,,231
2026/1/17,13:15,430,,,,257
2026/1/17,13:30,430,,,,262
2026/1/17,13:45,430,,,,280
2026/1/17,14:00,430,,,,281
2026/1/17,14:15,430,,,289,
2026/1/17,14:30,430,,,287,
2026/1/17,14:45,430,,,281,
2026/1/17,15:00,430,,,299,
2026/1/17,15:15,430,,,297,
2026/1/17,15:30,430,,,279,
2026/1/17,15:45,430,,,287,
2026/1/17,16:00,430,,,289,
2026/1/17,16:15,430,,,295,
2026/1/17,16:30,430,,,271,
2026/1/17,16:45,430,,,285,
2026/1/17,17:00,430,,,301,
2026/1/17,17:15,430,,,293,
2026/1/17,17:30,430,,,255,
2026/1/17,17:45,430,,,254,
2026/1/17,18:00,430,,,251,
2026/1/17,18:15,430,,,270,
2026/1/17,18:30,430,,,267,
2026/1/17,18:45,430,,,272,
2026/1/17,19:00,430,,,280,
2026/1/17,19:15,430,,,278,
2026/1/17,19:30,430,,,256,
2026/1/17,19:45,430,,,264,
2026/1/17,20:00,430,,,267,
2026/1/17,20:15,430,,,213,
2026/1/17,20:30,430,,,174,
2026/1/17,20:45,430,,,222,
2026/1/17,21:00,430,,,261,
2026/1/17,21:15,430,,,259,
2026/1/17,21:30,430,,,267,
2026/1/17,21:45,430,,,250,
2026/1/17,22:00,430,,,235,
2026/1/17,22:15,430,,,226,
2026/1/17,22:30,430,,,232,
2026/1/17,22:45,430,,,216,
2026/1/17,23:00,430,,,198,
2026/1/17,23:15,430,,,149,
2026/1/17,23:30,430,,,130,
2026/1/17,23:45,430,,,160,
2026/1/18,00:00,430,,,195,
2026/1/18,00:15,430,,,,170
2026/1/18,00:30,430,,,,106
2026/1/18,00:45,430,,,,83
2026/1/18,01:00,430,,,,78
2026/1/18,01:15,430,,,,72
2026/1/18,01:30,430,,,,54
2026/1/18,01:45,430,,,,50
2026/1/18,02:00,430,,,,50
2026/1/18,02:15,430,,,,51
2026/1/18,02:30,430,,,,51
2026/1/18,02:45,430,,,,48
2026/1/18,03:00,430,,,,50
2026/1/18,03:15,430,,,,50
2026/1/18,03:30,430,,,,48
2026/1/18,03:45,430,,,,46
2026/1/18,04:00,430,,,,32
2026/1/18,04:15,430,,,,22
2026/1/18,04:30,430,,,,22
2026/1/18,04:45,430,,,,24
2026/1/18,05:00,430,,,,22
2026/1/18,05:15,430,,,,22
2026/1/18,05:30,430,,,,22
2026/1/18,05:45,430,,,,22
2026/1/18,06:00,430,,,,22
2026/1/18,06:15,430,,,,22
2026/1/18,06:30,430,,,,24
2026/1/18,06:45,430,,,,24
2026/1/18,07:00,430,,,,23
2026/1/18,07:15,430,,,,24
2026/1/18,07:30,430,,,,22
2026/1/18,07:45,430,,,,25
2026/1/18,08:00,430,,,,24
2026/1/18,08:15,430,,,,27
2026/1/18,08:30,430,,,,26
2026/1/18,08:45,430,,,,25
2026/1/18,09:00,430,,,,27
2026/1/18,09:15,430,,,,29
2026/1/18,09:30,430,,,,44
2026/1/18,09:45,430,,,,42
2026/1/18,10:00,430,,,,46
2026/1/18,10:15,430,,,,46
2026/1/18,10:30,430,,,,44
2026/1/18,10:45,430,,,,45
2026/1/18,11:00,430,,,,45
2026/1/18,11:15,430,,,,101
2026/1/18,11:30,430,,,,114
2026/1/18,11:45,430,,,,157
2026/1/18,12:00,430,,,,214
2026/1/18,12:15,430,,,,250
2026/1/18,12:30,430,,,,255
2026/1/18,12:45,430,,,,260
2026/1/18,13:00,430,,,,255
2026/1/18,13:15,430,,,,253
2026/1/18,13:30,430,,,,269
2026/1/18,13:45,430,,,,285
2026/1/18,14:00,430,,,,270
2026/1/18,14:15,430,,,,263
2026/1/18,14:30,430,,,,275
2026/1/18,14:45,430,,,,279
2026/1/18,15:00,430,,,,257
2026/1/18,15:15,430,,,,269
2026/1/18,15:30,430,,,,278
2026/1/18,15:45,430,,,,274
2026/1/18,16:00,430,,,,258
2026/1/18,16:15,430,,,,267
2026/1/18,16:30,430,,,,265
2026/1/18,16:45,430,,,,262
2026/1/18,17:00,430,,,,253
2026/1/18,17:15,430,,,,192
2026/1/18,17:30,430,,,,98
2026/1/18,17:45,430,,,,83
2026/1/18,18:00,430,,,,75
2026/1/18,18:15,430,,,,75
2026/1/18,18:30,430,,,,74
2026/1/18,18:45,430,,,,72
2026/1/18,19:00,430,,,,58
2026/1/18,19:15,430,,,,61
2026/1/18,19:30,430,,,,61
2026/1/18,19:45,430,,,,61
2026/1/18,20:00,430,,,,61
2026/1/18,20:15,430,,,,61
2026/1/18,20:30,430,,,,61
2026/1/18,20:45,430,,,,43
2026/1/18,21:00,430,,,,27
2026/1/18,21:15,430,,,,27
2026/1/18,21:30,430,,,,26
2026/1/18,21:45,430,,,,27
2026/1/18,22:00,430,,,,26
2026/1/18,22:15,430,,,,27
2026/1/18,22:30,430,,,,26
2026/1/18,22:45,430,,,,27
2026/1/18,23:00,430,,,,26
2026/1/18,23:15,430,,,,26
2026/1/18,23:30,430,,,,24
2026/1/18,23:45,430,,,,26
2026/1/19,00:00,430,,,,26
2026/1/19,00:15,430,,,,26
2026/1/19,00:30,430,,,,26
2026/1/19,00:45,430,,,,26
2026/1/19,01:00,430,,,,26
2026/1/19,01:15,430,,,,26
2026/1/19,01:30,430,,,,24
2026/1/19,01:45,430,,,,27
2026/1/19,02:00,430,,,,26
2026/1/19,02:15,430,,,,26
2026/1/19,02:30,430,,,,26
2026/1/19,02:45,430,,,,27
2026/1/19,03:00,430,,,,27
2026/1/19,03:15,430,,,,32
2026/1/19,03:30,430,,,,32
2026/1/19,03:45,430,,,,30
2026/1/19,04:00,430,,,,32
2026/1/19,04:15,430,,,,32
2026/1/19,04:30,430,,,,30
2026/1/19,04:45,430,,,,30
2026/1/19,05:00,430,,,,30
2026/1/19,05:15,430,,,,32
2026/1/19,05:30,430,,,,32
2026/1/19,05:45,430,,,,42
2026/1/19,06:00,430,,,,35
2026/1/19,06:15,430,,32,,
2026/1/19,06:30,430,,29,,
2026/1/19,06:45,430,,29,,
2026/1/19,07:00,430,,30,,
2026/1/19,07:15,430,,29,,
2026/1/19,07:30,430,,29,,
2026/1/19,07:45,430,,30,,
2026/1/19,08:00,430,,33,,
2026/1/19,08:15,430,,45,,
2026/1/19,08:30,430,,94,,
2026/1/19,08:45,430,,120,,
2026/1/19,09:00,430,,122,,
2026/1/19,09:15,430,,152,,
2026/1/19,09:30,430,,220,,
2026/1/19,09:45,430,,244,,
2026/1/19,10:00,430,,259,,
2026/1/19,10:15,430,,270,,
2026/1/19,10:30,430,,308,,
2026/1/19,10:45,430,,337,,
2026/1/19,11:00,430,,324,,
2026/1/19,11:15,430,,,,329
2026/1/19,11:30,430,,,,344
2026/1/19,11:45,430,,,,346
2026/1/19,12:00,430,,,,329
2026/1/19,12:15,430,,,,318
2026/1/19,12:30,430,,,,303
2026/1/19,12:45,430,,,,271
2026/1/19,13:00,430,,,,268
2026/1/19,13:15,430,,,,302
2026/1/19,13:30,430,,,,320
2026/1/19,13:45,430,,,,304
2026/1/19,14:00,430,,,,285
2026/1/19,14:15,430,,291,,
2026/1/19,14:30,430,,290,,
2026/1/19,14:45,430,,262,,
2026/1/19,15:00,430,,296,,
2026/1/19,15:15,430,,313,,
2026/1/19,15:30,430,,310,,
2026/1/19,15:45,430,,307,,
2026/1/19,16:00,430,,299,,
2026/1/19,16:15,430,,286,,
2026/1/19,16:30,430,,290,,
2026/1/19,16:45,430,,289,,
2026/1/19,17:00,430,,299,,
2026/1/19,17:15,430,,266,,
2026/1/19,17:30,430,,229,,
2026/1/19,17:45,430,,198,,
2026/1/19,18:00,430,,242,,
2026/1/19,18:15,430,,282,,
2026/1/19,18:30,430,,302,,
2026/1/19,18:45,430,,296,,
2026/1/19,19:00,430,,275,,
2026/1/19,19:15,430,,288,,
2026/1/19,19:30,430,,283,,
2026/1/19,19:45,430,,278,,
2026/1/19,20:00,430,,269,,
2026/1/19,20:15,430,,254,,
2026/1/19,20:30,430,,222,,
2026/1/19,20:45,430,,240,,
2026/1/19,21:00,430,,280,,
2026/1/19,21:15,430,,280,,
2026/1/19,21:30,430,,275,,
2026/1/19,21:45,430,,282,,
2026/1/19,22:00,430,,277,,
2026/1/19,22:15,430,,267,,
2026/1/19,22:30,430,,272,,
2026/1/19,22:45,430,,280,,
2026/1/19,23:00,430,,274,,
2026/1/19,23:15,430,,261,,
2026/1/19,23:30,430,,222,,
2026/1/19,23:45,430,,230,,
2026/1/20,00:00,430,,270,,
2026/1/20,00:15,430,,,,246
2026/1/20,00:30,430,,,,235
2026/1/20,00:45,430,,,,190
2026/1/20,01:00,430,,,,138
2026/1/20,01:15,430,,,,96
2026/1/20,01:30,430,,,,82
2026/1/20,01:45,430,,,,69
2026/1/20,02:00,430,,,,62
2026/1/20,02:15,430,,,,62
2026/1/20,02:30,430,,,,62
2026/1/20,02:45,430,,,,53
2026/1/20,03:00,430,,,,51
2026/1/20,03:15,430,,,,50
2026/1/20,03:30,430,,,,50
2026/1/20,03:45,430,,,,51
2026/1/20,04:00,430,,,,50
2026/1/20,04:15,430,,,,50
2026/1/20,04:30,430,,,,50
2026/1/20,04:45,430,,,,48
2026/1/20,05:00,430,,,,50
2026/1/20,05:15,430,,,,30
2026/1/20,05:30,430,,,,24
2026/1/20,05:45,430,,,,26
2026/1/20,06:00,430,,,,26
2026/1/20,06:15,430,,26,,
2026/1/20,06:30,430,,27,,
2026/1/20,06:45,430,,32,,
2026/1/20,07:00,430,,30,,
2026/1/20,07:15,430,,26,,
2026/1/20,07:30,430,,27,,
2026/1/20,07:45,430,,28,,
2026/1/20,08:00,430,,33,,
2026/1/20,08:15,430,,46,,
2026/1/20,08:30,430,,89,,
2026/1/20,08:45,430,,102,,
2026/1/20,09:00,430,,95,,
2026/1/20,09:15,430,,157,,
2026/1/20,09:30,430,,229,,
2026/1/20,09:45,430,,253,,
2026/1/20,10:00,430,,309,,
2026/1/20,10:15,430,,319,,
2026/1/20,10:30,430,,319,,
2026/1/20,10:45,430,,356,,
2026/1/20,11:00,430,,347,,
2026/1/20,11:15,430,,,,330
2026/1/20,11:30,430,,,,333
2026/1/20,11:45,430,,,,343
2026/1/20,12:00,430,,,,323
2026/1/20,12:15,430,,,,320
2026/1/20,12:30,430,,,,289
2026/1/20,12:45,430,,,,276
2026/1/20,13:00,430,,,,268
2026/1/20,13:15,430,,,,270
2026/1/20,13:30,430,,,,299
2026/1/20,13:45,430,,,,299
2026/1/20,14:00,430,,,,289
2026/1/20,14:15,430,,272,,
2026/1/20,14:30,430,,279,,
2026/1/20,14:45,430,,289,,
2026/1/20,15:00,430,,297,,
2026/1/20,15:15,430,,297,,
2026/1/20,15:30,430,,270,,
2026/1/20,15:45,430,,292,,
2026/1/20,16:00,430,,309,,
2026/1/20,16:15,430,,296,,
2026/1/20,16:30,430,,283,,
2026/1/20,16:45,430,,305,,
2026/1/20,17:00,430,,302,,
2026/1/20,17:15,430,,285,,
2026/1/20,17:30,430,,256,,
2026/1/20,17:45,430,,238,,
2026/1/20,18:00,430,,256,,
2026/1/20,18:15,430,,277,,
2026/1/20,18:30,430,,298,,
2026/1/20,18:45,430,,301,,
2026/1/20,19:00,430,,277,,
2026/1/20,19:15,430,,282,,
2026/1/20,19:30,430,,282,,
2026/1/20,19:45,430,,282,,
2026/1/20,20:00,430,,275,,
2026/1/20,20:15,430,,262,,
2026/1/20,20:30,430,,275,,
2026/1/20,20:45,430,,229,,
2026/1/20,21:00,430,,253,,
2026/1/20,21:15,430,,278,,
2026/1/20,21:30,430,,293,,
2026/1/20,21:45,430,,266,,
2026/1/20,22:00,430,,256,,
2026/1/20,22:15,430,,254,,
2026/1/20,22:30,430,,278,,
2026/1/20,22:45,430,,266,,
2026/1/20,23:00,430,,261,,
2026/1/20,23:15,430,,256,,
2026/1/20,23:30,430,,267,,
2026/1/20,23:45,430,,251,,
2026/1/21,00:00,430,,250,,
2026/1/21,00:15,430,,,,230
2026/1/21,00:30,430,,,,235
2026/1/21,00:45,430,,,,170
2026/1/21,01:00,430,,,,96
2026/1/21,01:15,430,,,,64
2026/1/21,01:30,430,,,,62
2026/1/21,01:45,430,,,,59
2026/1/21,02:00,430,,,,46
2026/1/21,02:15,430,,,,45
2026/1/21,02:30,430,,,,45
2026/1/21,02:45,430,,,,45
2026/1/21,03:00,430,,,,45
2026/1/21,03:15,430,,,,43
2026/1/21,03:30,430,,,,45
2026/1/21,03:45,430,,,,22
2026/1/21,04:00,430,,,,24
2026/1/21,04:15,430,,,,22
2026/1/21,04:30,430,,,,22
2026/1/21,04:45,430,,,,22
2026/1/21,05:00,430,,,,22
2026/1/21,05:15,430,,,,22
2026/1/21,05:30,430,,,,22
2026/1/21,05:45,430,,,,24
2026/1/21,06:00,430,,,,24
2026/1/21,06:15,430,,30,,
2026/1/21,06:30,430,,30,,
2026/1/21,06:45,430,,27,,
2026/1/21,07:00,430,,27,,
2026/1/21,07:15,430,,27,,
2026/1/21,07:30,430,,27,,
2026/1/21,07:45,430,,30,,
2026/1/21,08:00,430,,33,,
2026/1/21,08:15,430,,47,,
2026/1/21,08:30,430,,84,,
2026/1/21,08:45,430,,100,,
2026/1/21,09:00,430,,100,,
2026/1/21,09:15,430,,160,,
2026/1/21,09:30,430,,258,,
2026/1/21,09:45,430,,295,,
2026/1/21,10:00,430,,303,,
2026/1/21,10:15,430,,288,,
2026/1/21,10:30,430,,297,,
2026/1/21,10:45,430,,303,,
2026/1/21,11:00,430,,284,,
2026/1/21,11:15,430,,,,291
2026/1/21,11:30,430,,,,286
2026/1/21,11:45,430,,,,280
2026/1/21,12:00,430,,,,260
2026/1/21,12:15,430,,,,254
2026/1/21,12:30,430,,,,253
2026/1/21,12:45,430,,,,228
2026/1/21,13:00,430,,,,221
2026/1/21,13:15,430,,,,246
2026/1/21,13:30,430,,,,281
2026/1/21,13:45,430,,,,292
2026/1/21,14:00,430,,,,265
2026/1/21,14:15,430,,268,,
2026/1/21,14:30,430,,267,,
2026/1/21,14:45,430,,279,,
2026/1/21,15:00,430,,273,,
2026/1/21,15:15,430,,280,,
2026/1/21,15:30,430,,294,,
2026/1/21,15:45,430,,295,,
2026/1/21,16:00,430,,302,,
2026/1/21,16:15,430,,274,,
2026/1/21,16:30,430,,263,,
2026/1/21,16:45,430,,292,,
2026/1/21,17:00,430,,289,,
2026/1/21,17:15,430,,256,,
2026/1/21,17:30,430,,229,,
2026/1/21,17:45,430,,214,,
2026/1/21,18:00,430,,219,,
2026/1/21,18:15,430,,242,,
2026/1/21,18:30,430,,243,,
2026/1/21,18:45,430,,261,,
2026/1/21,19:00,430,,262,,
2026/1/21,19:15,430,,243,,
2026/1/21,19:30,430,,226,,
2026/1/21,19:45,430,,234,,
2026/1/21,20:00,430,,248,,
2026/1/21,20:15,430,,237,,
2026/1/21,20:30,430,,242,,
2026/1/21,20:45,430,,258,,
2026/1/21,21:00,430,,253,,
2026/1/21,21:15,430,,245,,
2026/1/21,21:30,430,,229,,
2026/1/21,21:45,430,,230,,
2026/1/21,22:00,430,,226,,
2026/1/21,22:15,430,,229,,
2026/1/21,22:30,430,,232,,
2026/1/21,22:45,430,,240,,
2026/1/21,23:00,430,,230,,
2026/1/21,23:15,430,,221,,
2026/1/21,23:30,430,,211,,
2026/1/21,23:45,430,,216,,
2026/1/22,00:00,430,,216,,
2026/1/22,00:15,430,,,,200
2026/1/22,00:30,430,,,,189
2026/1/22,00:45,430,,,,147
2026/1/22,01:00,430,,,,72
2026/1/22,01:15,430,,,,62
2026/1/22,01:30,430,,,,62
2026/1/22,01:45,430,,,,61
2026/1/22,02:00,430,,,,50
2026/1/22,02:15,430,,,,48
2026/1/22,02:30,430,,,,50
2026/1/22,02:45,430,,,,48
2026/1/22,03:00,430,,,,48
2026/1/22,03:15,430,,,,48
2026/1/22,03:30,430,,,,48
2026/1/22,03:45,430,,,,48
2026/1/22,04:00,430,,,,48
2026/1/22,04:15,430,,,,48
2026/1/22,04:30,430,,,,46
2026/1/22,04:45,430,,,,48
2026/1/22,05:00,430,,,,46
2026/1/22,05:15,430,,,,24
2026/1/22,05:30,430,,,,24
2026/1/22,05:45,430,,,,24
2026/1/22,06:00,430,,,,27
2026/1/22,06:15,430,,29,,
2026/1/22,06:30,430,,30,,
2026/1/22,06:45,430,,29,,
2026/1/22,07:00,430,,27,,
2026/1/22,07:15,430,,28,,
2026/1/22,07:30,430,,26,,
2026/1/22,07:45,430,,30,,
2026/1/22,08:00,430,,33,,
2026/1/22,08:15,430,,60,,
2026/1/22,08:30,430,,90,,
2026/1/22,08:45,430,,94,,
2026/1/22,09:00,430,,96,,
2026/1/22,09:15,430,,144,,
2026/1/22,09:30,430,,214,,
2026/1/22,09:45,430,,275,,
2026/1/22,10:00,430,,297,,
2026/1/22,10:15,430,,286,,
2026/1/22,10:30,430,,272,,
2026/1/22,10:45,430,,288,,
2026/1/22,11:00,430,,287,,
2026/1/22,11:15,430,,,,277
2026/1/22,11:30,430,,,,290
2026/1/22,11:45,430,,,,300
2026/1/22,12:00,430,,,,283
2026/1/22,12:15,430,,,,260
2026/1/22,12:30,430,,,,247
2026/1/22,12:45,430,,,,249
2026/1/22,13:00,430,,,,242
2026/1/22,13:15,430,,,,246
2026/1/22,13:30,430,,,,286
2026/1/22,13:45,430,,,,302
2026/1/22,14:00,430,,,,288
2026/1/22,14:15,430,,277,,
2026/1/22,14:30,430,,286,,
2026/1/22,14:45,430,,297,,
2026/1/22,15:00,430,,290,,
2026/1/22,15:15,430,,289,,
2026/1/22,15:30,430,,300,,
2026/1/22,15:45,430,,280,,
2026/1/22,16:00,430,,283,,
2026/1/22,16:15,430,,277,,
2026/1/22,16:30,430,,305,,
2026/1/22,16:45,430,,293,,
2026/1/22,17:00,430,,302,,
2026/1/22,17:15,430,,291,,
2026/1/22,17:30,430,,227,,
2026/1/22,17:45,430,,205,,
2026/1/22,18:00,430,,227,,
2026/1/22,18:15,430,,254,,
2026/1/22,18:30,430,,243,,
2026/1/22,18:45,430,,251,,
2026/1/22,19:00,430,,262,,
2026/1/22,19:15,430,,266,,
2026/1/22,19:30,430,,256,,
2026/1/22,19:45,430,,243,,
2026/1/22,20:00,430,,254,,
2026/1/22,20:15,430,,259,,
2026/1/22,20:30,430,,245,,
2026/1/22,20:45,430,,245,,
2026/1/22,21:00,430,,264,,
2026/1/22,21:15,430,,261,,
2026/1/22,21:30,430,,261,,
2026/1/22,21:45,430,,251,,
2026/1/22,22:00,430,,238,,
2026/1/22,22:15,430,,246,,
2026/1/22,22:30,430,,261,,
2026/1/22,22:45,430,,248,,
2026/1/22,23:00,430,,230,,
2026/1/22,23:15,430,,253,,
2026/1/22,23:30,430,,262,,
2026/1/22,23:45,430,,254,,
2026/1/23,00:00,430,,242,,
2026/1/23,00:15,430,,,,235
2026/1/23,00:30,430,,,,208
2026/1/23,00:45,430,,,,133
2026/1/23,01:00,430,,,,93
2026/1/23,01:15,430,,,,62
2026/1/23,01:30,430,,,,62
2026/1/23,01:45,430,,,,53
2026/1/23,02:00,430,,,,48
2026/1/23,02:15,430,,,,48
2026/1/23,02:30,430,,,,48
2026/1/23,02:45,430,,,,46
2026/1/23,03:00,430,,,,48
2026/1/23,03:15,430,,,,48
2026/1/23,03:30,430,,,,48
2026/1/23,03:45,430,,,,48
2026/1/23,04:00,430,,,,48
2026/1/23,04:15,430,,,,48
2026/1/23,04:30,430,,,,46
2026/1/23,04:45,430,,,,48
2026/1/23,05:00,430,,,,48
2026/1/23,05:15,430,,,,32
2026/1/23,05:30,430,,,,24
2026/1/23,05:45,430,,,,24
2026/1/23,06:00,430,,,,26
2026/1/23,06:15,430,,26,,
2026/1/23,06:30,430,,27,,
2026/1/23,06:45,430,,27,,
2026/1/23,07:00,430,,26,,
2026/1/23,07:15,430,,27,,
2026/1/23,07:30,430,,26,,
2026/1/23,07:45,430,,29,,
2026/1/23,08:00,430,,31,,
2026/1/23,08:15,430,,42,,
2026/1/23,08:30,430,,82,,
2026/1/23,08:45,430,,92,,
2026/1/23,09:00,430,,97,,
2026/1/23,09:15,430,,132,,
2026/1/23,09:30,430,,233,,
2026/1/23,09:45,430,,278,,
2026/1/23,10:00,430,,303,,
2026/1/23,10:15,430,,315,,
2026/1/23,10:30,430,,330,,
2026/1/23,10:45,430,,343,,
2026/1/23,11:00,430,,325,,
2026/1/23,11:15,430,,,,307
2026/1/23,11:30,430,,,,311
2026/1/23,11:45,430,,,,352
2026/1/23,12:00,430,,,,363
2026/1/23,12:15,430,,,,349
2026/1/23,12:30,430,,,,324
2026/1/23,12:45,430,,,,317
2026/1/23,13:00,430,,,,316
2026/1/23,13:15,430,,,,350
2026/1/23,13:30,430,,,,350
2026/1/23,13:45,430,,,,365
2026/1/23,14:00,430,,,,369
2026/1/23,14:15,430,,356,,
2026/1/23,14:30,430,,349,,
2026/1/23,14:45,430,,357,,
2026/1/23,15:00,430,,370,,
2026/1/23,15:15,430,,389,,
2026/1/23,15:30,430,,362,,
2026/1/23,15:45,430,,363,,
2026/1/23,16:00,430,,360,,
2026/1/23,16:15,430,,365,,
2026/1/23,16:30,430,,364,,
2026/1/23,16:45,430,,346,,
2026/1/23,17:00,430,,327,,
2026/1/23,17:15,430,,290,,
2026/1/23,17:30,430,,225,,
2026/1/23,17:45,430,,203,,
2026/1/23,18:00,430,,226,,
2026/1/23,18:15,430,,259,,
2026/1/23,18:30,430,,256,,
2026/1/23,18:45,430,,254,,
2026/1/23,19:00,430,,258,,
2026/1/23,19:15,430,,261,,
2026/1/23,19:30,430,,267,,
2026/1/23,19:45,430,,256,,
2026/1/23,20:00,430,,238,,
2026/1/23,20:15,430,,253,,
2026/1/23,20:30,430,,243,,
2026/1/23,20:45,430,,253,,
2026/1/23,21:00,430,,258,,
2026/1/23,21:15,430,,248,,
2026/1/23,21:30,430,,258,,
2026/1/23,21:45,430,,259,,
2026/1/23,22:00,430,,238,,
2026/1/23,22:15,430,,250,,
2026/1/23,22:30,430,,258,,
2026/1/23,22:45,430,,246,,
2026/1/23,23:00,430,,246,,
2026/1/23,23:15,430,,254,,
2026/1/23,23:30,430,,250,,
2026/1/23,23:45,430,,246,,
2026/1/24,00:00,430,,251,,
2026/1/24,00:15,430,,,,246
2026/1/24,00:30,430,,,,230
2026/1/24,00:45,430,,,,230
2026/1/24,01:00,430,,,,248
2026/1/24,01:15,430,,,,251
2026/1/24,01:30,430,,,,237
2026/1/24,01:45,430,,,,237
2026/1/24,02:00,430,,,,206
2026/1/24,02:15,430,,,,149
2026/1/24,02:30,430,,,,99
2026/1/24,02:45,430,,,,72
2026/1/24,03:00,430,,,,59
2026/1/24,03:15,430,,,,59
2026/1/24,03:30,430,,,,56
2026/1/24,03:45,430,,,,56
2026/1/24,04:00,430,,,,58
2026/1/24,04:15,430,,,,56
2026/1/24,04:30,430,,,,51
2026/1/24,04:45,430,,,,45
2026/1/24,05:00,430,,,,45
2026/1/24,05:15,430,,,,34
2026/1/24,05:30,430,,,,22
2026/1/24,05:45,430,,,,24
2026/1/24,06:00,430,,,,24
2026/1/24,06:15,430,,,27,
2026/1/24,06:30,430,,,29,
2026/1/24,06:45,430,,,30,
2026/1/24,07:00,430,,,32,
2026/1/24,07:15,430,,,28,
2026/1/24,07:30,430,,,27,
2026/1/24,07:45,430,,,31,
2026/1/24,08:00,430,,,31,
2026/1/24,08:15,430,,,33,
2026/1/24,08:30,430,,,63,
2026/1/24,08:45,430,,,82,
2026/1/24,09:00,430,,,87,
2026/1/24,09:15,430,,,136,
2026/1/24,09:30,430,,,226,
2026/1/24,09:45,430,,,286,
2026/1/24,10:00,430,,,282,
2026/1/24,10:15,430,,,294,
2026/1/24,10:30,430,,,286,
2026/1/24,10:45,430,,,281,
2026/1/24,11:00,430,,,285,
2026/1/24,11:15,430,,,,292
2026/1/24,11:30,430,,,,281
2026/1/24,11:45,430,,,,291
2026/1/24,12:00,430,,,,276
2026/1/24,12:15,430,,,,248
2026/1/24,12:30,430,,,,226
2026/1/24,12:45,430,,,,229
2026/1/24,13:00,430,,,,228
2026/1/24,13:15,430,,,,227
2026/1/24,13:30,430,,,,274
2026/1/24,13:45,430,,,,287
2026/1/24,14:00,430,,,,276
2026/1/24,14:15,430,,,278,
2026/1/24,14:30,430,,,286,
2026/1/24,14:45,430,,,274,
2026/1/24,15:00,430,,,278,
2026/1/24,15:15,430,,,296,
2026/1/24,15:30,430,,,292,
2026/1/24,15:45,430,,,271,
2026/1/24,16:00,430,,,268,
2026/1/24,16:15,430,,,285,
2026/1/24,16:30,430,,,290,
2026/1/24,16:45,430,,,284,
2026/1/24,17:00,430,,,277,
2026/1/24,17:15,430,,,253,
2026/1/24,17:30,430,,,236,
2026/1/24,17:45,430,,,208,
2026/1/24,18:00,430,,,224,
2026/1/24,18:15,430,,,264,
2026/1/24,18:30,430,,,267,
2026/1/24,18:45,430,,,253,
2026/1/24,19:00,430,,,274,
2026/1/24,19:15,430,,,230,
2026/1/24,19:30,430,,,200,
2026/1/24,19:45,430,,,216,
2026/1/24,20:00,430,,,245,
2026/1/24,20:15,430,,,230,
2026/1/24,20:30,430,,,211,
2026/1/24,20:45,430,,,224,
2026/1/24,21:00,430,,,259,
2026/1/24,21:15,430,,,261,
2026/1/24,21:30,430,,,243,
2026/1/24,21:45,430,,,262,
2026/1/24,22:00,430,,,253,
2026/1/24,22:15,430,,,221,
2026/1/24,22:30,430,,,205,
2026/1/24,22:45,430,,,224,
2026/1/24,23:00,430,,,246,
2026/1/24,23:15,430,,,210,
2026/1/24,23:30,430,,,206,
2026/1/24,23:45,430,,,221,
2026/1/25,00:00,430,,,230,
2026/1/25,00:15,430,,,,168
2026/1/25,00:30,430,,,,107
2026/1/25,00:45,430,,,,82
2026/1/25,01:00,430,,,,48
2026/1/25,01:15,430,,,,48
2026/1/25,01:30,430,,,,46
2026/1/25,01:45,430,,,,46
2026/1/25,02:00,430,,,,45
2026/1/25,02:15,430,,,,43
2026/1/25,02:30,430,,,,45
2026/1/25,02:45,430,,,,45
2026/1/25,03:00,430,,,,43
2026/1/25,03:15,430,,,,45
2026/1/25,03:30,430,,,,43
2026/1/25,03:45,430,,,,27
2026/1/25,04:00,430,,,,22
2026/1/25,04:15,430,,,,22
2026/1/25,04:30,430,,,,21
2026/1/25,04:45,430,,,,22
2026/1/25,05:00,430,,,,21
2026/1/25,05:15,430,,,,19
2026/1/25,05:30,430,,,,21
2026/1/25,05:45,430,,,,21
2026/1/25,06:00,430,,,,19
2026/1/25,06:15,430,,,,21
2026/1/25,06:30,430,,,,22
2026/1/25,06:45,430,,,,21
2026/1/25,07:00,430,,,,21
2026/1/25,07:15,430,,,,22
2026/1/25,07:30,430,,,,23
2026/1/25,07:45,430,,,,24
2026/1/25,08:00,430,,,,25
2026/1/25,08:15,430,,,,24
2026/1/25,08:30,430,,,,26
2026/1/25,08:45,430,,,,24
2026/1/25,09:00,430,,,,26
2026/1/25,09:15,430,,,,35
2026/1/25,09:30,430,,,,42
2026/1/25,09:45,430,,,,42
2026/1/25,10:00,430,,,,42
2026/1/25,10:15,430,,,,44
2026/1/25,10:30,430,,,,45
2026/1/25,10:45,430,,,,44
2026/1/25,11:00,430,,,,63
2026/1/25,11:15,430,,,,119
2026/1/25,11:30,430,,,,148
2026/1/25,11:45,430,,,,188
2026/1/25,12:00,430,,,,265
2026/1/25,12:15,430,,,,285
2026/1/25,12:30,430,,,,286
2026/1/25,12:45,430,,,,259
2026/1/25,13:00,430,,,,257
2026/1/25,13:15,430,,,,264
2026/1/25,13:30,430,,,,268
2026/1/25,13:45,430,,,,262
2026/1/25,14:00,430,,,,259
2026/1/25,14:15,430,,,,277
2026/1/25,14:30,430,,,,272
2026/1/25,14:45,430,,,,273
2026/1/25,15:00,430,,,,271
2026/1/25,15:15,430,,,,288
2026/1/25,15:30,430,,,,278
2026/1/25,15:45,430,,,,271
2026/1/25,16:00,430,,,,253
2026/1/25,16:15,430,,,,281
2026/1/25,16:30,430,,,,259
2026/1/25,16:45,430,,,,222
2026/1/25,17:00,430,,,,151
2026/1/25,17:15,430,,,,101
2026/1/25,17:30,430,,,,104
2026/1/25,17:45,430,,,,96
2026/1/25,18:00,430,,,,78
2026/1/25,18:15,430,,,,58
2026/1/25,18:30,430,,,,54
2026/1/25,18:45,430,,,,46
2026/1/25,19:00,430,,,,45
2026/1/25,19:15,430,,,,46
2026/1/25,19:30,430,,,,46
2026/1/25,19:45,430,,,,46
2026/1/25,20:00,430,,,,46
2026/1/25,20:15,430,,,,46
2026/1/25,20:30,430,,,,46
2026/1/25,20:45,430,,,,42
2026/1/25,21:00,430,,,,40
2026/1/25,21:15,430,,,,32
2026/1/25,21:30,430,,,,19
2026/1/25,21:45,430,,,,21
2026/1/25,22:00,430,,,,18
2026/1/25,22:15,430,,,,18
2026/1/25,22:30,430,,,,18
2026/1/25,22:45,430,,,,19
2026/1/25,23:00,430,,,,16
2026/1/25,23:15,430,,,,18
2026/1/25,23:30,430,,,,16
2026/1/25,23:45,430,,,,24
2026/1/26,00:00,430,,,,21
2026/1/26,00:15,430,,,,18
2026/1/26,00:30,430,,,,18
2026/1/26,00:45,430,,,,18
2026/1/26,01:00,430,,,,18
2026/1/26,01:15,430,,,,18
2026/1/26,01:30,430,,,,16
2026/1/26,01:45,430,,,,18
2026/1/26,02:00,430,,,,18
2026/1/26,02:15,430,,,,16
2026/1/26,02:30,430,,,,18
2026/1/26,02:45,430,,,,16
2026/1/26,03:00,430,,,,18
2026/1/26,03:15,430,,,,21
2026/1/26,03:30,430,,,,21
2026/1/26,03:45,430,,,,21
2026/1/26,04:00,430,,,,21
2026/1/26,04:15,430,,,,22
2026/1/26,04:30,430,,,,21
2026/1/26,04:45,430,,,,21
2026/1/26,05:00,430,,,,22
2026/1/26,05:15,430,,,,21
2026/1/26,05:30,430,,,,21
2026/1/26,05:45,430,,,,24
2026/1/26,06:00,430,,,,22
2026/1/26,06:15,430,,27,,
2026/1/26,06:30,430,,30,,
2026/1/26,06:45,430,,30,,
2026/1/26,07:00,430,,26,,
2026/1/26,07:15,430,,27,,
2026/1/26,07:30,430,,27,,
2026/1/26,07:45,430,,29,,
2026/1/26,08:00,430,,33,,
2026/1/26,08:15,430,,46,,
2026/1/26,08:30,430,,93,,
2026/1/26,08:45,430,,113,,
2026/1/26,09:00,430,,114,,
2026/1/26,09:15,430,,134,,
2026/1/26,09:30,430,,188,,
2026/1/26,09:45,430,,233,,
2026/1/26,10:00,430,,264,,
2026/1/26,10:15,430,,285,,
2026/1/26,10:30,430,,310,,
2026/1/26,10:45,430,,301,,
2026/1/26,11:00,430,,287,,
2026/1/26,11:15,430,,,,284
2026/1/26,11:30,430,,,,289
2026/1/26,11:45,430,,,,277
2026/1/26,12:00,430,,,,295
2026/1/26,12:15,430,,,,261
2026/1/26,12:30,430,,,,252
2026/1/26,12:45,430,,,,239
2026/1/26,13:00,430,,,,226
2026/1/26,13:15,430,,,,252
2026/1/26,13:30,430,,,,272
2026/1/26,13:45,430,,,,278
2026/1/26,14:00,430,,,,271
2026/1/26,14:15,430,,292,,
2026/1/26,14:30,430,,297,,
2026/1/26,14:45,430,,282,,
2026/1/26,15:00,430,,291,,
2026/1/26,15:15,430,,297,,
2026/1/26,15:30,430,,277,,
2026/1/26,15:45,430,,283,,
2026/1/26,16:00,430,,300,,
2026/1/26,16:15,430,,305,,
2026/1/26,16:30,430,,294,,
2026/1/26,16:45,430,,272,,
2026/1/26,17:00,430,,290,,
2026/1/26,17:15,430,,269,,
2026/1/26,17:30,430,,228,,
2026/1/26,17:45,430,,213,,
2026/1/26,18:00,430,,246,,
2026/1/26,18:15,430,,278,,
2026/1/26,18:30,430,,277,,
2026/1/26,18:45,430,,285,,
2026/1/26,19:00,430,,293,,
2026/1/26,19:15,430,,296,,
2026/1/26,19:30,430,,277,,
2026/1/26,19:45,430,,278,,
2026/1/26,20:00,430,,272,,
2026/1/26,20:15,430,,274,,
2026/1/26,20:30,430,,285,,
2026/1/26,20:45,430,,290,,
2026/1/26,21:00,430,,278,,
2026/1/26,21:15,430,,235,,
2026/1/26,21:30,430,,237,,
2026/1/26,21:45,430,,258,,
2026/1/26,22:00,430,,261,,
2026/1/26,22:15,430,,248,,
2026/1/26,22:30,430,,262,,
2026/1/26,22:45,430,,254,,
2026/1/26,23:00,430,,264,,
2026/1/26,23:15,430,,246,,
2026/1/26,23:30,430,,256,,
2026/1/26,23:45,430,,267,,
2026/1/27,00:00,430,,256,,
2026/1/27,00:15,430,,,,218
2026/1/27,00:30,430,,,,155
2026/1/27,00:45,430,,,,142
2026/1/27,01:00,430,,,,155
2026/1/27,01:15,430,,,,96
2026/1/27,01:30,430,,,,72
2026/1/27,01:45,430,,,,62
2026/1/27,02:00,430,,,,61
2026/1/27,02:15,430,,,,56
2026/1/27,02:30,430,,,,50
2026/1/27,02:45,430,,,,48
2026/1/27,03:00,430,,,,48
2026/1/27,03:15,430,,,,48
2026/1/27,03:30,430,,,,48
2026/1/27,03:45,430,,,,46
2026/1/27,04:00,430,,,,48
2026/1/27,04:15,430,,,,32
2026/1/27,04:30,430,,,,22
2026/1/27,04:45,430,,,,22
2026/1/27,05:00,430,,,,24
2026/1/27,05:15,430,,,,21
2026/1/27,05:30,430,,,,24
2026/1/27,05:45,430,,,,22
2026/1/27,06:00,430,,,,27
2026/1/27,06:15,430,,29,,
2026/1/27,06:30,430,,30,,
2026/1/27,06:45,430,,29,,
2026/1/27,07:00,430,,28,,
2026/1/27,07:15,430,,26,,
2026/1/27,07:30,430,,28,,
2026/1/27,07:45,430,,28,,
2026/1/27,08:00,430,,33,,
2026/1/27,08:15,430,,45,,
2026/1/27,08:30,430,,57,,
2026/1/27,08:45,430,,71,,
2026/1/27,09:00,430,,92,,
2026/1/27,09:15,430,,124,,
2026/1/27,09:30,430,,213,,
2026/1/27,09:45,430,,276,,
2026/1/27,10:00,430,,296,,
2026/1/27,10:15,430,,290,,
2026/1/27,10:30,430,,300,,
2026/1/27,10:45,430,,303,,
2026/1/27,11:00,430,,305,,
2026/1/27,11:15,430,,,,296
2026/1/27,11:30,430,,,,304
2026/1/27,11:45,430,,,,300
2026/1/27,12:00,430,,,,295
2026/1/27,12:15,430,,,,261
2026/1/27,12:30,430,,,,259
2026/1/27,12:45,430,,,,253
2026/1/27,13:00,430,,,,229
2026/1/27,13:15,430,,,,262
2026/1/27,13:30,430,,,,290
2026/1/27,13:45,430,,,,310
2026/1/27,14:00,430,,,,310
2026/1/27,14:15,430,,291,,
2026/1/27,14:30,430,,299,,
2026/1/27,14:45,430,,309,,
2026/1/27,15:00,430,,312,,
2026/1/27,15:15,430,,295,,
2026/1/27,15:30,430,,310,,
2026/1/27,15:45,430,,309,,
2026/1/27,16:00,430,,304,,
2026/1/27,16:15,430,,303,,
2026/1/27,16:30,430,,307,,
2026/1/27,16:45,430,,307,,
2026/1/27,17:00,430,,325,,
2026/1/27,17:15,430,,283,,
2026/1/27,17:30,430,,218,,
2026/1/27,17:45,430,,211,,
2026/1/27,18:00,430,,248,,
2026/1/27,18:15,430,,256,,
2026/1/27,18:30,430,,272,,
2026/1/27,18:45,430,,277,,
2026/1/27,19:00,430,,270,,
2026/1/27,19:15,430,,253,,
2026/1/27,19:30,430,,256,,
2026/1/27,19:45,430,,270,,
2026/1/27,20:00,430,,253,,
2026/1/27,20:15,430,,238,,
2026/1/27,20:30,430,,238,,
2026/1/27,20:45,430,,250,,
2026/1/27,21:00,430,,258,,
2026/1/27,21:15,430,,232,,
2026/1/27,21:30,430,,264,,
2026/1/27,21:45,430,,258,,
2026/1/27,22:00,430,,253,,
2026/1/27,22:15,430,,259,,
2026/1/27,22:30,430,,243,,
2026/1/27,22:45,430,,238,,
2026/1/27,23:00,430,,243,,
2026/1/27,23:15,430,,258,,
2026/1/27,23:30,430,,259,,
2026/1/27,23:45,430,,229,,
2026/1/28,00:00,430,,221,,
2026/1/28,00:15,430,,,,221
2026/1/28,00:30,430,,,,208
2026/1/28,00:45,430,,,,154
2026/1/28,01:00,430,,,,101
2026/1/28,01:15,430,,,,64
2026/1/28,01:30,430,,,,50
2026/1/28,01:45,430,,,,48
2026/1/28,02:00,430,,,,46
2026/1/28,02:15,430,,,,45
2026/1/28,02:30,430,,,,46
2026/1/28,02:45,430,,,,46
2026/1/28,03:00,430,,,,46
2026/1/28,03:15,430,,,,46
2026/1/28,03:30,430,,,,45
2026/1/28,03:45,430,,,,45
2026/1/28,04:00,430,,,,43
2026/1/28,04:15,430,,,,24
2026/1/28,04:30,430,,,,24
2026/1/28,04:45,430,,,,22
2026/1/28,05:00,430,,,,24
2026/1/28,05:15,430,,,,24
2026/1/28,05:30,430,,,,22
2026/1/28,05:45,430,,,,24
2026/1/28,06:00,430,,,,24
2026/1/28,06:15,430,,29,,
2026/1/28,06:30,430,,30,,
2026/1/28,06:45,430,,29,,
2026/1/28,07:00,430,,29,,
2026/1/28,07:15,430,,29,,
2026/1/28,07:30,430,,27,,
2026/1/28,07:45,430,,31,,
2026/1/28,08:00,430,,33,,
2026/1/28,08:15,430,,41,,
2026/1/28,08:30,430,,77,,
2026/1/28,08:45,430,,83,,
2026/1/28,09:00,430,,89,,
2026/1/28,09:15,430,,139,,
2026/1/28,09:30,430,,235,,
2026/1/28,09:45,430,,286,,
2026/1/28,10:00,430,,288,,
2026/1/28,10:15,430,,301,,
2026/1/28,10:30,430,,303,,
2026/1/28,10:45,430,,294,,
2026/1/28,11:00,430,,283,,
2026/1/28,11:15,430,,,,294
2026/1/28,11:30,430,,,,306
2026/1/28,11:45,430,,,,289
2026/1/28,12:00,430,,,,276
2026/1/28,12:15,430,,,,257
2026/1/28,12:30,430,,,,268
2026/1/28,12:45,430,,,,234
2026/1/28,13:00,430,,,,239
2026/1/28,13:15,430,,,,264
2026/1/28,13:30,430,,,,276
2026/1/28,13:45,430,,,,299
2026/1/28,14:00,430,,,,290
2026/1/28,14:15,430,,292,,
2026/1/28,14:30,430,,296,,
2026/1/28,14:45,430,,265,,
2026/1/28,15:00,430,,279,,
2026/1/28,15:15,430,,313,,
2026/1/28,15:30,430,,288,,
2026/1/28,15:45,430,,293,,
2026/1/28,16:00,430,,300,,
2026/1/28,16:15,430,,313,,
2026/1/28,16:30,430,,307,,
2026/1/28,16:45,430,,280,,
2026/1/28,17:00,430,,300,,
2026/1/28,17:15,430,,288,,
2026/1/28,17:30,430,,209,,
2026/1/28,17:45,430,,197,,
2026/1/28,18:00,430,,232,,
2026/1/28,18:15,430,,269,,
2026/1/28,18:30,430,,258,,
2026/1/28,18:45,430,,266,,
2026/1/28,19:00,430,,270,,
2026/1/28,19:15,430,,251,,
2026/1/28,19:30,430,,240,,
2026/1/28,19:45,430,,232,,
2026/1/28,20:00,430,,240,,
2026/1/28,20:15,430,,250,,
2026/1/28,20:30,430,,240,,
2026/1/28,20:45,430,,243,,
2026/1/28,21:00,430,,262,,
2026/1/28,21:15,430,,258,,
2026/1/28,21:30,430,,243,,
2026/1/28,21:45,430,,238,,
2026/1/28,22:00,430,,266,,
2026/1/28,22:15,430,,237,,
2026/1/28,22:30,430,,226,,
2026/1/28,22:45,430,,248,,
2026/1/28,23:00,430,,238,,
2026/1/28,23:15,430,,210,,
2026/1/28,23:30,430,,218,,
2026/1/28,23:45,430,,238,,
2026/1/29,00:00,430,,248,,
2026/1/29,00:15,430,,,,222
2026/1/29,00:30,430,,,,210
2026/1/29,00:45,430,,,,155
2026/1/29,01:00,430,,,,107
2026/1/29,01:15,430,,,,80
2026/1/29,01:30,430,,,,62
2026/1/29,01:45,430,,,,59
2026/1/29,02:00,430,,,,51
2026/1/29,02:15,430,,,,48
2026/1/29,02:30,430,,,,50
2026/1/29,02:45,430,,,,50
2026/1/29,03:00,430,,,,48
2026/1/29,03:15,430,,,,50
2026/1/29,03:30,430,,,,50
2026/1/29,03:45,430,,,,48
2026/1/29,04:00,430,,,,35
2026/1/29,04:15,430,,,,26
2026/1/29,04:30,430,,,,22
2026/1/29,04:45,430,,,,22
2026/1/29,05:00,430,,,,24
2026/1/29,05:15,430,,,,26
2026/1/29,05:30,430,,,,24
2026/1/29,05:45,430,,,,26
2026/1/29,06:00,430,,,,26
2026/1/29,06:15,430,,29,,
2026/1/29,06:30,430,,30,,
2026/1/29,06:45,430,,32,,
2026/1/29,07:00,430,,28,,
2026/1/29,07:15,430,,28,,
2026/1/29,07:30,430,,29,,
2026/1/29,07:45,430,,29,,
2026/1/29,08:00,430,,33,,
2026/1/29,08:15,430,,46,,
2026/1/29,08:30,430,,82,,
2026/1/29,08:45,430,,94,,
2026/1/29,09:00,430,,94,,
2026/1/29,09:15,430,,152,,
2026/1/29,09:30,430,,214,,
2026/1/29,09:45,430,,273,,
2026/1/29,10:00,430,,308,,
2026/1/29,10:15,430,,298,,
2026/1/29,10:30,430,,314,,
2026/1/29,10:45,430,,311,,
2026/1/29,11:00,430,,301,,
2026/1/29,11:15,430,,,,280
2026/1/29,11:30,430,,,,289
2026/1/29,11:45,430,,,,286
2026/1/29,12:00,430,,,,262
2026/1/29,12:15,430,,,,253
2026/1/29,12:30,430,,,,269
2026/1/29,12:45,430,,,,264
2026/1/29,13:00,430,,,,254
2026/1/29,13:15,430,,,,259
2026/1/29,13:30,430,,,,286
2026/1/29,13:45,430,,,,311
2026/1/29,14:00,430,,,,309
2026/1/29,14:15,430,,295,,
2026/1/29,14:30,430,,292,,
2026/1/29,14:45,430,,303,,
2026/1/29,15:00,430,,294,,
2026/1/29,15:15,430,,292,,
2026/1/29,15:30,430,,319,,
2026/1/29,15:45,430,,299,,
2026/1/29,16:00,430,,304,,
2026/1/29,16:15,430,,307,,
2026/1/29,16:30,430,,296,,
2026/1/29,16:45,430,,275,,
2026/1/29,17:00,430,,297,,
2026/1/29,17:15,430,,294,,
2026/1/29,17:30,430,,210,,
2026/1/29,17:45,430,,208,,
2026/1/29,18:00,430,,229,,
2026/1/29,18:15,430,,254,,
2026/1/29,18:30,430,,251,,
2026/1/29,18:45,430,,256,,
2026/1/29,19:00,430,,266,,
2026/1/29,19:15,430,,261,,
2026/1/29,19:30,430,,250,,
2026/1/29,19:45,430,,240,,
2026/1/29,20:00,430,,250,,
2026/1/29,20:15,430,,242,,
2026/1/29,20:30,430,,219,,
2026/1/29,20:45,430,,240,,
2026/1/29,21:00,430,,266,,
2026/1/29,21:15,430,,262,,
2026/1/29,21:30,430,,266,,
2026/1/29,21:45,430,,269,,
2026/1/29,22:00,430,,250,,
2026/1/29,22:15,430,,250,,
2026/1/29,22:30,430,,264,,
2026/1/29,22:45,430,,235,,
2026/1/29,23:00,430,,235,,
2026/1/29,23:15,430,,245,,
2026/1/29,23:30,430,,237,,
2026/1/29,23:45,430,,226,,
2026/1/30,00:00,430,,219,,
2026/1/30,00:15,430,,,,218
2026/1/30,00:30,430,,,,205
2026/1/30,00:45,430,,,,157
2026/1/30,01:00,430,,,,99
2026/1/30,01:15,430,,,,58
2026/1/30,01:30,430,,,,50
2026/1/30,01:45,430,,,,51
2026/1/30,02:00,430,,,,48
2026/1/30,02:15,430,,,,50
2026/1/30,02:30,430,,,,50
2026/1/30,02:45,430,,,,51
2026/1/30,03:00,430,,,,48
2026/1/30,03:15,430,,,,50
2026/1/30,03:30,430,,,,48
2026/1/30,03:45,430,,,,50
2026/1/30,04:00,430,,,,46
2026/1/30,04:15,430,,,,26
2026/1/30,04:30,430,,,,24
2026/1/30,04:45,430,,,,24
2026/1/30,05:00,430,,,,24
2026/1/30,05:15,430,,,,24
2026/1/30,05:30,430,,,,24
2026/1/30,05:45,430,,,,24
2026/1/30,06:00,430,,,,24
2026/1/30,06:15,430,,27,,
2026/1/30,06:30,430,,29,,
2026/1/30,06:45,430,,29,,
2026/1/30,07:00,430,,28,,
2026/1/30,07:15,430,,28,,
2026/1/30,07:30,430,,30,,
2026/1/30,07:45,430,,30,,
2026/1/30,08:00,430,,35,,
2026/1/30,08:15,430,,52,,
2026/1/30,08:30,430,,91,,
2026/1/30,08:45,430,,93,,
2026/1/30,09:00,430,,93,,
2026/1/30,09:15,430,,121,,
2026/1/30,09:30,430,,161,,
2026/1/30,09:45,430,,187,,
2026/1/30,10:00,430,,227,,
2026/1/30,10:15,430,,285,,
2026/1/30,10:30,430,,288,,
2026/1/30,10:45,430,,294,,
2026/1/30,11:00,430,,282,,
2026/1/30,11:15,430,,,,276
2026/1/30,11:30,430,,,,302
2026/1/30,11:45,430,,,,307
2026/1/30,12:00,430,,,,282
2026/1/30,12:15,430,,,,279
2026/1/30,12:30,430,,,,266
2026/1/30,12:45,430,,,,246
2026/1/30,13:00,430,,,,239
2026/1/30,13:15,430,,,,266
2026/1/30,13:30,430,,,,291
2026/1/30,13:45,430,,,,302
2026/1/30,14:00,430,,,,287
2026/1/30,14:15,430,,292,,
2026/1/30,14:30,430,,311,,
2026/1/30,14:45,430,,302,,
2026/1/30,15:00,430,,294,,
2026/1/30,15:15,430,,300,,
2026/1/30,15:30,430,,307,,
2026/1/30,15:45,430,,310,,
2026/1/30,16:00,430,,310,,
2026/1/30,16:15,430,,297,,
2026/1/30,16:30,430,,302,,
2026/1/30,16:45,430,,313,,
2026/1/30,17:00,430,,296,,
2026/1/30,17:15,430,,281,,
2026/1/30,17:30,430,,227,,
2026/1/30,17:45,430,,200,,
2026/1/30,18:00,430,,227,,
2026/1/30,18:15,430,,256,,
2026/1/30,18:30,430,,266,,
2026/1/30,18:45,430,,267,,
2026/1/30,19:00,430,,258,,
2026/1/30,19:15,430,,259,,
2026/1/30,19:30,430,,248,,
2026/1/30,19:45,430,,254,,
2026/1/30,20:00,430,,253,,
2026/1/30,20:15,430,,262,,
2026/1/30,20:30,430,,246,,
2026/1/30,20:45,430,,234,,
2026/1/30,21:00,430,,254,,
2026/1/30,21:15,430,,254,,
2026/1/30,21:30,430,,246,,
2026/1/30,21:45,430,,246,,
2026/1/30,22:00,430,,259,,
2026/1/30,22:15,430,,246,,
2026/1/30,22:30,430,,243,,
2026/1/30,22:45,430,,237,,
2026/1/30,23:00,430,,258,,
2026/1/30,23:15,430,,242,,
2026/1/30,23:30,430,,238,,
2026/1/30,23:45,430,,245,,
2026/1/31,00:00,430,,253,,
2026/1/31,00:15,430,,,,219
2026/1/31,00:30,430,,,,192
2026/1/31,00:45,430,,,,146
2026/1/31,01:00,430,,,,86
2026/1/31,01:15,430,,,,54
2026/1/31,01:30,430,,,,51
2026/1/31,01:45,430,,,,54
2026/1/31,02:00,430,,,,48
2026/1/31,02:15,430,,,,45
2026/1/31,02:30,430,,,,45
2026/1/31,02:45,430,,,,45
2026/1/31,03:00,430,,,,43
2026/1/31,03:15,430,,,,43
2026/1/31,03:30,430,,,,43
2026/1/31,03:45,430,,,,43
2026/1/31,04:00,430,,,,24
2026/1/31,04:15,430,,,,24
2026/1/31,04:30,430,,,,24
2026/1/31,04:45,430,,,,24
2026/1/31,05:00,430,,,,24
2026/1/31,05:15,430,,,,24
2026/1/31,05:30,430,,,,22
2026/1/31,05:45,430,,,,22
2026/1/31,06:00,430,,,,24
2026/1/31,06:15,430,,,26,
2026/1/31,06:30,430,,,27,
2026/1/31,06:45,430,,,30,
2026/1/31,07:00,430,,,28,
2026/1/31,07:15,430,,,29,
2026/1/31,07:30,430,,,28,
2026/1/31,07:45,430,,,30,
2026/1/31,08:00,430,,,33,
2026/1/31,08:15,430,,,36,
2026/1/31,08:30,430,,,49,
2026/1/31,08:45,430,,,84,
2026/1/31,09:00,430,,,86,
2026/1/31,09:15,430,,,155,
2026/1/31,09:30,430,,,242,
2026/1/31,09:45,430,,,306,
2026/1/31,10:00,430,,,286,
2026/1/31,10:15,430,,,289,
2026/1/31,10:30,430,,,314,
2026/1/31,10:45,430,,,305,
2026/1/31,11:00,430,,,296,
2026/1/31,11:15,430,,,,298
2026/1/31,11:30,430,,,,307
2026/1/31,11:45,430,,,,300
2026/1/31,12:00,430,,,,285
2026/1/31,12:15,430,,,,251
2026/1/31,12:30,430,,,,256
2026/1/31,12:45,430,,,,244
2026/1/31,13:00,430,,,,224
2026/1/31,13:15,430,,,,233
2026/1/31,13:30,430,,,,268
2026/1/31,13:45,430,,,,302
2026/1/31,14:00,430,,,,287
2026/1/31,14:15,430,,,285,
2026/1/31,14:30,430,,,276,
2026/1/31,14:45,430,,,276,
2026/1/31,15:00,430,,,286,
2026/1/31,15:15,430,,,291,
2026/1/31,15:30,430,,,294,
2026/1/31,15:45,430,,,295,
2026/1/31,16:00,430,,,292,
2026/1/31,16:15,430,,,257,
2026/1/31,16:30,430,,,263,
2026/1/31,16:45,430,,,291,
2026/1/31,17:00,430,,,296,
2026/1/31,17:15,430,,,270,
2026/1/31,17:30,430,,,230,
2026/1/31,17:45,430,,,210,
2026/1/31,18:00,430,,,246,
2026/1/31,18:15,430,,,288,
2026/1/31,18:30,430,,,288,
2026/1/31,18:45,430,,,275,
2026/1/31,19:00,430,,,275,
2026/1/31,19:15,430,,,288,
2026/1/31,19:30,430,,,269,
2026/1/31,19:45,430,,,221,
2026/1/31,20:00,430,,,216,
2026/1/31,20:15,430,,,230,
2026/1/31,20:30,430,,,238,
2026/1/31,20:45,430,,,250,
2026/1/31,21:00,430,,,269,
2026/1/31,21:15,430,,,280,
2026/1/31,21:30,430,,,251,
2026/1/31,21:45,430,,,258,
2026/1/31,22:00,430,,,286,
2026/1/31,22:15,430,,,288,
2026/1/31,22:30,430,,,264,
2026/1/31,22:45,430,,,259,
2026/1/31,23:00,430,,,213,
2026/1/31,23:15,430,,,147,
2026/1/31,23:30,430,,,123,
2026/1/31,23:45,430,,,130,
2026/2/1,00:00,430,,,110,
2026/2/1,00:15,430,,,,104
2026/2/1,00:30,430,,,,70
2026/2/1,00:45,430,,,,54
2026/2/1,01:00,430,,,,51
2026/2/1,01:15,430,,,,51
2026/2/1,01:30,430,,,,50
2026/2/1,01:45,430,,,,48
2026/2/1,02:00,430,,,,46
2026/2/1,02:15,430,,,,26
2026/2/1,02:30,430,,,,22
2026/2/1,02:45,430,,,,22
2026/2/1,03:00,430,,,,22
2026/2/1,03:15,430,,,,24
2026/2/1,03:30,430,,,,22
2026/2/1,03:45,430,,,,21
2026/2/1,04:00,430,,,,22
2026/2/1,04:15,430,,,,22
2026/2/1,04:30,430,,,,22
2026/2/1,04:45,430,,,,22
2026/2/1,05:00,430,,,,22
2026/2/1,05:15,430,,,,21
2026/2/1,05:30,430,,,,22
2026/2/1,05:45,430,,,,22
2026/2/1,06:00,430,,,,22
2026/2/1,06:15,430,,,,22
2026/2/1,06:30,430,,,,24
2026/2/1,06:45,430,,,,22
2026/2/1,07:00,430,,,,22
2026/2/1,07:15,430,,,,24
2026/2/1,07:30,430,,,,24
2026/2/1,07:45,430,,,,23
2026/2/1,08:00,430,,,,24
2026/2/1,08:15,430,,,,24
2026/2/1,08:30,430,,,,22
2026/2/1,08:45,430,,,,25
2026/2/1,09:00,430,,,,25
2026/2/1,09:15,430,,,,26
2026/2/1,09:30,430,,,,40
2026/2/1,09:45,430,,,,42
2026/2/1,10:00,430,,,,43
2026/2/1,10:15,430,,,,42
2026/2/1,10:30,430,,,,42
2026/2/1,10:45,430,,,,44
2026/2/1,11:00,430,,,,54
2026/2/1,11:15,430,,,,76
2026/2/1,11:30,430,,,,102
2026/2/1,11:45,430,,,,199
2026/2/1,12:00,430,,,,250
2026/2/1,12:15,430,,,,270
2026/2/1,12:30,430,,,,253
2026/2/1,12:45,430,,,,272
2026/2/1,13:00,430,,,,283
2026/2/1,13:15,430,,,,266
2026/2/1,13:30,430,,,,271
2026/2/1,13:45,430,,,,277
2026/2/1,14:00,430,,,,268
2026/2/1,14:15,430,,,,275
2026/2/1,14:30,430,,,,270
2026/2/1,14:45,430,,,,261
2026/2/1,15:00,430,,,,257
2026/2/1,15:15,430,,,,247
2026/2/1,15:30,430,,,,238
2026/2/1,15:45,430,,,,240
2026/2/1,16:00,430,,,,204
2026/2/1,16:15,430,,,,213
2026/2/1,16:30,430,,,,226
2026/2/1,16:45,430,,,,193
2026/2/1,17:00,430,,,,123
2026/2/1,17:15,430,,,,97
2026/2/1,17:30,430,,,,81
2026/2/1,17:45,430,,,,51
2026/2/1,18:00,430,,,,43
2026/2/1,18:15,430,,,,43
2026/2/1,18:30,430,,,,45
2026/2/1,18:45,430,,,,45
2026/2/1,19:00,430,,,,45
2026/2/1,19:15,430,,,,45
2026/2/1,19:30,430,,,,45
2026/2/1,19:45,430,,,,43
2026/2/1,20:00,430,,,,45
2026/2/1,20:15,430,,,,45
2026/2/1,20:30,430,,,,45
2026/2/1,20:45,430,,,,21
2026/2/1,21:00,430,,,,16
2026/2/1,21:15,430,,,,18
2026/2/1,21:30,430,,,,16
2026/2/1,21:45,430,,,,19
2026/2/1,22:00,430,,,,18
2026/2/1,22:15,430,,,,18
2026/2/1,22:30,430,,,,18
2026/2/1,22:45,430,,,,18
2026/2/1,23:00,430,,,,16
2026/2/1,23:15,430,,,,16
2026/2/1,23:30,430,,,,18
2026/2/1,23:45,430,,,,16
2026/2/2,00:00,430,,,,16
2026/2/2,00:15,430,,,,16
2026/2/2,00:30,430,,,,16
2026/2/2,00:45,430,,,,16
2026/2/2,01:00,430,,,,16
2026/2/2,01:15,430,,,,16
2026/2/2,01:30,430,,,,18
2026/2/2,01:45,430,,,,16
2026/2/2,02:00,430,,,,16
2026/2/2,02:15,430,,,,16
2026/2/2,02:30,430,,,,16
2026/2/2,02:45,430,,,,21
2026/2/2,03:00,430,,,,21
2026/2/2,03:15,430,,,,22
2026/2/2,03:30,430,,,,21
2026/2/2,03:45,430,,,,21
2026/2/2,04:00,430,,,,21
2026/2/2,04:15,430,,,,21
2026/2/2,04:30,430,,,,22
2026/2/2,04:45,430,,,,22
2026/2/2,05:00,430,,,,21
2026/2/2,05:15,430,,,,21
2026/2/2,05:30,430,,,,22
2026/2/2,05:45,430,,,,22
2026/2/2,06:00,430,,,,22
2026/2/2,06:15,430,,26,,
2026/2/2,06:30,430,,27,,
2026/2/2,06:45,430,,29,,
2026/2/2,07:00,430,,26,,
2026/2/2,07:15,430,,25,,
2026/2/2,07:30,430,,26,,
2026/2/2,07:45,430,,33,,
2026/2/2,08:00,430,,42,,
2026/2/2,08:15,430,,44,,
2026/2/2,08:30,430,,96,,
2026/2/2,08:45,430,,111,,
2026/2/2,09:00,430,,120,,
2026/2/2,09:15,430,,171,,
2026/2/2,09:30,430,,228,,
2026/2/2,09:45,430,,264,,
2026/2/2,10:00,430,,269,,
2026/2/2,10:15,430,,298,,
2026/2/2,10:30,430,,329,,
2026/2/2,10:45,430,,323,,
2026/2/2,11:00,430,,324,,
2026/2/2,11:15,430,,,,312
2026/2/2,11:30,430,,,,319
2026/2/2,11:45,430,,,,325
2026/2/2,12:00,430,,,,313
2026/2/2,12:15,430,,,,289
2026/2/2,12:30,430,,,,288
2026/2/2,12:45,430,,,,269
2026/2/2,13:00,430,,,,256
2026/2/2,13:15,430,,,,290
2026/2/2,13:30,430,,,,333
2026/2/2,13:45,430,,,,302
2026/2/2,14:00,430,,,,278
2026/2/2,14:15,430,,258,,
2026/2/2,14:30,430,,289,,
2026/2/2,14:45,430,,305,,
2026/2/2,15:00,430,,288,,
2026/2/2,15:15,430,,287,,
2026/2/2,15:30,430,,295,,
2026/2/2,15:45,430,,284,,
2026/2/2,16:00,430,,287,,
2026/2/2,16:15,430,,299,,
2026/2/2,16:30,430,,302,,
2026/2/2,16:45,430,,309,,
2026/2/2,17:00,430,,293,,
2026/2/2,17:15,430,,273,,
2026/2/2,17:30,430,,234,,
2026/2/2,17:45,430,,224,,
2026/2/2,18:00,430,,251,,
2026/2/2,18:15,430,,280,,
2026/2/2,18:30,430,,274,,
2026/2/2,18:45,430,,272,,
2026/2/2,19:00,430,,270,,
2026/2/2,19:15,430,,258,,
2026/2/2,19:30,430,,254,,
2026/2/2,19:45,430,,242,,
2026/2/2,20:00,430,,203,,
2026/2/2,20:15,430,,174,,
2026/2/2,20:30,430,,211,,
2026/2/2,20:45,430,,254,,
2026/2/2,21:00,430,,272,,
2026/2/2,21:15,430,,254,,
2026/2/2,21:30,430,,250,,
2026/2/2,21:45,430,,242,,
2026/2/2,22:00,430,,219,,
2026/2/2,22:15,430,,216,,
2026/2/2,22:30,430,,232,,
2026/2/2,22:45,430,,213,,
2026/2/2,23:00,430,,165,,
2026/2/2,23:15,430,,136,,
2026/2/2,23:30,430,,123,,
2026/2/2,23:45,430,,187,,
2026/2/3,00:00,430,,198,,
2026/2/3,00:15,430,,,,149
2026/2/3,00:30,430,,,,93
2026/2/3,00:45,430,,,,66
2026/2/3,01:00,430,,,,56
2026/2/3,01:15,430,,,,51
2026/2/3,01:30,430,,,,50
2026/2/3,01:45,430,,,,50
2026/2/3,02:00,430,,,,48
2026/2/3,02:15,430,,,,48
2026/2/3,02:30,430,,,,48
2026/2/3,02:45,430,,,,50
2026/2/3,03:00,430,,,,48
2026/2/3,03:15,430,,,,48
2026/2/3,03:30,430,,,,48
2026/2/3,03:45,430,,,,48
2026/2/3,04:00,430,,,,50
2026/2/3,04:15,430,,,,48
2026/2/3,04:30,430,,,,46
2026/2/3,04:45,430,,,,48
2026/2/3,05:00,430,,,,48
2026/2/3,05:15,430,,,,35
2026/2/3,05:30,430,,,,22
2026/2/3,05:45,430,,,,24
2026/2/3,06:00,430,,,,26
2026/2/3,06:15,430,,26,,
2026/2/3,06:30,430,,27,,
2026/2/3,06:45,430,,26,,
2026/2/3,07:00,430,,28,,
2026/2/3,07:15,430,,27,,
2026/2/3,07:30,430,,28,,
2026/2/3,07:45,430,,30,,
2026/2/3,08:00,430,,33,,
2026/2/3,08:15,430,,38,,
2026/2/3,08:30,430,,56,,
2026/2/3,08:45,430,,88,,
2026/2/3,09:00,430,,99,,
2026/2/3,09:15,430,,151,,
2026/2/3,09:30,430,,250,,
2026/2/3,09:45,430,,301,,
2026/2/3,10:00,430,,293,,
2026/2/3,10:15,430,,295,,
2026/2/3,10:30,430,,311,,
2026/2/3,10:45,430,,310,,
2026/2/3,11:00,430,,282,,
2026/2/3,11:15,430,,,,275
2026/2/3,11:30,430,,,,307
2026/2/3,11:45,430,,,,291
2026/2/3,12:00,430,,,,259
2026/2/3,12:15,430,,,,243
2026/2/3,12:30,430,,,,247
2026/2/3,12:45,430,,,,241
2026/2/3,13:00,430,,,,223
2026/2/3,13:15,430,,,,234
2026/2/3,13:30,430,,,,235
2026/2/3,13:45,430,,,,252
2026/2/3,14:00,430,,,,264
2026/2/3,14:15,430,,268,,
2026/2/3,14:30,430,,281,,
2026/2/3,14:45,430,,306,,
2026/2/3,15:00,430,,290,,
2026/2/3,15:15,430,,281,,
2026/2/3,15:30,430,,291,,
2026/2/3,15:45,430,,291,,
2026/2/3,16:00,430,,284,,
2026/2/3,16:15,430,,272,,
2026/2/3,16:30,430,,289,,
2026/2/3,16:45,430,,307,,
2026/2/3,17:00,430,,280,,
2026/2/3,17:15,430,,260,,
2026/2/3,17:30,430,,220,,
2026/2/3,17:45,430,,206,,
2026/2/3,18:00,430,,234,,
2026/2/3,18:15,430,,274,,
2026/2/3,18:30,430,,280,,
2026/2/3,18:45,430,,272,,
2026/2/3,19:00,430,,245,,
2026/2/3,19:15,430,,235,,
2026/2/3,19:30,430,,232,,
2026/2/3,19:45,430,,251,,
2026/2/3,20:00,430,,258,,
2026/2/3,20:15,430,,226,,
2026/2/3,20:30,430,,226,,
2026/2/3,20:45,430,,234,,
2026/2/3,21:00,430,,258,,
2026/2/3,21:15,430,,259,,
2026/2/3,21:30,430,,251,,
2026/2/3,21:45,430,,213,,
2026/2/3,22:00,430,,213,,
2026/2/3,22:15,430,,245,,
2026/2/3,22:30,430,,245,,
2026/2/3,22:45,430,,234,,
2026/2/3,23:00,430,,222,,
2026/2/3,23:15,430,,197,,
2026/2/3,23:30,430,,163,,
2026/2/3,23:45,430,,149,,
2026/2/4,00:00,430,,130,,
2026/2/4,00:15,430,,,,112
2026/2/4,00:30,430,,,,83
2026/2/4,00:45,430,,,,64
2026/2/4,01:00,430,,,,48
2026/2/4,01:15,430,,,,46
2026/2/4,01:30,430,,,,46
2026/2/4,01:45,430,,,,45
2026/2/4,02:00,430,,,,43
2026/2/4,02:15,430,,,,46
2026/2/4,02:30,430,,,,43
2026/2/4,02:45,430,,,,45
2026/2/4,03:00,430,,,,43
2026/2/4,03:15,430,,,,43
2026/2/4,03:30,430,,,,43
2026/2/4,03:45,430,,,,43
2026/2/4,04:00,430,,,,43
2026/2/4,04:15,430,,,,43
2026/2/4,04:30,430,,,,43
2026/2/4,04:45,430,,,,43
2026/2/4,05:00,430,,,,45
2026/2/4,05:15,430,,,,32
2026/2/4,05:30,430,,,,22
2026/2/4,05:45,430,,,,26
2026/2/4,06:00,430,,,,29
2026/2/4,06:15,430,,29,,
2026/2/4,06:30,430,,27,,
2026/2/4,06:45,430,,27,,
2026/2/4,07:00,430,,28,,
2026/2/4,07:15,430,,28,,
2026/2/4,07:30,430,,26,,
2026/2/4,07:45,430,,30,,
2026/2/4,08:00,430,,47,,
2026/2/4,08:15,430,,55,,
2026/2/4,08:30,430,,79,,
2026/2/4,08:45,430,,94,,
2026/2/4,09:00,430,,95,,
2026/2/4,09:15,430,,120,,
2026/2/4,09:30,430,,194,,
2026/2/4,09:45,430,,259,,
2026/2/4,10:00,430,,285,,
2026/2/4,10:15,430,,284,,
2026/2/4,10:30,430,,296,,
2026/2/4,10:45,430,,303,,
2026/2/4,11:00,430,,280,,
2026/2/4,11:15,430,,,,288
2026/2/4,11:30,430,,,,292
2026/2/4,11:45,430,,,,284
2026/2/4,12:00,430,,,,273
2026/2/4,12:15,430,,,,268
2026/2/4,12:30,430,,,,252
2026/2/4,12:45,430,,,,221
2026/2/4,13:00,430,,,,221
2026/2/4,13:15,430,,,,259
2026/2/4,13:30,430,,,,290
2026/2/4,13:45,430,,,,303
2026/2/4,14:00,430,,,,296
2026/2/4,14:15,430,,281,,
2026/2/4,14:30,430,,283,,
2026/2/4,14:45,430,,279,,
2026/2/4,15:00,430,,281,,
2026/2/4,15:15,430,,280,,
2026/2/4,15:30,430,,282,,
2026/2/4,15:45,430,,291,,
2026/2/4,16:00,430,,303,,
2026/2/4,16:15,430,,290,,
2026/2/4,16:30,430,,276,,
2026/2/4,16:45,430,,270,,
2026/2/4,17:00,430,,284,,
2026/2/4,17:15,430,,272,,
2026/2/4,17:30,430,,231,,
2026/2/4,17:45,430,,237,,
2026/2/4,18:00,430,,274,,
2026/2/4,18:15,430,,298,,
2026/2/4,18:30,430,,288,,
2026/2/4,18:45,430,,285,,
2026/2/4,19:00,430,,283,,
2026/2/4,19:15,430,,264,,
2026/2/4,19:30,430,,264,,
2026/2/4,19:45,430,,243,,
2026/2/4,20:00,430,,216,,
2026/2/4,20:15,430,,211,,
2026/2/4,20:30,430,,238,,
2026/2/4,20:45,430,,222,,
2026/2/4,21:00,430,,206,,
2026/2/4,21:15,430,,224,,
2026/2/4,21:30,430,,261,,
2026/2/4,21:45,430,,264,,
2026/2/4,22:00,430,,243,,
2026/2/4,22:15,430,,237,,
2026/2/4,22:30,430,,237,,
2026/2/4,22:45,430,,205,,
2026/2/4,23:00,430,,178,,
2026/2/4,23:15,430,,171,,
2026/2/4,23:30,430,,174,,
2026/2/4,23:45,430,,213,,
2026/2/5,00:00,430,,205,,
2026/2/5,00:15,430,,,,146
2026/2/5,00:30,430,,,,107
2026/2/5,00:45,430,,,,83
2026/2/5,01:00,430,,,,53
2026/2/5,01:15,430,,,,51
2026/2/5,01:30,430,,,,53
2026/2/5,01:45,430,,,,50
2026/2/5,02:00,430,,,,46
2026/2/5,02:15,430,,,,50
2026/2/5,02:30,430,,,,50
2026/2/5,02:45,430,,,,50
2026/2/5,03:00,430,,,,50
2026/2/5,03:15,430,,,,48
2026/2/5,03:30,430,,,,48
2026/2/5,03:45,430,,,,50
2026/2/5,04:00,430,,,,50
2026/2/5,04:15,430,,,,48
2026/2/5,04:30,430,,,,42
2026/2/5,04:45,430,,,,24
2026/2/5,05:00,430,,,,24
2026/2/5,05:15,430,,,,22
2026/2/5,05:30,430,,,,24
2026/2/5,05:45,430,,,,24
2026/2/5,06:00,430,,,,26
2026/2/5,06:15,430,,30,,
2026/2/5,06:30,430,,29,,
2026/2/5,06:45,430,,27,,
2026/2/5,07:00,430,,31,,
2026/2/5,07:15,430,,30,,
2026/2/5,07:30,430,,28,,
2026/2/5,07:45,430,,30,,
2026/2/5,08:00,430,,32,,
2026/2/5,08:15,430,,44,,
2026/2/5,08:30,430,,71,,
2026/2/5,08:45,430,,81,,
2026/2/5,09:00,430,,85,,
2026/2/5,09:15,430,,143,,
2026/2/5,09:30,430,,232,,
2026/2/5,09:45,430,,288,,
2026/2/5,10:00,430,,280,,
2026/2/5,10:15,430,,280,,
2026/2/5,10:30,430,,301,,
2026/2/5,10:45,430,,304,,
2026/2/5,11:00,430,,279,,
2026/2/5,11:15,430,,,,268
2026/2/5,11:30,430,,,,297
2026/2/5,11:45,430,,,,294
2026/2/5,12:00,430,,,,275
2026/2/5,12:15,430,,,,244
2026/2/5,12:30,430,,,,248
2026/2/5,12:45,430,,,,238
2026/2/5,13:00,430,,,,227
2026/2/5,13:15,430,,,,263
2026/2/5,13:30,430,,,,287
2026/2/5,13:45,430,,,,286
2026/2/5,14:00,430,,,,285
2026/2/5,14:15,430,,284,,
2026/2/5,14:30,430,,280,,
2026/2/5,14:45,430,,297,,
2026/2/5,15:00,430,,314,,
2026/2/5,15:15,430,,286,,
2026/2/5,15:30,430,,290,,
2026/2/5,15:45,430,,307,,
2026/2/5,16:00,430,,316,,
2026/2/5,16:15,430,,276,,
2026/2/5,16:30,430,,282,,
2026/2/5,16:45,430,,286,,
2026/2/5,17:00,430,,312,,
2026/2/5,17:15,430,,285,,
2026/2/5,17:30,430,,239,,
2026/2/5,17:45,430,,229,,
2026/2/5,18:00,430,,258,,
2026/2/5,18:15,430,,283,,
2026/2/5,18:30,430,,291,,
2026/2/5,18:45,430,,291,,
2026/2/5,19:00,430,,274,,
2026/2/5,19:15,430,,253,,
2026/2/5,19:30,430,,214,,
2026/2/5,19:45,430,,200,,
2026/2/5,20:00,430,,213,,
2026/2/5,20:15,430,,261,,
2026/2/5,20:30,430,,261,,
2026/2/5,20:45,430,,253,,
2026/2/5,21:00,430,,272,,
2026/2/5,21:15,430,,275,,
2026/2/5,21:30,430,,253,,
2026/2/5,21:45,430,,248,,
2026/2/5,22:00,430,,256,,
2026/2/5,22:15,430,,234,,
2026/2/5,22:30,430,,198,,
2026/2/5,22:45,430,,205,,
2026/2/5,23:00,430,,229,,
2026/2/5,23:15,430,,202,,
2026/2/5,23:30,430,,176,,
2026/2/5,23:45,430,,202,,
2026/2/6,00:00,430,,221,,
2026/2/6,00:15,430,,,,190
2026/2/6,00:30,430,,,,130
2026/2/6,00:45,430,,,,93
2026/2/6,01:00,430,,,,66
2026/2/6,01:15,430,,,,54
2026/2/6,01:30,430,,,,53
2026/2/6,01:45,430,,,,48
2026/2/6,02:00,430,,,,53
2026/2/6,02:15,430,,,,50
2026/2/6,02:30,430,,,,51
2026/2/6,02:45,430,,,,51
2026/2/6,03:00,430,,,,50
2026/2/6,03:15,430,,,,50
2026/2/6,03:30,430,,,,46
2026/2/6,03:45,430,,,,48
2026/2/6,04:00,430,,,,46
2026/2/6,04:15,430,,,,34
2026/2/6,04:30,430,,,,24
2026/2/6,04:45,430,,,,24
2026/2/6,05:00,430,,,,24
2026/2/6,05:15,430,,,,22
2026/2/6,05:30,430,,,,26
2026/2/6,05:45,430,,,,24
2026/2/6,06:00,430,,,,24
2026/2/6,06:15,430,,27,,
2026/2/6,06:30,430,,29,,
2026/2/6,06:45,430,,27,,
2026/2/6,07:00,430,,28,,
2026/2/6,07:15,430,,28,,
2026/2/6,07:30,430,,28,,
2026/2/6,07:45,430,,30,,
2026/2/6,08:00,430,,33,,
2026/2/6,08:15,430,,57,,
2026/2/6,08:30,430,,90,,
2026/2/6,08:45,430,,96,,
2026/2/6,09:00,430,,97,,
2026/2/6,09:15,430,,153,,
2026/2/6,09:30,430,,227,,
2026/2/6,09:45,430,,271,,
2026/2/6,10:00,430,,278,,
2026/2/6,10:15,430,,294,,
2026/2/6,10:30,430,,295,,
2026/2/6,10:45,430,,297,,
2026/2/6,11:00,430,,307,,
2026/2/6,11:15,430,,,,271
2026/2/6,11:30,430,,,,249
2026/2/6,11:45,430,,,,246
2026/2/6,12:00,430,,,,268
2026/2/6,12:15,430,,,,261
2026/2/6,12:30,430,,,,253
2026/2/6,12:45,430,,,,242
2026/2/6,13:00,430,,,,241
2026/2/6,13:15,430,,,,281
2026/2/6,13:30,430,,,,297
2026/2/6,13:45,430,,,,299
2026/2/6,14:00,430,,,,309
2026/2/6,14:15,430,,297,,
2026/2/6,14:30,430,,296,,
2026/2/6,14:45,430,,292,,
2026/2/6,15:00,430,,305,,
2026/2/6,15:15,430,,310,,
2026/2/6,15:30,430,,305,,
2026/2/6,15:45,430,,294,,
2026/2/6,16:00,430,,298,,
2026/2/6,16:15,430,,283,,
2026/2/6,16:30,430,,273,,
2026/2/6,16:45,430,,296,,
2026/2/6,17:00,430,,310,,
2026/2/6,17:15,430,,295,,
2026/2/6,17:30,430,,216,,
2026/2/6,17:45,430,,206,,
2026/2/6,18:00,430,,251,,
2026/2/6,18:15,430,,274,,
2026/2/6,18:30,430,,267,,
2026/2/6,18:45,430,,277,,
2026/2/6,19:00,430,,277,,
2026/2/6,19:15,430,,262,,
2026/2/6,19:30,430,,258,,
2026/2/6,19:45,430,,235,,
2026/2/6,20:00,430,,221,,
2026/2/6,20:15,430,,219,,
2026/2/6,20:30,430,,214,,
2026/2/6,20:45,430,,232,,
2026/2/6,21:00,430,,274,,
2026/2/6,21:15,430,,256,,
2026/2/6,21:30,430,,253,,
2026/2/6,21:45,430,,259,,
2026/2/6,22:00,430,,262,,
2026/2/6,22:15,430,,251,,
2026/2/6,22:30,430,,237,,
2026/2/6,22:45,430,,226,,
2026/2/6,23:00,430,,197,,
2026/2/6,23:15,430,,190,,
2026/2/6,23:30,430,,195,,
2026/2/6,23:45,430,,203,,
2026/2/7,00:00,430,,224,,
2026/2/7,00:15,430,,,,189
2026/2/7,00:30,430,,,,125
2026/2/7,00:45,430,,,,96
2026/2/7,01:00,430,,,,74
2026/2/7,01:15,430,,,,61
2026/2/7,01:30,430,,,,50
2026/2/7,01:45,430,,,,50
2026/2/7,02:00,430,,,,46
2026/2/7,02:15,430,,,,46
2026/2/7,02:30,430,,,,46
2026/2/7,02:45,430,,,,46
2026/2/7,03:00,430,,,,45
2026/2/7,03:15,430,,,,45
2026/2/7,03:30,430,,,,46
2026/2/7,03:45,430,,,,45
2026/2/7,04:00,430,,,,46
2026/2/7,04:15,430,,,,26
2026/2/7,04:30,430,,,,24
2026/2/7,04:45,430,,,,26
2026/2/7,05:00,430,,,,24
2026/2/7,05:15,430,,,,24
2026/2/7,05:30,430,,,,26
2026/2/7,05:45,430,,,,24
2026/2/7,06:00,430,,,,26
2026/2/7,06:15,430,,,26,
2026/2/7,06:30,430,,,26,
2026/2/7,06:45,430,,,27,
2026/2/7,07:00,430,,,30,
2026/2/7,07:15,430,,,29,
2026/2/7,07:30,430,,,28,
2026/2/7,07:45,430,,,31,
2026/2/7,08:00,430,,,34,
2026/2/7,08:15,430,,,37,
2026/2/7,08:30,430,,,37,
2026/2/7,08:45,430,,,62,
2026/2/7,09:00,430,,,69,
2026/2/7,09:15,430,,,135,
2026/2/7,09:30,430,,,209,
2026/2/7,09:45,430,,,273,
2026/2/7,10:00,430,,,281,
2026/2/7,10:15,430,,,284,
2026/2/7,10:30,430,,,286,
2026/2/7,10:45,430,,,282,
2026/2/7,11:00,430,,,288,
2026/2/7,11:15,430,,,,289
2026/2/7,11:30,430,,,,279
2026/2/7,11:45,430,,,,279
2026/2/7,12:00,430,,,,273
2026/2/7,12:15,430,,,,270
2026/2/7,12:30,430,,,,252
2026/2/7,12:45,430,,,,240
2026/2/7,13:00,430,,,,234
2026/2/7,13:15,430,,,,250
2026/2/7,13:30,430,,,,281
2026/2/7,13:45,430,,,,289
2026/2/7,14:00,430,,,,284
2026/2/7,14:15,430,,,282,
2026/2/7,14:30,430,,,281,
2026/2/7,14:45,430,,,279,
2026/2/7,15:00,430,,,285,
2026/2/7,15:15,430,,,274,
2026/2/7,15:30,430,,,282,
2026/2/7,15:45,430,,,282,
2026/2/7,16:00,430,,,296,
2026/2/7,16:15,430,,,268,
2026/2/7,16:30,430,,,273,
2026/2/7,16:45,430,,,287,
2026/2/7,17:00,430,,,292,
2026/2/7,17:15,430,,,276,
2026/2/7,17:30,430,,,223,
2026/2/7,17:45,430,,,199,
2026/2/7,18:00,430,,,234,
2026/2/7,18:15,430,,,258,
2026/2/7,18:30,430,,,258,
2026/2/7,18:45,430,,,269,
2026/2/7,19:00,430,,,258,
2026/2/7,19:15,430,,,259,
2026/2/7,19:30,430,,,267,
2026/2/7,19:45,430,,,266,
2026/2/7,20:00,430,,,248,
2026/2/7,20:15,430,,,214,
2026/2/7,20:30,430,,,170,
2026/2/7,20:45,430,,,205,
2026/2/7,21:00,430,,,245,
2026/2/7,21:15,430,,,259,
2026/2/7,21:30,430,,,266,
2026/2/7,21:45,430,,,262,
2026/2/7,22:00,430,,,250,
2026/2/7,22:15,430,,,243,
2026/2/7,22:30,430,,,232,
2026/2/7,22:45,430,,,237,
2026/2/7,23:00,430,,,218,
2026/2/7,23:15,430,,,158,
2026/2/7,23:30,430,,,128,
2026/2/7,23:45,430,,,176,
2026/2/8,00:00,430,,,226,
2026/2/8,00:15,430,,,,173
2026/2/8,00:30,430,,,,112
2026/2/8,00:45,430,,,,86
2026/2/8,01:00,430,,,,75
2026/2/8,01:15,430,,,,62
2026/2/8,01:30,430,,,,53
2026/2/8,01:45,430,,,,50
2026/2/8,02:00,430,,,,48
2026/2/8,02:15,430,,,,50
2026/2/8,02:30,430,,,,50
2026/2/8,02:45,430,,,,51
2026/2/8,03:00,430,,,,50
2026/2/8,03:15,430,,,,50
2026/2/8,03:30,430,,,,48
2026/2/8,03:45,430,,,,48
2026/2/8,04:00,430,,,,42
2026/2/8,04:15,430,,,,22
2026/2/8,04:30,430,,,,21
2026/2/8,04:45,430,,,,22
2026/2/8,05:00,430,,,,22
2026/2/8,05:15,430,,,,21
2026/2/8,05:30,430,,,,21
2026/2/8,05:45,430,,,,21
2026/2/8,06:00,430,,,,22
2026/2/8,06:15,430,,,,24
2026/2/8,06:30,430,,,,22
2026/2/8,06:45,430,,,,24
2026/2/8,07:00,430,,,,22
2026/2/8,07:15,430,,,,24
2026/2/8,07:30,430,,,,22
2026/2/8,07:45,430,,,,24
2026/2/8,08:00,430,,,,24
2026/2/8,08:15,430,,,,24
2026/2/8,08:30,430,,,,26
2026/2/8,08:45,430,,,,26
2026/2/8,09:00,430,,,,60
2026/2/8,09:15,430,,,,87
2026/2/8,09:30,430,,,,140
2026/2/8,09:45,430,,,,229
2026/2/8,10:00,430,,,,290
2026/2/8,10:15,430,,,,276
2026/2/8,10:30,430,,,,268
2026/2/8,10:45,430,,,,256
2026/2/8,11:00,430,,,,281
2026/2/8,11:15,430,,,,269
2026/2/8,11:30,430,,,,270
2026/2/8,11:45,430,,,,264
2026/2/8,12:00,430,,,,247
2026/2/8,12:15,430,,,,242
2026/2/8,12:30,430,,,,255
2026/2/8,12:45,430,,,,255
2026/2/8,13:00,430,,,,242
2026/2/8,13:15,430,,,,253
2026/2/8,13:30,430,,,,268
2026/2/8,13:45,430,,,,266
2026/2/8,14:00,430,,,,235
2026/2/8,14:15,430,,,,209
2026/2/8,14:30,430,,,,209
2026/2/8,14:45,430,,,,208
2026/2/8,15:00,430,,,,217
2026/2/8,15:15,430,,,,228
2026/2/8,15:30,430,,,,206
2026/2/8,15:45,430,,,,189
2026/2/8,16:00,430,,,,169
2026/2/8,16:15,430,,,,136
2026/2/8,16:30,430,,,,96
2026/2/8,16:45,430,,,,87
2026/2/8,17:00,430,,,,60
2026/2/8,17:15,430,,,,25
2026/2/8,17:30,430,,,,19
2026/2/8,17:45,430,,,,18
2026/2/8,18:00,430,,,,18
2026/2/8,18:15,430,,,,16
2026/2/8,18:30,430,,,,16
2026/2/8,18:45,430,,,,18
2026/2/8,19:00,430,,,,18
2026/2/8,19:15,430,,,,16
2026/2/8,19:30,430,,,,16
2026/2/8,19:45,430,,,,18
2026/2/8,20:00,430,,,,18
2026/2/8,20:15,430,,,,16
2026/2/8,20:30,430,,,,18
2026/2/8,20:45,430,,,,18
2026/2/8,21:00,430,,,,16
2026/2/8,21:15,430,,,,19
2026/2/8,21:30,430,,,,18
2026/2/8,21:45,430,,,,24
2026/2/8,22:00,430,,,,19
2026/2/8,22:15,430,,,,18
2026/2/8,22:30,430,,,,18
2026/2/8,22:45,430,,,,16
2026/2/8,23:00,430,,,,16
2026/2/8,23:15,430,,,,16
2026/2/8,23:30,430,,,,18
2026/2/8,23:45,430,,,,16
2026/2/9,00:00,430,,,,16
2026/2/9,00:15,430,,,,16
2026/2/9,00:30,430,,,,16
2026/2/9,00:45,430,,,,16
2026/2/9,01:00,430,,,,16
2026/2/9,01:15,430,,,,18
2026/2/9,01:30,430,,,,16
2026/2/9,01:45,430,,,,16
2026/2/9,02:00,430,,,,18
2026/2/9,02:15,430,,,,16
2026/2/9,02:30,430,,,,18
2026/2/9,02:45,430,,,,16
2026/2/9,03:00,430,,,,18
2026/2/9,03:15,430,,,,22
2026/2/9,03:30,430,,,,22
2026/2/9,03:45,430,,,,22
2026/2/9,04:00,430,,,,22
2026/2/9,04:15,430,,,,21
2026/2/9,04:30,430,,,,22
2026/2/9,04:45,430,,,,21
2026/2/9,05:00,430,,,,22
2026/2/9,05:15,430,,,,22
2026/2/9,05:30,430,,,,22
2026/2/9,05:45,430,,,,22
2026/2/9,06:00,430,,,,24
2026/2/9,06:15,430,,24,,
2026/2/9,06:30,430,,29,,
2026/2/9,06:45,430,,29,,
2026/2/9,07:00,430,,27,,
2026/2/9,07:15,430,,24,,
2026/2/9,07:30,430,,27,,
2026/2/9,07:45,430,,26,,
2026/2/9,08:00,430,,36,,
2026/2/9,08:15,430,,56,,
2026/2/9,08:30,430,,91,,
2026/2/9,08:45,430,,86,,
2026/2/9,09:00,430,,95,,
2026/2/9,09:15,430,,148,,
2026/2/9,09:30,430,,226,,
2026/2/9,09:45,430,,266,,
2026/2/9,10:00,430,,281,,
2026/2/9,10:15,430,,284,,
2026/2/9,10:30,430,,279,,
2026/2/9,10:45,430,,273,,
2026/2/9,11:00,430,,250,,
2026/2/9,11:15,430,,,,263
2026/2/9,11:30,430,,,,275
2026/2/9,11:45,430,,,,265
2026/2/9,12:00,430,,,,234
2026/2/9,12:15,430,,,,231
2026/2/9,12:30,430,,,,209
2026/2/9,12:45,430,,,,201
2026/2/9,13:00,430,,,,175
2026/2/9,13:15,430,,,,176
2026/2/9,13:30,430,,,,214
2026/2/9,13:45,430,,,,264
2026/2/9,14:00,430,,,,274
2026/2/9,14:15,430,,270,,
2026/2/9,14:30,430,,259,,
2026/2/9,14:45,430,,244,,
2026/2/9,15:00,430,,263,,
2026/2/9,15:15,430,,266,,
2026/2/9,15:30,430,,259,,
2026/2/9,15:45,430,,253,,
2026/2/9,16:00,430,,231,,
2026/2/9,16:15,430,,227,,
2026/2/9,16:30,430,,237,,
2026/2/9,16:45,430,,232,,
2026/2/9,17:00,430,,255,,
2026/2/9,17:15,430,,243,,
2026/2/9,17:30,430,,189,,
2026/2/9,17:45,430,,198,,
2026/2/9,18:00,430,,237,,
2026/2/9,18:15,430,,270,,
2026/2/9,18:30,430,,261,,
2026/2/9,18:45,430,,267,,
2026/2/9,19:00,430,,275,,
2026/2/9,19:15,430,,261,,
2026/2/9,19:30,430,,256,,
2026/2/9,19:45,430,,264,,
2026/2/9,20:00,430,,264,,
2026/2/9,20:15,430,,222,,
2026/2/9,20:30,430,,173,,
2026/2/9,20:45,430,,205,,
2026/2/9,21:00,430,,266,,
2026/2/9,21:15,430,,261,,
2026/2/9,21:30,430,,246,,
2026/2/9,21:45,430,,254,,
2026/2/9,22:00,430,,264,,
2026/2/9,22:15,430,,261,,
2026/2/9,22:30,430,,261,,
2026/2/9,22:45,430,,262,,
2026/2/9,23:00,430,,237,,
2026/2/9,23:15,430,,187,,
2026/2/9,23:30,430,,139,,
2026/2/9,23:45,430,,165,,
2026/2/10,00:00,430,,160,,
2026/2/10,00:15,430,,,,118
2026/2/10,00:30,430,,,,80
2026/2/10,00:45,430,,,,51
2026/2/10,01:00,430,,,,51
2026/2/10,01:15,430,,,,51
2026/2/10,01:30,430,,,,48
2026/2/10,01:45,430,,,,50
2026/2/10,02:00,430,,,,48
2026/2/10,02:15,430,,,,48
2026/2/10,02:30,430,,,,48
2026/2/10,02:45,430,,,,48
2026/2/10,03:00,430,,,,48
2026/2/10,03:15,430,,,,46
2026/2/10,03:30,430,,,,46
2026/2/10,03:45,430,,,,46
2026/2/10,04:00,430,,,,46
2026/2/10,04:15,430,,,,35
2026/2/10,04:30,430,,,,24
2026/2/10,04:45,430,,,,30
2026/2/10,05:00,430,,,,22
2026/2/10,05:15,430,,,,24
2026/2/10,05:30,430,,,,22
2026/2/10,05:45,430,,,,24
2026/2/10,06:00,430,,,,24
2026/2/10,06:15,430,,26,,
2026/2/10,06:30,430,,26,,
2026/2/10,06:45,430,,26,,
2026/2/10,07:00,430,,26,,
2026/2/10,07:15,430,,25,,
2026/2/10,07:30,430,,25,,
2026/2/10,07:45,430,,27,,
2026/2/10,08:00,430,,31,,
2026/2/10,08:15,430,,49,,
2026/2/10,08:30,430,,86,,
2026/2/10,08:45,430,,88,,
2026/2/10,09:00,430,,89,,
2026/2/10,09:15,430,,137,,
2026/2/10,09:30,430,,208,,
2026/2/10,09:45,430,,278,,
2026/2/10,10:00,430,,312,,
2026/2/10,10:15,430,,299,,
2026/2/10,10:30,430,,281,,
2026/2/10,10:45,430,,297,,
2026/2/10,11:00,430,,289,,
2026/2/10,11:15,430,,,,291
2026/2/10,11:30,430,,,,286
2026/2/10,11:45,430,,,,290
2026/2/10,12:00,430,,,,277
2026/2/10,12:15,430,,,,232
2026/2/10,12:30,430,,,,230
2026/2/10,12:45,430,,,,238
2026/2/10,13:00,430,,,,252
2026/2/10,13:15,430,,,,249
2026/2/10,13:30,430,,,,263
2026/2/10,13:45,430,,,,286
2026/2/10,14:00,430,,,,281
2026/2/10,14:15,430,,289,,
2026/2/10,14:30,430,,283,,
2026/2/10,14:45,430,,292,,
2026/2/10,15:00,430,,285,,
2026/2/10,15:15,430,,279,,
2026/2/10,15:30,430,,288,,
2026/2/10,15:45,430,,286,,
2026/2/10,16:00,430,,286,,
2026/2/10,16:15,430,,283,,
2026/2/10,16:30,430,,283,,
2026/2/10,16:45,430,,297,,
2026/2/10,17:00,430,,279,,
2026/2/10,17:15,430,,274,,
2026/2/10,17:30,430,,236,,
2026/2/10,17:45,430,,233,,
2026/2/10,18:00,430,,264,,
2026/2/10,18:15,430,,262,,
2026/2/10,18:30,430,,282,,
2026/2/10,18:45,430,,296,,
2026/2/10,19:00,430,,285,,
2026/2/10,19:15,430,,278,,
2026/2/10,19:30,430,,274,,
2026/2/10,19:45,430,,240,,
2026/2/10,20:00,430,,219,,
2026/2/10,20:15,430,,222,,
2026/2/10,20:30,430,,224,,
2026/2/10,20:45,430,,250,,
2026/2/10,21:00,430,,278,,
2026/2/10,21:15,430,,262,,
2026/2/10,21:30,430,,272,,
2026/2/10,21:45,430,,267,,
2026/2/10,22:00,430,,262,,
2026/2/10,22:15,430,,254,,
2026/2/10,22:30,430,,258,,
2026/2/10,22:45,430,,216,,
2026/2/10,23:00,430,,192,,
2026/2/10,23:15,430,,200,,
2026/2/10,23:30,430,,206,,
2026/2/10,23:45,430,,232,,
2026/2/11,00:00,430,,254,,
2026/2/11,00:15,430,,,,190
2026/2/11,00:30,430,,,,123
2026/2/11,00:45,430,,,,104
2026/2/11,01:00,430,,,,74
2026/2/11,01:15,430,,,,51
2026/2/11,01:30,430,,,,51
2026/2/11,01:45,430,,,,50
2026/2/11,02:00,430,,,,48
2026/2/11,02:15,430,,,,48
2026/2/11,02:30,430,,,,45
2026/2/11,02:45,430,,,,45
2026/2/11,03:00,430,,,,45
2026/2/11,03:15,430,,,,45
2026/2/11,03:30,430,,,,45
2026/2/11,03:45,430,,,,43
2026/2/11,04:00,430,,,,45
2026/2/11,04:15,430,,,,27
2026/2/11,04:30,430,,,,22
2026/2/11,04:45,430,,,,24
2026/2/11,05:00,430,,,,22
2026/2/11,05:15,430,,,,22
2026/2/11,05:30,430,,,,22
2026/2/11,05:45,430,,,,24
2026/2/11,06:00,430,,,,26
2026/2/11,06:15,430,,29,,
2026/2/11,06:30,430,,27,,
2026/2/11,06:45,430,,27,,
2026/2/11,07:00,430,,28,,
2026/2/11,07:15,430,,27,,
2026/2/11,07:30,430,,27,,
2026/2/11,07:45,430,,30,,
2026/2/11,08:00,430,,32,,
2026/2/11,08:15,430,,55,,
2026/2/11,08:30,430,,82,,
2026/2/11,08:45,430,,84,,
2026/2/11,09:00,430,,97,,
2026/2/11,09:15,430,,175,,
2026/2/11,09:30,430,,209,,
2026/2/11,09:45,430,,248,,
2026/2/11,10:00,430,,302,,
2026/2/11,10:15,430,,282,,
2026/2/11,10:30,430,,286,,
2026/2/11,10:45,430,,266,,
2026/2/11,11:00,430,,281,,
2026/2/11,11:15,430,,,,290
2026/2/11,11:30,430,,,,266
2026/2/11,11:45,430,,,,276
2026/2/11,12:00,430,,,,274
2026/2/11,12:15,430,,,,269
2026/2/11,12:30,430,,,,239
2026/2/11,12:45,430,,,,223
2026/2/11,13:00,430,,,,232
2026/2/11,13:15,430,,,,266
2026/2/11,13:30,430,,,,290
2026/2/11,13:45,430,,,,283
2026/2/11,14:00,430,,,,280
2026/2/11,14:15,430,,283,,
2026/2/11,14:30,430,,268,,
2026/2/11,14:45,430,,273,,
2026/2/11,15:00,430,,294,,
2026/2/11,15:15,430,,299,,
2026/2/11,15:30,430,,282,,
2026/2/11,15:45,430,,292,,
2026/2/11,16:00,430,,306,,
2026/2/11,16:15,430,,297,,
2026/2/11,16:30,430,,272,,
2026/2/11,16:45,430,,271,,
2026/2/11,17:00,430,,283,,
2026/2/11,17:15,430,,268,,
2026/2/11,17:30,430,,203,,
2026/2/11,17:45,430,,200,,
2026/2/11,18:00,430,,235,,
2026/2/11,18:15,430,,270,,
2026/2/11,18:30,430,,267,,
2026/2/11,18:45,430,,262,,
2026/2/11,19:00,430,,264,,
2026/2/11,19:15,430,,283,,
2026/2/11,19:30,430,,264,,
2026/2/11,19:45,430,,262,,
2026/2/11,20:00,430,,258,,
2026/2/11,20:15,430,,198,,
2026/2/11,20:30,430,,160,,
2026/2/11,20:45,430,,205,,
2026/2/11,21:00,430,,253,,
2026/2/11,21:15,430,,258,,
2026/2/11,21:30,430,,246,,
2026/2/11,21:45,430,,235,,
2026/2/11,22:00,430,,256,,
2026/2/11,22:15,430,,256,,
2026/2/11,22:30,430,,235,,
2026/2/11,22:45,430,,206,,
2026/2/11,23:00,430,,194,,
2026/2/11,23:15,430,,197,,
2026/2/11,23:30,430,,198,,
2026/2/11,23:45,430,,208,,
2026/2/12,00:00,430,,214,,
2026/2/12,00:15,430,,,,174
2026/2/12,00:30,430,,,,107
2026/2/12,00:45,430,,,,82
2026/2/12,01:00,430,,,,56
2026/2/12,01:15,430,,,,46
2026/2/12,01:30,430,,,,46
2026/2/12,01:45,430,,,,43
2026/2/12,02:00,430,,,,45
2026/2/12,02:15,430,,,,45
2026/2/12,02:30,430,,,,45
2026/2/12,02:45,430,,,,45
2026/2/12,03:00,430,,,,45
2026/2/12,03:15,430,,,,43
2026/2/12,03:30,430,,,,43
2026/2/12,03:45,430,,,,43
2026/2/12,04:00,430,,,,45
2026/2/12,04:15,430,,,,43
2026/2/12,04:30,430,,,,24
2026/2/12,04:45,430,,,,22
2026/2/12,05:00,430,,,,24
2026/2/12,05:15,430,,,,22
2026/2/12,05:30,430,,,,24
2026/2/12,05:45,430,,,,22
2026/2/12,06:00,430,,,,26
2026/2/12,06:15,430,,24,,
2026/2/12,06:30,430,,27,,
2026/2/12,06:45,430,,26,,
2026/2/12,07:00,430,,26,,
2026/2/12,07:15,430,,28,,
2026/2/12,07:30,430,,28,,
2026/2/12,07:45,430,,27,,
2026/2/12,08:00,430,,33,,
2026/2/12,08:15,430,,77,,
2026/2/12,08:30,430,,89,,
2026/2/12,08:45,430,,91,,
2026/2/12,09:00,430,,98,,
2026/2/12,09:15,430,,172,,
2026/2/12,09:30,430,,219,,
2026/2/12,09:45,430,,267,,
2026/2/12,10:00,430,,297,,
2026/2/12,10:15,430,,305,,
2026/2/12,10:30,430,,300,,
2026/2/12,10:45,430,,297,,
2026/2/12,11:00,430,,311,,
2026/2/12,11:15,430,,,,290
2026/2/12,11:30,430,,,,281
2026/2/12,11:45,430,,,,274
2026/2/12,12:00,430,,,,298
2026/2/12,12:15,430,,,,263
2026/2/12,12:30,430,,,,241
2026/2/12,12:45,430,,,,244
2026/2/12,13:00,430,,,,248
2026/2/12,13:15,430,,,,267
2026/2/12,13:30,430,,,,288
2026/2/12,13:45,430,,,,296
2026/2/12,14:00,430,,,,292
2026/2/12,14:15,430,,276,,
2026/2/12,14:30,430,,290,,
2026/2/12,14:45,430,,304,,
2026/2/12,15:00,430,,294,,
2026/2/12,15:15,430,,295,,
2026/2/12,15:30,430,,286,,
2026/2/12,15:45,430,,301,,
2026/2/12,16:00,430,,307,,
2026/2/12,16:15,430,,301,,
2026/2/12,16:30,430,,294,,
2026/2/12,16:45,430,,291,,
2026/2/12,17:00,430,,306,,
2026/2/12,17:15,430,,273,,
2026/2/12,17:30,430,,230,,
2026/2/12,17:45,430,,221,,
2026/2/12,18:00,430,,279,,
2026/2/12,18:15,430,,277,,
2026/2/12,18:30,430,,274,,
2026/2/12,18:45,430,,285,,
2026/2/12,19:00,430,,274,,
2026/2/12,19:15,430,,254,,
2026/2/12,19:30,430,,253,,
2026/2/12,19:45,430,,203,,
2026/2/12,20:00,430,,234,,
2026/2/12,20:15,430,,187,,
2026/2/12,20:30,430,,150,,
2026/2/12,20:45,430,,206,,
2026/2/12,21:00,430,,264,,
2026/2/12,21:15,430,,253,,
2026/2/12,21:30,430,,253,,
2026/2/12,21:45,430,,250,,
2026/2/12,22:00,430,,253,,
2026/2/12,22:15,430,,237,,
2026/2/12,22:30,430,,248,,
2026/2/12,22:45,430,,259,,
2026/2/12,23:00,430,,230,,
2026/2/12,23:15,430,,168,,
2026/2/12,23:30,430,,139,,
2026/2/12,23:45,430,,182,,
2026/2/13,00:00,430,,219,,
2026/2/13,00:15,430,,,,192
2026/2/13,00:30,430,,,,118
2026/2/13,00:45,430,,,,101
2026/2/13,01:00,430,,,,66
2026/2/13,01:15,430,,,,62
2026/2/13,01:30,430,,,,54
2026/2/13,01:45,430,,,,50
2026/2/13,02:00,430,,,,48
2026/2/13,02:15,430,,,,48
2026/2/13,02:30,430,,,,48
2026/2/13,02:45,430,,,,48
2026/2/13,03:00,430,,,,46
2026/2/13,03:15,430,,,,48
2026/2/13,03:30,430,,,,46
2026/2/13,03:45,430,,,,45
2026/2/13,04:00,430,,,,48
2026/2/13,04:15,430,,,,48
2026/2/13,04:30,430,,,,45
2026/2/13,04:45,430,,,,38
2026/2/13,05:00,430,,,,24
2026/2/13,05:15,430,,,,22
2026/2/13,05:30,430,,,,24
2026/2/13,05:45,430,,,,24
2026/2/13,06:00,430,,,,24
2026/2/13,06:15,430,,27,,
2026/2/13,06:30,430,,26,,
2026/2/13,06:45,430,,26,,
2026/2/13,07:00,430,,26,,
2026/2/13,07:15,430,,25,,
2026/2/13,07:30,430,,25,,
2026/2/13,07:45,430,,25,,
2026/2/13,08:00,430,,33,,
2026/2/13,08:15,430,,39,,
2026/2/13,08:30,430,,87,,
2026/2/13,08:45,430,,89,,
2026/2/13,09:00,430,,95,,
2026/2/13,09:15,430,,151,,
2026/2/13,09:30,430,,209,,
2026/2/13,09:45,430,,251,,
2026/2/13,10:00,430,,292,,
2026/2/13,10:15,430,,295,,
2026/2/13,10:30,430,,305,,
2026/2/13,10:45,430,,289,,
2026/2/13,11:00,430,,287,,
2026/2/13,11:15,430,,,,309
2026/2/13,11:30,430,,,,307
2026/2/13,11:45,430,,,,294
2026/2/13,12:00,430,,,,269
2026/2/13,12:15,430,,,,247
2026/2/13,12:30,430,,,,245
2026/2/13,12:45,430,,,,238
2026/2/13,13:00,430,,,,232
2026/2/13,13:15,430,,,,272
2026/2/13,13:30,430,,,,293
2026/2/13,13:45,430,,,,287
2026/2/13,14:00,430,,,,284
2026/2/13,14:15,430,,301,,
2026/2/13,14:30,430,,304,,
2026/2/13,14:45,430,,298,,
2026/2/13,15:00,430,,290,,
2026/2/13,15:15,430,,304,,
2026/2/13,15:30,430,,302,,
2026/2/13,15:45,430,,299,,
2026/2/13,16:00,430,,307,,
2026/2/13,16:15,430,,286,,
2026/2/13,16:30,430,,268,,
2026/2/13,16:45,430,,287,,
2026/2/13,17:00,430,,305,,
2026/2/13,17:15,430,,283,,
2026/2/13,17:30,430,,231,,
2026/2/13,17:45,430,,225,,
2026/2/13,18:00,430,,261,,
2026/2/13,18:15,430,,261,,
2026/2/13,18:30,430,,251,,
2026/2/13,18:45,430,,272,,
2026/2/13,19:00,430,,293,,
2026/2/13,19:15,430,,291,,
2026/2/13,19:30,430,,293,,
2026/2/13,19:45,430,,288,,
2026/2/13,20:00,430,,274,,
2026/2/13,20:15,430,,213,,
2026/2/13,20:30,430,,189,,
2026/2/13,20:45,430,,234,,
2026/2/13,21:00,430,,286,,
2026/2/13,21:15,430,,282,,
2026/2/13,21:30,430,,267,,
2026/2/13,21:45,430,,280,,
2026/2/13,22:00,430,,296,,
2026/2/13,22:15,430,,286,,
2026/2/13,22:30,430,,283,,
2026/2/13,22:45,430,,285,,
2026/2/13,23:00,430,,280,,
2026/2/13,23:15,430,,224,,
2026/2/13,23:30,430,,173,,
2026/2/13,23:45,430,,192,,
2026/2/14,00:00,430,,222,,
2026/2/14,00:15,430,,,,163
2026/2/14,00:30,430,,,,109
2026/2/14,00:45,430,,,,64
2026/2/14,01:00,430,,,,62
2026/2/14,01:15,430,,,,64
2026/2/14,01:30,430,,,,59
2026/2/14,01:45,430,,,,58
2026/2/14,02:00,430,,,,53
2026/2/14,02:15,430,,,,45
2026/2/14,02:30,430,,,,45
2026/2/14,02:45,430,,,,43
2026/2/14,03:00,430,,,,46
2026/2/14,03:15,430,,,,45
2026/2/14,03:30,430,,,,45
2026/2/14,03:45,430,,,,43
2026/2/14,04:00,430,,,,43
2026/2/14,04:15,430,,,,26
2026/2/14,04:30,430,,,,22
2026/2/14,04:45,430,,,,24
2026/2/14,05:00,430,,,,22
2026/2/14,05:15,430,,,,22
2026/2/14,05:30,430,,,,22
2026/2/14,05:45,430,,,,22
2026/2/14,06:00,430,,,,27
2026/2/14,06:15,430,,,32,
2026/2/14,06:30,430,,,29,
2026/2/14,06:45,430,,,31,
2026/2/14,07:00,430,,,28,
2026/2/14,07:15,430,,,24,
2026/2/14,07:30,430,,,27,
2026/2/14,07:45,430,,,27,
2026/2/14,08:00,430,,,28,
2026/2/14,08:15,430,,,32,
2026/2/14,08:30,430,,,43,
2026/2/14,08:45,430,,,61,
2026/2/14,09:00,430,,,66,
2026/2/14,09:15,430,,,149,
2026/2/14,09:30,430,,,229,
2026/2/14,09:45,430,,,279,
2026/2/14,10:00,430,,,277,
2026/2/14,10:15,430,,,289,
2026/2/14,10:30,430,,,309,
2026/2/14,10:45,430,,,294,
2026/2/14,11:00,430,,,288,
2026/2/14,11:15,430,,,,288
2026/2/14,11:30,430,,,,286
2026/2/14,11:45,430,,,,291
2026/2/14,12:00,430,,,,278
2026/2/14,12:15,430,,,,268
2026/2/14,12:30,430,,,,270
2026/2/14,12:45,430,,,,248
2026/2/14,13:00,430,,,,237
2026/2/14,13:15,430,,,,260
2026/2/14,13:30,430,,,,291
2026/2/14,13:45,430,,,,291
2026/2/14,14:00,430,,,,284
2026/2/14,14:15,430,,,289,
2026/2/14,14:30,430,,,285,
2026/2/14,14:45,430,,,279,
2026/2/14,15:00,430,,,287,
2026/2/14,15:15,430,,,292,
2026/2/14,15:30,430,,,283,
2026/2/14,15:45,430,,,281,
2026/2/14,16:00,430,,,299,
2026/2/14,16:15,430,,,296,
2026/2/14,16:30,430,,,273,
2026/2/14,16:45,430,,,262,
2026/2/14,17:00,430,,,286,
2026/2/14,17:15,430,,,267,
2026/2/14,17:30,430,,,193,
2026/2/14,17:45,430,,,194,
2026/2/14,18:00,430,,,247,
2026/2/14,18:15,430,,,282,
2026/2/14,18:30,430,,,285,
2026/2/14,18:45,430,,,283,
2026/2/14,19:00,430,,,264,
2026/2/14,19:15,430,,,230,
2026/2/14,19:30,430,,,221,
2026/2/14,19:45,430,,,246,
2026/2/14,20:00,430,,,261,
2026/2/14,20:15,430,,,218,
2026/2/14,20:30,430,,,194,
2026/2/14,20:45,430,,,230,
2026/2/14,21:00,430,,,278,
2026/2/14,21:15,430,,,272,
2026/2/14,21:30,430,,,269,
2026/2/14,21:45,430,,,285,
2026/2/14,22:00,430,,,277,
2026/2/14,22:15,430,,,234,
2026/2/14,22:30,430,,,186,
2026/2/14,22:45,430,,,149,
2026/2/14,23:00,430,,,123,
2026/2/14,23:15,430,,,118,
2026/2/14,23:30,430,,,102,
2026/2/14,23:45,430,,,82,
2026/2/15,00:00,430,,,70,
2026/2/15,00:15,430,,,,62
2026/2/15,00:30,430,,,,61
2026/2/15,00:45,430,,,,61
2026/2/15,01:00,430,,,,51
2026/2/15,01:15,430,,,,50
2026/2/15,01:30,430,,,,48
2026/2/15,01:45,430,,,,46
2026/2/15,02:00,430,,,,46
2026/2/15,02:15,430,,,,46
2026/2/15,02:30,430,,,,46
2026/2/15,02:45,430,,,,43
2026/2/15,03:00,430,,,,45
2026/2/15,03:15,430,,,,45
2026/2/15,03:30,430,,,,43
2026/2/15,03:45,430,,,,45
2026/2/15,04:00,430,,,,38
2026/2/15,04:15,430,,,,22
2026/2/15,04:30,430,,,,24
2026/2/15,04:45,430,,,,22
2026/2/15,05:00,430,,,,21
2026/2/15,05:15,430,,,,22
2026/2/15,05:30,430,,,,22
2026/2/15,05:45,430,,,,21
2026/2/15,06:00,430,,,,24
2026/2/15,06:15,430,,,,24
2026/2/15,06:30,430,,,,22
2026/2/15,06:45,430,,,,25
2026/2/15,07:00,430,,,,23
2026/2/15,07:15,430,,,,24
2026/2/15,07:30,430,,,,22
2026/2/15,07:45,430,,,,24
2026/2/15,08:00,430,,,,23
2026/2/15,08:15,430,,,,25
2026/2/15,08:30,430,,,,25
2026/2/15,08:45,430,,,,25
2026/2/15,09:00,430,,,,26
2026/2/15,09:15,430,,,,26
2026/2/15,09:30,430,,,,43
2026/2/15,09:45,430,,,,41
2026/2/15,10:00,430,,,,45
2026/2/15,10:15,430,,,,42
2026/2/15,10:30,430,,,,42
2026/2/15,10:45,430,,,,46
2026/2/15,11:00,430,,,,56
2026/2/15,11:15,430,,,,100
2026/2/15,11:30,430,,,,172
2026/2/15,11:45,430,,,,211
2026/2/15,12:00,430,,,,257
2026/2/15,12:15,430,,,,265
2026/2/15,12:30,430,,,,265
2026/2/15,12:45,430,,,,269
2026/2/15,13:00,430,,,,273
2026/2/15,13:15,430,,,,268
2026/2/15,13:30,430,,,,268
2026/2/15,13:45,430,,,,267
2026/2/15,14:00,430,,,,256
2026/2/15,14:15,430,,,,259
2026/2/15,14:30,430,,,,262
2026/2/15,14:45,430,,,,258
2026/2/15,15:00,430,,,,211
2026/2/15,15:15,430,,,,151
2026/2/15,15:30,430,,,,135
2026/2/15,15:45,430,,,,125
2026/2/15,16:00,430,,,,150
2026/2/15,16:15,430,,,,175
2026/2/15,16:30,430,,,,234
2026/2/15,16:45,430,,,,225
2026/2/15,17:00,430,,,,135
2026/2/15,17:15,430,,,,67
2026/2/15,17:30,430,,,,56
2026/2/15,17:45,430,,,,52
2026/2/15,18:00,430,,,,44
2026/2/15,18:15,430,,,,46
2026/2/15,18:30,430,,,,46
2026/2/15,18:45,430,,,,45
2026/2/15,19:00,430,,,,46
2026/2/15,19:15,430,,,,45
2026/2/15,19:30,430,,,,46
2026/2/15,19:45,430,,,,46
2026/2/15,20:00,430,,,,46
2026/2/15,20:15,430,,,,46
2026/2/15,20:30,430,,,,45
2026/2/15,20:45,430,,,,45
2026/2/15,21:00,430,,,,38
2026/2/15,21:15,430,,,,18
2026/2/15,21:30,430,,,,18
2026/2/15,21:45,430,,,,18
2026/2/15,22:00,430,,,,18
2026/2/15,22:15,430,,,,18
2026/2/15,22:30,430,,,,18
2026/2/15,22:45,430,,,,16
2026/2/15,23:00,430,,,,18
2026/2/15,23:15,430,,,,16
2026/2/15,23:30,430,,,,16
2026/2/15,23:45,430,,,,18
2026/2/16,00:00,430,,,,16
2026/2/16,00:15,430,,,,18
2026/2/16,00:30,430,,,,18
2026/2/16,00:45,430,,,,16
2026/2/16,01:00,430,,,,18
2026/2/16,01:15,430,,,,18
2026/2/16,01:30,430,,,,16
2026/2/16,01:45,430,,,,19
2026/2/16,02:00,430,,,,18
2026/2/16,02:15,430,,,,18
2026/2/16,02:30,430,,,,19
2026/2/16,02:45,430,,,,18
2026/2/16,03:00,430,,,,21
2026/2/16,03:15,430,,,,21
2026/2/16,03:30,430,,,,21
2026/2/16,03:45,430,,,,22
2026/2/16,04:00,430,,,,22
2026/2/16,04:15,430,,,,21
2026/2/16,04:30,430,,,,21
2026/2/16,04:45,430,,,,22
2026/2/16,05:00,430,,,,21
2026/2/16,05:15,430,,,,29
2026/2/16,05:30,430,,,,29
2026/2/16,05:45,430,,,,24
2026/2/16,06:00,430,,,,26
2026/2/16,06:15,430,,,,32
2026/2/16,06:30,430,,,,34
2026/2/16,06:45,430,,,,30
2026/2/16,07:00,430,,,,44
2026/2/16,07:15,430,,,,56
2026/2/16,07:30,430,,,,60
2026/2/16,07:45,430,,,,74
2026/2/16,08:00,430,,,,95
2026/2/16,08:15,430,,,,155
2026/2/16,08:30,430,,,,230
2026/2/16,08:45,430,,,,293
2026/2/16,09:00,430,,,,288
2026/2/16,09:15,430,,,,265
2026/2/16,09:30,430,,,,285
2026/2/16,09:45,430,,,,303
2026/2/16,10:00,430,,,,288
2026/2/16,10:15,430,,,,241
2026/2/16,10:30,430,,,,233
2026/2/16,10:45,430,,,,245
2026/2/16,11:00,430,,,,256
2026/2/16,11:15,430,,,,243
2026/2/16,11:30,430,,,,269
2026/2/16,11:45,430,,,,288
2026/2/16,12:00,430,,,,286
2026/2/16,12:15,430,,,,235
2026/2/16,12:30,430,,,,235
2026/2/16,12:45,430,,,,225
2026/2/16,13:00,430,,,,178
2026/2/16,13:15,430,,,,171
2026/2/16,13:30,430,,,,187
2026/2/16,13:45,430,,,,221
2026/2/16,14:00,430,,,,273
2026/2/16,14:15,430,,,,275
2026/2/16,14:30,430,,,,279
2026/2/16,14:45,430,,,,275
2026/2/16,15:00,430,,,,262
2026/2/16,15:15,430,,,,248
2026/2/16,15:30,430,,,,245
2026/2/16,15:45,430,,,,274
2026/2/16,16:00,430,,,,310
2026/2/16,16:15,430,,,,287
2026/2/16,16:30,430,,,,283
2026/2/16,16:45,430,,,,271
2026/2/16,17:00,430,,,,247
2026/2/16,17:15,430,,,,199
2026/2/16,17:30,430,,,,141
2026/2/16,17:45,430,,,,127
2026/2/16,18:00,430,,,,117
2026/2/16,18:15,430,,,,104
2026/2/16,18:30,430,,,,99
2026/2/16,18:45,430,,,,94
2026/2/16,19:00,430,,,,98
2026/2/16,19:15,430,,,,93
2026/2/16,19:30,430,,,,91
2026/2/16,19:45,430,,,,88
2026/2/16,20:00,430,,,,56
2026/2/16,20:15,430,,,,42
2026/2/16,20:30,430,,,,19
2026/2/16,20:45,430,,,,16
2026/2/16,21:00,430,,,,18
2026/2/16,21:15,430,,,,18
2026/2/16,21:30,430,,,,19
2026/2/16,21:45,430,,,,18
2026/2/16,22:00,430,,,,18
2026/2/16,22:15,430,,,,18
2026/2/16,22:30,430,,,,18
2026/2/16,22:45,430,,,,18
2026/2/16,23:00,430,,,,16
2026/2/16,23:15,430,,,,18
2026/2/16,23:30,430,,,,18
2026/2/16,23:45,430,,,,18
2026/2/17,00:00,430,,,,16
2026/2/17,00:15,430,,,,18
2026/2/17,00:30,430,,,,18
2026/2/17,00:45,430,,,,18
2026/2/17,01:00,430,,,,16
2026/2/17,01:15,430,,,,18
2026/2/17,01:30,430,,,,18
2026/2/17,01:45,430,,,,18
2026/2/17,02:00,430,,,,18
2026/2/17,02:15,430,,,,16
2026/2/17,02:30,430,,,,18
2026/2/17,02:45,430,,,,16
2026/2/17,03:00,430,,,,18
2026/2/17,03:15,430,,,,18
2026/2/17,03:30,430,,,,16
2026/2/17,03:45,430,,,,16
2026/2/17,04:00,430,,,,18
2026/2/17,04:15,430,,,,18
2026/2/17,04:30,430,,,,18
2026/2/17,04:45,430,,,,16
2026/2/17,05:00,430,,,,18
2026/2/17,05:15,430,,,,16
2026/2/17,05:30,430,,,,18
2026/2/17,05:45,430,,,,18
2026/2/17,06:00,430,,,,18
2026/2/17,06:15,430,,,,18
2026/2/17,06:30,430,,,,18
2026/2/17,06:45,430,,,,19
2026/2/17,07:00,430,,,,19
2026/2/17,07:15,430,,,,19
2026/2/17,07:30,430,,,,19
2026/2/17,07:45,430,,,,17
2026/2/17,08:00,430,,,,18
2026/2/17,08:15,430,,,,18
2026/2/17,08:30,430,,,,17
2026/2/17,08:45,430,,,,16
2026/2/17,09:00,430,,,,19
2026/2/17,09:15,430,,,,16
2026/2/17,09:30,430,,,,17
2026/2/17,09:45,430,,,,17
2026/2/17,10:00,430,,,,17
2026/2/17,10:15,430,,,,17
2026/2/17,10:30,430,,,,16
2026/2/17,10:45,430,,,,14
2026/2/17,11:00,430,,,,16
2026/2/17,11:15,430,,,,15
2026/2/17,11:30,430,,,,16
2026/2/17,11:45,430,,,,15
2026/2/17,12:00,430,,,,15
2026/2/17,12:15,430,,,,14
2026/2/17,12:30,430,,,,15
2026/2/17,12:45,430,,,,14
2026/2/17,13:00,430,,,,14
2026/2/17,13:15,430,,,,13
2026/2/17,13:30,430,,,,15
2026/2/17,13:45,430,,,,14
2026/2/17,14:00,430,,,,14
2026/2/17,14:15,430,,,,16
2026/2/17,14:30,430,,,,14
2026/2/17,14:45,430,,,,14
2026/2/17,15:00,430,,,,16
2026/2/17,15:15,430,,,,14
2026/2/17,15:30,430,,,,15
2026/2/17,15:45,430,,,,15
2026/2/17,16:00,430,,,,16
2026/2/17,16:15,430,,,,16
2026/2/17,16:30,430,,,,14
2026/2/17,16:45,430,,,,15
2026/2/17,17:00,430,,,,16
2026/2/17,17:15,430,,,,16
2026/2/17,17:30,430,,,,15
2026/2/17,17:45,430,,,,15
2026/2/17,18:00,430,,,,16
2026/2/17,18:15,430,,,,14
2026/2/17,18:30,430,,,,16
2026/2/17,18:45,430,,,,16
2026/2/17,19:00,430,,,,14
2026/2/17,19:15,430,,,,16
2026/2/17,19:30,430,,,,14
2026/2/17,19:45,430,,,,18
2026/2/17,20:00,430,,,,16
2026/2/17,20:15,430,,,,16
2026/2/17,20:30,430,,,,16
2026/2/17,20:45,430,,,,14
2026/2/17,21:00,430,,,,16
2026/2/17,21:15,430,,,,16
2026/2/17,21:30,430,,,,16
2026/2/17,21:45,430,,,,16
2026/2/17,22:00,430,,,,16
2026/2/17,22:15,430,,,,16
2026/2/17,22:30,430,,,,24
2026/2/17,22:45,430,,,,19
2026/2/17,23:00,430,,,,14
2026/2/17,23:15,430,,,,16
2026/2/17,23:30,430,,,,14
2026/2/17,23:45,430,,,,16
2026/2/18,00:00,430,,,,14
2026/2/18,00:15,430,,,,14
2026/2/18,00:30,430,,,,14
2026/2/18,00:45,430,,,,14
2026/2/18,01:00,430,,,,14
2026/2/18,01:15,430,,,,16
2026/2/18,01:30,430,,,,14
2026/2/18,01:45,430,,,,14
2026/2/18,02:00,430,,,,16
2026/2/18,02:15,430,,,,16
2026/2/18,02:30,430,,,,16
2026/2/18,02:45,430,,,,16
2026/2/18,03:00,430,,,,16
2026/2/18,03:15,430,,,,16
2026/2/18,03:30,430,,,,16
2026/2/18,03:45,430,,,,14
2026/2/18,04:00,430,,,,16
2026/2/18,04:15,430,,,,14
2026/2/18,04:30,430,,,,16
2026/2/18,04:45,430,,,,16
2026/2/18,05:00,430,,,,14
2026/2/18,05:15,430,,,,16
2026/2/18,05:30,430,,,,16
2026/2/18,05:45,430,,,,16
2026/2/18,06:00,430,,,,19
2026/2/18,06:15,430,,,,27
2026/2/18,06:30,430,,,,64
2026/2/18,06:45,430,,,,59
2026/2/18,07:00,430,,,,64
2026/2/18,07:15,430,,,,93
2026/2/18,07:30,430,,,,123
2026/2/18,07:45,430,,,,168
2026/2/18,08:00,430,,,,231
2026/2/18,08:15,430,,,,236
2026/2/18,08:30,430,,,,234
2026/2/18,08:45,430,,,,254
2026/2/18,09:00,430,,,,256
2026/2/18,09:15,430,,,,256
2026/2/18,09:30,430,,,,263
2026/2/18,09:45,430,,,,259
2026/2/18,10:00,430,,,,263
2026/2/18,10:15,430,,,,258
2026/2/18,10:30,430,,,,246
2026/2/18,10:45,430,,,,251
2026/2/18,11:00,430,,,,261
2026/2/18,11:15,430,,,,210
2026/2/18,11:30,430,,,,216
2026/2/18,11:45,430,,,,247
2026/2/18,12:00,430,,,,243
2026/2/18,12:15,430,,,,215
2026/2/18,12:30,430,,,,224
2026/2/18,12:45,430,,,,232
2026/2/18,13:00,430,,,,221
2026/2/18,13:15,430,,,,201
2026/2/18,13:30,430,,,,172
2026/2/18,13:45,430,,,,172
2026/2/18,14:00,430,,,,197
2026/2/18,14:15,430,,,,236
2026/2/18,14:30,430,,,,246
2026/2/18,14:45,430,,,,225
2026/2/18,15:00,430,,,,236
2026/2/18,15:15,430,,,,262
2026/2/18,15:30,430,,,,268
2026/2/18,15:45,430,,,,266
2026/2/18,16:00,430,,,,261
2026/2/18,16:15,430,,,,259
2026/2/18,16:30,430,,,,254
2026/2/18,16:45,430,,,,245
2026/2/18,17:00,430,,,,192
2026/2/18,17:15,430,,,,150
2026/2/18,17:30,430,,,,119
2026/2/18,17:45,430,,,,113
2026/2/18,18:00,430,,,,92
2026/2/18,18:15,430,,,,90
2026/2/18,18:30,430,,,,90
2026/2/18,18:45,430,,,,75
2026/2/18,19:00,430,,,,70
2026/2/18,19:15,430,,,,69
2026/2/18,19:30,430,,,,70
2026/2/18,19:45,430,,,,70
2026/2/18,20:00,430,,,,48
2026/2/18,20:15,430,,,,26
2026/2/18,20:30,430,,,,24
2026/2/18,20:45,430,,,,16
2026/2/18,21:00,430,,,,14
2026/2/18,21:15,430,,,,18
2026/2/18,21:30,430,,,,16
2026/2/18,21:45,430,,,,16
2026/2/18,22:00,430,,,,16
2026/2/18,22:15,430,,,,18
2026/2/18,22:30,430,,,,16
2026/2/18,22:45,430,,,,16
2026/2/18,23:00,430,,,,16
2026/2/18,23:15,430,,,,16
2026/2/18,23:30,430,,,,16
2026/2/18,23:45,430,,,,16
2026/2/19,00:00,430,,,,16
2026/2/19,00:15,430,,,,14
2026/2/19,00:30,430,,,,16
2026/2/19,00:45,430,,,,18
2026/2/19,01:00,430,,,,16
2026/2/19,01:15,430,,,,16
2026/2/19,01:30,430,,,,18
2026/2/19,01:45,430,,,,16
2026/2/19,02:00,430,,,,16
2026/2/19,02:15,430,,,,16
2026/2/19,02:30,430,,,,16
2026/2/19,02:45,430,,,,16
2026/2/19,03:00,430,,,,16
2026/2/19,03:15,430,,,,16
2026/2/19,03:30,430,,,,18
2026/2/19,03:45,430,,,,16
2026/2/19,04:00,430,,,,16
2026/2/19,04:15,430,,,,16
2026/2/19,04:30,430,,,,16
2026/2/19,04:45,430,,,,16
2026/2/19,05:00,430,,,,18
2026/2/19,05:15,430,,,,16
2026/2/19,05:30,430,,,,18
2026/2/19,05:45,430,,,,16
2026/2/19,06:00,430,,,,19
2026/2/19,06:15,430,,,,19
2026/2/19,06:30,430,,,,19
2026/2/19,06:45,430,,,,19
2026/2/19,07:00,430,,,,20
2026/2/19,07:15,430,,,,21
2026/2/19,07:30,430,,,,21
2026/2/19,07:45,430,,,,21
2026/2/19,08:00,430,,,,27
2026/2/19,08:15,430,,,,29
2026/2/19,08:30,430,,,,61
2026/2/19,08:45,430,,,,88
2026/2/19,09:00,430,,,,94
2026/2/19,09:15,430,,,,127
2026/2/19,09:30,430,,,,193
2026/2/19,09:45,430,,,,251
2026/2/19,10:00,430,,,,258
2026/2/19,10:15,430,,,,220
2026/2/19,10:30,430,,,,244
2026/2/19,10:45,430,,,,270
2026/2/19,11:00,430,,,,295
2026/2/19,11:15,430,,,,290
2026/2/19,11:30,430,,,,283
2026/2/19,11:45,430,,,,278
2026/2/19,12:00,430,,,,254
2026/2/19,12:15,430,,,,229
2026/2/19,12:30,430,,,,228
2026/2/19,12:45,430,,,,239
2026/2/19,13:00,430,,,,231
2026/2/19,13:15,430,,,,234
2026/2/19,13:30,430,,,,252
2026/2/19,13:45,430,,,,282
2026/2/19,14:00,430,,,,281
2026/2/19,14:15,430,,,,271
2026/2/19,14:30,430,,,,273
2026/2/19,14:45,430,,,,277
2026/2/19,15:00,430,,,,231
2026/2/19,15:15,430,,,,220
2026/2/19,15:30,430,,,,233
2026/2/19,15:45,430,,,,227
2026/2/19,16:00,430,,,,240
2026/2/19,16:15,430,,,,266
2026/2/19,16:30,430,,,,263
2026/2/19,16:45,430,,,,206
2026/2/19,17:00,430,,,,147
2026/2/19,17:15,430,,,,80
2026/2/19,17:30,430,,,,66
2026/2/19,17:45,430,,,,62
2026/2/19,18:00,430,,,,52
2026/2/19,18:15,430,,,,50
2026/2/19,18:30,430,,,,48
2026/2/19,18:45,430,,,,43
2026/2/19,19:00,430,,,,43
2026/2/19,19:15,430,,,,43
2026/2/19,19:30,430,,,,43
2026/2/19,19:45,430,,,,42
2026/2/19,20:00,430,,,,43
2026/2/19,20:15,430,,,,45
2026/2/19,20:30,430,,,,43
2026/2/19,20:45,430,,,,45
2026/2/19,21:00,430,,,,43
2026/2/19,21:15,430,,,,45
2026/2/19,21:30,430,,,,45
2026/2/19,21:45,430,,,,43
2026/2/19,22:00,430,,,,45
2026/2/19,22:15,430,,,,43
2026/2/19,22:30,430,,,,43
2026/2/19,22:45,430,,,,43
2026/2/19,23:00,430,,,,43
2026/2/19,23:15,430,,,,42
2026/2/19,23:30,430,,,,27
2026/2/19,23:45,430,,,,18
2026/2/20,00:00,430,,,,16
2026/2/20,00:15,430,,,,18
2026/2/20,00:30,430,,,,18
2026/2/20,00:45,430,,,,16
2026/2/20,01:00,430,,,,18
2026/2/20,01:15,430,,,,16
2026/2/20,01:30,430,,,,18
2026/2/20,01:45,430,,,,18
2026/2/20,02:00,430,,,,18
2026/2/20,02:15,430,,,,16
2026/2/20,02:30,430,,,,16
2026/2/20,02:45,430,,,,18
2026/2/20,03:00,430,,,,16
2026/2/20,03:15,430,,,,18
2026/2/20,03:30,430,,,,16
2026/2/20,03:45,430,,,,16
2026/2/20,04:00,430,,,,19
2026/2/20,04:15,430,,,,21
2026/2/20,04:30,430,,,,18
2026/2/20,04:45,430,,,,19
2026/2/20,05:00,430,,,,19
2026/2/20,05:15,430,,,,21
2026/2/20,05:30,430,,,,19
2026/2/20,05:45,430,,,,22
2026/2/20,06:00,430,,,,21
2026/2/20,06:15,430,,,,24
2026/2/20,06:30,430,,,,21
2026/2/20,06:45,430,,,,22
2026/2/20,07:00,430,,,,22
2026/2/20,07:15,430,,,,25
2026/2/20,07:30,430,,,,23
2026/2/20,07:45,430,,,,26
2026/2/20,08:00,430,,,,26
2026/2/20,08:15,430,,,,31
2026/2/20,08:30,430,,,,40
2026/2/20,08:45,430,,,,69
2026/2/20,09:00,430,,,,71
2026/2/20,09:15,430,,,,151
2026/2/20,09:30,430,,,,216
2026/2/20,09:45,430,,,,262
2026/2/20,10:00,430,,,,275
2026/2/20,10:15,430,,,,285
2026/2/20,10:30,430,,,,274
2026/2/20,10:45,430,,,,259
2026/2/20,11:00,430,,,,268
2026/2/20,11:15,430,,,,273
2026/2/20,11:30,430,,,,273
2026/2/20,11:45,430,,,,258
2026/2/20,12:00,430,,,,250
2026/2/20,12:15,430,,,,249
2026/2/20,12:30,430,,,,252
2026/2/20,12:45,430,,,,239
2026/2/20,13:00,430,,,,230
2026/2/20,13:15,430,,,,229
2026/2/20,13:30,430,,,,220
2026/2/20,13:45,430,,,,215
2026/2/20,14:00,430,,,,189
2026/2/20,14:15,430,,,,200
2026/2/20,14:30,430,,,,213
2026/2/20,14:45,430,,,,206
2026/2/20,15:00,430,,,,243
2026/2/20,15:15,430,,,,268
2026/2/20,15:30,430,,,,224
2026/2/20,15:45,430,,,,172
2026/2/20,16:00,430,,,,179
2026/2/20,16:15,430,,,,188
2026/2/20,16:30,430,,,,201
2026/2/20,16:45,430,,,,190
2026/2/20,17:00,430,,,,154
2026/2/20,17:15,430,,,,106
2026/2/20,17:30,430,,,,58
2026/2/20,17:45,430,,,,52
2026/2/20,18:00,430,,,,52
2026/2/20,18:15,430,,,,50
2026/2/20,18:30,430,,,,45
2026/2/20,18:45,430,,,,46
2026/2/20,19:00,430,,,,46
2026/2/20,19:15,430,,,,29
2026/2/20,19:30,430,,,,18
2026/2/20,19:45,430,,,,18
2026/2/20,20:00,430,,,,19
2026/2/20,20:15,430,,,,18
2026/2/20,20:30,430,,,,18
2026/2/20,20:45,430,,,,16
2026/2/20,21:00,430,,,,18
2026/2/20,21:15,430,,,,16
2026/2/20,21:30,430,,,,18
2026/2/20,21:45,430,,,,18
2026/2/20,22:00,430,,,,18
2026/2/20,22:15,430,,,,18
2026/2/20,22:30,430,,,,18
2026/2/20,22:45,430,,,,16
2026/2/20,23:00,430,,,,18
2026/2/20,23:15,430,,,,16
2026/2/20,23:30,430,,,,18
2026/2/20,23:45,430,,,,16
2026/2/21,00:00,430,,,,18
2026/2/21,00:15,430,,,,18
2026/2/21,00:30,430,,,,16
2026/2/21,00:45,430,,,,18
2026/2/21,01:00,430,,,,18
2026/2/21,01:15,430,,,,18
2026/2/21,01:30,430,,,,16
2026/2/21,01:45,430,,,,18
2026/2/21,02:00,430,,,,18
2026/2/21,02:15,430,,,,16
2026/2/21,02:30,430,,,,18
2026/2/21,02:45,430,,,,16
2026/2/21,03:00,430,,,,18
2026/2/21,03:15,430,,,,16
2026/2/21,03:30,430,,,,18
2026/2/21,03:45,430,,,,18
2026/2/21,04:00,430,,,,18
2026/2/21,04:15,430,,,,21
2026/2/21,04:30,430,,,,21
2026/2/21,04:45,430,,,,19
2026/2/21,05:00,430,,,,22
2026/2/21,05:15,430,,,,19
2026/2/21,05:30,430,,,,22
2026/2/21,05:45,430,,,,21
2026/2/21,06:00,430,,,,22
2026/2/21,06:15,430,,,,22
2026/2/21,06:30,430,,,,22
2026/2/21,06:45,430,,,,25
2026/2/21,07:00,430,,,,28
2026/2/21,07:15,430,,,,26
2026/2/21,07:30,430,,,,33
2026/2/21,07:45,430,,,,24
2026/2/21,08:00,430,,,,27
2026/2/21,08:15,430,,,,29
2026/2/21,08:30,430,,,,55
2026/2/21,08:45,430,,,,61
2026/2/21,09:00,430,,,,82
2026/2/21,09:15,430,,,,154
2026/2/21,09:30,430,,,,233
2026/2/21,09:45,430,,,,284
2026/2/21,10:00,430,,,,270
2026/2/21,10:15,430,,,,283
2026/2/21,10:30,430,,,,281
2026/2/21,10:45,430,,,,280
2026/2/21,11:00,430,,,,278
2026/2/21,11:15,430,,,,276
2026/2/21,11:30,430,,,,271
2026/2/21,11:45,430,,,,262
2026/2/21,12:00,430,,,,261
2026/2/21,12:15,430,,,,269
2026/2/21,12:30,430,,,,255
2026/2/21,12:45,430,,,,222
2026/2/21,13:00,430,,,,212
2026/2/21,13:15,430,,,,242
2026/2/21,13:30,430,,,,276
2026/2/21,13:45,430,,,,288
2026/2/21,14:00,430,,,,281
2026/2/21,14:15,430,,,,231
2026/2/21,14:30,430,,,,247
2026/2/21,14:45,430,,,,279
2026/2/21,15:00,430,,,,276
2026/2/21,15:15,430,,,,281
2026/2/21,15:30,430,,,,288
2026/2/21,15:45,430,,,,280
2026/2/21,16:00,430,,,,253
2026/2/21,16:15,430,,,,195
2026/2/21,16:30,430,,,,154
2026/2/21,16:45,430,,,,139
2026/2/21,17:00,430,,,,87
2026/2/21,17:15,430,,,,70
2026/2/21,17:30,430,,,,64
2026/2/21,17:45,430,,,,62
2026/2/21,18:00,430,,,,52
2026/2/21,18:15,430,,,,48
2026/2/21,18:30,430,,,,46
2026/2/21,18:45,430,,,,48
2026/2/21,19:00,430,,,,46
2026/2/21,19:15,430,,,,46
2026/2/21,19:30,430,,,,45
2026/2/21,19:45,430,,,,45
2026/2/21,20:00,430,,,,22
2026/2/21,20:15,430,,,,19
2026/2/21,20:30,430,,,,19
2026/2/21,20:45,430,,,,18
2026/2/21,21:00,430,,,,16
2026/2/21,21:15,430,,,,18
2026/2/21,21:30,430,,,,19
2026/2/21,21:45,430,,,,18
2026/2/21,22:00,430,,,,18
2026/2/21,22:15,430,,,,19
2026/2/21,22:30,430,,,,19
2026/2/21,22:45,430,,,,19
2026/2/21,23:00,430,,,,18
2026/2/21,23:15,430,,,,18
2026/2/21,23:30,430,,,,18
2026/2/21,23:45,430,,,,18
2026/2/22,00:00,430,,,,18
2026/2/22,00:15,430,,,,18
2026/2/22,00:30,430,,,,18
2026/2/22,00:45,430,,,,18
2026/2/22,01:00,430,,,,16
2026/2/22,01:15,430,,,,18
2026/2/22,01:30,430,,,,18
2026/2/22,01:45,430,,,,16
2026/2/22,02:00,430,,,,18
2026/2/22,02:15,430,,,,18
2026/2/22,02:30,430,,,,18
2026/2/22,02:45,430,,,,18
2026/2/22,03:00,430,,,,16
2026/2/22,03:15,430,,,,18
2026/2/22,03:30,430,,,,18
2026/2/22,03:45,430,,,,18
2026/2/22,04:00,430,,,,18
2026/2/22,04:15,430,,,,18
2026/2/22,04:30,430,,,,18
2026/2/22,04:45,430,,,,16
2026/2/22,05:00,430,,,,16
2026/2/22,05:15,430,,,,18
2026/2/22,05:30,430,,,,19
2026/2/22,05:45,430,,,,16
2026/2/22,06:00,430,,,,18
2026/2/22,06:15,430,,,,18
2026/2/22,06:30,430,,,,18
2026/2/22,06:45,430,,,,19
2026/2/22,07:00,430,,,,18
2026/2/22,07:15,430,,,,18
2026/2/22,07:30,430,,,,17
2026/2/22,07:45,430,,,,19
2026/2/22,08:00,430,,,,20
2026/2/22,08:15,430,,,,26
2026/2/22,08:30,430,,,,23
2026/2/22,08:45,430,,,,23
2026/2/22,09:00,430,,,,25
2026/2/22,09:15,430,,,,24
2026/2/22,09:30,430,,,,24
2026/2/22,09:45,430,,,,26
2026/2/22,10:00,430,,,,26
2026/2/22,10:15,430,,,,28
2026/2/22,10:30,430,,,,28
2026/2/22,10:45,430,,,,28
2026/2/22,11:00,430,,,,38
2026/2/22,11:15,430,,,,54
2026/2/22,11:30,430,,,,86
2026/2/22,11:45,430,,,,141
2026/2/22,12:00,430,,,,190
2026/2/22,12:15,430,,,,258
2026/2/22,12:30,430,,,,251
2026/2/22,12:45,430,,,,241
2026/2/22,13:00,430,,,,242
2026/2/22,13:15,430,,,,249
2026/2/22,13:30,430,,,,245
2026/2/22,13:45,430,,,,244
2026/2/22,14:00,430,,,,238
2026/2/22,14:15,430,,,,239
2026/2/22,14:30,430,,,,240
2026/2/22,14:45,430,,,,255
2026/2/22,15:00,430,,,,267
2026/2/22,15:15,430,,,,255
2026/2/22,15:30,430,,,,238
2026/2/22,15:45,430,,,,243
2026/2/22,16:00,430,,,,245
2026/2/22,16:15,430,,,,174
2026/2/22,16:30,430,,,,107
2026/2/22,16:45,430,,,,99
2026/2/22,17:00,430,,,,70
2026/2/22,17:15,430,,,,57
2026/2/22,17:30,430,,,,56
2026/2/22,17:45,430,,,,54
2026/2/22,18:00,430,,,,42
2026/2/22,18:15,430,,,,42
2026/2/22,18:30,430,,,,43
2026/2/22,18:45,430,,,,40
2026/2/22,19:00,430,,,,43
2026/2/22,19:15,430,,,,42
2026/2/22,19:30,430,,,,45
2026/2/22,19:45,430,,,,43
2026/2/22,20:00,430,,,,43
2026/2/22,20:15,430,,,,37
2026/2/22,20:30,430,,,,21
2026/2/22,20:45,430,,,,19
2026/2/22,21:00,430,,,,18
2026/2/22,21:15,430,,,,18
2026/2/22,21:30,430,,,,19
2026/2/22,21:45,430,,,,18
2026/2/22,22:00,430,,,,19
2026/2/22,22:15,430,,,,19
2026/2/22,22:30,430,,,,19
2026/2/22,22:45,430,,,,19
2026/2/22,23:00,430,,,,18
2026/2/22,23:15,430,,,,18
2026/2/22,23:30,430,,,,18
2026/2/22,23:45,430,,,,19
2026/2/23,00:00,430,,,,18
2026/2/23,00:15,430,,,,21
2026/2/23,00:30,430,,,,19
2026/2/23,00:45,430,,,,18
2026/2/23,01:00,430,,,,19
2026/2/23,01:15,430,,,,18
2026/2/23,01:30,430,,,,19
2026/2/23,01:45,430,,,,18
2026/2/23,02:00,430,,,,19
2026/2/23,02:15,430,,,,18
2026/2/23,02:30,430,,,,18
2026/2/23,02:45,430,,,,19
2026/2/23,03:00,430,,,,19
2026/2/23,03:15,430,,,,22
2026/2/23,03:30,430,,,,21
2026/2/23,03:45,430,,,,22
2026/2/23,04:00,430,,,,22
2026/2/23,04:15,430,,,,22
2026/2/23,04:30,430,,,,22
2026/2/23,04:45,430,,,,22
2026/2/23,05:00,430,,,,21
2026/2/23,05:15,430,,,,21
2026/2/23,05:30,430,,,,21
2026/2/23,05:45,430,,,,22
2026/2/23,06:00,430,,,,22
2026/2/23,06:15,430,,24,,
2026/2/23,06:30,430,,24,,
2026/2/23,06:45,430,,29,,
2026/2/23,07:00,430,,25,,
2026/2/23,07:15,430,,26,,
2026/2/23,07:30,430,,25,,
2026/2/23,07:45,430,,27,,
2026/2/23,08:00,430,,32,,
2026/2/23,08:15,430,,42,,
2026/2/23,08:30,430,,100,,
2026/2/23,08:45,430,,107,,
2026/2/23,09:00,430,,110,,
2026/2/23,09:15,430,,184,,
2026/2/23,09:30,430,,239,,
2026/2/23,09:45,430,,282,,
2026/2/23,10:00,430,,309,,
2026/2/23,10:15,430,,292,,
2026/2/23,10:30,430,,286,,
2026/2/23,10:45,430,,276,,
2026/2/23,11:00,430,,290,,
2026/2/23,11:15,430,,,,303
2026/2/23,11:30,430,,,,280
2026/2/23,11:45,430,,,,284
2026/2/23,12:00,430,,,,281
2026/2/23,12:15,430,,,,252
2026/2/23,12:30,430,,,,244
2026/2/23,12:45,430,,,,204
2026/2/23,13:00,430,,,,181
2026/2/23,13:15,430,,,,228
2026/2/23,13:30,430,,,,268
2026/2/23,13:45,430,,,,289
2026/2/23,14:00,430,,,,299
2026/2/23,14:15,430,,284,,
2026/2/23,14:30,430,,274,,
2026/2/23,14:45,430,,308,,
2026/2/23,15:00,430,,315,,
2026/2/23,15:15,430,,292,,
2026/2/23,15:30,430,,267,,
2026/2/23,15:45,430,,266,,
2026/2/23,16:00,430,,298,,
2026/2/23,16:15,430,,264,,
2026/2/23,16:30,430,,266,,
2026/2/23,16:45,430,,295,,
2026/2/23,17:00,430,,267,,
2026/2/23,17:15,430,,200,,
2026/2/23,17:30,430,,182,,
2026/2/23,17:45,430,,211,,
2026/2/23,18:00,430,,258,,
2026/2/23,18:15,430,,282,,
2026/2/23,18:30,430,,282,,
2026/2/23,18:45,430,,293,,
2026/2/23,19:00,430,,304,,
2026/2/23,19:15,430,,291,,
2026/2/23,19:30,430,,267,,
2026/2/23,19:45,430,,256,,
2026/2/23,20:00,430,,230,,
2026/2/23,20:15,430,,240,,
2026/2/23,20:30,430,,238,,
2026/2/23,20:45,430,,250,,
2026/2/23,21:00,430,,266,,
2026/2/23,21:15,430,,274,,
2026/2/23,21:30,430,,282,,
2026/2/23,21:45,430,,283,,
2026/2/23,22:00,430,,283,,
2026/2/23,22:15,430,,270,,
2026/2/23,22:30,430,,216,,
2026/2/23,22:45,430,,179,,
2026/2/23,23:00,430,,155,,
2026/2/23,23:15,430,,144,,
2026/2/23,23:30,430,,152,,
2026/2/23,23:45,430,,221,,
2026/2/24,00:00,430,,240,,
2026/2/24,00:15,430,,,,178
2026/2/24,00:30,430,,,,104
2026/2/24,00:45,430,,,,66
2026/2/24,01:00,430,,,,61
2026/2/24,01:15,430,,,,54
2026/2/24,01:30,430,,,,53
2026/2/24,01:45,430,,,,51
2026/2/24,02:00,430,,,,50
2026/2/24,02:15,430,,,,50
2026/2/24,02:30,430,,,,48
2026/2/24,02:45,430,,,,50
2026/2/24,03:00,430,,,,48
2026/2/24,03:15,430,,,,48
2026/2/24,03:30,430,,,,48
2026/2/24,03:45,430,,,,22
2026/2/24,04:00,430,,,,22
2026/2/24,04:15,430,,,,22
2026/2/24,04:30,430,,,,22
2026/2/24,04:45,430,,,,22
2026/2/24,05:00,430,,,,22
2026/2/24,05:15,430,,,,24
2026/2/24,05:30,430,,,,26
2026/2/24,05:45,430,,,,27
2026/2/24,06:00,430,,,,30
2026/2/24,06:15,430,,29,,
2026/2/24,06:30,430,,29,,
2026/2/24,06:45,430,,26,,
2026/2/24,07:00,430,,27,,
2026/2/24,07:15,430,,23,,
2026/2/24,07:30,430,,26,,
2026/2/24,07:45,430,,30,,
2026/2/24,08:00,430,,36,,
2026/2/24,08:15,430,,42,,
2026/2/24,08:30,430,,84,,
2026/2/24,08:45,430,,93,,
2026/2/24,09:00,430,,103,,
2026/2/24,09:15,430,,162,,
2026/2/24,09:30,430,,239,,
2026/2/24,09:45,430,,283,,
2026/2/24,10:00,430,,311,,
2026/2/24,10:15,430,,294,,
2026/2/24,10:30,430,,314,,
2026/2/24,10:45,430,,308,,
2026/2/24,11:00,430,,294,,
2026/2/24,11:15,430,,,,294
2026/2/24,11:30,430,,,,316
2026/2/24,11:45,430,,,,294
2026/2/24,12:00,430,,,,275
2026/2/24,12:15,430,,,,256
2026/2/24,12:30,430,,,,252
2026/2/24,12:45,430,,,,229
2026/2/24,13:00,430,,,,236
2026/2/24,13:15,430,,,,288
2026/2/24,13:30,430,,,,318
2026/2/24,13:45,430,,,,310
2026/2/24,14:00,430,,,,295
2026/2/24,14:15,430,,290,,
2026/2/24,14:30,430,,304,,
2026/2/24,14:45,430,,309,,
2026/2/24,15:00,430,,310,,
2026/2/24,15:15,430,,292,,
2026/2/24,15:30,430,,319,,
2026/2/24,15:45,430,,299,,
2026/2/24,16:00,430,,290,,
2026/2/24,16:15,430,,315,,
2026/2/24,16:30,430,,320,,
2026/2/24,16:45,430,,298,,
2026/2/24,17:00,430,,293,,
2026/2/24,17:15,430,,248,,
2026/2/24,17:30,430,,196,,
2026/2/24,17:45,430,,208,,
2026/2/24,18:00,430,,274,,
2026/2/24,18:15,430,,302,,
2026/2/24,18:30,430,,293,,
2026/2/24,18:45,430,,293,,
2026/2/24,19:00,430,,296,,
2026/2/24,19:15,430,,283,,
2026/2/24,19:30,430,,266,,
2026/2/24,19:45,430,,272,,
2026/2/24,20:00,430,,262,,
2026/2/24,20:15,430,,200,,
2026/2/24,20:30,430,,181,,
2026/2/24,20:45,430,,232,,
2026/2/24,21:00,430,,274,,
2026/2/24,21:15,430,,259,,
2026/2/24,21:30,430,,266,,
2026/2/24,21:45,430,,278,,
2026/2/24,22:00,430,,264,,
2026/2/24,22:15,430,,251,,
2026/2/24,22:30,430,,238,,
2026/2/24,22:45,430,,221,,
2026/2/24,23:00,430,,158,,
2026/2/24,23:15,430,,114,,
2026/2/24,23:30,430,,107,,
2026/2/24,23:45,430,,134,,
2026/2/25,00:00,430,,157,,
2026/2/25,00:15,430,,,,147
2026/2/25,00:30,430,,,,117
2026/2/25,00:45,430,,,,72
2026/2/25,01:00,430,,,,56
2026/2/25,01:15,430,,,,53
2026/2/25,01:30,430,,,,51
2026/2/25,01:45,430,,,,50
2026/2/25,02:00,430,,,,48
2026/2/25,02:15,430,,,,42
2026/2/25,02:30,430,,,,27
2026/2/25,02:45,430,,,,24
2026/2/25,03:00,430,,,,24
2026/2/25,03:15,430,,,,24
2026/2/25,03:30,430,,,,24
2026/2/25,03:45,430,,,,24
2026/2/25,04:00,430,,,,24
2026/2/25,04:15,430,,,,26
2026/2/25,04:30,430,,,,24
2026/2/25,04:45,430,,,,26
2026/2/25,05:00,430,,,,26
2026/2/25,05:15,430,,,,24
2026/2/25,05:30,430,,,,24
2026/2/25,05:45,430,,,,26
2026/2/25,06:00,430,,,,27
2026/2/25,06:15,430,,29,,
2026/2/25,06:30,430,,27,,
2026/2/25,06:45,430,,32,,
2026/2/25,07:00,430,,28,,
2026/2/25,07:15,430,,28,,
2026/2/25,07:30,430,,28,,
2026/2/25,07:45,430,,30,,
2026/2/25,08:00,430,,36,,
2026/2/25,08:15,430,,48,,
2026/2/25,08:30,430,,84,,
2026/2/25,08:45,430,,89,,
2026/2/25,09:00,430,,100,,
2026/2/25,09:15,430,,143,,
2026/2/25,09:30,430,,208,,
2026/2/25,09:45,430,,222,,
2026/2/25,10:00,430,,242,,
2026/2/25,10:15,430,,277,,
2026/2/25,10:30,430,,319,,
2026/2/25,10:45,430,,297,,
2026/2/25,11:00,430,,292,,
2026/2/25,11:15,430,,,,301
2026/2/25,11:30,430,,,,287
2026/2/25,11:45,430,,,,280
2026/2/25,12:00,430,,,,278
2026/2/25,12:15,430,,,,243
2026/2/25,12:30,430,,,,227
2026/2/25,12:45,430,,,,215
2026/2/25,13:00,430,,,,223
2026/2/25,13:15,430,,,,273
2026/2/25,13:30,430,,,,296
2026/2/25,13:45,430,,,,309
2026/2/25,14:00,430,,,,296
2026/2/25,14:15,430,,294,,
2026/2/25,14:30,430,,299,,
2026/2/25,14:45,430,,317,,
2026/2/25,15:00,430,,302,,
2026/2/25,15:15,430,,299,,
2026/2/25,15:30,430,,314,,
2026/2/25,15:45,430,,308,,
2026/2/25,16:00,430,,288,,
2026/2/25,16:15,430,,301,,
2026/2/25,16:30,430,,295,,
2026/2/25,16:45,430,,316,,
2026/2/25,17:00,430,,307,,
2026/2/25,17:15,430,,273,,
2026/2/25,17:30,430,,219,,
2026/2/25,17:45,430,,193,,
2026/2/25,18:00,430,,247,,
2026/2/25,18:15,430,,275,,
2026/2/25,18:30,430,,264,,
2026/2/25,18:45,430,,258,,
2026/2/25,19:00,430,,272,,
2026/2/25,19:15,430,,269,,
2026/2/25,19:30,430,,264,,
2026/2/25,19:45,430,,269,,
2026/2/25,20:00,430,,251,,
2026/2/25,20:15,430,,211,,
2026/2/25,20:30,430,,179,,
2026/2/25,20:45,430,,198,,
2026/2/25,21:00,430,,245,,
2026/2/25,21:15,430,,253,,
2026/2/25,21:30,430,,251,,
2026/2/25,21:45,430,,256,,
2026/2/25,22:00,430,,258,,
2026/2/25,22:15,430,,245,,
2026/2/25,22:30,430,,242,,
2026/2/25,22:45,430,,250,,
2026/2/25,23:00,430,,232,,
2026/2/25,23:15,430,,168,,
2026/2/25,23:30,430,,131,,
2026/2/25,23:45,430,,165,,
2026/2/26,00:00,430,,190,,
2026/2/26,00:15,430,,,,168
2026/2/26,00:30,430,,,,104
2026/2/26,00:45,430,,,,83
2026/2/26,01:00,430,,,,62
2026/2/26,01:15,430,,,,61
2026/2/26,01:30,430,,,,59
2026/2/26,01:45,430,,,,59
2026/2/26,02:00,430,,,,46
2026/2/26,02:15,430,,,,48
2026/2/26,02:30,430,,,,46
2026/2/26,02:45,430,,,,46
2026/2/26,03:00,430,,,,45
2026/2/26,03:15,430,,,,46
2026/2/26,03:30,430,,,,43
2026/2/26,03:45,430,,,,45
2026/2/26,04:00,430,,,,29
2026/2/26,04:15,430,,,,24
2026/2/26,04:30,430,,,,24
2026/2/26,04:45,430,,,,24
2026/2/26,05:00,430,,,,26
2026/2/26,05:15,430,,,,24
2026/2/26,05:30,430,,,,24
2026/2/26,05:45,430,,,,26
2026/2/26,06:00,430,,,,27
2026/2/26,06:15,430,,27,,
2026/2/26,06:30,430,,29,,
2026/2/26,06:45,430,,29,,
2026/2/26,07:00,430,,29,,
2026/2/26,07:15,430,,26,,
2026/2/26,07:30,430,,28,,
2026/2/26,07:45,430,,29,,
2026/2/26,08:00,430,,35,,
2026/2/26,08:15,430,,39,,
2026/2/26,08:30,430,,83,,
2026/2/26,08:45,430,,98,,
2026/2/26,09:00,430,,100,,
2026/2/26,09:15,430,,155,,
2026/2/26,09:30,430,,232,,
2026/2/26,09:45,430,,288,,
2026/2/26,10:00,430,,305,,
2026/2/26,10:15,430,,304,,
2026/2/26,10:30,430,,310,,
2026/2/26,10:45,430,,308,,
2026/2/26,11:00,430,,311,,
2026/2/26,11:15,430,,,,307
2026/2/26,11:30,430,,,,297
2026/2/26,11:45,430,,,,291
2026/2/26,12:00,430,,,,284
2026/2/26,12:15,430,,,,260
2026/2/26,12:30,430,,,,254
2026/2/26,12:45,430,,,,238
2026/2/26,13:00,430,,,,242
2026/2/26,13:15,430,,,,288
2026/2/26,13:30,430,,,,318
2026/2/26,13:45,430,,,,311
2026/2/26,14:00,430,,,,313
2026/2/26,14:15,430,,313,,
2026/2/26,14:30,430,,307,,
2026/2/26,14:45,430,,307,,
2026/2/26,15:00,430,,325,,
2026/2/26,15:15,430,,321,,
2026/2/26,15:30,430,,313,,
2026/2/26,15:45,430,,307,,
2026/2/26,16:00,430,,322,,
2026/2/26,16:15,430,,316,,
2026/2/26,16:30,430,,311,,
2026/2/26,16:45,430,,327,,
2026/2/26,17:00,430,,314,,
2026/2/26,17:15,430,,277,,
2026/2/26,17:30,430,,229,,
2026/2/26,17:45,430,,223,,
2026/2/26,18:00,430,,264,,
2026/2/26,18:15,430,,288,,
2026/2/26,18:30,430,,290,,
2026/2/26,18:45,430,,291,,
2026/2/26,19:00,430,,290,,
2026/2/26,19:15,430,,275,,
2026/2/26,19:30,430,,264,,
2026/2/26,19:45,430,,246,,
2026/2/26,20:00,430,,253,,
2026/2/26,20:15,430,,208,,
2026/2/26,20:30,430,,170,,
2026/2/26,20:45,430,,203,,
2026/2/26,21:00,430,,267,,
2026/2/26,21:15,430,,264,,
2026/2/26,21:30,430,,254,,
2026/2/26,21:45,430,,258,,
2026/2/26,22:00,430,,277,,
2026/2/26,22:15,430,,272,,
2026/2/26,22:30,430,,245,,
2026/2/26,22:45,430,,238,,
2026/2/26,23:00,430,,248,,
2026/2/26,23:15,430,,213,,
2026/2/26,23:30,430,,163,,
2026/2/26,23:45,430,,184,,
2026/2/27,00:00,430,,211,,
2026/2/27,00:15,430,,,,165
2026/2/27,00:30,430,,,,112
2026/2/27,00:45,430,,,,85
2026/2/27,01:00,430,,,,70
2026/2/27,01:15,430,,,,69
2026/2/27,01:30,430,,,,69
2026/2/27,01:45,430,,,,66
2026/2/27,02:00,430,,,,58
2026/2/27,02:15,430,,,,53
2026/2/27,02:30,430,,,,50
2026/2/27,02:45,430,,,,29
2026/2/27,03:00,430,,,,27
2026/2/27,03:15,430,,,,27
2026/2/27,03:30,430,,,,26
2026/2/27,03:45,430,,,,26
2026/2/27,04:00,430,,,,26
2026/2/27,04:15,430,,,,24
2026/2/27,04:30,430,,,,26
2026/2/27,04:45,430,,,,26
2026/2/27,05:00,430,,,,27
2026/2/27,05:15,430,,,,26
2026/2/27,05:30,430,,,,24
2026/2/27,05:45,430,,,,29
2026/2/27,06:00,430,,,,29
2026/2/27,06:15,430,,29,,
2026/2/27,06:30,430,,32,,
2026/2/27,06:45,430,,30,,
2026/2/27,07:00,430,,29,,
2026/2/27,07:15,430,,29,,
2026/2/27,07:30,430,,31,,
2026/2/27,07:45,430,,30,,
2026/2/27,08:00,430,,33,,
2026/2/27,08:15,430,,36,,
2026/2/27,08:30,430,,51,,
2026/2/27,08:45,430,,67,,
2026/2/27,09:00,430,,76,,
2026/2/27,09:15,430,,151,,
2026/2/27,09:30,430,,212,,
2026/2/27,09:45,430,,259,,
2026/2/27,10:00,430,,273,,
2026/2/27,10:15,430,,286,,
2026/2/27,10:30,430,,295,,
2026/2/27,10:45,430,,299,,
2026/2/27,11:00,430,,292,,
2026/2/27,11:15,430,,,,305
2026/2/27,11:30,430,,,,278
2026/2/27,11:45,430,,,,283
2026/2/27,12:00,430,,,,278
2026/2/27,12:15,430,,,,254
2026/2/27,12:30,430,,,,251
2026/2/27,12:45,430,,,,254
2026/2/27,13:00,430,,,,246
2026/2/27,13:15,430,,,,263
2026/2/27,13:30,430,,,,296
2026/2/27,13:45,430,,,,307
2026/2/27,14:00,430,,,,304
2026/2/27,14:15,430,,290,,
2026/2/27,14:30,430,,307,,
2026/2/27,14:45,430,,310,,
2026/2/27,15:00,430,,313,,
2026/2/27,15:15,430,,323,,
2026/2/27,15:30,430,,306,,
2026/2/27,15:45,430,,303,,
2026/2/27,16:00,430,,301,,
2026/2/27,16:15,430,,302,,
2026/2/27,16:30,430,,300,,
2026/2/27,16:45,430,,302,,
2026/2/27,17:00,430,,300,,
2026/2/27,17:15,430,,262,,
2026/2/27,17:30,430,,211,,
2026/2/27,17:45,430,,227,,
2026/2/27,18:00,430,,277,,
2026/2/27,18:15,430,,298,,
2026/2/27,18:30,430,,296,,
2026/2/27,18:45,430,,291,,
2026/2/27,19:00,430,,283,,
2026/2/27,19:15,430,,270,,
2026/2/27,19:30,430,,251,,
2026/2/27,19:45,430,,246,,
2026/2/27,20:00,430,,253,,
2026/2/27,20:15,430,,206,,
2026/2/27,20:30,430,,174,,
2026/2/27,20:45,430,,219,,
2026/2/27,21:00,430,,269,,
2026/2/27,21:15,430,,269,,
2026/2/27,21:30,430,,264,,
2026/2/27,21:45,430,,261,,
2026/2/27,22:00,430,,275,,
2026/2/27,22:15,430,,266,,
2026/2/27,22:30,430,,256,,
2026/2/27,22:45,430,,237,,
2026/2/27,23:00,430,,211,,
2026/2/27,23:15,430,,202,,
2026/2/27,23:30,430,,160,,
2026/2/27,23:45,430,,197,,
2026/2/28,00:00,430,,222,,
2026/2/28,00:15,430,,,,165
2026/2/28,00:30,430,,,,98
2026/2/28,00:45,430,,,,74
2026/2/28,01:00,430,,,,72
2026/2/28,01:15,430,,,,74
2026/2/28,01:30,430,,,,72
2026/2/28,01:45,430,,,,70
2026/2/28,02:00,430,,,,70
2026/2/28,02:15,430,,,,67
2026/2/28,02:30,430,,,,40
2026/2/28,02:45,430,,,,34
2026/2/28,03:00,430,,,,26
2026/2/28,03:15,430,,,,26
2026/2/28,03:30,430,,,,26
2026/2/28,03:45,430,,,,24
2026/2/28,04:00,430,,,,24
2026/2/28,04:15,430,,,,26
2026/2/28,04:30,430,,,,26
2026/2/28,04:45,430,,,,24
2026/2/28,05:00,430,,,,26
2026/2/28,05:15,430,,,,26
2026/2/28,05:30,430,,,,26
2026/2/28,05:45,430,,,,27
2026/2/28,06:00,430,,,,27
2026/2/28,06:15,430,,,,29
2026/2/28,06:30,430,,,,27
2026/2/28,06:45,430,,,,30
2026/2/28,07:00,430,,,,33
2026/2/28,07:15,430,,,,30
2026/2/28,07:30,430,,,,30
2026/2/28,07:45,430,,,,27
2026/2/28,08:00,430,,,,31
2026/2/28,08:15,430,,,,35
2026/2/28,08:30,430,,,,36
2026/2/28,08:45,430,,,,88
2026/2/28,09:00,430,,,,91
2026/2/28,09:15,430,,,,154
2026/2/28,09:30,430,,,,231
2026/2/28,09:45,430,,,,289
2026/2/28,10:00,430,,,,297
2026/2/28,10:15,430,,,,308
2026/2/28,10:30,430,,,,306
2026/2/28,10:45,430,,,,292
2026/2/28,11:00,430,,,,300
2026/2/28,11:15,430,,,,311
2026/2/28,11:30,430,,,,303
2026/2/28,11:45,430,,,,292
2026/2/28,12:00,430,,,,296
2026/2/28,12:15,430,,,,264
2026/2/28,12:30,430,,,,242
2026/2/28,12:45,430,,,,226
2026/2/28,13:00,430,,,,209
2026/2/28,13:15,430,,,,209
2026/2/28,13:30,430,,,,229
2026/2/28,13:45,430,,,,287
2026/2/28,14:00,430,,,,302
2026/2/28,14:15,430,,,,279
2026/2/28,14:30,430,,,,304
2026/2/28,14:45,430,,,,314
2026/2/28,15:00,430,,,,305
2026/2/28,15:15,430,,,,297
2026/2/28,15:30,430,,,,293
2026/2/28,15:45,430,,,,308
2026/2/28,16:00,430,,,,291
2026/2/28,16:15,430,,,,285
2026/2/28,16:30,430,,,,300
2026/2/28,16:45,430,,,,290
2026/2/28,17:00,430,,,,253
2026/2/28,17:15,430,,,,211
2026/2/28,17:30,430,,,,178
2026/2/28,17:45,430,,,,189
2026/2/28,18:00,430,,,,261
2026/2/28,18:15,430,,,,280
2026/2/28,18:30,430,,,,301
2026/2/28,18:45,430,,,,294
2026/2/28,19:00,430,,,,288
2026/2/28,19:15,430,,,,277
2026/2/28,19:30,430,,,,298
2026/2/28,19:45,430,,,,250
2026/2/28,20:00,430,,,,184
2026/2/28,20:15,430,,,,138
2026/2/28,20:30,430,,,,147
2026/2/28,20:45,430,,,,144
2026/2/28,21:00,430,,,,144
2026/2/28,21:15,430,,,,144
2026/2/28,21:30,430,,,,139
2026/2/28,21:45,430,,,,130
2026/2/28,22:00,430,,,,126
2026/2/28,22:15,430,,,,114
2026/2/28,22:30,430,,,,114
2026/2/28,22:45,430,,,,106
2026/2/28,23:00,430,,,,112
2026/2/28,23:15,430,,,,99
2026/2/28,23:30,430,,,,123
2026/2/28,23:45,430,,,,176
2026/3/1,00:00,430,,,,174
2026/3/1,00:15,430,,,,126
2026/3/1,00:30,430,,,,82
2026/3/1,00:45,430,,,,82
2026/3/1,01:00,430,,,,77
2026/3/1,01:15,430,,,,72
2026/3/1,01:30,430,,,,29
2026/3/1,01:45,430,,,,29
2026/3/1,02:00,430,,,,26
2026/3/1,02:15,430,,,,26
2026/3/1,02:30,430,,,,26
2026/3/1,02:45,430,,,,29
2026/3/1,03:00,430,,,,26
2026/3/1,03:15,430,,,,26
2026/3/1,03:30,430,,,,24
2026/3/1,03:45,430,,,,24
2026/3/1,04:00,430,,,,24
2026/3/1,04:15,430,,,,26
2026/3/1,04:30,430,,,,27
2026/3/1,04:45,430,,,,24
2026/3/1,05:00,430,,,,22
2026/3/1,05:15,430,,,,32
2026/3/1,05:30,430,,,,35
2026/3/1,05:45,430,,,,35
2026/3/1,06:00,430,,,,35
2026/3/1,06:15,430,,,,37
2026/3/1,06:30,430,,,,26
2026/3/1,06:45,430,,,,26
2026/3/1,07:00,430,,,,24
2026/3/1,07:15,430,,,,24
2026/3/1,07:30,430,,,,26
2026/3/1,07:45,430,,,,25
2026/3/1,08:00,430,,,,25
2026/3/1,08:15,430,,,,25
2026/3/1,08:30,430,,,,26
2026/3/1,08:45,430,,,,26
2026/3/1,09:00,430,,,,28
2026/3/1,09:15,430,,,,29
2026/3/1,09:30,430,,,,26
2026/3/1,09:45,430,,,,27
2026/3/1,10:00,430,,,,28
2026/3/1,10:15,430,,,,28
2026/3/1,10:30,430,,,,27
2026/3/1,10:45,430,,,,28
2026/3/1,11:00,430,,,,30
2026/3/1,11:15,430,,,,89
2026/3/1,11:30,430,,,,125
2026/3/1,11:45,430,,,,176
2026/3/1,12:00,430,,,,228
2026/3/1,12:15,430,,,,240
2026/3/1,12:30,430,,,,241
2026/3/1,12:45,430,,,,223
2026/3/1,13:00,430,,,,210
2026/3/1,13:15,430,,,,219
2026/3/1,13:30,430,,,,224
2026/3/1,13:45,430,,,,246
2026/3/1,14:00,430,,,,244
2026/3/1,14:15,430,,,,251
2026/3/1,14:30,430,,,,230
2026/3/1,14:45,430,,,,177
2026/3/1,15:00,430,,,,146
2026/3/1,15:15,430,,,,131
2026/3/1,15:30,430,,,,121
2026/3/1,15:45,430,,,,149
2026/3/1,16:00,430,,,,184
2026/3/1,16:15,430,,,,170
2026/3/1,16:30,430,,,,124
2026/3/1,16:45,430,,,,106
2026/3/1,17:00,430,,,,85
2026/3/1,17:15,430,,,,64
2026/3/1,17:30,430,,,,49
2026/3/1,17:45,430,,,,46
2026/3/1,18:00,430,,,,43
2026/3/1,18:15,430,,,,45
2026/3/1,18:30,430,,,,43
2026/3/1,18:45,430,,,,45
2026/3/1,19:00,430,,,,45
2026/3/1,19:15,430,,,,46
2026/3/1,19:30,430,,,,45
2026/3/1,19:45,430,,,,43
2026/3/1,20:00,430,,,,45
2026/3/1,20:15,430,,,,29
2026/3/1,20:30,430,,,,18
2026/3/1,20:45,430,,,,18
2026/3/1,21:00,430,,,,19
2026/3/1,21:15,430,,,,18
2026/3/1,21:30,430,,,,18
2026/3/1,21:45,430,,,,18
2026/3/1,22:00,430,,,,19
2026/3/1,22:15,430,,,,18
2026/3/1,22:30,430,,,,18
2026/3/1,22:45,430,,,,19
2026/3/1,23:00,430,,,,18
2026/3/1,23:15,430,,,,16
2026/3/1,23:30,430,,,,19
2026/3/1,23:45,430,,,,18
2026/3/2,00:00,430,,,,16
2026/3/2,00:15,430,,,,18
2026/3/2,00:30,430,,,,18
2026/3/2,00:45,430,,,,16
2026/3/2,01:00,430,,,,18
2026/3/2,01:15,430,,,,18
2026/3/2,01:30,430,,,,18
2026/3/2,01:45,430,,,,16
2026/3/2,02:00,430,,,,18
2026/3/2,02:15,430,,,,18
2026/3/2,02:30,430,,,,18
2026/3/2,02:45,430,,,,18
2026/3/2,03:00,430,,,,18
2026/3/2,03:15,430,,,,22
2026/3/2,03:30,430,,,,21
2026/3/2,03:45,430,,,,22
2026/3/2,04:00,430,,,,22
2026/3/2,04:15,430,,,,24
2026/3/2,04:30,430,,,,24
2026/3/2,04:45,430,,,,22
2026/3/2,05:00,430,,,,22
2026/3/2,05:15,430,,,,22
2026/3/2,05:30,430,,,,21
2026/3/2,05:45,430,,,,22
2026/3/2,06:00,430,,,,22
2026/3/2,06:15,430,,26,,
2026/3/2,06:30,430,,28,,
2026/3/2,06:45,430,,31,,
2026/3/2,07:00,430,,34,,
2026/3/2,07:15,430,,36,,
2026/3/2,07:30,430,,29,,
2026/3/2,07:45,430,,28,,
2026/3/2,08:00,430,,36,,
2026/3/2,08:15,430,,52,,
2026/3/2,08:30,430,,103,,
2026/3/2,08:45,430,,122,,
2026/3/2,09:00,430,,120,,
2026/3/2,09:15,430,,178,,
2026/3/2,09:30,430,,247,,
2026/3/2,09:45,430,,285,,
2026/3/2,10:00,430,,302,,
2026/3/2,10:15,430,,302,,
2026/3/2,10:30,430,,319,,
2026/3/2,10:45,430,,317,,
2026/3/2,11:00,430,,322,,
2026/3/2,11:15,430,,,,293
2026/3/2,11:30,430,,,,292
2026/3/2,11:45,430,,,,301
2026/3/2,12:00,430,,,,298
2026/3/2,12:15,430,,,,241
2026/3/2,12:30,430,,,,239
2026/3/2,12:45,430,,,,234
2026/3/2,13:00,430,,,,215
2026/3/2,13:15,430,,,,253
2026/3/2,13:30,430,,,,287
2026/3/2,13:45,430,,,,300
2026/3/2,14:00,430,,,,302
2026/3/2,14:15,430,,293,,
2026/3/2,14:30,430,,291,,
2026/3/2,14:45,430,,318,,
2026/3/2,15:00,430,,310,,
2026/3/2,15:15,430,,308,,
2026/3/2,15:30,430,,307,,
2026/3/2,15:45,430,,328,,
2026/3/2,16:00,430,,315,,
2026/3/2,16:15,430,,278,,
2026/3/2,16:30,430,,296,,
2026/3/2,16:45,430,,312,,
2026/3/2,17:00,430,,301,,
2026/3/2,17:15,430,,252,,
2026/3/2,17:30,430,,215,,
2026/3/2,17:45,430,,231,,
2026/3/2,18:00,430,,259,,
2026/3/2,18:15,430,,243,,
2026/3/2,18:30,430,,251,,
2026/3/2,18:45,430,,294,,
2026/3/2,19:00,430,,307,,
2026/3/2,19:15,430,,298,,
2026/3/2,19:30,430,,291,,
2026/3/2,19:45,430,,283,,
2026/3/2,20:00,430,,269,,
2026/3/2,20:15,430,,206,,
2026/3/2,20:30,430,,187,,
2026/3/2,20:45,430,,174,,
2026/3/2,21:00,430,,234,,
2026/3/2,21:15,430,,253,,
2026/3/2,21:30,430,,205,,
2026/3/2,21:45,430,,146,,
2026/3/2,22:00,430,,134,,
2026/3/2,22:15,430,,142,,
2026/3/2,22:30,430,,144,,
2026/3/2,22:45,430,,134,,
2026/3/2,23:00,430,,122,,
2026/3/2,23:15,430,,126,,
2026/3/2,23:30,430,,122,,
2026/3/2,23:45,430,,168,,
2026/3/3,00:00,430,,221,,
2026/3/3,00:15,430,,,,190
2026/3/3,00:30,430,,,,128
2026/3/3,00:45,430,,,,93
2026/3/3,01:00,430,,,,62
2026/3/3,01:15,430,,,,53
2026/3/3,01:30,430,,,,54
2026/3/3,01:45,430,,,,53
2026/3/3,02:00,430,,,,51
2026/3/3,02:15,430,,,,51
2026/3/3,02:30,430,,,,53
2026/3/3,02:45,430,,,,51
2026/3/3,03:00,430,,,,51
2026/3/3,03:15,430,,,,51
2026/3/3,03:30,430,,,,50
2026/3/3,03:45,430,,,,50
2026/3/3,04:00,430,,,,50
2026/3/3,04:15,430,,,,24
2026/3/3,04:30,430,,,,24
2026/3/3,04:45,430,,,,24
2026/3/3,05:00,430,,,,24
2026/3/3,05:15,430,,,,24
2026/3/3,05:30,430,,,,24
2026/3/3,05:45,430,,,,24
2026/3/3,06:00,430,,,,26
2026/3/3,06:15,430,,27,,
2026/3/3,06:30,430,,26,,
2026/3/3,06:45,430,,28,,
2026/3/3,07:00,430,,32,,
2026/3/3,07:15,430,,29,,
2026/3/3,07:30,430,,28,,
2026/3/3,07:45,430,,30,,
2026/3/3,08:00,430,,35,,
2026/3/3,08:15,430,,39,,
2026/3/3,08:30,430,,84,,
2026/3/3,08:45,430,,94,,
2026/3/3,09:00,430,,101,,
2026/3/3,09:15,430,,173,,
2026/3/3,09:30,430,,245,,
2026/3/3,09:45,430,,304,,
2026/3/3,10:00,430,,308,,
2026/3/3,10:15,430,,278,,
2026/3/3,10:30,430,,287,,
2026/3/3,10:45,430,,310,,
2026/3/3,11:00,430,,311,,
2026/3/3,11:15,430,,,,286
2026/3/3,11:30,430,,,,282
2026/3/3,11:45,430,,,,304
2026/3/3,12:00,430,,,,294
2026/3/3,12:15,430,,,,257
2026/3/3,12:30,430,,,,237
2026/3/3,12:45,430,,,,240
2026/3/3,13:00,430,,,,233
2026/3/3,13:15,430,,,,242
2026/3/3,13:30,430,,,,252
2026/3/3,13:45,430,,,,281
2026/3/3,14:00,430,,,,290
2026/3/3,14:15,430,,281,,
2026/3/3,14:30,430,,262,,
2026/3/3,14:45,430,,278,,
2026/3/3,15:00,430,,296,,
2026/3/3,15:15,430,,297,,
2026/3/3,15:30,430,,263,,
2026/3/3,15:45,430,,293,,
2026/3/3,16:00,430,,310,,
2026/3/3,16:15,430,,292,,
2026/3/3,16:30,430,,293,,
2026/3/3,16:45,430,,304,,
2026/3/3,17:00,430,,287,,
2026/3/3,17:15,430,,250,,
2026/3/3,17:30,430,,235,,
2026/3/3,17:45,430,,234,,
2026/3/3,18:00,430,,258,,
2026/3/3,18:15,430,,291,,
2026/3/3,18:30,430,,307,,
2026/3/3,18:45,430,,299,,
2026/3/3,19:00,430,,280,,
2026/3/3,19:15,430,,254,,
2026/3/3,19:30,430,,267,,
2026/3/3,19:45,430,,254,,
2026/3/3,20:00,430,,242,,
2026/3/3,20:15,430,,208,,
2026/3/3,20:30,430,,179,,
2026/3/3,20:45,430,,198,,
2026/3/3,21:00,430,,251,,
2026/3/3,21:15,430,,259,,
2026/3/3,21:30,430,,254,,
2026/3/3,21:45,430,,245,,
2026/3/3,22:00,430,,242,,
2026/3/3,22:15,430,,240,,
2026/3/3,22:30,430,,238,,
2026/3/3,22:45,430,,245,,
2026/3/3,23:00,430,,214,,
2026/3/3,23:15,430,,152,,
2026/3/3,23:30,430,,131,,
2026/3/3,23:45,430,,192,,
2026/3/4,00:00,430,,213,,
2026/3/4,00:15,430,,,,163
2026/3/4,00:30,430,,,,110
2026/3/4,00:45,430,,,,75
2026/3/4,01:00,430,,,,66
2026/3/4,01:15,430,,,,61
2026/3/4,01:30,430,,,,51
2026/3/4,01:45,430,,,,46
2026/3/4,02:00,430,,,,45
2026/3/4,02:15,430,,,,46
2026/3/4,02:30,430,,,,46
2026/3/4,02:45,430,,,,46
2026/3/4,03:00,430,,,,45
2026/3/4,03:15,430,,,,45
2026/3/4,03:30,430,,,,45
2026/3/4,03:45,430,,,,45
2026/3/4,04:00,430,,,,43
2026/3/4,04:15,430,,,,26
2026/3/4,04:30,430,,,,24
2026/3/4,04:45,430,,,,24
2026/3/4,05:00,430,,,,24
2026/3/4,05:15,430,,,,24
2026/3/4,05:30,430,,,,24
2026/3/4,05:45,430,,,,24
2026/3/4,06:00,430,,,,26
2026/3/4,06:15,430,,26,,
2026/3/4,06:30,430,,29,,
2026/3/4,06:45,430,,26,,
2026/3/4,07:00,430,,28,,
2026/3/4,07:15,430,,28,,
2026/3/4,07:30,430,,29,,
2026/3/4,07:45,430,,30,,
2026/3/4,08:00,430,,33,,
2026/3/4,08:15,430,,45,,
2026/3/4,08:30,430,,82,,
2026/3/4,08:45,430,,86,,
2026/3/4,09:00,430,,84,,
2026/3/4,09:15,430,,137,,
2026/3/4,09:30,430,,234,,
2026/3/4,09:45,430,,293,,
2026/3/4,10:00,430,,294,,
2026/3/4,10:15,430,,249,,
2026/3/4,10:30,430,,281,,
2026/3/4,10:45,430,,301,,
2026/3/4,11:00,430,,291,,
2026/3/4,11:15,430,,,,273
2026/3/4,11:30,430,,,,290
2026/3/4,11:45,430,,,,290
2026/3/4,12:00,430,,,,259
2026/3/4,12:15,430,,,,238
2026/3/4,12:30,430,,,,227
2026/3/4,12:45,430,,,,227
2026/3/4,13:00,430,,,,237
2026/3/4,13:15,430,,,,264
2026/3/4,13:30,430,,,,274
2026/3/4,13:45,430,,,,286
2026/3/4,14:00,430,,,,288
2026/3/4,14:15,430,,282,,
2026/3/4,14:30,430,,274,,
2026/3/4,14:45,430,,289,,
2026/3/4,15:00,430,,299,,
2026/3/4,15:15,430,,284,,
2026/3/4,15:30,430,,297,,
2026/3/4,15:45,430,,290,,
2026/3/4,16:00,430,,283,,
2026/3/4,16:15,430,,301,,
2026/3/4,16:30,430,,301,,
2026/3/4,16:45,430,,284,,
2026/3/4,17:00,430,,291,,
2026/3/4,17:15,430,,293,,
2026/3/4,17:30,430,,251,,
2026/3/4,17:45,430,,234,,
2026/3/4,18:00,430,,256,,
2026/3/4,18:15,430,,267,,
2026/3/4,18:30,430,,278,,
2026/3/4,18:45,430,,254,,
2026/3/4,19:00,430,,254,,
2026/3/4,19:15,430,,261,,
2026/3/4,19:30,430,,246,,
2026/3/4,19:45,430,,253,,
2026/3/4,20:00,430,,242,,
2026/3/4,20:15,430,,189,,
2026/3/4,20:30,430,,146,,
2026/3/4,20:45,430,,189,,
2026/3/4,21:00,430,,234,,
2026/3/4,21:15,430,,274,,
2026/3/4,21:30,430,,259,,
2026/3/4,21:45,430,,248,,
2026/3/4,22:00,430,,264,,
2026/3/4,22:15,430,,258,,
2026/3/4,22:30,430,,238,,
2026/3/4,22:45,430,,242,,
2026/3/4,23:00,430,,227,,
2026/3/4,23:15,430,,166,,
2026/3/4,23:30,430,,142,,
2026/3/4,23:45,430,,182,,
2026/3/5,00:00,430,,229,,
2026/3/5,00:15,430,,,,202
2026/3/5,00:30,430,,,,126
2026/3/5,00:45,430,,,,74
2026/3/5,01:00,430,,,,69
2026/3/5,01:15,430,,,,69
2026/3/5,01:30,430,,,,69
2026/3/5,01:45,430,,,,69
2026/3/5,02:00,430,,,,66
2026/3/5,02:15,430,,,,62
2026/3/5,02:30,430,,,,61
2026/3/5,02:45,430,,,,59
2026/3/5,03:00,430,,,,46
2026/3/5,03:15,430,,,,46
2026/3/5,03:30,430,,,,46
2026/3/5,03:45,430,,,,48
2026/3/5,04:00,430,,,,46
2026/3/5,04:15,430,,,,26
2026/3/5,04:30,430,,,,26
2026/3/5,04:45,430,,,,24
2026/3/5,05:00,430,,,,24
2026/3/5,05:15,430,,,,24
2026/3/5,05:30,430,,,,24
2026/3/5,05:45,430,,,,24
2026/3/5,06:00,430,,,,26
2026/3/5,06:15,430,,27,,
2026/3/5,06:30,430,,29,,
2026/3/5,06:45,430,,31,,
2026/3/5,07:00,430,,31,,
2026/3/5,07:15,430,,31,,
2026/3/5,07:30,430,,29,,
2026/3/5,07:45,430,,33,,
2026/3/5,08:00,430,,35,,
2026/3/5,08:15,430,,42,,
2026/3/5,08:30,430,,94,,
2026/3/5,08:45,430,,95,,
2026/3/5,09:00,430,,99,,
2026/3/5,09:15,430,,154,,
2026/3/5,09:30,430,,243,,
2026/3/5,09:45,430,,306,,
2026/3/5,10:00,430,,298,,
2026/3/5,10:15,430,,292,,
2026/3/5,10:30,430,,308,,
2026/3/5,10:45,430,,317,,
2026/3/5,11:00,430,,302,,
2026/3/5,11:15,430,,,,279
2026/3/5,11:30,430,,,,290
2026/3/5,11:45,430,,,,291
2026/3/5,12:00,430,,,,266
2026/3/5,12:15,430,,,,257
2026/3/5,12:30,430,,,,231
2026/3/5,12:45,430,,,,223
2026/3/5,13:00,430,,,,203
2026/3/5,13:15,430,,,,248
2026/3/5,13:30,430,,,,277
2026/3/5,13:45,430,,,,276
2026/3/5,14:00,430,,,,278
2026/3/5,14:15,430,,305,,
2026/3/5,14:30,430,,315,,
2026/3/5,14:45,430,,303,,
2026/3/5,15:00,430,,306,,
2026/3/5,15:15,430,,320,,
2026/3/5,15:30,430,,288,,
2026/3/5,15:45,430,,300,,
2026/3/5,16:00,430,,312,,
2026/3/5,16:15,430,,310,,
2026/3/5,16:30,430,,295,,
2026/3/5,16:45,430,,313,,
2026/3/5,17:00,430,,299,,
2026/3/5,17:15,430,,274,,
2026/3/5,17:30,430,,247,,
2026/3/5,17:45,430,,227,,
2026/3/5,18:00,430,,259,,
2026/3/5,18:15,430,,296,,
2026/3/5,18:30,430,,294,,
2026/3/5,18:45,430,,277,,
2026/3/5,19:00,430,,286,,
2026/3/5,19:15,430,,285,,
2026/3/5,19:30,430,,275,,
2026/3/5,19:45,430,,283,,
2026/3/5,20:00,430,,283,,
2026/3/5,20:15,430,,242,,
2026/3/5,20:30,430,,184,,
2026/3/5,20:45,430,,208,,
2026/3/5,21:00,430,,261,,
2026/3/5,21:15,430,,277,,
2026/3/5,21:30,430,,264,,
2026/3/5,21:45,430,,256,,
2026/3/5,22:00,430,,259,,
2026/3/5,22:15,430,,262,,
2026/3/5,22:30,430,,254,,
2026/3/5,22:45,430,,251,,
2026/3/5,23:00,430,,253,,
2026/3/5,23:15,430,,226,,
2026/3/5,23:30,430,,158,,
2026/3/5,23:45,430,,202,,
2026/3/6,00:00,430,,238,,
2026/3/6,00:15,430,,,,200
2026/3/6,00:30,430,,,,126
2026/3/6,00:45,430,,,,93
2026/3/6,01:00,430,,,,72
2026/3/6,01:15,430,,,,70
2026/3/6,01:30,430,,,,72
2026/3/6,01:45,430,,,,64
2026/3/6,02:00,430,,,,66
2026/3/6,02:15,430,,,,64
2026/3/6,02:30,430,,,,61
2026/3/6,02:45,430,,,,50
2026/3/6,03:00,430,,,,48
2026/3/6,03:15,430,,,,46
2026/3/6,03:30,430,,,,46
2026/3/6,03:45,430,,,,50
2026/3/6,04:00,430,,,,46
2026/3/6,04:15,430,,,,34
2026/3/6,04:30,430,,,,24
2026/3/6,04:45,430,,,,24
2026/3/6,05:00,430,,,,22
2026/3/6,05:15,430,,,,24
2026/3/6,05:30,430,,,,24
2026/3/6,05:45,430,,,,24
2026/3/6,06:00,430,,,,26
2026/3/6,06:15,430,,27,,
2026/3/6,06:30,430,,27,,
2026/3/6,06:45,430,,30,,
2026/3/6,07:00,430,,31,,
2026/3/6,07:15,430,,30,,
2026/3/6,07:30,430,,31,,
2026/3/6,07:45,430,,30,,
2026/3/6,08:00,430,,35,,
2026/3/6,08:15,430,,39,,
2026/3/6,08:30,430,,83,,
2026/3/6,08:45,430,,95,,
2026/3/6,09:00,430,,102,,
2026/3/6,09:15,430,,151,,
2026/3/6,09:30,430,,241,,
2026/3/6,09:45,430,,292,,
2026/3/6,10:00,430,,292,,
2026/3/6,10:15,430,,296,,
2026/3/6,10:30,430,,318,,
2026/3/6,10:45,430,,318,,
2026/3/6,11:00,430,,325,,
2026/3/6,11:15,430,,,,300
2026/3/6,11:30,430,,,,291
2026/3/6,11:45,430,,,,301
2026/3/6,12:00,430,,,,303
2026/3/6,12:15,430,,,,258
2026/3/6,12:30,430,,,,235
2026/3/6,12:45,430,,,,241
2026/3/6,13:00,430,,,,248
2026/3/6,13:15,430,,,,263
2026/3/6,13:30,430,,,,292
2026/3/6,13:45,430,,,,296
2026/3/6,14:00,430,,,,286
2026/3/6,14:15,430,,282,,
2026/3/6,14:30,430,,292,,
2026/3/6,14:45,430,,302,,
2026/3/6,15:00,430,,303,,
2026/3/6,15:15,430,,297,,
2026/3/6,15:30,430,,293,,
2026/3/6,15:45,430,,311,,
2026/3/6,16:00,430,,308,,
2026/3/6,16:15,430,,299,,
2026/3/6,16:30,430,,278,,
2026/3/6,16:45,430,,289,,
2026/3/6,17:00,430,,306,,
2026/3/6,17:15,430,,283,,
2026/3/6,17:30,430,,233,,
2026/3/6,17:45,430,,225,,
2026/3/6,18:00,430,,250,,
2026/3/6,18:15,430,,285,,
2026/3/6,18:30,430,,278,,
2026/3/6,18:45,430,,293,,
2026/3/6,19:00,430,,282,,
2026/3/6,19:15,430,,280,,
2026/3/6,19:30,430,,259,,
2026/3/6,19:45,430,,270,,
2026/3/6,20:00,430,,251,,
2026/3/6,20:15,430,,190,,
2026/3/6,20:30,430,,160,,
2026/3/6,20:45,430,,194,,
2026/3/6,21:00,430,,267,,
2026/3/6,21:15,430,,277,,
2026/3/6,21:30,430,,274,,
2026/3/6,21:45,430,,266,,
2026/3/6,22:00,430,,254,,
2026/3/6,22:15,430,,250,,
2026/3/6,22:30,430,,251,,
2026/3/6,22:45,430,,256,,
2026/3/6,23:00,430,,229,,
2026/3/6,23:15,430,,186,,
2026/3/6,23:30,430,,158,,
2026/3/6,23:45,430,,184,,
2026/3/7,00:00,430,,229,,
2026/3/7,00:15,430,,,,205
2026/3/7,00:30,430,,,,142
2026/3/7,00:45,430,,,,110
2026/3/7,01:00,430,,,,75
2026/3/7,01:15,430,,,,62
2026/3/7,01:30,430,,,,61
2026/3/7,01:45,430,,,,62
2026/3/7,02:00,430,,,,59
2026/3/7,02:15,430,,,,59
2026/3/7,02:30,430,,,,58
2026/3/7,02:45,430,,,,58
2026/3/7,03:00,430,,,,50
2026/3/7,03:15,430,,,,43
2026/3/7,03:30,430,,,,45
2026/3/7,03:45,430,,,,40
2026/3/7,04:00,430,,,,24
2026/3/7,04:15,430,,,,22
2026/3/7,04:30,430,,,,24
2026/3/7,04:45,430,,,,24
2026/3/7,05:00,430,,,,22
2026/3/7,05:15,430,,,,24
2026/3/7,05:30,430,,,,22
2026/3/7,05:45,430,,,,24
2026/3/7,06:00,430,,,,24
2026/3/7,06:15,430,,,26,
2026/3/7,06:30,430,,,26,
2026/3/7,06:45,430,,,26,
2026/3/7,07:00,430,,,26,
2026/3/7,07:15,430,,,27,
2026/3/7,07:30,430,,,26,
2026/3/7,07:45,430,,,29,
2026/3/7,08:00,430,,,33,
2026/3/7,08:15,430,,,36,
2026/3/7,08:30,430,,,38,
2026/3/7,08:45,430,,,69,
2026/3/7,09:00,430,,,74,
2026/3/7,09:15,430,,,139,
2026/3/7,09:30,430,,,247,
2026/3/7,09:45,430,,,300,
2026/3/7,10:00,430,,,306,
2026/3/7,10:15,430,,,282,
2026/3/7,10:30,430,,,293,
2026/3/7,10:45,430,,,306,
2026/3/7,11:00,430,,,295,
2026/3/7,11:15,430,,,,300
2026/3/7,11:30,430,,,,265
2026/3/7,11:45,430,,,,272
2026/3/7,12:00,430,,,,292
2026/3/7,12:15,430,,,,253
2026/3/7,12:30,430,,,,237
2026/3/7,12:45,430,,,,238
2026/3/7,13:00,430,,,,245
2026/3/7,13:15,430,,,,253
2026/3/7,13:30,430,,,,256
2026/3/7,13:45,430,,,,272
2026/3/7,14:00,430,,,,299
2026/3/7,14:15,430,,,291,
2026/3/7,14:30,430,,,263,
2026/3/7,14:45,430,,,295,
2026/3/7,15:00,430,,,287,
2026/3/7,15:15,430,,,279,
2026/3/7,15:30,430,,,280,
2026/3/7,15:45,430,,,280,
2026/3/7,16:00,430,,,297,
2026/3/7,16:15,430,,,285,
2026/3/7,16:30,430,,,268,
2026/3/7,16:45,430,,,269,
2026/3/7,17:00,430,,,289,
2026/3/7,17:15,430,,,269,
2026/3/7,17:30,430,,,224,
2026/3/7,17:45,430,,,221,
2026/3/7,18:00,430,,,250,
2026/3/7,18:15,430,,,278,
2026/3/7,18:30,430,,,277,
2026/3/7,18:45,430,,,270,
2026/3/7,19:00,430,,,272,
2026/3/7,19:15,430,,,283,
2026/3/7,19:30,430,,,283,
2026/3/7,19:45,430,,,270,
2026/3/7,20:00,430,,,259,
2026/3/7,20:15,430,,,216,
2026/3/7,20:30,430,,,173,
2026/3/7,20:45,430,,,218,
2026/3/7,21:00,430,,,272,
2026/3/7,21:15,430,,,275,
2026/3/7,21:30,430,,,264,
2026/3/7,21:45,430,,,269,
2026/3/7,22:00,430,,,270,
2026/3/7,22:15,430,,,259,
2026/3/7,22:30,430,,,253,
2026/3/7,22:45,430,,,269,
2026/3/7,23:00,430,,,258,
2026/3/7,23:15,430,,,206,
2026/3/7,23:30,430,,,160,
2026/3/7,23:45,430,,,203,
2026/3/8,00:00,430,,,259,
2026/3/8,00:15,430,,,,216
2026/3/8,00:30,430,,,,126
2026/3/8,00:45,430,,,,109
2026/3/8,01:00,430,,,,94
2026/3/8,01:15,430,,,,62
2026/3/8,01:30,430,,,,66
2026/3/8,01:45,430,,,,62
2026/3/8,02:00,430,,,,50
2026/3/8,02:15,430,,,,48
2026/3/8,02:30,430,,,,50
2026/3/8,02:45,430,,,,48
2026/3/8,03:00,430,,,,27
2026/3/8,03:15,430,,,,26
2026/3/8,03:30,430,,,,24
2026/3/8,03:45,430,,,,22
2026/3/8,04:00,430,,,,24
2026/3/8,04:15,430,,,,22
2026/3/8,04:30,430,,,,24
2026/3/8,04:45,430,,,,24
2026/3/8,05:00,430,,,,22
2026/3/8,05:15,430,,,,21
2026/3/8,05:30,430,,,,21
2026/3/8,05:45,430,,,,22
2026/3/8,06:00,430,,,,22
2026/3/8,06:15,430,,,,22
2026/3/8,06:30,430,,,,22
2026/3/8,06:45,430,,,,24
2026/3/8,07:00,430,,,,23
2026/3/8,07:15,430,,,,24
2026/3/8,07:30,430,,,,24
2026/3/8,07:45,430,,,,24
2026/3/8,08:00,430,,,,25
2026/3/8,08:15,430,,,,25
2026/3/8,08:30,430,,,,26
2026/3/8,08:45,430,,,,24
2026/3/8,09:00,430,,,,25
2026/3/8,09:15,430,,,,27
2026/3/8,09:30,430,,,,25
2026/3/8,09:45,430,,,,25
2026/3/8,10:00,430,,,,26
2026/3/8,10:15,430,,,,26
2026/3/8,10:30,430,,,,26
2026/3/8,10:45,430,,,,29
2026/3/8,11:00,430,,,,71
2026/3/8,11:15,430,,,,79
2026/3/8,11:30,430,,,,98
2026/3/8,11:45,430,,,,156
2026/3/8,12:00,430,,,,225
2026/3/8,12:15,430,,,,269
2026/3/8,12:30,430,,,,260
2026/3/8,12:45,430,,,,260
2026/3/8,13:00,430,,,,265
2026/3/8,13:15,430,,,,264
2026/3/8,13:30,430,,,,256
2026/3/8,13:45,430,,,,252
2026/3/8,14:00,430,,,,261
2026/3/8,14:15,430,,,,279
2026/3/8,14:30,430,,,,260
2026/3/8,14:45,430,,,,252
2026/3/8,15:00,430,,,,246
2026/3/8,15:15,430,,,,259
2026/3/8,15:30,430,,,,249
2026/3/8,15:45,430,,,,256
2026/3/8,16:00,430,,,,266
2026/3/8,16:15,430,,,,248
2026/3/8,16:30,430,,,,224
2026/3/8,16:45,430,,,,223
2026/3/8,17:00,430,,,,218
2026/3/8,17:15,430,,,,144
2026/3/8,17:30,430,,,,88
2026/3/8,17:45,430,,,,68
2026/3/8,18:00,430,,,,56
2026/3/8,18:15,430,,,,56
2026/3/8,18:30,430,,,,56
2026/3/8,18:45,430,,,,58
2026/3/8,19:00,430,,,,56
2026/3/8,19:15,430,,,,45
2026/3/8,19:30,430,,,,40
2026/3/8,19:45,430,,,,40
2026/3/8,20:00,430,,,,38
2026/3/8,20:15,430,,,,29
2026/3/8,20:30,430,,,,18
2026/3/8,20:45,430,,,,18
2026/3/8,21:00,430,,,,16
2026/3/8,21:15,430,,,,18
2026/3/8,21:30,430,,,,18
2026/3/8,21:45,430,,,,18
2026/3/8,22:00,430,,,,18
2026/3/8,22:15,430,,,,18
2026/3/8,22:30,430,,,,18
2026/3/8,22:45,430,,,,18
2026/3/8,23:00,430,,,,18
2026/3/8,23:15,430,,,,16
2026/3/8,23:30,430,,,,18
2026/3/8,23:45,430,,,,16
2026/3/9,00:00,430,,,,18
2026/3/9,00:15,430,,,,16
2026/3/9,00:30,430,,,,18
2026/3/9,00:45,430,,,,16
2026/3/9,01:00,430,,,,18
2026/3/9,01:15,430,,,,18
2026/3/9,01:30,430,,,,16
2026/3/9,01:45,430,,,,18
2026/3/9,02:00,430,,,,16
2026/3/9,02:15,430,,,,18
2026/3/9,02:30,430,,,,16
2026/3/9,02:45,430,,,,21
2026/3/9,03:00,430,,,,21
2026/3/9,03:15,430,,,,22
2026/3/9,03:30,430,,,,22
2026/3/9,03:45,430,,,,22
2026/3/9,04:00,430,,,,22
2026/3/9,04:15,430,,,,22
2026/3/9,04:30,430,,,,22
2026/3/9,04:45,430,,,,22
2026/3/9,05:00,430,,,,22
2026/3/9,05:15,430,,,,22
2026/3/9,05:30,430,,,,22
2026/3/9,05:45,430,,,,24
2026/3/9,06:00,430,,,,26
2026/3/9,06:15,430,,27,,
2026/3/9,06:30,430,,29,,
2026/3/9,06:45,430,,31,,
2026/3/9,07:00,430,,29,,
2026/3/9,07:15,430,,28,,
2026/3/9,07:30,430,,25,,
2026/3/9,07:45,430,,28,,
2026/3/9,08:00,430,,32,,
2026/3/9,08:15,430,,43,,
2026/3/9,08:30,430,,84,,
2026/3/9,08:45,430,,109,,
2026/3/9,09:00,430,,107,,
2026/3/9,09:15,430,,153,,
2026/3/9,09:30,430,,224,,
2026/3/9,09:45,430,,275,,
2026/3/9,10:00,430,,298,,
2026/3/9,10:15,430,,298,,
2026/3/9,10:30,430,,311,,
2026/3/9,10:45,430,,311,,
2026/3/9,11:00,430,,304,,
2026/3/9,11:15,430,,,,272
2026/3/9,11:30,430,,,,285
2026/3/9,11:45,430,,,,281
2026/3/9,12:00,430,,,,284
2026/3/9,12:15,430,,,,262
2026/3/9,12:30,430,,,,266
2026/3/9,12:45,430,,,,260
2026/3/9,13:00,430,,,,257
2026/3/9,13:15,430,,,,279
2026/3/9,13:30,430,,,,283
2026/3/9,13:45,430,,,,300
2026/3/9,14:00,430,,,,284
2026/3/9,14:15,430,,280,,
2026/3/9,14:30,430,,288,,
2026/3/9,14:45,430,,291,,
2026/3/9,15:00,430,,294,,
2026/3/9,15:15,430,,274,,
2026/3/9,15:30,430,,286,,
2026/3/9,15:45,430,,292,,
2026/3/9,16:00,430,,290,,
2026/3/9,16:15,430,,306,,
2026/3/9,16:30,430,,286,,
2026/3/9,16:45,430,,292,,
2026/3/9,17:00,430,,286,,
2026/3/9,17:15,430,,246,,
2026/3/9,17:30,430,,216,,
2026/3/9,17:45,430,,215,,
2026/3/9,18:00,430,,264,,
2026/3/9,18:15,430,,296,,
2026/3/9,18:30,430,,282,,
2026/3/9,18:45,430,,267,,
2026/3/9,19:00,430,,275,,
2026/3/9,19:15,430,,283,,
2026/3/9,19:30,430,,272,,
2026/3/9,19:45,430,,270,,
2026/3/9,20:00,430,,267,,
2026/3/9,20:15,430,,224,,
2026/3/9,20:30,430,,179,,
2026/3/9,20:45,430,,210,,
2026/3/9,21:00,430,,264,,
2026/3/9,21:15,430,,269,,
2026/3/9,21:30,430,,256,,
2026/3/9,21:45,430,,258,,
2026/3/9,22:00,430,,256,,
2026/3/9,22:15,430,,240,,
2026/3/9,22:30,430,,226,,
2026/3/9,22:45,430,,211,,
2026/3/9,23:00,430,,198,,
2026/3/9,23:15,430,,149,,
2026/3/9,23:30,430,,138,,
2026/3/9,23:45,430,,187,,
2026/3/10,00:00,430,,181,,
2026/3/10,00:15,430,,,,120
2026/3/10,00:30,430,,,,88
2026/3/10,00:45,430,,,,62
2026/3/10,01:00,430,,,,62
2026/3/10,01:15,430,,,,61
2026/3/10,01:30,430,,,,61
2026/3/10,01:45,430,,,,58
2026/3/10,02:00,430,,,,48
2026/3/10,02:15,430,,,,48
2026/3/10,02:30,430,,,,48
2026/3/10,02:45,430,,,,48
2026/3/10,03:00,430,,,,50
2026/3/10,03:15,430,,,,48
2026/3/10,03:30,430,,,,45
2026/3/10,03:45,430,,,,48
2026/3/10,04:00,430,,,,40
2026/3/10,04:15,430,,,,24
2026/3/10,04:30,430,,,,24
2026/3/10,04:45,430,,,,22
2026/3/10,05:00,430,,,,24
2026/3/10,05:15,430,,,,24
2026/3/10,05:30,430,,,,22
2026/3/10,05:45,430,,,,24
2026/3/10,06:00,430,,,,24
2026/3/10,06:15,430,,27,,
2026/3/10,06:30,430,,30,,
2026/3/10,06:45,430,,29,,
2026/3/10,07:00,430,,27,,
2026/3/10,07:15,430,,28,,
2026/3/10,07:30,430,,27,,
2026/3/10,07:45,430,,28,,
2026/3/10,08:00,430,,35,,
2026/3/10,08:15,430,,41,,
2026/3/10,08:30,430,,91,,
2026/3/10,08:45,430,,95,,
2026/3/10,09:00,430,,98,,
2026/3/10,09:15,430,,161,,
2026/3/10,09:30,430,,234,,
2026/3/10,09:45,430,,295,,
2026/3/10,10:00,430,,301,,
2026/3/10,10:15,430,,295,,
2026/3/10,10:30,430,,300,,
2026/3/10,10:45,430,,292,,
2026/3/10,11:00,430,,290,,
2026/3/10,11:15,430,,,,279
2026/3/10,11:30,430,,,,289
2026/3/10,11:45,430,,,,274
2026/3/10,12:00,430,,,,275
2026/3/10,12:15,430,,,,268
2026/3/10,12:30,430,,,,259
2026/3/10,12:45,430,,,,236
2026/3/10,13:00,430,,,,234
2026/3/10,13:15,430,,,,267
2026/3/10,13:30,430,,,,289
2026/3/10,13:45,430,,,,272
2026/3/10,14:00,430,,,,266
2026/3/10,14:15,430,,275,,
2026/3/10,14:30,430,,280,,
2026/3/10,14:45,430,,278,,
2026/3/10,15:00,430,,275,,
2026/3/10,15:15,430,,291,,
2026/3/10,15:30,430,,288,,
2026/3/10,15:45,430,,284,,
2026/3/10,16:00,430,,308,,
2026/3/10,16:15,430,,296,,
2026/3/10,16:30,430,,284,,
2026/3/10,16:45,430,,286,,
2026/3/10,17:00,430,,304,,
2026/3/10,17:15,430,,282,,
2026/3/10,17:30,430,,240,,
2026/3/10,17:45,430,,219,,
2026/3/10,18:00,430,,256,,
2026/3/10,18:15,430,,302,,
2026/3/10,18:30,430,,274,,
2026/3/10,18:45,430,,230,,
2026/3/10,19:00,430,,235,,
2026/3/10,19:15,430,,270,,
2026/3/10,19:30,430,,291,,
2026/3/10,19:45,430,,278,,
2026/3/10,20:00,430,,253,,
2026/3/10,20:15,430,,214,,
2026/3/10,20:30,430,,181,,
2026/3/10,20:45,430,,213,,
2026/3/10,21:00,430,,269,,
2026/3/10,21:15,430,,256,,
2026/3/10,21:30,430,,264,,
2026/3/10,21:45,430,,269,,
2026/3/10,22:00,430,,259,,
2026/3/10,22:15,430,,261,,
2026/3/10,22:30,430,,272,,
2026/3/10,22:45,430,,267,,
2026/3/10,23:00,430,,232,,
2026/3/10,23:15,430,,192,,
2026/3/10,23:30,430,,154,,
2026/3/10,23:45,430,,195,,
2026/3/11,00:00,430,,235,,
2026/3/11,00:15,430,,,,174
2026/3/11,00:30,430,,,,117
2026/3/11,00:45,430,,,,101
2026/3/11,01:00,430,,,,75
2026/3/11,01:15,430,,,,64
2026/3/11,01:30,430,,,,59
2026/3/11,01:45,430,,,,58
2026/3/11,02:00,430,,,,45
2026/3/11,02:15,430,,,,45
2026/3/11,02:30,430,,,,46
2026/3/11,02:45,430,,,,43
2026/3/11,03:00,430,,,,45
2026/3/11,03:15,430,,,,43
2026/3/11,03:30,430,,,,45
2026/3/11,03:45,430,,,,43
2026/3/11,04:00,430,,,,32
2026/3/11,04:15,430,,,,21
2026/3/11,04:30,430,,,,24
2026/3/11,04:45,430,,,,24
2026/3/11,05:00,430,,,,22
2026/3/11,05:15,430,,,,24
2026/3/11,05:30,430,,,,22
2026/3/11,05:45,430,,,,24
2026/3/11,06:00,430,,,,26
2026/3/11,06:15,430,,26,,
2026/3/11,06:30,430,,27,,
2026/3/11,06:45,430,,26,,
2026/3/11,07:00,430,,27,,
2026/3/11,07:15,430,,26,,
2026/3/11,07:30,430,,27,,
2026/3/11,07:45,430,,26,,
2026/3/11,08:00,430,,33,,
2026/3/11,08:15,430,,74,,
2026/3/11,08:30,430,,81,,
2026/3/11,08:45,430,,91,,
2026/3/11,09:00,430,,93,,
2026/3/11,09:15,430,,155,,
2026/3/11,09:30,430,,219,,
2026/3/11,09:45,430,,276,,
2026/3/11,10:00,430,,296,,
2026/3/11,10:15,430,,276,,
2026/3/11,10:30,430,,273,,
2026/3/11,10:45,430,,290,,
2026/3/11,11:00,430,,307,,
2026/3/11,11:15,430,,,,299
2026/3/11,11:30,430,,,,275
2026/3/11,11:45,430,,,,269
2026/3/11,12:00,430,,,,269
2026/3/11,12:15,430,,,,240
2026/3/11,12:30,430,,,,242
2026/3/11,12:45,430,,,,246
2026/3/11,13:00,430,,,,241
2026/3/11,13:15,430,,,,242
2026/3/11,13:30,430,,,,273
2026/3/11,13:45,430,,,,289
2026/3/11,14:00,430,,,,303
2026/3/11,14:15,430,,300,,
2026/3/11,14:30,430,,291,,
2026/3/11,14:45,430,,294,,
2026/3/11,15:00,430,,298,,
2026/3/11,15:15,430,,279,,
2026/3/11,15:30,430,,296,,
2026/3/11,15:45,430,,294,,
2026/3/11,16:00,430,,296,,
2026/3/11,16:15,430,,289,,
2026/3/11,16:30,430,,303,,
2026/3/11,16:45,430,,295,,
2026/3/11,17:00,430,,299,,
2026/3/11,17:15,430,,287,,
2026/3/11,17:30,430,,243,,
2026/3/11,17:45,430,,222,,
2026/3/11,18:00,430,,248,,
2026/3/11,18:15,430,,282,,
2026/3/11,18:30,430,,285,,
2026/3/11,18:45,430,,270,,
2026/3/11,19:00,430,,258,,
2026/3/11,19:15,430,,267,,
2026/3/11,19:30,430,,277,,
2026/3/11,19:45,430,,267,,
2026/3/11,20:00,430,,262,,
2026/3/11,20:15,430,,200,,
2026/3/11,20:30,430,,178,,
2026/3/11,20:45,430,,221,,
2026/3/11,21:00,430,,272,,
2026/3/11,21:15,430,,267,,
2026/3/11,21:30,430,,258,,
2026/3/11,21:45,430,,261,,
2026/3/11,22:00,430,,269,,
2026/3/11,22:15,430,,254,,
2026/3/11,22:30,430,,254,,
2026/3/11,22:45,430,,259,,
2026/3/11,23:00,430,,248,,
2026/3/11,23:15,430,,200,,
2026/3/11,23:30,430,,170,,
2026/3/11,23:45,430,,218,,
2026/3/12,00:00,430,,235,,
2026/3/12,00:15,430,,,,171
2026/3/12,00:30,430,,,,112
2026/3/12,00:45,430,,,,77
2026/3/12,01:00,430,,,,64
2026/3/12,01:15,430,,,,69
2026/3/12,01:30,430,,,,67
2026/3/12,01:45,430,,,,64
2026/3/12,02:00,430,,,,61
2026/3/12,02:15,430,,,,62
2026/3/12,02:30,430,,,,62
2026/3/12,02:45,430,,,,58
2026/3/12,03:00,430,,,,46
2026/3/12,03:15,430,,,,48
2026/3/12,03:30,430,,,,48
2026/3/12,03:45,430,,,,38
2026/3/12,04:00,430,,,,24
2026/3/12,04:15,430,,,,22
2026/3/12,04:30,430,,,,22
2026/3/12,04:45,430,,,,24
2026/3/12,05:00,430,,,,22
2026/3/12,05:15,430,,,,24
2026/3/12,05:30,430,,,,24
2026/3/12,05:45,430,,,,22
2026/3/12,06:00,430,,,,26
2026/3/12,06:15,430,,29,,
2026/3/12,06:30,430,,31,,
2026/3/12,06:45,430,,29,,
2026/3/12,07:00,430,,30,,
2026/3/12,07:15,430,,29,,
2026/3/12,07:30,430,,27,,
2026/3/12,07:45,430,,30,,
2026/3/12,08:00,430,,45,,
2026/3/12,08:15,430,,51,,
2026/3/12,08:30,430,,89,,
2026/3/12,08:45,430,,96,,
2026/3/12,09:00,430,,106,,
2026/3/12,09:15,430,,178,,
2026/3/12,09:30,430,,230,,
2026/3/12,09:45,430,,294,,
2026/3/12,10:00,430,,293,,
2026/3/12,10:15,430,,289,,
2026/3/12,10:30,430,,310,,
2026/3/12,10:45,430,,305,,
2026/3/12,11:00,430,,292,,
2026/3/12,11:15,430,,,,292
2026/3/12,11:30,430,,,,305
2026/3/12,11:45,430,,,,304
2026/3/12,12:00,430,,,,262
2026/3/12,12:15,430,,,,251
2026/3/12,12:30,430,,,,271
2026/3/12,12:45,430,,,,261
2026/3/12,13:00,430,,,,237
2026/3/12,13:15,430,,,,263
2026/3/12,13:30,430,,,,297
2026/3/12,13:45,430,,,,298
2026/3/12,14:00,430,,,,298
2026/3/12,14:15,430,,286,,
2026/3/12,14:30,430,,284,,
2026/3/12,14:45,430,,303,,
2026/3/12,15:00,430,,313,,
2026/3/12,15:15,430,,289,,
2026/3/12,15:30,430,,263,,
2026/3/12,15:45,430,,276,,
2026/3/12,16:00,430,,295,,
2026/3/12,16:15,430,,288,,
2026/3/12,16:30,430,,310,,
2026/3/12,16:45,430,,299,,
2026/3/12,17:00,430,,300,,
2026/3/12,17:15,430,,286,,
2026/3/12,17:30,430,,249,,
2026/3/12,17:45,430,,232,,
2026/3/12,18:00,430,,249,,
2026/3/12,18:15,430,,269,,
2026/3/12,18:30,430,,290,,
2026/3/12,18:45,430,,293,,
2026/3/12,19:00,430,,274,,
2026/3/12,19:15,430,,277,,
2026/3/12,19:30,430,,272,,
2026/3/12,19:45,430,,277,,
2026/3/12,20:00,430,,253,,
2026/3/12,20:15,430,,211,,
2026/3/12,20:30,430,,171,,
2026/3/12,20:45,430,,221,,
2026/3/12,21:00,430,,262,,
2026/3/12,21:15,430,,261,,
2026/3/12,21:30,430,,269,,
2026/3/12,21:45,430,,277,,
2026/3/12,22:00,430,,261,,
2026/3/12,22:15,430,,262,,
2026/3/12,22:30,430,,278,,
2026/3/12,22:45,430,,269,,
2026/3/12,23:00,430,,219,,
2026/3/12,23:15,430,,187,,
2026/3/12,23:30,430,,158,,
2026/3/12,23:45,430,,187,,
2026/3/13,00:00,430,,235,,
2026/3/13,00:15,430,,,,173
2026/3/13,00:30,430,,,,117
2026/3/13,00:45,430,,,,78
2026/3/13,01:00,430,,,,66
2026/3/13,01:15,430,,,,70
2026/3/13,01:30,430,,,,67
2026/3/13,01:45,430,,,,64
2026/3/13,02:00,430,,,,61
2026/3/13,02:15,430,,,,62
2026/3/13,02:30,430,,,,62
2026/3/13,02:45,430,,,,53
2026/3/13,03:00,430,,,,48
2026/3/13,03:15,430,,,,50
2026/3/13,03:30,430,,,,46
2026/3/13,03:45,430,,,,46
2026/3/13,04:00,430,,,,27
2026/3/13,04:15,430,,,,24
2026/3/13,04:30,430,,,,24
2026/3/13,04:45,430,,,,22
2026/3/13,05:00,430,,,,24
2026/3/13,05:15,430,,,,26
2026/3/13,05:30,430,,,,24
2026/3/13,05:45,430,,,,24
2026/3/13,06:00,430,,,,26
2026/3/13,06:15,430,,26,,
2026/3/13,06:30,430,,27,,
2026/3/13,06:45,430,,28,,
2026/3/13,07:00,430,,26,,
2026/3/13,07:15,430,,26,,
2026/3/13,07:30,430,,27,,
2026/3/13,07:45,430,,28,,
2026/3/13,08:00,430,,35,,
2026/3/13,08:15,430,,37,,
2026/3/13,08:30,430,,76,,
2026/3/13,08:45,430,,93,,
2026/3/13,09:00,430,,100,,
2026/3/13,09:15,430,,168,,
2026/3/13,09:30,430,,237,,
2026/3/13,09:45,430,,296,,
2026/3/13,10:00,430,,313,,
2026/3/13,10:15,430,,287,,
2026/3/13,10:30,430,,300,,
2026/3/13,10:45,430,,311,,
2026/3/13,11:00,430,,296,,
2026/3/13,11:15,430,,,,307
2026/3/13,11:30,430,,,,295
2026/3/13,11:45,430,,,,284
2026/3/13,12:00,430,,,,289
2026/3/13,12:15,430,,,,274
2026/3/13,12:30,430,,,,252
2026/3/13,12:45,430,,,,241
2026/3/13,13:00,430,,,,254
2026/3/13,13:15,430,,,,279
2026/3/13,13:30,430,,,,287
2026/3/13,13:45,430,,,,291
2026/3/13,14:00,430,,,,292
2026/3/13,14:15,430,,290,,
2026/3/13,14:30,430,,271,,
2026/3/13,14:45,430,,291,,
2026/3/13,15:00,430,,312,,
2026/3/13,15:15,430,,299,,
2026/3/13,15:30,430,,289,,
2026/3/13,15:45,430,,300,,
2026/3/13,16:00,430,,302,,
2026/3/13,16:15,430,,295,,
2026/3/13,16:30,430,,299,,
2026/3/13,16:45,430,,285,,
2026/3/13,17:00,430,,289,,
2026/3/13,17:15,430,,280,,
2026/3/13,17:30,430,,236,,
2026/3/13,17:45,430,,204,,
2026/3/13,18:00,430,,238,,
2026/3/13,18:15,430,,274,,
2026/3/13,18:30,430,,270,,
2026/3/13,18:45,430,,261,,
2026/3/13,19:00,430,,269,,
2026/3/13,19:15,430,,270,,
2026/3/13,19:30,430,,267,,
2026/3/13,19:45,430,,267,,
2026/3/13,20:00,430,,278,,
2026/3/13,20:15,430,,221,,
2026/3/13,20:30,430,,186,,
2026/3/13,20:45,430,,213,,
2026/3/13,21:00,430,,264,,
2026/3/13,21:15,430,,264,,
2026/3/13,21:30,430,,243,,
2026/3/13,21:45,430,,258,,
2026/3/13,22:00,430,,272,,
2026/3/13,22:15,430,,272,,
2026/3/13,22:30,430,,266,,
2026/3/13,22:45,430,,270,,
2026/3/13,23:00,430,,258,,
2026/3/13,23:15,430,,205,,
2026/3/13,23:30,430,,181,,
2026/3/13,23:45,430,,216,,
2026/3/14,00:00,430,,235,,
2026/3/14,00:15,430,,,,170
2026/3/14,00:30,430,,,,122
2026/3/14,00:45,430,,,,110
2026/3/14,01:00,430,,,,82
2026/3/14,01:15,430,,,,64
2026/3/14,01:30,430,,,,64
2026/3/14,01:45,430,,,,62
2026/3/14,02:00,430,,,,64
2026/3/14,02:15,430,,,,61
2026/3/14,02:30,430,,,,59
2026/3/14,02:45,430,,,,59
2026/3/14,03:00,430,,,,56
2026/3/14,03:15,430,,,,56
2026/3/14,03:30,430,,,,45
2026/3/14,03:45,430,,,,45
2026/3/14,04:00,430,,,,26
2026/3/14,04:15,430,,,,24
2026/3/14,04:30,430,,,,24
2026/3/14,04:45,430,,,,24
2026/3/14,05:00,430,,,,24
2026/3/14,05:15,430,,,,24
2026/3/14,05:30,430,,,,22
2026/3/14,05:45,430,,,,24
2026/3/14,06:00,430,,,,27
2026/3/14,06:15,430,,,29,
2026/3/14,06:30,430,,,30,
2026/3/14,06:45,430,,,28,
2026/3/14,07:00,430,,,24,
2026/3/14,07:15,430,,,26,
2026/3/14,07:30,430,,,26,
2026/3/14,07:45,430,,,26,
2026/3/14,08:00,430,,,27,
2026/3/14,08:15,430,,,30,
2026/3/14,08:30,430,,,37,
2026/3/14,08:45,430,,,86,
2026/3/14,09:00,430,,,85,
2026/3/14,09:15,430,,,112,
2026/3/14,09:30,430,,,170,
2026/3/14,09:45,430,,,232,
2026/3/14,10:00,430,,,287,
2026/3/14,10:15,430,,,279,
2026/3/14,10:30,430,,,275,
2026/3/14,10:45,430,,,289,
2026/3/14,11:00,430,,,291,
2026/3/14,11:15,430,,,,278
2026/3/14,11:30,430,,,,284
2026/3/14,11:45,430,,,,282
2026/3/14,12:00,430,,,,256
2026/3/14,12:15,430,,,,239
2026/3/14,12:30,430,,,,238
2026/3/14,12:45,430,,,,244
2026/3/14,13:00,430,,,,233
2026/3/14,13:15,430,,,,249
2026/3/14,13:30,430,,,,263
2026/3/14,13:45,430,,,,289
2026/3/14,14:00,430,,,,284
2026/3/14,14:15,430,,,272,
2026/3/14,14:30,430,,,285,
2026/3/14,14:45,430,,,288,
2026/3/14,15:00,430,,,272,
2026/3/14,15:15,430,,,270,
2026/3/14,15:30,430,,,278,
2026/3/14,15:45,430,,,274,
2026/3/14,16:00,430,,,287,
2026/3/14,16:15,430,,,279,
2026/3/14,16:30,430,,,295,
2026/3/14,16:45,430,,,280,
2026/3/14,17:00,430,,,276,
2026/3/14,17:15,430,,,254,
2026/3/14,17:30,430,,,198,
2026/3/14,17:45,430,,,178,
2026/3/14,18:00,430,,,237,
2026/3/14,18:15,430,,,263,
2026/3/14,18:30,430,,,261,
2026/3/14,18:45,430,,,259,
2026/3/14,19:00,430,,,272,
2026/3/14,19:15,430,,,269,
2026/3/14,19:30,430,,,258,
2026/3/14,19:45,430,,,264,
2026/3/14,20:00,430,,,264,
2026/3/14,20:15,430,,,211,
2026/3/14,20:30,430,,,182,
2026/3/14,20:45,430,,,224,
2026/3/14,21:00,430,,,272,
2026/3/14,21:15,430,,,277,
2026/3/14,21:30,430,,,267,
2026/3/14,21:45,430,,,266,
2026/3/14,22:00,430,,,259,
2026/3/14,22:15,430,,,243,
2026/3/14,22:30,430,,,248,
2026/3/14,22:45,430,,,261,
2026/3/14,23:00,430,,,245,
2026/3/14,23:15,430,,,206,
2026/3/14,23:30,430,,,174,
2026/3/14,23:45,430,,,195,
2026/3/15,00:00,430,,,214,
2026/3/15,00:15,430,,,,158
2026/3/15,00:30,430,,,,101
2026/3/15,00:45,430,,,,88
2026/3/15,01:00,430,,,,83
2026/3/15,01:15,430,,,,67
2026/3/15,01:30,430,,,,77
2026/3/15,01:45,430,,,,72
2026/3/15,02:00,430,,,,64
2026/3/15,02:15,430,,,,64
2026/3/15,02:30,430,,,,62
2026/3/15,02:45,430,,,,62
2026/3/15,03:00,430,,,,62
2026/3/15,03:15,430,,,,51
2026/3/15,03:30,430,,,,24
2026/3/15,03:45,430,,,,22
2026/3/15,04:00,430,,,,22
2026/3/15,04:15,430,,,,22
2026/3/15,04:30,430,,,,24
2026/3/15,04:45,430,,,,22
2026/3/15,05:00,430,,,,22
2026/3/15,05:15,430,,,,22
2026/3/15,05:30,430,,,,21
2026/3/15,05:45,430,,,,22
2026/3/15,06:00,430,,,,22
2026/3/15,06:15,430,,,,24
2026/3/15,06:30,430,,,,24
2026/3/15,06:45,430,,,,23
2026/3/15,07:00,430,,,,24
2026/3/15,07:15,430,,,,22
2026/3/15,07:30,430,,,,23
2026/3/15,07:45,430,,,,25
2026/3/15,08:00,430,,,,25
2026/3/15,08:15,430,,,,27
2026/3/15,08:30,430,,,,27
2026/3/15,08:45,430,,,,27
2026/3/15,09:00,430,,,,25
2026/3/15,09:15,430,,,,27
2026/3/15,09:30,430,,,,26
2026/3/15,09:45,430,,,,26
2026/3/15,10:00,430,,,,26
2026/3/15,10:15,430,,,,26
2026/3/15,10:30,430,,,,26
2026/3/15,10:45,430,,,,27
2026/3/15,11:00,430,,,,69
2026/3/15,11:15,430,,,,68
2026/3/15,11:30,430,,,,83
2026/3/15,11:45,430,,,,162
2026/3/15,12:00,430,,,,227
2026/3/15,12:15,430,,,,259
2026/3/15,12:30,430,,,,257
2026/3/15,12:45,430,,,,254
2026/3/15,13:00,430,,,,258
2026/3/15,13:15,430,,,,252
2026/3/15,13:30,430,,,,249
2026/3/15,13:45,430,,,,255
2026/3/15,14:00,430,,,,251
2026/3/15,14:15,430,,,,258
2026/3/15,14:30,430,,,,268
2026/3/15,14:45,430,,,,275
2026/3/15,15:00,430,,,,240
2026/3/15,15:15,430,,,,244
2026/3/15,15:30,430,,,,259
2026/3/15,15:45,430,,,,261
2026/3/15,16:00,430,,,,259
2026/3/15,16:15,430,,,,272
2026/3/15,16:30,430,,,,265
2026/3/15,16:45,430,,,,250
2026/3/15,17:00,430,,,,242
2026/3/15,17:15,430,,,,208
2026/3/15,17:30,430,,,,140
2026/3/15,17:45,430,,,,96
2026/3/15,18:00,430,,,,72
2026/3/15,18:15,430,,,,58
2026/3/15,18:30,430,,,,56
2026/3/15,18:45,430,,,,56
2026/3/15,19:00,430,,,,56
2026/3/15,19:15,430,,,,54
2026/3/15,19:30,430,,,,54
2026/3/15,19:45,430,,,,56
2026/3/15,20:00,430,,,,45
2026/3/15,20:15,430,,,,40
2026/3/15,20:30,430,,,,38
2026/3/15,20:45,430,,,,37
2026/3/15,21:00,430,,,,30
2026/3/15,21:15,430,,,,18
2026/3/15,21:30,430,,,,16
2026/3/15,21:45,430,,,,18
2026/3/15,22:00,430,,,,19
2026/3/15,22:15,430,,,,18
2026/3/15,22:30,430,,,,18
2026/3/15,22:45,430,,,,18
2026/3/15,23:00,430,,,,16
2026/3/15,23:15,430,,,,18
2026/3/15,23:30,430,,,,18
2026/3/15,23:45,430,,,,16
2026/3/16,00:00,430,,,,18
2026/3/16,00:15,430,,,,18
2026/3/16,00:30,430,,,,27
2026/3/16,00:45,430,,,,19
2026/3/16,01:00,430,,,,18
2026/3/16,01:15,430,,,,16
2026/3/16,01:30,430,,,,16
2026/3/16,01:45,430,,,,16
2026/3/16,02:00,430,,,,18
2026/3/16,02:15,430,,,,16
2026/3/16,02:30,430,,,,16
2026/3/16,02:45,430,,,,18
2026/3/16,03:00,430,,,,18
2026/3/16,03:15,430,,,,19
2026/3/16,03:30,430,,,,21
2026/3/16,03:45,430,,,,19
2026/3/16,04:00,430,,,,21
2026/3/16,04:15,430,,,,22
2026/3/16,04:30,430,,,,21
2026/3/16,04:45,430,,,,21
2026/3/16,05:00,430,,,,21
2026/3/16,05:15,430,,,,21
2026/3/16,05:30,430,,,,24
2026/3/16,05:45,430,,,,22
2026/3/16,06:00,430,,,,24
2026/3/16,06:15,430,,29,,
2026/3/16,06:30,430,,31,,
2026/3/16,06:45,430,,25,,
2026/3/16,07:00,430,,25,,
2026/3/16,07:15,430,,25,,
2026/3/16,07:30,430,,24,,
2026/3/16,07:45,430,,31,,
2026/3/16,08:00,430,,35,,
2026/3/16,08:15,430,,52,,
2026/3/16,08:30,430,,92,,
2026/3/16,08:45,430,,117,,
2026/3/16,09:00,430,,122,,
2026/3/16,09:15,430,,164,,
2026/3/16,09:30,430,,220,,
2026/3/16,09:45,430,,250,,
2026/3/16,10:00,430,,286,,
2026/3/16,10:15,430,,311,,
2026/3/16,10:30,430,,322,,
2026/3/16,10:45,430,,328,,
2026/3/16,11:00,430,,350,,
2026/3/16,11:15,430,,,,326
2026/3/16,11:30,430,,,,319
2026/3/16,11:45,430,,,,320
2026/3/16,12:00,430,,,,314
2026/3/16,12:15,430,,,,283
2026/3/16,12:30,430,,,,264
2026/3/16,12:45,430,,,,258
2026/3/16,13:00,430,,,,233
2026/3/16,13:15,430,,,,251
2026/3/16,13:30,430,,,,305
2026/3/16,13:45,430,,,,289
2026/3/16,14:00,430,,,,282
2026/3/16,14:15,430,,287,,
2026/3/16,14:30,430,,290,,
2026/3/16,14:45,430,,320,,
2026/3/16,15:00,430,,302,,
2026/3/16,15:15,430,,305,,
2026/3/16,15:30,430,,275,,
2026/3/16,15:45,430,,291,,
2026/3/16,16:00,430,,302,,
2026/3/16,16:15,430,,306,,
2026/3/16,16:30,430,,296,,
2026/3/16,16:45,430,,299,,
2026/3/16,17:00,430,,288,,
2026/3/16,17:15,430,,262,,
2026/3/16,17:30,430,,235,,
2026/3/16,17:45,430,,218,,
2026/3/16,18:00,430,,246,,
2026/3/16,18:15,430,,280,,
2026/3/16,18:30,430,,259,,
2026/3/16,18:45,430,,238,,
2026/3/16,19:00,430,,251,,
2026/3/16,19:15,430,,264,,
2026/3/16,19:30,430,,275,,
2026/3/16,19:45,430,,259,,
2026/3/16,20:00,430,,227,,
2026/3/16,20:15,430,,189,,
2026/3/16,20:30,430,,181,,
2026/3/16,20:45,430,,200,,
2026/3/16,21:00,430,,242,,
2026/3/16,21:15,430,,243,,
2026/3/16,21:30,430,,253,,
2026/3/16,21:45,430,,256,,
2026/3/16,22:00,430,,266,,
2026/3/16,22:15,430,,261,,
2026/3/16,22:30,430,,248,,
2026/3/16,22:45,430,,227,,
2026/3/16,23:00,430,,173,,
2026/3/16,23:15,430,,139,,
2026/3/16,23:30,430,,155,,
2026/3/16,23:45,430,,226,,
2026/3/17,00:00,430,,248,,
2026/3/17,00:15,430,,,,190
2026/3/17,00:30,430,,,,120
2026/3/17,00:45,430,,,,91
2026/3/17,01:00,430,,,,67
2026/3/17,01:15,430,,,,66
2026/3/17,01:30,430,,,,61
2026/3/17,01:45,430,,,,59
2026/3/17,02:00,430,,,,62
2026/3/17,02:15,430,,,,61
2026/3/17,02:30,430,,,,59
2026/3/17,02:45,430,,,,61
2026/3/17,03:00,430,,,,59
2026/3/17,03:15,430,,,,61
2026/3/17,03:30,430,,,,58
2026/3/17,03:45,430,,,,46
2026/3/17,04:00,430,,,,48
2026/3/17,04:15,430,,,,46
2026/3/17,04:30,430,,,,22
2026/3/17,04:45,430,,,,24
2026/3/17,05:00,430,,,,24
2026/3/17,05:15,430,,,,24
2026/3/17,05:30,430,,,,24
2026/3/17,05:45,430,,,,26
2026/3/17,06:00,430,,,,24
2026/3/17,06:15,430,,29,,
2026/3/17,06:30,430,,29,,
2026/3/17,06:45,430,,33,,
2026/3/17,07:00,430,,29,,
2026/3/17,07:15,430,,27,,
2026/3/17,07:30,430,,27,,
2026/3/17,07:45,430,,29,,
2026/3/17,08:00,430,,34,,
2026/3/17,08:15,430,,39,,
2026/3/17,08:30,430,,87,,
2026/3/17,08:45,430,,96,,
2026/3/17,09:00,430,,97,,
2026/3/17,09:15,430,,127,,
2026/3/17,09:30,430,,217,,
2026/3/17,09:45,430,,260,,
2026/3/17,10:00,430,,289,,
2026/3/17,10:15,430,,276,,
2026/3/17,10:30,430,,280,,
2026/3/17,10:45,430,,308,,
2026/3/17,11:00,430,,311,,
2026/3/17,11:15,430,,,,300
2026/3/17,11:30,430,,,,279
2026/3/17,11:45,430,,,,277
2026/3/17,12:00,430,,,,285
2026/3/17,12:15,430,,,,260
2026/3/17,12:30,430,,,,240
2026/3/17,12:45,430,,,,234
2026/3/17,13:00,430,,,,241
2026/3/17,13:15,430,,,,274
2026/3/17,13:30,430,,,,299
2026/3/17,13:45,430,,,,286
2026/3/17,14:00,430,,,,268
2026/3/17,14:15,430,,269,,
2026/3/17,14:30,430,,293,,
2026/3/17,14:45,430,,292,,
2026/3/17,15:00,430,,299,,
2026/3/17,15:15,430,,294,,
2026/3/17,15:30,430,,303,,
2026/3/17,15:45,430,,309,,
2026/3/17,16:00,430,,289,,
2026/3/17,16:15,430,,283,,
2026/3/17,16:30,430,,291,,
2026/3/17,16:45,430,,291,,
2026/3/17,17:00,430,,306,,
2026/3/17,17:15,430,,290,,
2026/3/17,17:30,430,,255,,
2026/3/17,17:45,430,,242,,
2026/3/17,18:00,430,,274,,
2026/3/17,18:15,430,,285,,
2026/3/17,18:30,430,,261,,
2026/3/17,18:45,430,,242,,
2026/3/17,19:00,430,,245,,
2026/3/17,19:15,430,,274,,
2026/3/17,19:30,430,,266,,
2026/3/17,19:45,430,,266,,
2026/3/17,20:00,430,,258,,
2026/3/17,20:15,430,,195,,
2026/3/17,20:30,430,,157,,
2026/3/17,20:45,430,,195,,
2026/3/17,21:00,430,,258,,
2026/3/17,21:15,430,,280,,
2026/3/17,21:30,430,,259,,
2026/3/17,21:45,430,,242,,
2026/3/17,22:00,430,,237,,
2026/3/17,22:15,430,,238,,
2026/3/17,22:30,430,,243,,
2026/3/17,22:45,430,,269,,
2026/3/17,23:00,430,,240,,
2026/3/17,23:15,430,,186,,
2026/3/17,23:30,430,,163,,
2026/3/17,23:45,430,,200,,
2026/3/18,00:00,430,,243,,
2026/3/18,00:15,430,,,,197
2026/3/18,00:30,430,,,,139
2026/3/18,00:45,430,,,,102
2026/3/18,01:00,430,,,,90
2026/3/18,01:15,430,,,,62
2026/3/18,01:30,430,,,,59
2026/3/18,01:45,430,,,,58
2026/3/18,02:00,430,,,,56
2026/3/18,02:15,430,,,,56
2026/3/18,02:30,430,,,,51
2026/3/18,02:45,430,,,,45
2026/3/18,03:00,430,,,,45
2026/3/18,03:15,430,,,,45
2026/3/18,03:30,430,,,,45
2026/3/18,03:45,430,,,,45
2026/3/18,04:00,430,,,,43
2026/3/18,04:15,430,,,,26
2026/3/18,04:30,430,,,,24
2026/3/18,04:45,430,,,,24
2026/3/18,05:00,430,,,,24
2026/3/18,05:15,430,,,,24
2026/3/18,05:30,430,,,,22
2026/3/18,05:45,430,,,,24
2026/3/18,06:00,430,,,,26
2026/3/18,06:15,430,,28,,
2026/3/18,06:30,430,,29,,
2026/3/18,06:45,430,,26,,
2026/3/18,07:00,430,,27,,
2026/3/18,07:15,430,,26,,
2026/3/18,07:30,430,,26,,
2026/3/18,07:45,430,,28,,
2026/3/18,08:00,430,,34,,
2026/3/18,08:15,430,,46,,
2026/3/18,08:30,430,,85,,
2026/3/18,08:45,430,,87,,
2026/3/18,09:00,430,,113,,
2026/3/18,09:15,430,,148,,
2026/3/18,09:30,430,,237,,
2026/3/18,09:45,430,,296,,
2026/3/18,10:00,430,,297,,
2026/3/18,10:15,430,,283,,
2026/3/18,10:30,430,,304,,
2026/3/18,10:45,430,,293,,
2026/3/18,11:00,430,,298,,
2026/3/18,11:15,430,,,,276
2026/3/18,11:30,430,,,,294
2026/3/18,11:45,430,,,,270
2026/3/18,12:00,430,,,,278
2026/3/18,12:15,430,,,,245
2026/3/18,12:30,430,,,,242
2026/3/18,12:45,430,,,,238
2026/3/18,13:00,430,,,,226
2026/3/18,13:15,430,,,,272
2026/3/18,13:30,430,,,,306
2026/3/18,13:45,430,,,,309
2026/3/18,14:00,430,,,,286
2026/3/18,14:15,430,,295,,
2026/3/18,14:30,430,,302,,
2026/3/18,14:45,430,,297,,
2026/3/18,15:00,430,,295,,
2026/3/18,15:15,430,,298,,
2026/3/18,15:30,430,,302,,
2026/3/18,15:45,430,,308,,
2026/3/18,16:00,430,,312,,
2026/3/18,16:15,430,,312,,
2026/3/18,16:30,430,,312,,
2026/3/18,16:45,430,,308,,
2026/3/18,17:00,430,,313,,
2026/3/18,17:15,430,,285,,
2026/3/18,17:30,430,,229,,
2026/3/18,17:45,430,,223,,
2026/3/18,18:00,430,,273,,
2026/3/18,18:15,430,,303,,
2026/3/18,18:30,430,,304,,
2026/3/18,18:45,430,,301,,
2026/3/18,19:00,430,,293,,
2026/3/18,19:15,430,,286,,
2026/3/18,19:30,430,,264,,
2026/3/18,19:45,430,,269,,
2026/3/18,20:00,430,,258,,
2026/3/18,20:15,430,,194,,
2026/3/18,20:30,430,,157,,
2026/3/18,20:45,430,,203,,
2026/3/18,21:00,430,,262,,
2026/3/18,21:15,430,,254,,
2026/3/18,21:30,430,,250,,
2026/3/18,21:45,430,,258,,
2026/3/18,22:00,430,,269,,
2026/3/18,22:15,430,,269,,
2026/3/18,22:30,430,,245,,
2026/3/18,22:45,430,,253,,
2026/3/18,23:00,430,,248,,
2026/3/18,23:15,430,,197,,
2026/3/18,23:30,430,,168,,
2026/3/18,23:45,430,,200,,
2026/3/19,00:00,430,,234,,
2026/3/19,00:15,430,,,,162
2026/3/19,00:30,430,,,,117
2026/3/19,00:45,430,,,,82
2026/3/19,01:00,430,,,,78
2026/3/19,01:15,430,,,,78
2026/3/19,01:30,430,,,,67
2026/3/19,01:45,430,,,,66
2026/3/19,02:00,430,,,,66
2026/3/19,02:15,430,,,,64
2026/3/19,02:30,430,,,,66
2026/3/19,02:45,430,,,,64
2026/3/19,03:00,430,,,,62
2026/3/19,03:15,430,,,,61
2026/3/19,03:30,430,,,,50
2026/3/19,03:45,430,,,,46
2026/3/19,04:00,430,,,,50
2026/3/19,04:15,430,,,,34
2026/3/19,04:30,430,,,,27
2026/3/19,04:45,430,,,,26
2026/3/19,05:00,430,,,,26
2026/3/19,05:15,430,,,,26
2026/3/19,05:30,430,,,,26
2026/3/19,05:45,430,,,,26
2026/3/19,06:00,430,,,,27
2026/3/19,06:15,430,,32,,
2026/3/19,06:30,430,,33,,
2026/3/19,06:45,430,,34,,
2026/3/19,07:00,430,,32,,
2026/3/19,07:15,430,,30,,
2026/3/19,07:30,430,,29,,
2026/3/19,07:45,430,,32,,
2026/3/19,08:00,430,,37,,
2026/3/19,08:15,430,,42,,
2026/3/19,08:30,430,,80,,
2026/3/19,08:45,430,,103,,
2026/3/19,09:00,430,,105,,
2026/3/19,09:15,430,,174,,
2026/3/19,09:30,430,,246,,
2026/3/19,09:45,430,,296,,
2026/3/19,10:00,430,,295,,
2026/3/19,10:15,430,,289,,
2026/3/19,10:30,430,,316,,
2026/3/19,10:45,430,,310,,
2026/3/19,11:00,430,,315,,
2026/3/19,11:15,430,,,,310
2026/3/19,11:30,430,,,,303
2026/3/19,11:45,430,,,,310
2026/3/19,12:00,430,,,,289
2026/3/19,12:15,430,,,,254
2026/3/19,12:30,430,,,,253
2026/3/19,12:45,430,,,,259
2026/3/19,13:00,430,,,,241
2026/3/19,13:15,430,,,,282
2026/3/19,13:30,430,,,,311
2026/3/19,13:45,430,,,,311
2026/3/19,14:00,430,,,,303
2026/3/19,14:15,430,,287,,
2026/3/19,14:30,430,,302,,
2026/3/19,14:45,430,,314,,
2026/3/19,15:00,430,,305,,
2026/3/19,15:15,430,,306,,
2026/3/19,15:30,430,,303,,
2026/3/19,15:45,430,,323,,
2026/3/19,16:00,430,,300,,
2026/3/19,16:15,430,,294,,
2026/3/19,16:30,430,,292,,
2026/3/19,16:45,430,,312,,
2026/3/19,17:00,430,,304,,
2026/3/19,17:15,430,,284,,
2026/3/19,17:30,430,,248,,
2026/3/19,17:45,430,,215,,
2026/3/19,18:00,430,,240,,
2026/3/19,18:15,430,,276,,
2026/3/19,18:30,430,,267,,
2026/3/19,18:45,430,,269,,
2026/3/19,19:00,430,,283,,
2026/3/19,19:15,430,,278,,
2026/3/19,19:30,430,,262,,
2026/3/19,19:45,430,,277,,
2026/3/19,20:00,430,,258,,
2026/3/19,20:15,430,,181,,
2026/3/19,20:30,430,,157,,
2026/3/19,20:45,430,,202,,
2026/3/19,21:00,430,,277,,
2026/3/19,21:15,430,,264,,
2026/3/19,21:30,430,,259,,
2026/3/19,21:45,430,,240,,
2026/3/19,22:00,430,,253,,
2026/3/19,22:15,430,,248,,
2026/3/19,22:30,430,,245,,
2026/3/19,22:45,430,,261,,
2026/3/19,23:00,430,,240,,
2026/3/19,23:15,430,,186,,
2026/3/19,23:30,430,,149,,
2026/3/19,23:45,430,,187,,
2026/3/20,00:00,430,,221,,
2026/3/20,00:15,430,,,,206
2026/3/20,00:30,430,,,,134
2026/3/20,00:45,430,,,,104
2026/3/20,01:00,430,,,,66
2026/3/20,01:15,430,,,,64
2026/3/20,01:30,430,,,,64
2026/3/20,01:45,430,,,,62
2026/3/20,02:00,430,,,,56
2026/3/20,02:15,430,,,,51
2026/3/20,02:30,430,,,,53
2026/3/20,02:45,430,,,,51
2026/3/20,03:00,430,,,,51
2026/3/20,03:15,430,,,,53
2026/3/20,03:30,430,,,,51
2026/3/20,03:45,430,,,,50
2026/3/20,04:00,430,,,,50
2026/3/20,04:15,430,,,,30
2026/3/20,04:30,430,,,,26
2026/3/20,04:45,430,,,,24
2026/3/20,05:00,430,,,,26
2026/3/20,05:15,430,,,,27
2026/3/20,05:30,430,,,,26
2026/3/20,05:45,430,,,,24
2026/3/20,06:00,430,,,,26
2026/3/20,06:15,430,,27,,
2026/3/20,06:30,430,,28,,
2026/3/20,06:45,430,,29,,
2026/3/20,07:00,430,,35,,
2026/3/20,07:15,430,,33,,
2026/3/20,07:30,430,,28,,
2026/3/20,07:45,430,,30,,
2026/3/20,08:00,430,,35,,
2026/3/20,08:15,430,,46,,
2026/3/20,08:30,430,,93,,
2026/3/20,08:45,430,,96,,
2026/3/20,09:00,430,,103,,
2026/3/20,09:15,430,,147,,
2026/3/20,09:30,430,,229,,
2026/3/20,09:45,430,,306,,
2026/3/20,10:00,430,,321,,
2026/3/20,10:15,430,,309,,
2026/3/20,10:30,430,,310,,
2026/3/20,10:45,430,,320,,
2026/3/20,11:00,430,,323,,
2026/3/20,11:15,430,,,,308
2026/3/20,11:30,430,,,,287
2026/3/20,11:45,430,,,,304
2026/3/20,12:00,430,,,,306
2026/3/20,12:15,430,,,,267
2026/3/20,12:30,430,,,,237
2026/3/20,12:45,430,,,,237
2026/3/20,13:00,430,,,,246
2026/3/20,13:15,430,,,,284
2026/3/20,13:30,430,,,,297
2026/3/20,13:45,430,,,,305
2026/3/20,14:00,430,,,,327
2026/3/20,14:15,430,,322,,
2026/3/20,14:30,430,,307,,
2026/3/20,14:45,430,,300,,
2026/3/20,15:00,430,,330,,
2026/3/20,15:15,430,,327,,
2026/3/20,15:30,430,,311,,
2026/3/20,15:45,430,,305,,
2026/3/20,16:00,430,,314,,
2026/3/20,16:15,430,,320,,
2026/3/20,16:30,430,,298,,
2026/3/20,16:45,430,,309,,
2026/3/20,17:00,430,,306,,
2026/3/20,17:15,430,,281,,
2026/3/20,17:30,430,,267,,
2026/3/20,17:45,430,,253,,
2026/3/20,18:00,430,,282,,
2026/3/20,18:15,430,,283,,
2026/3/20,18:30,430,,272,,
2026/3/20,18:45,430,,274,,
2026/3/20,19:00,430,,277,,
2026/3/20,19:15,430,,277,,
2026/3/20,19:30,430,,267,,
2026/3/20,19:45,430,,275,,
2026/3/20,20:00,430,,253,,
2026/3/20,20:15,430,,187,,
2026/3/20,20:30,430,,158,,
2026/3/20,20:45,430,,206,,
2026/3/20,21:00,430,,269,,
2026/3/20,21:15,430,,283,,
2026/3/20,21:30,430,,262,,
2026/3/20,21:45,430,,266,,
2026/3/20,22:00,430,,267,,
2026/3/20,22:15,430,,272,,
2026/3/20,22:30,430,,266,,
2026/3/20,22:45,430,,256,,
2026/3/20,23:00,430,,246,,
2026/3/20,23:15,430,,194,,
2026/3/20,23:30,430,,141,,
2026/3/20,23:45,430,,181,,
2026/3/21,00:00,430,,240,,
2026/3/21,00:15,430,,,,205
2026/3/21,00:30,430,,,,134
2026/3/21,00:45,430,,,,86
2026/3/21,01:00,430,,,,67
2026/3/21,01:15,430,,,,67
2026/3/21,01:30,430,,,,62
2026/3/21,01:45,430,,,,59
2026/3/21,02:00,430,,,,61
2026/3/21,02:15,430,,,,59
2026/3/21,02:30,430,,,,59
2026/3/21,02:45,430,,,,59
2026/3/21,03:00,430,,,,54
2026/3/21,03:15,430,,,,46
2026/3/21,03:30,430,,,,46
2026/3/21,03:45,430,,,,38
2026/3/21,04:00,430,,,,26
2026/3/21,04:15,430,,,,26
2026/3/21,04:30,430,,,,27
2026/3/21,04:45,430,,,,26
2026/3/21,05:00,430,,,,24
2026/3/21,05:15,430,,,,26
2026/3/21,05:30,430,,,,26
2026/3/21,05:45,430,,,,26
2026/3/21,06:00,430,,,,29
2026/3/21,06:15,430,,,27,
2026/3/21,06:30,430,,,28,
2026/3/21,06:45,430,,,33,
2026/3/21,07:00,430,,,28,
2026/3/21,07:15,430,,,30,
2026/3/21,07:30,430,,,30,
2026/3/21,07:45,430,,,27,
2026/3/21,08:00,430,,,36,
2026/3/21,08:15,430,,,37,
2026/3/21,08:30,430,,,45,
2026/3/21,08:45,430,,,88,
2026/3/21,09:00,430,,,88,
2026/3/21,09:15,430,,,140,
2026/3/21,09:30,430,,,229,
2026/3/21,09:45,430,,,276,
2026/3/21,10:00,430,,,292,
2026/3/21,10:15,430,,,291,
2026/3/21,10:30,430,,,293,
2026/3/21,10:45,430,,,307,
2026/3/21,11:00,430,,,290,
2026/3/21,11:15,430,,,,296
2026/3/21,11:30,430,,,,296
2026/3/21,11:45,430,,,,268
2026/3/21,12:00,430,,,,256
2026/3/21,12:15,430,,,,257
2026/3/21,12:30,430,,,,242
2026/3/21,12:45,430,,,,239
2026/3/21,13:00,430,,,,233
2026/3/21,13:15,430,,,,258
2026/3/21,13:30,430,,,,297
2026/3/21,13:45,430,,,,293
2026/3/21,14:00,430,,,,288
2026/3/21,14:15,430,,,285,
2026/3/21,14:30,430,,,291,
2026/3/21,14:45,430,,,279,
2026/3/21,15:00,430,,,287,
2026/3/21,15:15,430,,,281,
2026/3/21,15:30,430,,,279,
2026/3/21,15:45,430,,,279,
2026/3/21,16:00,430,,,305,
2026/3/21,16:15,430,,,297,
2026/3/21,16:30,430,,,274,
2026/3/21,16:45,430,,,306,
2026/3/21,17:00,430,,,302,
2026/3/21,17:15,430,,,275,
2026/3/21,17:30,430,,,242,
2026/3/21,17:45,430,,,233,
2026/3/21,18:00,430,,,272,
2026/3/21,18:15,430,,,294,
2026/3/21,18:30,430,,,290,
2026/3/21,18:45,430,,,277,
2026/3/21,19:00,430,,,291,
2026/3/21,19:15,430,,,288,
2026/3/21,19:30,430,,,278,
2026/3/21,19:45,430,,,286,
2026/3/21,20:00,430,,,290,
2026/3/21,20:15,430,,,267,
2026/3/21,20:30,430,,,274,
2026/3/21,20:45,430,,,282,
2026/3/21,21:00,430,,,282,
2026/3/21,21:15,430,,,272,
2026/3/21,21:30,430,,,278,
2026/3/21,21:45,430,,,266,
2026/3/21,22:00,430,,,267,
2026/3/21,22:15,430,,,277,
2026/3/21,22:30,430,,,277,
2026/3/21,22:45,430,,,264,
2026/3/21,23:00,430,,,264,
2026/3/21,23:15,430,,,267,
2026/3/21,23:30,430,,,261,
2026/3/21,23:45,430,,,250,
2026/3/22,00:00,430,,,259,
2026/3/22,00:15,430,,,,261
2026/3/22,00:30,430,,,,261
2026/3/22,00:45,430,,,,261
2026/3/22,01:00,430,,,,200
2026/3/22,01:15,430,,,,128
2026/3/22,01:30,430,,,,104
2026/3/22,01:45,430,,,,90
2026/3/22,02:00,430,,,,86
2026/3/22,02:15,430,,,,86
2026/3/22,02:30,430,,,,83
2026/3/22,02:45,430,,,,75
2026/3/22,03:00,430,,,,54
2026/3/22,03:15,430,,,,54
2026/3/22,03:30,430,,,,53
2026/3/22,03:45,430,,,,54
2026/3/22,04:00,430,,,,43
2026/3/22,04:15,430,,,,43
2026/3/22,04:30,430,,,,42
2026/3/22,04:45,430,,,,40
2026/3/22,05:00,430,,,,42
2026/3/22,05:15,430,,,,30
2026/3/22,05:30,430,,,,24
2026/3/22,05:45,430,,,,24
2026/3/22,06:00,430,,,,22
2026/3/22,06:15,430,,,,24
2026/3/22,06:30,430,,,,25
2026/3/22,06:45,430,,,,24
2026/3/22,07:00,430,,,,26
2026/3/22,07:15,430,,,,24
2026/3/22,07:30,430,,,,25
2026/3/22,07:45,430,,,,24
2026/3/22,08:00,430,,,,26
2026/3/22,08:15,430,,,,28
2026/3/22,08:30,430,,,,27
2026/3/22,08:45,430,,,,26
2026/3/22,09:00,430,,,,25
2026/3/22,09:15,430,,,,26
2026/3/22,09:30,430,,,,27
2026/3/22,09:45,430,,,,26
2026/3/22,10:00,430,,,,28
2026/3/22,10:15,430,,,,29
2026/3/22,10:30,430,,,,27
2026/3/22,10:45,430,,,,29
2026/3/22,11:00,430,,,,28
2026/3/22,11:15,430,,,,76
2026/3/22,11:30,430,,,,91
2026/3/22,11:45,430,,,,171
2026/3/22,12:00,430,,,,243
2026/3/22,12:15,430,,,,281
2026/3/22,12:30,430,,,,263
2026/3/22,12:45,430,,,,266
2026/3/22,13:00,430,,,,255
2026/3/22,13:15,430,,,,252
2026/3/22,13:30,430,,,,259
2026/3/22,13:45,430,,,,272
2026/3/22,14:00,430,,,,246
2026/3/22,14:15,430,,,,248
2026/3/22,14:30,430,,,,236
2026/3/22,14:45,430,,,,243
2026/3/22,15:00,430,,,,235
2026/3/22,15:15,430,,,,249
2026/3/22,15:30,430,,,,241
2026/3/22,15:45,430,,,,239
2026/3/22,16:00,430,,,,234
2026/3/22,16:15,430,,,,233
2026/3/22,16:30,430,,,,239
2026/3/22,16:45,430,,,,251
2026/3/22,17:00,430,,,,224
2026/3/22,17:15,430,,,,168
2026/3/22,17:30,430,,,,113
2026/3/22,17:45,430,,,,78
2026/3/22,18:00,430,,,,61
2026/3/22,18:15,430,,,,58
2026/3/22,18:30,430,,,,58
2026/3/22,18:45,430,,,,56
2026/3/22,19:00,430,,,,54
2026/3/22,19:15,430,,,,42
2026/3/22,19:30,430,,,,40
2026/3/22,19:45,430,,,,40
2026/3/22,20:00,430,,,,42
2026/3/22,20:15,430,,,,27
2026/3/22,20:30,430,,,,21
2026/3/22,20:45,430,,,,19
2026/3/22,21:00,430,,,,18
2026/3/22,21:15,430,,,,18
2026/3/22,21:30,430,,,,19
2026/3/22,21:45,430,,,,18
2026/3/22,22:00,430,,,,19
2026/3/22,22:15,430,,,,19
2026/3/22,22:30,430,,,,19
2026/3/22,22:45,430,,,,18
2026/3/22,23:00,430,,,,18
2026/3/22,23:15,430,,,,18
2026/3/22,23:30,430,,,,19
2026/3/22,23:45,430,,,,18
2026/3/23,00:00,430,,,,16
2026/3/23,00:15,430,,,,18
2026/3/23,00:30,430,,,,18
2026/3/23,00:45,430,,,,18
2026/3/23,01:00,430,,,,18
2026/3/23,01:15,430,,,,18
2026/3/23,01:30,430,,,,18
2026/3/23,01:45,430,,,,19
2026/3/23,02:00,430,,,,18
2026/3/23,02:15,430,,,,18
2026/3/23,02:30,430,,,,19
2026/3/23,02:45,430,,,,22
2026/3/23,03:00,430,,,,24
2026/3/23,03:15,430,,,,24
2026/3/23,03:30,430,,,,24
2026/3/23,03:45,430,,,,24
2026/3/23,04:00,430,,,,24
2026/3/23,04:15,430,,,,24
2026/3/23,04:30,430,,,,26
2026/3/23,04:45,430,,,,24
2026/3/23,05:00,430,,,,26
2026/3/23,05:15,430,,,,24
2026/3/23,05:30,430,,,,24
2026/3/23,05:45,430,,,,24
2026/3/23,06:00,430,,,,26
2026/3/23,06:15,430,,29,,
2026/3/23,06:30,430,,31,,
2026/3/23,06:45,430,,33,,
2026/3/23,07:00,430,,32,,
2026/3/23,07:15,430,,26,,
2026/3/23,07:30,430,,29,,
2026/3/23,07:45,430,,30,,
2026/3/23,08:00,430,,43,,
2026/3/23,08:15,430,,72,,
2026/3/23,08:30,430,,116,,
2026/3/23,08:45,430,,117,,
2026/3/23,09:00,430,,113,,
2026/3/23,09:15,430,,158,,
2026/3/23,09:30,430,,253,,
2026/3/23,09:45,430,,305,,
2026/3/23,10:00,430,,310,,
2026/3/23,10:15,430,,289,,
2026/3/23,10:30,430,,317,,
2026/3/23,10:45,430,,325,,
2026/3/23,11:00,430,,301,,
2026/3/23,11:15,430,,,,311
2026/3/23,11:30,430,,,,315
2026/3/23,11:45,430,,,,301
2026/3/23,12:00,430,,,,297
2026/3/23,12:15,430,,,,265
2026/3/23,12:30,430,,,,260
2026/3/23,12:45,430,,,,242
2026/3/23,13:00,430,,,,230
2026/3/23,13:15,430,,,,249
2026/3/23,13:30,430,,,,285
2026/3/23,13:45,430,,,,328
2026/3/23,14:00,430,,,,332
2026/3/23,14:15,430,,318,,
2026/3/23,14:30,430,,317,,
2026/3/23,14:45,430,,325,,
2026/3/23,15:00,430,,322,,
2026/3/23,15:15,430,,318,,
2026/3/23,15:30,430,,312,,
2026/3/23,15:45,430,,297,,
2026/3/23,16:00,430,,297,,
2026/3/23,16:15,430,,300,,
2026/3/23,16:30,430,,309,,
2026/3/23,16:45,430,,310,,
2026/3/23,17:00,430,,295,,
2026/3/23,17:15,430,,248,,
2026/3/23,17:30,430,,202,,
2026/3/23,17:45,430,,230,,
2026/3/23,18:00,430,,290,,
2026/3/23,18:15,430,,310,,
2026/3/23,18:30,430,,312,,
2026/3/23,18:45,430,,285,,
2026/3/23,19:00,430,,258,,
2026/3/23,19:15,430,,246,,
2026/3/23,19:30,430,,222,,
2026/3/23,19:45,430,,229,,
2026/3/23,20:00,430,,222,,
2026/3/23,20:15,430,,178,,
2026/3/23,20:30,430,,168,,
2026/3/23,20:45,430,,211,,
2026/3/23,21:00,430,,262,,
2026/3/23,21:15,430,,264,,
2026/3/23,21:30,430,,285,,
2026/3/23,21:45,430,,274,,
2026/3/23,22:00,430,,269,,
2026/3/23,22:15,430,,266,,
2026/3/23,22:30,430,,272,,
2026/3/23,22:45,430,,272,,
2026/3/23,23:00,430,,243,,
2026/3/23,23:15,430,,195,,
2026/3/23,23:30,430,,168,,
2026/3/23,23:45,430,,190,,
2026/3/24,00:00,430,,195,,
2026/3/24,00:15,430,,,,136
2026/3/24,00:30,430,,,,110
2026/3/24,00:45,430,,,,80
2026/3/24,01:00,430,,,,67
2026/3/24,01:15,430,,,,69
2026/3/24,01:30,430,,,,70
2026/3/24,01:45,430,,,,67
2026/3/24,02:00,430,,,,62
2026/3/24,02:15,430,,,,62
2026/3/24,02:30,430,,,,62
2026/3/24,02:45,430,,,,64
2026/3/24,03:00,430,,,,64
2026/3/24,03:15,430,,,,62
2026/3/24,03:30,430,,,,58
2026/3/24,03:45,430,,,,48
2026/3/24,04:00,430,,,,46
2026/3/24,04:15,430,,,,27
2026/3/24,04:30,430,,,,26
2026/3/24,04:45,430,,,,24
2026/3/24,05:00,430,,,,26
2026/3/24,05:15,430,,,,26
2026/3/24,05:30,430,,,,24
2026/3/24,05:45,430,,,,24
2026/3/24,06:00,430,,,,27
2026/3/24,06:15,430,,30,,
2026/3/24,06:30,430,,26,,
2026/3/24,06:45,430,,28,,
2026/3/24,07:00,430,,28,,
2026/3/24,07:15,430,,27,,
2026/3/24,07:30,430,,30,,
2026/3/24,07:45,430,,31,,
2026/3/24,08:00,430,,37,,
2026/3/24,08:15,430,,69,,
2026/3/24,08:30,430,,96,,
2026/3/24,08:45,430,,98,,
2026/3/24,09:00,430,,107,,
2026/3/24,09:15,430,,163,,
2026/3/24,09:30,430,,250,,
2026/3/24,09:45,430,,306,,
2026/3/24,10:00,430,,315,,
2026/3/24,10:15,430,,298,,
2026/3/24,10:30,430,,289,,
2026/3/24,10:45,430,,297,,
2026/3/24,11:00,430,,305,,
2026/3/24,11:15,430,,,,290
2026/3/24,11:30,430,,,,280
2026/3/24,11:45,430,,,,297
2026/3/24,12:00,430,,,,284
2026/3/24,12:15,430,,,,245
2026/3/24,12:30,430,,,,232
2026/3/24,12:45,430,,,,238
2026/3/24,13:00,430,,,,230
2026/3/24,13:15,430,,,,270
2026/3/24,13:30,430,,,,304
2026/3/24,13:45,430,,,,318
2026/3/24,14:00,430,,,,311
2026/3/24,14:15,430,,294,,
2026/3/24,14:30,430,,286,,
2026/3/24,14:45,430,,306,,
2026/3/24,15:00,430,,306,,
2026/3/24,15:15,430,,309,,
2026/3/24,15:30,430,,295,,
2026/3/24,15:45,430,,310,,
2026/3/24,16:00,430,,311,,
2026/3/24,16:15,430,,303,,
2026/3/24,16:30,430,,303,,
2026/3/24,16:45,430,,301,,
2026/3/24,17:00,430,,313,,
2026/3/24,17:15,430,,279,,
2026/3/24,17:30,430,,242,,
2026/3/24,17:45,430,,241,,
2026/3/24,18:00,430,,273,,
2026/3/24,18:15,430,,301,,
2026/3/24,18:30,430,,306,,
2026/3/24,18:45,430,,299,,
2026/3/24,19:00,430,,307,,
2026/3/24,19:15,430,,282,,
2026/3/24,19:30,430,,280,,
2026/3/24,19:45,430,,275,,
2026/3/24,20:00,430,,280,,
2026/3/24,20:15,430,,221,,
2026/3/24,20:30,430,,186,,
2026/3/24,20:45,430,,230,,
2026/3/24,21:00,430,,283,,
2026/3/24,21:15,430,,269,,
2026/3/24,21:30,430,,258,,
2026/3/24,21:45,430,,264,,
2026/3/24,22:00,430,,278,,
2026/3/24,22:15,430,,270,,
2026/3/24,22:30,430,,245,,
2026/3/24,22:45,430,,261,,
2026/3/24,23:00,430,,256,,
2026/3/24,23:15,430,,203,,
2026/3/24,23:30,430,,163,,
2026/3/24,23:45,430,,187,,
2026/3/25,00:00,430,,205,,
2026/3/25,00:15,430,,,,150
2026/3/25,00:30,430,,,,107
2026/3/25,00:45,430,,,,74
2026/3/25,01:00,430,,,,67
2026/3/25,01:15,430,,,,66
2026/3/25,01:30,430,,,,64
2026/3/25,01:45,430,,,,61
2026/3/25,02:00,430,,,,59
2026/3/25,02:15,430,,,,61
2026/3/25,02:30,430,,,,59
2026/3/25,02:45,430,,,,53
2026/3/25,03:00,430,,,,46
2026/3/25,03:15,430,,,,46
2026/3/25,03:30,430,,,,46
2026/3/25,03:45,430,,,,46
2026/3/25,04:00,430,,,,48
2026/3/25,04:15,430,,,,30
2026/3/25,04:30,430,,,,24
2026/3/25,04:45,430,,,,26
2026/3/25,05:00,430,,,,24
2026/3/25,05:15,430,,,,27
2026/3/25,05:30,430,,,,26
2026/3/25,05:45,430,,,,24
2026/3/25,06:00,430,,,,26
2026/3/25,06:15,430,,29,,
2026/3/25,06:30,430,,31,,
2026/3/25,06:45,430,,43,,
2026/3/25,07:00,430,,29,,
2026/3/25,07:15,430,,28,,
2026/3/25,07:30,430,,28,,
2026/3/25,07:45,430,,29,,
2026/3/25,08:00,430,,35,,
2026/3/25,08:15,430,,43,,
2026/3/25,08:30,430,,88,,
2026/3/25,08:45,430,,89,,
2026/3/25,09:00,430,,92,,
2026/3/25,09:15,430,,153,,
2026/3/25,09:30,430,,234,,
2026/3/25,09:45,430,,284,,
2026/3/25,10:00,430,,296,,
2026/3/25,10:15,430,,285,,
2026/3/25,10:30,430,,286,,
2026/3/25,10:45,430,,308,,
2026/3/25,11:00,430,,308,,
2026/3/25,11:15,430,,,,303
2026/3/25,11:30,430,,,,289
2026/3/25,11:45,430,,,,280
2026/3/25,12:00,430,,,,273
2026/3/25,12:15,430,,,,267
2026/3/25,12:30,430,,,,267
2026/3/25,12:45,430,,,,254
2026/3/25,13:00,430,,,,242
2026/3/25,13:15,430,,,,299
2026/3/25,13:30,430,,,,304
2026/3/25,13:45,430,,,,307
2026/3/25,14:00,430,,,,311
2026/3/25,14:15,430,,301,,
2026/3/25,14:30,430,,321,,
2026/3/25,14:45,430,,321,,
2026/3/25,15:00,430,,320,,
2026/3/25,15:15,430,,314,,
2026/3/25,15:30,430,,334,,
2026/3/25,15:45,430,,317,,
2026/3/25,16:00,430,,321,,
2026/3/25,16:15,430,,310,,
2026/3/25,16:30,430,,321,,
2026/3/25,16:45,430,,318,,
2026/3/25,17:00,430,,317,,
2026/3/25,17:15,430,,288,,
2026/3/25,17:30,430,,242,,
2026/3/25,17:45,430,,244,,
2026/3/25,18:00,430,,265,,
2026/3/25,18:15,430,,289,,
2026/3/25,18:30,430,,301,,
2026/3/25,18:45,430,,294,,
2026/3/25,19:00,430,,274,,
2026/3/25,19:15,430,,285,,
2026/3/25,19:30,430,,272,,
2026/3/25,19:45,430,,258,,
2026/3/25,20:00,430,,272,,
2026/3/25,20:15,430,,227,,
2026/3/25,20:30,430,,179,,
2026/3/25,20:45,430,,205,,
2026/3/25,21:00,430,,254,,
2026/3/25,21:15,430,,245,,
2026/3/25,21:30,430,,238,,
2026/3/25,21:45,430,,264,,
2026/3/25,22:00,430,,267,,
2026/3/25,22:15,430,,234,,
2026/3/25,22:30,430,,240,,
2026/3/25,22:45,430,,219,,
2026/3/25,23:00,430,,166,,
2026/3/25,23:15,430,,128,,
2026/3/25,23:30,430,,144,,
2026/3/25,23:45,430,,190,,
2026/3/26,00:00,430,,178,,
2026/3/26,00:15,430,,,,128
2026/3/26,00:30,430,,,,106
2026/3/26,00:45,430,,,,83
2026/3/26,01:00,430,,,,64
2026/3/26,01:15,430,,,,64
2026/3/26,01:30,430,,,,72
2026/3/26,01:45,430,,,,64
2026/3/26,02:00,430,,,,58
2026/3/26,02:15,430,,,,58
2026/3/26,02:30,430,,,,59
2026/3/26,02:45,430,,,,56
2026/3/26,03:00,430,,,,48
2026/3/26,03:15,430,,,,45
2026/3/26,03:30,430,,,,48
2026/3/26,03:45,430,,,,45
2026/3/26,04:00,430,,,,48
2026/3/26,04:15,430,,,,35
2026/3/26,04:30,430,,,,26
2026/3/26,04:45,430,,,,26
2026/3/26,05:00,430,,,,27
2026/3/26,05:15,430,,,,26
2026/3/26,05:30,430,,,,26
2026/3/26,05:45,430,,,,26
2026/3/26,06:00,430,,,,27
2026/3/26,06:15,430,,27,,
2026/3/26,06:30,430,,31,,
2026/3/26,06:45,430,,30,,
2026/3/26,07:00,430,,28,,
2026/3/26,07:15,430,,27,,
2026/3/26,07:30,430,,28,,
2026/3/26,07:45,430,,28,,
2026/3/26,08:00,430,,35,,
2026/3/26,08:15,430,,64,,
2026/3/26,08:30,430,,103,,
2026/3/26,08:45,430,,106,,
2026/3/26,09:00,430,,102,,
2026/3/26,09:15,430,,167,,
2026/3/26,09:30,430,,235,,
2026/3/26,09:45,430,,300,,
2026/3/26,10:00,430,,315,,
2026/3/26,10:15,430,,277,,
2026/3/26,10:30,430,,289,,
2026/3/26,10:45,430,,322,,
2026/3/26,11:00,430,,327,,
2026/3/26,11:15,430,,,,307
2026/3/26,11:30,430,,,,312
2026/3/26,11:45,430,,,,295
2026/3/26,12:00,430,,,,302
2026/3/26,12:15,430,,,,270
2026/3/26,12:30,430,,,,255
2026/3/26,12:45,430,,,,255
2026/3/26,13:00,430,,,,248
2026/3/26,13:15,430,,,,286
2026/3/26,13:30,430,,,,311
2026/3/26,13:45,430,,,,338
2026/3/26,14:00,430,,,,317
2026/3/26,14:15,430,,311,,
2026/3/26,14:30,430,,316,,
2026/3/26,14:45,430,,311,,
2026/3/26,15:00,430,,308,,
2026/3/26,15:15,430,,324,,
2026/3/26,15:30,430,,345,,
2026/3/26,15:45,430,,341,,
2026/3/26,16:00,430,,332,,
2026/3/26,16:15,430,,306,,
2026/3/26,16:30,430,,324,,
2026/3/26,16:45,430,,314,,
2026/3/26,17:00,430,,296,,
2026/3/26,17:15,430,,273,,
2026/3/26,17:30,430,,250,,
2026/3/26,17:45,430,,232,,
2026/3/26,18:00,430,,274,,
2026/3/26,18:15,430,,318,,
2026/3/26,18:30,430,,334,,
2026/3/26,18:45,430,,318,,
2026/3/26,19:00,430,,310,,
2026/3/26,19:15,430,,280,,
2026/3/26,19:30,430,,286,,
2026/3/26,19:45,430,,280,,
2026/3/26,20:00,430,,264,,
2026/3/26,20:15,430,,208,,
2026/3/26,20:30,430,,190,,
2026/3/26,20:45,430,,243,,
2026/3/26,21:00,430,,274,,
2026/3/26,21:15,430,,261,,
2026/3/26,21:30,430,,262,,
2026/3/26,21:45,430,,278,,
2026/3/26,22:00,430,,278,,
2026/3/26,22:15,430,,264,,
2026/3/26,22:30,430,,259,,
2026/3/26,22:45,430,,272,,
2026/3/26,23:00,430,,250,,
2026/3/26,23:15,430,,197,,
2026/3/26,23:30,430,,168,,
2026/3/26,23:45,430,,208,,
2026/3/27,00:00,430,,222,,
2026/3/27,00:15,430,,,,176
2026/3/27,00:30,430,,,,128
2026/3/27,00:45,430,,,,101
2026/3/27,01:00,430,,,,88
2026/3/27,01:15,430,,,,75
2026/3/27,01:30,430,,,,69
2026/3/27,01:45,430,,,,66
2026/3/27,02:00,430,,,,66
2026/3/27,02:15,430,,,,64
2026/3/27,02:30,430,,,,64
2026/3/27,02:45,430,,,,62
2026/3/27,03:00,430,,,,59
2026/3/27,03:15,430,,,,27
2026/3/27,03:30,430,,,,26
2026/3/27,03:45,430,,,,26
2026/3/27,04:00,430,,,,27
2026/3/27,04:15,430,,,,27
2026/3/27,04:30,430,,,,26
2026/3/27,04:45,430,,,,27
2026/3/27,05:00,430,,,,26
2026/3/27,05:15,430,,,,29
2026/3/27,05:30,430,,,,29
2026/3/27,05:45,430,,,,27
2026/3/27,06:00,430,,,,26
2026/3/27,06:15,430,,29,,
2026/3/27,06:30,430,,29,,
2026/3/27,06:45,430,,28,,
2026/3/27,07:00,430,,32,,
2026/3/27,07:15,430,,32,,
2026/3/27,07:30,430,,30,,
2026/3/27,07:45,430,,34,,
2026/3/27,08:00,430,,39,,
2026/3/27,08:15,430,,43,,
2026/3/27,08:30,430,,78,,
2026/3/27,08:45,430,,99,,
2026/3/27,09:00,430,,113,,
2026/3/27,09:15,430,,188,,
2026/3/27,09:30,430,,263,,
2026/3/27,09:45,430,,312,,
2026/3/27,10:00,430,,326,,
2026/3/27,10:15,430,,314,,
2026/3/27,10:30,430,,312,,
2026/3/27,10:45,430,,328,,
2026/3/27,11:00,430,,325,,
2026/3/27,11:15,430,,,,311
2026/3/27,11:30,430,,,,313
2026/3/27,11:45,430,,,,318
2026/3/27,12:00,430,,,,295
2026/3/27,12:15,430,,,,260
2026/3/27,12:30,430,,,,252
2026/3/27,12:45,430,,,,246
2026/3/27,13:00,430,,,,238
2026/3/27,13:15,430,,,,266
2026/3/27,13:30,430,,,,280
2026/3/27,13:45,430,,,,315
2026/3/27,14:00,430,,,,313
2026/3/27,14:15,430,,317,,
2026/3/27,14:30,430,,315,,
2026/3/27,14:45,430,,320,,
2026/3/27,15:00,430,,321,,
2026/3/27,15:15,430,,313,,
2026/3/27,15:30,430,,317,,
2026/3/27,15:45,430,,326,,
2026/3/27,16:00,430,,308,,
2026/3/27,16:15,430,,314,,
2026/3/27,16:30,430,,325,,
2026/3/27,16:45,430,,312,,
2026/3/27,17:00,430,,297,,
2026/3/27,17:15,430,,296,,
2026/3/27,17:30,430,,247,,
2026/3/27,17:45,430,,224,,
2026/3/27,18:00,430,,254,,
2026/3/27,18:15,430,,271,,
2026/3/27,18:30,430,,283,,
2026/3/27,18:45,430,,286,,
2026/3/27,19:00,430,,274,,
2026/3/27,19:15,430,,283,,
2026/3/27,19:30,430,,277,,
2026/3/27,19:45,430,,288,,
2026/3/27,20:00,430,,274,,
2026/3/27,20:15,430,,277,,
2026/3/27,20:30,430,,270,,
2026/3/27,20:45,430,,267,,
2026/3/27,21:00,430,,267,,
2026/3/27,21:15,430,,275,,
2026/3/27,21:30,430,,269,,
2026/3/27,21:45,430,,274,,
2026/3/27,22:00,430,,256,,
2026/3/27,22:15,430,,251,,
2026/3/27,22:30,430,,270,,
2026/3/27,22:45,430,,243,,
2026/3/27,23:00,430,,245,,
2026/3/27,23:15,430,,266,,
2026/3/27,23:30,430,,266,,
2026/3/27,23:45,430,,262,,
2026/3/28,00:00,430,,272,,
2026/3/28,00:15,430,,,,269
2026/3/28,00:30,430,,,,251
2026/3/28,00:45,430,,,,213
2026/3/28,01:00,430,,,,157
2026/3/28,01:15,430,,,,120
2026/3/28,01:30,430,,,,80
2026/3/28,01:45,430,,,,77
2026/3/28,02:00,430,,,,72
2026/3/28,02:15,430,,,,69
2026/3/28,02:30,430,,,,67
2026/3/28,02:45,430,,,,64
2026/3/28,03:00,430,,,,69
2026/3/28,03:15,430,,,,51
2026/3/28,03:30,430,,,,46
2026/3/28,03:45,430,,,,42
2026/3/28,04:00,430,,,,37
2026/3/28,04:15,430,,,,37
2026/3/28,04:30,430,,,,38
2026/3/28,04:45,430,,,,37
2026/3/28,05:00,430,,,,37
2026/3/28,05:15,430,,,,37
2026/3/28,05:30,430,,,,37
2026/3/28,05:45,430,,,,29
2026/3/28,06:00,430,,,,27
2026/3/28,06:15,430,,,26,
2026/3/28,06:30,430,,,28,
2026/3/28,06:45,430,,,32,
2026/3/28,07:00,430,,,31,
2026/3/28,07:15,430,,,28,
2026/3/28,07:30,430,,,29,
2026/3/28,07:45,430,,,30,
2026/3/28,08:00,430,,,33,
2026/3/28,08:15,430,,,39,
2026/3/28,08:30,430,,,45,
2026/3/28,08:45,430,,,68,
2026/3/28,09:00,430,,,74,
2026/3/28,09:15,430,,,127,
2026/3/28,09:30,430,,,238,
2026/3/28,09:45,430,,,283,
2026/3/28,10:00,430,,,303,
2026/3/28,10:15,430,,,271,
2026/3/28,10:30,430,,,290,
2026/3/28,10:45,430,,,316,
2026/3/28,11:00,430,,,303,
2026/3/28,11:15,430,,,,289
2026/3/28,11:30,430,,,,300
2026/3/28,11:45,430,,,,291
2026/3/28,12:00,430,,,,289
2026/3/28,12:15,430,,,,264
2026/3/28,12:30,430,,,,269
2026/3/28,12:45,430,,,,252
2026/3/28,13:00,430,,,,234
2026/3/28,13:15,430,,,,264
2026/3/28,13:30,430,,,,303
2026/3/28,13:45,430,,,,309
2026/3/28,14:00,430,,,,305
2026/3/28,14:15,430,,,297,
2026/3/28,14:30,430,,,307,
2026/3/28,14:45,430,,,303,
2026/3/28,15:00,430,,,302,
2026/3/28,15:15,430,,,300,
2026/3/28,15:30,430,,,308,
2026/3/28,15:45,430,,,299,
2026/3/28,16:00,430,,,312,
2026/3/28,16:15,430,,,302,
2026/3/28,16:30,430,,,297,
2026/3/28,16:45,430,,,320,
2026/3/28,17:00,430,,,313,
2026/3/28,17:15,430,,,281,
2026/3/28,17:30,430,,,230,
2026/3/28,17:45,430,,,229,
2026/3/28,18:00,430,,,249,
2026/3/28,18:15,430,,,275,
2026/3/28,18:30,430,,,264,
2026/3/28,18:45,430,,,258,
2026/3/28,19:00,430,,,258,
2026/3/28,19:15,430,,,269,
2026/3/28,19:30,430,,,267,
2026/3/28,19:45,430,,,272,
2026/3/28,20:00,430,,,272,
2026/3/28,20:15,430,,,262,
2026/3/28,20:30,430,,,264,
2026/3/28,20:45,430,,,267,
2026/3/28,21:00,430,,,262,
2026/3/28,21:15,430,,,245,
2026/3/28,21:30,430,,,253,
2026/3/28,21:45,430,,,266,
2026/3/28,22:00,430,,,270,
2026/3/28,22:15,430,,,261,
2026/3/28,22:30,430,,,259,
2026/3/28,22:45,430,,,218,
2026/3/28,23:00,430,,,213,
2026/3/28,23:15,430,,,211,
2026/3/28,23:30,430,,,242,
2026/3/28,23:45,430,,,254,
2026/3/29,00:00,430,,,251,
2026/3/29,00:15,430,,,,242
2026/3/29,00:30,430,,,,216
2026/3/29,00:45,430,,,,198
2026/3/29,01:00,430,,,,168
2026/3/29,01:15,430,,,,125
2026/3/29,01:30,430,,,,90
2026/3/29,01:45,430,,,,72
2026/3/29,02:00,430,,,,69
2026/3/29,02:15,430,,,,67
2026/3/29,02:30,430,,,,66
2026/3/29,02:45,430,,,,67
2026/3/29,03:00,430,,,,61
2026/3/29,03:15,430,,,,48
2026/3/29,03:30,430,,,,37
2026/3/29,03:45,430,,,,37
2026/3/29,04:00,430,,,,37
2026/3/29,04:15,430,,,,35
2026/3/29,04:30,430,,,,37
2026/3/29,04:45,430,,,,32
2026/3/29,05:00,430,,,,27
2026/3/29,05:15,430,,,,24
2026/3/29,05:30,430,,,,24
2026/3/29,05:45,430,,,,22
2026/3/29,06:00,430,,,,26
2026/3/29,06:15,430,,,,24
2026/3/29,06:30,430,,,,24
2026/3/29,06:45,430,,,,27
2026/3/29,07:00,430,,,,28
2026/3/29,07:15,430,,,,26
2026/3/29,07:30,430,,,,23
2026/3/29,07:45,430,,,,26
2026/3/29,08:00,430,,,,26
2026/3/29,08:15,430,,,,27
2026/3/29,08:30,430,,,,27
2026/3/29,08:45,430,,,,30
2026/3/29,09:00,430,,,,26
2026/3/29,09:15,430,,,,28
2026/3/29,09:30,430,,,,29
2026/3/29,09:45,430,,,,30
2026/3/29,10:00,430,,,,28
2026/3/29,10:15,430,,,,30
2026/3/29,10:30,430,,,,29
2026/3/29,10:45,430,,,,31
2026/3/29,11:00,430,,,,33
2026/3/29,11:15,430,,,,83
2026/3/29,11:30,430,,,,95
2026/3/29,11:45,430,,,,170
2026/3/29,12:00,430,,,,227
2026/3/29,12:15,430,,,,271
2026/3/29,12:30,430,,,,247
2026/3/29,12:45,430,,,,238
2026/3/29,13:00,430,,,,253
2026/3/29,13:15,430,,,,263
2026/3/29,13:30,430,,,,260
2026/3/29,13:45,430,,,,254
2026/3/29,14:00,430,,,,259
2026/3/29,14:15,430,,,,256
2026/3/29,14:30,430,,,,259
2026/3/29,14:45,430,,,,266
2026/3/29,15:00,430,,,,229
2026/3/29,15:15,430,,,,164
2026/3/29,15:30,430,,,,142
2026/3/29,15:45,430,,,,159
2026/3/29,16:00,430,,,,221
2026/3/29,16:15,430,,,,263
2026/3/29,16:30,430,,,,232
2026/3/29,16:45,430,,,,165
2026/3/29,17:00,430,,,,116
2026/3/29,17:15,430,,,,81
2026/3/29,17:30,430,,,,56
2026/3/29,17:45,430,,,,49
2026/3/29,18:00,430,,,,44
2026/3/29,18:15,430,,,,45
2026/3/29,18:30,430,,,,43
2026/3/29,18:45,430,,,,43
2026/3/29,19:00,430,,,,40
2026/3/29,19:15,430,,,,40
2026/3/29,19:30,430,,,,40
2026/3/29,19:45,430,,,,42
2026/3/29,20:00,430,,,,42
2026/3/29,20:15,430,,,,40
2026/3/29,20:30,430,,,,42
2026/3/29,20:45,430,,,,45
2026/3/29,21:00,430,,,,42
2026/3/29,21:15,430,,,,32
2026/3/29,21:30,430,,,,19
2026/3/29,21:45,430,,,,19
2026/3/29,22:00,430,,,,19
2026/3/29,22:15,430,,,,21
2026/3/29,22:30,430,,,,19
2026/3/29,22:45,430,,,,21
2026/3/29,23:00,430,,,,18
2026/3/29,23:15,430,,,,19
2026/3/29,23:30,430,,,,19
2026/3/29,23:45,430,,,,19
2026/3/30,00:00,430,,,,18
2026/3/30,00:15,430,,,,19
2026/3/30,00:30,430,,,,19
2026/3/30,00:45,430,,,,19
2026/3/30,01:00,430,,,,19
2026/3/30,01:15,430,,,,22
2026/3/30,01:30,430,,,,19
2026/3/30,01:45,430,,,,19
2026/3/30,02:00,430,,,,18
2026/3/30,02:15,430,,,,19
2026/3/30,02:30,430,,,,18
2026/3/30,02:45,430,,,,21
2026/3/30,03:00,430,,,,26
2026/3/30,03:15,430,,,,22
2026/3/30,03:30,430,,,,22
2026/3/30,03:45,430,,,,22
2026/3/30,04:00,430,,,,24
2026/3/30,04:15,430,,,,21
2026/3/30,04:30,430,,,,26
2026/3/30,04:45,430,,,,26
2026/3/30,05:00,430,,,,22
2026/3/30,05:15,430,,,,29
2026/3/30,05:30,430,,,,29
2026/3/30,05:45,430,,,,26
2026/3/30,06:00,430,,,,26
2026/3/30,06:15,430,,28,,
2026/3/30,06:30,430,,28,,
2026/3/30,06:45,430,,31,,
2026/3/30,07:00,430,,31,,
2026/3/30,07:15,430,,30,,
2026/3/30,07:30,430,,27,,
2026/3/30,07:45,430,,31,,
2026/3/30,08:00,430,,39,,
2026/3/30,08:15,430,,67,,
2026/3/30,08:30,430,,128,,
2026/3/30,08:45,430,,134,,
2026/3/30,09:00,430,,139,,
2026/3/30,09:15,430,,194,,
2026/3/30,09:30,430,,266,,
2026/3/30,09:45,430,,299,,
2026/3/30,10:00,430,,313,,
2026/3/30,10:15,430,,306,,
2026/3/30,10:30,430,,304,,
2026/3/30,10:45,430,,295,,
2026/3/30,11:00,430,,293,,
2026/3/30,11:15,430,,,,320
2026/3/30,11:30,430,,,,316
2026/3/30,11:45,430,,,,302
2026/3/30,12:00,430,,,,299
2026/3/30,12:15,430,,,,256
2026/3/30,12:30,430,,,,261
2026/3/30,12:45,430,,,,257
2026/3/30,13:00,430,,,,221
2026/3/30,13:15,430,,,,228
2026/3/30,13:30,430,,,,254
2026/3/30,13:45,430,,,,319
2026/3/30,14:00,430,,,,343
2026/3/30,14:15,430,,305,,
2026/3/30,14:30,430,,327,,
2026/3/30,14:45,430,,337,,
2026/3/30,15:00,430,,322,,
2026/3/30,15:15,430,,324,,
2026/3/30,15:30,430,,339,,
2026/3/30,15:45,430,,322,,
2026/3/30,16:00,430,,321,,
2026/3/30,16:15,430,,305,,
2026/3/30,16:30,430,,306,,
2026/3/30,16:45,430,,331,,
2026/3/30,17:00,430,,333,,
2026/3/30,17:15,430,,305,,
2026/3/30,17:30,430,,246,,
2026/3/30,17:45,430,,205,,
2026/3/30,18:00,430,,228,,
2026/3/30,18:15,430,,288,,
2026/3/30,18:30,430,,325,,
2026/3/30,18:45,430,,317,,
2026/3/30,19:00,430,,304,,
2026/3/30,19:15,430,,299,,
2026/3/30,19:30,430,,285,,
2026/3/30,19:45,430,,264,,
2026/3/30,20:00,430,,232,,
2026/3/30,20:15,430,,178,,
2026/3/30,20:30,430,,171,,
2026/3/30,20:45,430,,221,,
2026/3/30,21:00,430,,261,,
2026/3/30,21:15,430,,253,,
2026/3/30,21:30,430,,261,,
2026/3/30,21:45,430,,258,,
2026/3/30,22:00,430,,251,,
2026/3/30,22:15,430,,216,,
2026/3/30,22:30,430,,162,,
2026/3/30,22:45,430,,126,,
2026/3/30,23:00,430,,123,,
2026/3/30,23:15,430,,118,,
2026/3/30,23:30,430,,123,,
2026/3/30,23:45,430,,181,,
2026/3/31,00:00,430,,219,,
2026/3/31,00:15,430,,,,170
2026/3/31,00:30,430,,,,115
2026/3/31,00:45,430,,,,99
2026/3/31,01:00,430,,,,98
2026/3/31,01:15,430,,,,83
2026/3/31,01:30,430,,,,70
2026/3/31,01:45,430,,,,64
2026/3/31,02:00,430,,,,64
2026/3/31,02:15,430,,,,59
2026/3/31,02:30,430,,,,53
2026/3/31,02:45,430,,,,51
2026/3/31,03:00,430,,,,50
2026/3/31,03:15,430,,,,53
2026/3/31,03:30,430,,,,51
2026/3/31,03:45,430,,,,51
2026/3/31,04:00,430,,,,51
2026/3/31,04:15,430,,,,51
2026/3/31,04:30,430,,,,54
2026/3/31,04:45,430,,,,30
2026/3/31,05:00,430,,,,27
2026/3/31,05:15,430,,,,27
2026/3/31,05:30,430,,,,27
2026/3/31,05:45,430,,,,27
2026/3/31,06:00,430,,,,29
2026/3/31,06:15,430,,29,,
2026/3/31,06:30,430,,33,,
2026/3/31,06:45,430,,35,,
2026/3/31,07:00,430,,36,,
2026/3/31,07:15,430,,34,,
2026/3/31,07:30,430,,29,,
2026/3/31,07:45,430,,35,,
2026/3/31,08:00,430,,43,,
2026/3/31,08:15,430,,102,,
2026/3/31,08:30,430,,107,,
2026/3/31,08:45,430,,106,,
2026/3/31,09:00,430,,113,,
2026/3/31,09:15,430,,167,,
2026/3/31,09:30,430,,244,,
2026/3/31,09:45,430,,311,,
2026/3/31,10:00,430,,327,,
2026/3/31,10:15,430,,315,,
2026/3/31,10:30,430,,317,,
2026/3/31,10:45,430,,336,,
2026/3/31,11:00,430,,332,,
2026/3/31,11:15,430,,,,317
2026/3/31,11:30,430,,,,307
2026/3/31,11:45,430,,,,296
2026/3/31,12:00,430,,,,256
2026/3/31,12:15,430,,,,232
2026/3/31,12:30,430,,,,261
2026/3/31,12:45,430,,,,256
2026/3/31,13:00,430,,,,241
2026/3/31,13:15,430,,,,301
2026/3/31,13:30,430,,,,340
2026/3/31,13:45,430,,,,334
2026/3/31,14:00,430,,,,327
2026/3/31,14:15,430,,299,,
2026/3/31,14:30,430,,317,,
2026/3/31,14:45,430,,339,,
2026/3/31,15:00,430,,334,,
2026/3/31,15:15,430,,319,,
2026/3/31,15:30,430,,305,,
2026/3/31,15:45,430,,328,,
2026/3/31,16:00,430,,326,,
2026/3/31,16:15,430,,329,,
2026/3/31,16:30,430,,314,,
2026/3/31,16:45,430,,325,,
2026/3/31,17:00,430,,323,,
2026/3/31,17:15,430,,298,,
2026/3/31,17:30,430,,250,,
2026/3/31,17:45,430,,245,,
2026/3/31,18:00,430,,290,,
2026/3/31,18:15,430,,312,,
2026/3/31,18:30,430,,309,,
2026/3/31,18:45,430,,301,,
2026/3/31,19:00,430,,317,,
2026/3/31,19:15,430,,309,,
2026/3/31,19:30,430,,267,,
2026/3/31,19:45,430,,261,,
2026/3/31,20:00,430,,258,,
2026/3/31,20:15,430,,214,,
2026/3/31,20:30,430,,158,,
2026/3/31,20:45,430,,198,,
2026/3/31,21:00,430,,264,,
2026/3/31,21:15,430,,269,,
2026/3/31,21:30,430,,254,,
2026/3/31,21:45,430,,253,,
2026/3/31,22:00,430,,270,,
2026/3/31,22:15,430,,267,,
2026/3/31,22:30,430,,259,,
2026/3/31,22:45,430,,253,,
2026/3/31,23:00,430,,243,,
2026/3/31,23:15,430,,184,,
2026/3/31,23:30,430,,141,,
2026/3/31,23:45,430,,186,,
2026/4/1,00:00,430,,243,,
2026/4/1,00:15,430,,,,200
2026/4/1,00:30,430,,,,130
2026/4/1,00:45,430,,,,106
2026/4/1,01:00,430,,,,99
2026/4/1,01:15,430,,,,96
2026/4/1,01:30,430,,,,66
2026/4/1,01:45,430,,,,64
2026/4/1,02:00,430,,,,62
2026/4/1,02:15,430,,,,61
2026/4/1,02:30,430,,,,64
2026/4/1,02:45,430,,,,51
2026/4/1,03:00,430,,,,50
2026/4/1,03:15,430,,,,50
2026/4/1,03:30,430,,,,51
2026/4/1,03:45,430,,,,50
2026/4/1,04:00,430,,,,50
2026/4/1,04:15,430,,,,51
2026/4/1,04:30,430,,,,51
2026/4/1,04:45,430,,,,42
2026/4/1,05:00,430,,,,29
2026/4/1,05:15,430,,,,29
2026/4/1,05:30,430,,,,27
2026/4/1,05:45,430,,,,29
2026/4/1,06:00,430,,,,34
2026/4/1,06:15,430,,32,,
2026/4/1,06:30,430,,34,,
2026/4/1,06:45,430,,31,,
2026/4/1,07:00,430,,32,,
2026/4/1,07:15,430,,34,,
2026/4/1,07:30,430,,34,,
2026/4/1,07:45,430,,32,,
2026/4/1,08:00,430,,40,,
2026/4/1,08:15,430,,68,,
2026/4/1,08:30,430,,104,,
2026/4/1,08:45,430,,103,,
2026/4/1,09:00,430,,98,,
2026/4/1,09:15,430,,157,,
2026/4/1,09:30,430,,246,,
2026/4/1,09:45,430,,300,,
2026/4/1,10:00,430,,306,,
2026/4/1,10:15,430,,309,,
2026/4/1,10:30,430,,311,,
2026/4/1,10:45,430,,300,,
2026/4/1,11:00,430,,308,,
2026/4/1,11:15,430,,,,303
2026/4/1,11:30,430,,,,312
2026/4/1,11:45,430,,,,285
2026/4/1,12:00,430,,,,273
2026/4/1,12:15,430,,,,254
2026/4/1,12:30,430,,,,251
2026/4/1,12:45,430,,,,216
2026/4/1,13:00,430,,,,229
2026/4/1,13:15,430,,,,278
2026/4/1,13:30,430,,,,313
2026/4/1,13:45,430,,,,299
2026/4/1,14:00,430,,,,290
2026/4/1,14:15,430,,286,,
2026/4/1,14:30,430,,300,,
2026/4/1,14:45,430,,314,,
2026/4/1,15:00,430,,308,,
2026/4/1,15:15,430,,289,,
2026/4/1,15:30,430,,321,,
2026/4/1,15:45,430,,326,,
2026/4/1,16:00,430,,296,,
2026/4/1,16:15,430,,301,,
2026/4/1,16:30,430,,312,,
2026/4/1,16:45,430,,330,,
2026/4/1,17:00,430,,319,,
2026/4/1,17:15,430,,280,,
2026/4/1,17:30,430,,248,,
2026/4/1,17:45,430,,235,,
2026/4/1,18:00,430,,259,,
2026/4/1,18:15,430,,289,,
2026/4/1,18:30,430,,301,,
2026/4/1,18:45,430,,293,,
2026/4/1,19:00,430,,299,,
2026/4/1,19:15,430,,280,,
2026/4/1,19:30,430,,275,,
2026/4/1,19:45,430,,266,,
2026/4/1,20:00,430,,251,,
2026/4/1,20:15,430,,230,,
2026/4/1,20:30,430,,192,,
2026/4/1,20:45,430,,184,,
2026/4/1,21:00,430,,234,,
2026/4/1,21:15,430,,270,,
2026/4/1,21:30,430,,267,,
2026/4/1,21:45,430,,254,,
2026/4/1,22:00,430,,253,,
2026/4/1,22:15,430,,248,,
2026/4/1,22:30,430,,258,,
2026/4/1,22:45,430,,254,,
2026/4/1,23:00,430,,238,,
2026/4/1,23:15,430,,200,,
2026/4/1,23:30,430,,166,,
2026/4/1,23:45,430,,195,,
2026/4/2,00:00,430,,245,,
2026/4/2,00:15,430,,,,186
2026/4/2,00:30,430,,,,134
2026/4/2,00:45,430,,,,83
2026/4/2,01:00,430,,,,69
2026/4/2,01:15,430,,,,69
2026/4/2,01:30,430,,,,69
2026/4/2,01:45,430,,,,70
2026/4/2,02:00,430,,,,67
2026/4/2,02:15,430,,,,64
2026/4/2,02:30,430,,,,64
2026/4/2,02:45,430,,,,62
2026/4/2,03:00,430,,,,64
2026/4/2,03:15,430,,,,51
2026/4/2,03:30,430,,,,53
2026/4/2,03:45,430,,,,54
2026/4/2,04:00,430,,,,51
2026/4/2,04:15,430,,,,59
2026/4/2,04:30,430,,,,59
2026/4/2,04:45,430,,,,46
2026/4/2,05:00,430,,,,26
2026/4/2,05:15,430,,,,29
2026/4/2,05:30,430,,,,27
2026/4/2,05:45,430,,,,26
2026/4/2,06:00,430,,,,27
2026/4/2,06:15,430,,29,,
2026/4/2,06:30,430,,29,,
2026/4/2,06:45,430,,29,,
2026/4/2,07:00,430,,32,,
2026/4/2,07:15,430,,31,,
2026/4/2,07:30,430,,31,,
2026/4/2,07:45,430,,35,,
2026/4/2,08:00,430,,36,,
2026/4/2,08:15,430,,51,,
2026/4/2,08:30,430,,103,,
2026/4/2,08:45,430,,109,,
2026/4/2,09:00,430,,103,,
2026/4/2,09:15,430,,165,,
2026/4/2,09:30,430,,241,,
2026/4/2,09:45,430,,316,,
2026/4/2,10:00,430,,311,,
2026/4/2,10:15,430,,285,,
2026/4/2,10:30,430,,295,,
2026/4/2,10:45,430,,312,,
2026/4/2,11:00,430,,302,,
2026/4/2,11:15,430,,,,309
2026/4/2,11:30,430,,,,299
2026/4/2,11:45,430,,,,286
2026/4/2,12:00,430,,,,267
2026/4/2,12:15,430,,,,259
2026/4/2,12:30,430,,,,260
2026/4/2,12:45,430,,,,237
2026/4/2,13:00,430,,,,217
2026/4/2,13:15,430,,,,274
2026/4/2,13:30,430,,,,307
2026/4/2,13:45,430,,,,327
2026/4/2,14:00,430,,,,314
2026/4/2,14:15,430,,301,,
2026/4/2,14:30,430,,318,,
2026/4/2,14:45,430,,317,,
2026/4/2,15:00,430,,322,,
2026/4/2,15:15,430,,312,,
2026/4/2,15:30,430,,327,,
2026/4/2,15:45,430,,309,,
2026/4/2,16:00,430,,312,,
2026/4/2,16:15,430,,324,,
2026/4/2,16:30,430,,315,,
2026/4/2,16:45,430,,300,,
2026/4/2,17:00,430,,316,,
2026/4/2,17:15,430,,313,,
2026/4/2,17:30,430,,259,,
2026/4/2,17:45,430,,246,,
2026/4/2,18:00,430,,269,,
2026/4/2,18:15,430,,299,,
2026/4/2,18:30,430,,293,,
2026/4/2,18:45,430,,296,,
2026/4/2,19:00,430,,315,,
2026/4/2,19:15,430,,315,,
2026/4/2,19:30,430,,278,,
2026/4/2,19:45,430,,272,,
2026/4/2,20:00,430,,246,,
2026/4/2,20:15,430,,197,,
2026/4/2,20:30,430,,173,,
2026/4/2,20:45,430,,226,,
2026/4/2,21:00,430,,267,,
2026/4/2,21:15,430,,278,,
2026/4/2,21:30,430,,262,,
2026/4/2,21:45,430,,248,,
2026/4/2,22:00,430,,256,,
2026/4/2,22:15,430,,283,,
2026/4/2,22:30,430,,272,,
2026/4/2,22:45,430,,254,,
2026/4/2,23:00,430,,240,,
2026/4/2,23:15,430,,197,,
2026/4/2,23:30,430,,138,,
2026/4/2,23:45,430,,202,,
2026/4/3,00:00,430,,245,,
2026/4/3,00:15,430,,,,216
2026/4/3,00:30,430,,,,141
2026/4/3,00:45,430,,,,99
2026/4/3,01:00,430,,,,78
2026/4/3,01:15,430,,,,75
2026/4/3,01:30,430,,,,78
2026/4/3,01:45,430,,,,83
2026/4/3,02:00,430,,,,74
2026/4/3,02:15,430,,,,69
2026/4/3,02:30,430,,,,69
2026/4/3,02:45,430,,,,70
2026/4/3,03:00,430,,,,69
2026/4/3,03:15,430,,,,67
2026/4/3,03:30,430,,,,64
2026/4/3,03:45,430,,,,66
2026/4/3,04:00,430,,,,54
2026/4/3,04:15,430,,,,27
2026/4/3,04:30,430,,,,27
2026/4/3,04:45,430,,,,27
2026/4/3,05:00,430,,,,27
2026/4/3,05:15,430,,,,27
2026/4/3,05:30,430,,,,27
2026/4/3,05:45,430,,,,27
2026/4/3,06:00,430,,,,30
2026/4/3,06:15,430,,34,,
2026/4/3,06:30,430,,34,,
2026/4/3,06:45,430,,30,,
2026/4/3,07:00,430,,31,,
2026/4/3,07:15,430,,29,,
2026/4/3,07:30,430,,34,,
2026/4/3,07:45,430,,32,,
2026/4/3,08:00,430,,35,,
2026/4/3,08:15,430,,41,,
2026/4/3,08:30,430,,41,,
2026/4/3,08:45,430,,96,,
2026/4/3,09:00,430,,104,,
2026/4/3,09:15,430,,152,,
2026/4/3,09:30,430,,241,,
2026/4/3,09:45,430,,304,,
2026/4/3,10:00,430,,303,,
2026/4/3,10:15,430,,318,,
2026/4/3,10:30,430,,318,,
2026/4/3,10:45,430,,315,,
2026/4/3,11:00,430,,307,,
2026/4/3,11:15,430,,,,303
2026/4/3,11:30,430,,,,307
2026/4/3,11:45,430,,,,278
2026/4/3,12:00,430,,,,300
2026/4/3,12:15,430,,,,305
2026/4/3,12:30,430,,,,287
2026/4/3,12:45,430,,,,262
2026/4/3,13:00,430,,,,239
2026/4/3,13:15,430,,,,281
2026/4/3,13:30,430,,,,302
2026/4/3,13:45,430,,,,304
2026/4/3,14:00,430,,,,303
2026/4/3,14:15,430,,322,,
2026/4/3,14:30,430,,321,,
2026/4/3,14:45,430,,321,,
2026/4/3,15:00,430,,333,,
2026/4/3,15:15,430,,340,,
2026/4/3,15:30,430,,331,,
2026/4/3,15:45,430,,342,,
2026/4/3,16:00,430,,325,,
2026/4/3,16:15,430,,333,,
2026/4/3,16:30,430,,328,,
2026/4/3,16:45,430,,322,,
2026/4/3,17:00,430,,328,,
2026/4/3,17:15,430,,312,,
2026/4/3,17:30,430,,265,,
2026/4/3,17:45,430,,252,,
2026/4/3,18:00,430,,259,,
2026/4/3,18:15,430,,314,,
2026/4/3,18:30,430,,304,,
2026/4/3,18:45,430,,301,,
2026/4/3,19:00,430,,312,,
2026/4/3,19:15,430,,307,,
2026/4/3,19:30,430,,304,,
2026/4/3,19:45,430,,298,,
2026/4/3,20:00,430,,298,,
2026/4/3,20:15,430,,230,,
2026/4/3,20:30,430,,198,,
2026/4/3,20:45,430,,226,,
2026/4/3,21:00,430,,282,,
2026/4/3,21:15,430,,290,,
2026/4/3,21:30,430,,291,,
2026/4/3,21:45,430,,298,,
2026/4/3,22:00,430,,290,,
2026/4/3,22:15,430,,304,,
2026/4/3,22:30,430,,301,,
2026/4/3,22:45,430,,294,,
2026/4/3,23:00,430,,286,,
2026/4/3,23:15,430,,266,,
2026/4/3,23:30,430,,219,,
2026/4/3,23:45,430,,166,,
2026/4/4,00:00,430,,146,,
2026/4/4,00:15,430,,,,146
2026/4/4,00:30,430,,,,110
2026/4/4,00:45,430,,,,102
2026/4/4,01:00,430,,,,85
2026/4/4,01:15,430,,,,72
2026/4/4,01:30,430,,,,82
2026/4/4,01:45,430,,,,78
2026/4/4,02:00,430,,,,70
2026/4/4,02:15,430,,,,67
2026/4/4,02:30,430,,,,67
2026/4/4,02:45,430,,,,66
2026/4/4,03:00,430,,,,64
2026/4/4,03:15,430,,,,61
2026/4/4,03:30,430,,,,62
2026/4/4,03:45,430,,,,62
2026/4/4,04:00,430,,,,45
2026/4/4,04:15,430,,,,30
2026/4/4,04:30,430,,,,34
2026/4/4,04:45,430,,,,34
2026/4/4,05:00,430,,,,34
2026/4/4,05:15,430,,,,34
2026/4/4,05:30,430,,,,34
2026/4/4,05:45,430,,,,34
2026/4/4,06:00,430,,,,35
2026/4/4,06:15,430,,,,37
2026/4/4,06:30,430,,,,40
2026/4/4,06:45,430,,,,37
2026/4/4,07:00,430,,,,38
2026/4/4,07:15,430,,,,34
2026/4/4,07:30,430,,,,35
2026/4/4,07:45,430,,,,34
2026/4/4,08:00,430,,,,39
2026/4/4,08:15,430,,,,45
2026/4/4,08:30,430,,,,58
2026/4/4,08:45,430,,,,98
2026/4/4,09:00,430,,,,95
2026/4/4,09:15,430,,,,150
2026/4/4,09:30,430,,,,241
2026/4/4,09:45,430,,,,300
2026/4/4,10:00,430,,,,300
2026/4/4,10:15,430,,,,276
2026/4/4,10:30,430,,,,288
2026/4/4,10:45,430,,,,294
2026/4/4,11:00,430,,,,266
2026/4/4,11:15,430,,,,242
2026/4/4,11:30,430,,,,245
2026/4/4,11:45,430,,,,282
2026/4/4,12:00,430,,,,276
2026/4/4,12:15,430,,,,231
2026/4/4,12:30,430,,,,220
2026/4/4,12:45,430,,,,207
2026/4/4,13:00,430,,,,215
2026/4/4,13:15,430,,,,227
2026/4/4,13:30,430,,,,245
2026/4/4,13:45,430,,,,269
2026/4/4,14:00,430,,,,262
2026/4/4,14:15,430,,,,284
2026/4/4,14:30,430,,,,293
2026/4/4,14:45,430,,,,290
2026/4/4,15:00,430,,,,278
2026/4/4,15:15,430,,,,301
2026/4/4,15:30,430,,,,300
2026/4/4,15:45,430,,,,286
2026/4/4,16:00,430,,,,250
2026/4/4,16:15,430,,,,274
2026/4/4,16:30,430,,,,289
2026/4/4,16:45,430,,,,276
2026/4/4,17:00,430,,,,294
2026/4/4,17:15,430,,,,272
2026/4/4,17:30,430,,,,186
2026/4/4,17:45,430,,,,153
2026/4/4,18:00,430,,,,173
2026/4/4,18:15,430,,,,194
2026/4/4,18:30,430,,,,250
2026/4/4,18:45,430,,,,258
2026/4/4,19:00,430,,,,242
2026/4/4,19:15,430,,,,211
2026/4/4,19:30,430,,,,192
2026/4/4,19:45,430,,,,149
2026/4/4,20:00,430,,,,133
2026/4/4,20:15,430,,,,128
2026/4/4,20:30,430,,,,107
2026/4/4,20:45,430,,,,96
2026/4/4,21:00,430,,,,78
2026/4/4,21:15,430,,,,59
2026/4/4,21:30,430,,,,61
2026/4/4,21:45,430,,,,61
2026/4/4,22:00,430,,,,58
2026/4/4,22:15,430,,,,53
2026/4/4,22:30,430,,,,54
2026/4/4,22:45,430,,,,54
2026/4/4,23:00,430,,,,54
2026/4/4,23:15,430,,,,54
2026/4/4,23:30,430,,,,54
2026/4/4,23:45,430,,,,54
2026/4/5,00:00,430,,,,53
2026/4/5,00:15,430,,,,53
2026/4/5,00:30,430,,,,53
2026/4/5,00:45,430,,,,53
2026/4/5,01:00,430,,,,53
2026/4/5,01:15,430,,,,51
2026/4/5,01:30,430,,,,53
2026/4/5,01:45,430,,,,50
2026/4/5,02:00,430,,,,51
2026/4/5,02:15,430,,,,51
2026/4/5,02:30,430,,,,50
2026/4/5,02:45,430,,,,51
2026/4/5,03:00,430,,,,50
2026/4/5,03:15,430,,,,35
2026/4/5,03:30,430,,,,26
2026/4/5,03:45,430,,,,26
2026/4/5,04:00,430,,,,24
2026/4/5,04:15,430,,,,24
2026/4/5,04:30,430,,,,24
2026/4/5,04:45,430,,,,26
2026/4/5,05:00,430,,,,24
2026/4/5,05:15,430,,,,22
2026/4/5,05:30,430,,,,24
2026/4/5,05:45,430,,,,24
2026/4/5,06:00,430,,,,25
2026/4/5,06:15,430,,,,25
2026/4/5,06:30,430,,,,26
2026/4/5,06:45,430,,,,25
2026/4/5,07:00,430,,,,24
2026/4/5,07:15,430,,,,26
2026/4/5,07:30,430,,,,27
2026/4/5,07:45,430,,,,27
2026/4/5,08:00,430,,,,26
2026/4/5,08:15,430,,,,26
2026/4/5,08:30,430,,,,27
2026/4/5,08:45,430,,,,27
2026/4/5,09:00,430,,,,28
2026/4/5,09:15,430,,,,27
2026/4/5,09:30,430,,,,49
2026/4/5,09:45,430,,,,53
2026/4/5,10:00,430,,,,49
2026/4/5,10:15,430,,,,51
2026/4/5,10:30,430,,,,50
2026/4/5,10:45,430,,,,52
2026/4/5,11:00,430,,,,52
2026/4/5,11:15,430,,,,95
2026/4/5,11:30,430,,,,106
2026/4/5,11:45,430,,,,203
2026/4/5,12:00,430,,,,270
2026/4/5,12:15,430,,,,286
2026/4/5,12:30,430,,,,281
2026/4/5,12:45,430,,,,265
2026/4/5,13:00,430,,,,288
2026/4/5,13:15,430,,,,297
2026/4/5,13:30,430,,,,294
2026/4/5,13:45,430,,,,273
2026/4/5,14:00,430,,,,268
2026/4/5,14:15,430,,,,299
2026/4/5,14:30,430,,,,296
2026/4/5,14:45,430,,,,273
2026/4/5,15:00,430,,,,279
2026/4/5,15:15,430,,,,285
2026/4/5,15:30,430,,,,258
2026/4/5,15:45,430,,,,211
2026/4/5,16:00,430,,,,236
2026/4/5,16:15,430,,,,281
2026/4/5,16:30,430,,,,232
2026/4/5,16:45,430,,,,160
2026/4/5,17:00,430,,,,95
2026/4/5,17:15,430,,,,65
2026/4/5,17:30,430,,,,63
2026/4/5,17:45,430,,,,59
2026/4/5,18:00,430,,,,60
2026/4/5,18:15,430,,,,59
2026/4/5,18:30,430,,,,59
2026/4/5,18:45,430,,,,48
2026/4/5,19:00,430,,,,43
2026/4/5,19:15,430,,,,46
2026/4/5,19:30,430,,,,45
2026/4/5,19:45,430,,,,43
2026/4/5,20:00,430,,,,43
2026/4/5,20:15,430,,,,43
2026/4/5,20:30,430,,,,45
2026/4/5,20:45,430,,,,37
2026/4/5,21:00,430,,,,35
2026/4/5,21:15,430,,,,22
2026/4/5,21:30,430,,,,22
2026/4/5,21:45,430,,,,22
2026/4/5,22:00,430,,,,19
2026/4/5,22:15,430,,,,21
2026/4/5,22:30,430,,,,21
2026/4/5,22:45,430,,,,19
2026/4/5,23:00,430,,,,19
2026/4/5,23:15,430,,,,21
2026/4/5,23:30,430,,,,22
2026/4/5,23:45,430,,,,19
2026/4/6,00:00,430,,,,19
2026/4/6,00:15,430,,,,19
2026/4/6,00:30,430,,,,19
2026/4/6,00:45,430,,,,19
2026/4/6,01:00,430,,,,21
2026/4/6,01:15,430,,,,19
2026/4/6,01:30,430,,,,19
2026/4/6,01:45,430,,,,19
2026/4/6,02:00,430,,,,21
2026/4/6,02:15,430,,,,21
2026/4/6,02:30,430,,,,19
2026/4/6,02:45,430,,,,19
2026/4/6,03:00,430,,,,18
2026/4/6,03:15,430,,,,27
2026/4/6,03:30,430,,,,32
2026/4/6,03:45,430,,,,26
2026/4/6,04:00,430,,,,24
2026/4/6,04:15,430,,,,24
2026/4/6,04:30,430,,,,24
2026/4/6,04:45,430,,,,26
2026/4/6,05:00,430,,,,26
2026/4/6,05:15,430,,,,26
2026/4/6,05:30,430,,,,27
2026/4/6,05:45,430,,,,26
2026/4/6,06:00,430,,,,27
2026/4/6,06:15,430,,30,,
2026/4/6,06:30,430,,37,,
2026/4/6,06:45,430,,39,,
2026/4/6,07:00,430,,35,,
2026/4/6,07:15,430,,34,,
2026/4/6,07:30,430,,36,,
2026/4/6,07:45,430,,34,,
2026/4/6,08:00,430,,36,,
2026/4/6,08:15,430,,39,,
2026/4/6,08:30,430,,39,,
2026/4/6,08:45,430,,61,,
2026/4/6,09:00,430,,82,,
2026/4/6,09:15,430,,91,,
2026/4/6,09:30,430,,158,,
2026/4/6,09:45,430,,215,,
2026/4/6,10:00,430,,257,,
2026/4/6,10:15,430,,300,,
2026/4/6,10:30,430,,304,,
2026/4/6,10:45,430,,319,,
2026/4/6,11:00,430,,304,,
2026/4/6,11:15,430,,,,294
2026/4/6,11:30,430,,,,301
2026/4/6,11:45,430,,,,286
2026/4/6,12:00,430,,,,275
2026/4/6,12:15,430,,,,223
2026/4/6,12:30,430,,,,201
2026/4/6,12:45,430,,,,196
2026/4/6,13:00,430,,,,184
2026/4/6,13:15,430,,,,182
2026/4/6,13:30,430,,,,239
2026/4/6,13:45,430,,,,289
2026/4/6,14:00,430,,,,278
2026/4/6,14:15,430,,229,,
2026/4/6,14:30,430,,256,,
2026/4/6,14:45,430,,286,,
2026/4/6,15:00,430,,304,,
2026/4/6,15:15,430,,280,,
2026/4/6,15:30,430,,248,,
2026/4/6,15:45,430,,258,,
2026/4/6,16:00,430,,274,,
2026/4/6,16:15,430,,297,,
2026/4/6,16:30,430,,297,,
2026/4/6,16:45,430,,306,,
2026/4/6,17:00,430,,289,,
2026/4/6,17:15,430,,244,,
2026/4/6,17:30,430,,214,,
2026/4/6,17:45,430,,194,,
2026/4/6,18:00,430,,217,,
2026/4/6,18:15,430,,258,,
2026/4/6,18:30,430,,259,,
2026/4/6,18:45,430,,264,,
2026/4/6,19:00,430,,270,,
2026/4/6,19:15,430,,262,,
2026/4/6,19:30,430,,222,,
2026/4/6,19:45,430,,176,,
2026/4/6,20:00,430,,168,,
2026/4/6,20:15,430,,214,,
2026/4/6,20:30,430,,242,,
2026/4/6,20:45,430,,248,,
2026/4/6,21:00,430,,250,,
2026/4/6,21:15,430,,216,,
2026/4/6,21:30,430,,133,,
2026/4/6,21:45,430,,120,,
2026/4/6,22:00,430,,115,,
2026/4/6,22:15,430,,106,,
2026/4/6,22:30,430,,106,,
2026/4/6,22:45,430,,110,,
2026/4/6,23:00,430,,106,,
2026/4/6,23:15,430,,109,,
2026/4/6,23:30,430,,125,,
2026/4/6,23:45,430,,184,,
2026/4/7,00:00,430,,195,,
2026/4/7,00:15,430,,,,157
2026/4/7,00:30,430,,,,99
2026/4/7,00:45,430,,,,62
2026/4/7,01:00,430,,,,53
2026/4/7,01:15,430,,,,37
2026/4/7,01:30,430,,,,32
2026/4/7,01:45,430,,,,30
2026/4/7,02:00,430,,,,29
2026/4/7,02:15,430,,,,30
2026/4/7,02:30,430,,,,26
2026/4/7,02:45,430,,,,27
2026/4/7,03:00,430,,,,29
2026/4/7,03:15,430,,,,29
2026/4/7,03:30,430,,,,29
2026/4/7,03:45,430,,,,29
2026/4/7,04:00,430,,,,27
2026/4/7,04:15,430,,,,29
2026/4/7,04:30,430,,,,27
2026/4/7,04:45,430,,,,32
2026/4/7,05:00,430,,,,27
2026/4/7,05:15,430,,,,27
2026/4/7,05:30,430,,,,29
2026/4/7,05:45,430,,,,30
2026/4/7,06:00,430,,,,32
2026/4/7,06:15,430,,30,,
2026/4/7,06:30,430,,34,,
2026/4/7,06:45,430,,36,,
2026/4/7,07:00,430,,32,,
2026/4/7,07:15,430,,36,,
2026/4/7,07:30,430,,34,,
2026/4/7,07:45,430,,36,,
2026/4/7,08:00,430,,43,,
2026/4/7,08:15,430,,79,,
2026/4/7,08:30,430,,133,,
2026/4/7,08:45,430,,132,,
2026/4/7,09:00,430,,131,,
2026/4/7,09:15,430,,208,,
2026/4/7,09:30,430,,290,,
2026/4/7,09:45,430,,329,,
2026/4/7,10:00,430,,327,,
2026/4/7,10:15,430,,306,,
2026/4/7,10:30,430,,318,,
2026/4/7,10:45,430,,320,,
2026/4/7,11:00,430,,301,,
2026/4/7,11:15,430,,,,289
2026/4/7,11:30,430,,,,295
2026/4/7,11:45,430,,,,298
2026/4/7,12:00,430,,,,287
2026/4/7,12:15,430,,,,243
2026/4/7,12:30,430,,,,239
2026/4/7,12:45,430,,,,241
2026/4/7,13:00,430,,,,219
2026/4/7,13:15,430,,,,271
2026/4/7,13:30,430,,,,299
2026/4/7,13:45,430,,,,267
2026/4/7,14:00,430,,,,266
2026/4/7,14:15,430,,292,,
2026/4/7,14:30,430,,319,,
2026/4/7,14:45,430,,318,,
2026/4/7,15:00,430,,308,,
2026/4/7,15:15,430,,299,,
2026/4/7,15:30,430,,295,,
2026/4/7,15:45,430,,290,,
2026/4/7,16:00,430,,292,,
2026/4/7,16:15,430,,302,,
2026/4/7,16:30,430,,308,,
2026/4/7,16:45,430,,293,,
2026/4/7,17:00,430,,292,,
2026/4/7,17:15,430,,248,,
2026/4/7,17:30,430,,216,,
2026/4/7,17:45,430,,217,,
2026/4/7,18:00,430,,248,,
2026/4/7,18:15,430,,253,,
2026/4/7,18:30,430,,248,,
2026/4/7,18:45,430,,243,,
2026/4/7,19:00,430,,248,,
2026/4/7,19:15,430,,248,,
2026/4/7,19:30,430,,238,,
2026/4/7,19:45,430,,264,,
2026/4/7,20:00,430,,251,,
2026/4/7,20:15,430,,162,,
2026/4/7,20:30,430,,165,,
2026/4/7,20:45,430,,213,,
2026/4/7,21:00,430,,240,,
2026/4/7,21:15,430,,246,,
2026/4/7,21:30,430,,221,,
2026/4/7,21:45,430,,222,,
2026/4/7,22:00,430,,226,,
2026/4/7,22:15,430,,230,,
2026/4/7,22:30,430,,230,,
2026/4/7,22:45,430,,182,,
2026/4/7,23:00,430,,125,,
2026/4/7,23:15,430,,106,,
2026/4/7,23:30,430,,125,,
2026/4/7,23:45,430,,197,,
2026/4/8,00:00,430,,211,,
2026/4/8,00:15,430,,,,163
2026/4/8,00:30,430,,,,106
2026/4/8,00:45,430,,,,93
2026/4/8,01:00,430,,,,93
2026/4/8,01:15,430,,,,75
2026/4/8,01:30,430,,,,59
2026/4/8,01:45,430,,,,53
2026/4/8,02:00,430,,,,34
2026/4/8,02:15,430,,,,26
2026/4/8,02:30,430,,,,24
2026/4/8,02:45,430,,,,26
2026/4/8,03:00,430,,,,26
2026/4/8,03:15,430,,,,24
2026/4/8,03:30,430,,,,24
2026/4/8,03:45,430,,,,24
2026/4/8,04:00,430,,,,24
2026/4/8,04:15,430,,,,26
2026/4/8,04:30,430,,,,26
2026/4/8,04:45,430,,,,26
2026/4/8,05:00,430,,,,26
2026/4/8,05:15,430,,,,26
2026/4/8,05:30,430,,,,24
2026/4/8,05:45,430,,,,26
2026/4/8,06:00,430,,,,30
2026/4/8,06:15,430,,31,,
2026/4/8,06:30,430,,32,,
2026/4/8,06:45,430,,34,,
2026/4/8,07:00,430,,30,,
2026/4/8,07:15,430,,31,,
2026/4/8,07:30,430,,29,,
2026/4/8,07:45,430,,34,,
2026/4/8,08:00,430,,37,,
2026/4/8,08:15,430,,72,,
2026/4/8,08:30,430,,93,,
2026/4/8,08:45,430,,94,,
2026/4/8,09:00,430,,94,,
2026/4/8,09:15,430,,154,,
2026/4/8,09:30,430,,245,,
2026/4/8,09:45,430,,300,,
2026/4/8,10:00,430,,282,,
2026/4/8,10:15,430,,268,,
2026/4/8,10:30,430,,279,,
2026/4/8,10:45,430,,312,,
2026/4/8,11:00,430,,300,,
2026/4/8,11:15,430,,,,283
2026/4/8,11:30,430,,,,273
2026/4/8,11:45,430,,,,279
2026/4/8,12:00,430,,,,278
2026/4/8,12:15,430,,,,257
2026/4/8,12:30,430,,,,250
2026/4/8,12:45,430,,,,240
2026/4/8,13:00,430,,,,226
2026/4/8,13:15,430,,,,268
2026/4/8,13:30,430,,,,293
2026/4/8,13:45,430,,,,312
2026/4/8,14:00,430,,,,294
2026/4/8,14:15,430,,290,,
2026/4/8,14:30,430,,317,,
2026/4/8,14:45,430,,325,,
2026/4/8,15:00,430,,329,,
2026/4/8,15:15,430,,312,,
2026/4/8,15:30,430,,319,,
2026/4/8,15:45,430,,314,,
2026/4/8,16:00,430,,301,,
2026/4/8,16:15,430,,302,,
2026/4/8,16:30,430,,314,,
2026/4/8,16:45,430,,306,,
2026/4/8,17:00,430,,303,,
2026/4/8,17:15,430,,287,,
2026/4/8,17:30,430,,255,,
2026/4/8,17:45,430,,257,,
2026/4/8,18:00,430,,272,,
2026/4/8,18:15,430,,280,,
2026/4/8,18:30,430,,288,,
2026/4/8,18:45,430,,301,,
2026/4/8,19:00,430,,272,,
2026/4/8,19:15,430,,258,,
2026/4/8,19:30,430,,235,,
2026/4/8,19:45,430,,251,,
2026/4/8,20:00,430,,250,,
2026/4/8,20:15,430,,205,,
2026/4/8,20:30,430,,178,,
2026/4/8,20:45,430,,218,,
2026/4/8,21:00,430,,264,,
2026/4/8,21:15,430,,259,,
2026/4/8,21:30,430,,258,,
2026/4/8,21:45,430,,245,,
2026/4/8,22:00,430,,251,,
2026/4/8,22:15,430,,250,,
2026/4/8,22:30,430,,234,,
2026/4/8,22:45,430,,246,,
2026/4/8,23:00,430,,210,,
2026/4/8,23:15,430,,171,,
2026/4/8,23:30,430,,131,,
2026/4/8,23:45,430,,171,,
2026/4/9,00:00,430,,155,,
2026/4/9,00:15,430,,,,122
2026/4/9,00:30,430,,,,80
2026/4/9,00:45,430,,,,67
2026/4/9,01:00,430,,,,67
2026/4/9,01:15,430,,,,70
2026/4/9,01:30,430,,,,69
2026/4/9,01:45,430,,,,56
2026/4/9,02:00,430,,,,53
2026/4/9,02:15,430,,,,53
2026/4/9,02:30,430,,,,53
2026/4/9,02:45,430,,,,53
2026/4/9,03:00,430,,,,53
2026/4/9,03:15,430,,,,53
2026/4/9,03:30,430,,,,51
2026/4/9,03:45,430,,,,51
2026/4/9,04:00,430,,,,51
2026/4/9,04:15,430,,,,29
2026/4/9,04:30,430,,,,29
2026/4/9,04:45,430,,,,27
2026/4/9,05:00,430,,,,27
2026/4/9,05:15,430,,,,27
2026/4/9,05:30,430,,,,27
2026/4/9,05:45,430,,,,27
2026/4/9,06:00,430,,,,29
2026/4/9,06:15,430,,30,,
2026/4/9,06:30,430,,32,,
2026/4/9,06:45,430,,33,,
2026/4/9,07:00,430,,31,,
2026/4/9,07:15,430,,29,,
2026/4/9,07:30,430,,30,,
2026/4/9,07:45,430,,34,,
2026/4/9,08:00,430,,39,,
2026/4/9,08:15,430,,58,,
2026/4/9,08:30,430,,115,,
2026/4/9,08:45,430,,113,,
2026/4/9,09:00,430,,110,,
2026/4/9,09:15,430,,167,,
2026/4/9,09:30,430,,251,,
2026/4/9,09:45,430,,313,,
2026/4/9,10:00,430,,329,,
2026/4/9,10:15,430,,322,,
2026/4/9,10:30,430,,335,,
2026/4/9,10:45,430,,356,,
2026/4/9,11:00,430,,343,,
2026/4/9,11:15,430,,,,355
2026/4/9,11:30,430,,,,323
2026/4/9,11:45,430,,,,337
2026/4/9,12:00,430,,,,330
2026/4/9,12:15,430,,,,287
2026/4/9,12:30,430,,,,260
2026/4/9,12:45,430,,,,255
2026/4/9,13:00,430,,,,263
2026/4/9,13:15,430,,,,303
2026/4/9,13:30,430,,,,320
2026/4/9,13:45,430,,,,360
2026/4/9,14:00,430,,,,352
2026/4/9,14:15,430,,339,,
2026/4/9,14:30,430,,328,,
2026/4/9,14:45,430,,338,,
2026/4/9,15:00,430,,337,,
2026/4/9,15:15,430,,352,,
2026/4/9,15:30,430,,332,,
2026/4/9,15:45,430,,333,,
2026/4/9,16:00,430,,348,,
2026/4/9,16:15,430,,340,,
2026/4/9,16:30,430,,344,,
2026/4/9,16:45,430,,320,,
2026/4/9,17:00,430,,325,,
2026/4/9,17:15,430,,298,,
2026/4/9,17:30,430,,270,,
2026/4/9,17:45,430,,254,,
2026/4/9,18:00,430,,280,,
2026/4/9,18:15,430,,320,,
2026/4/9,18:30,430,,317,,
2026/4/9,18:45,430,,323,,
2026/4/9,19:00,430,,323,,
2026/4/9,19:15,430,,299,,
2026/4/9,19:30,430,,278,,
2026/4/9,19:45,430,,267,,
2026/4/9,20:00,430,,275,,
2026/4/9,20:15,430,,229,,
2026/4/9,20:30,430,,176,,
2026/4/9,20:45,430,,213,,
2026/4/9,21:00,430,,267,,
2026/4/9,21:15,430,,278,,
2026/4/9,21:30,430,,269,,
2026/4/9,21:45,430,,277,,
2026/4/9,22:00,430,,277,,
2026/4/9,22:15,430,,266,,
2026/4/9,22:30,430,,256,,
2026/4/9,22:45,430,,262,,
2026/4/9,23:00,430,,246,,
2026/4/9,23:15,430,,176,,
2026/4/9,23:30,430,,150,,
2026/4/9,23:45,430,,198,,
2026/4/10,00:00,430,,206,,
2026/4/10,00:15,430,,,,158
2026/4/10,00:30,430,,,,114
2026/4/10,00:45,430,,,,86
2026/4/10,01:00,430,,,,88
2026/4/10,01:15,430,,,,80
2026/4/10,01:30,430,,,,72
2026/4/10,01:45,430,,,,70
2026/4/10,02:00,430,,,,69
2026/4/10,02:15,430,,,,67
2026/4/10,02:30,430,,,,64
2026/4/10,02:45,430,,,,64
2026/4/10,03:00,430,,,,66
2026/4/10,03:15,430,,,,66
2026/4/10,03:30,430,,,,54
2026/4/10,03:45,430,,,,29
2026/4/10,04:00,430,,,,29
2026/4/10,04:15,430,,,,30
2026/4/10,04:30,430,,,,29
2026/4/10,04:45,430,,,,26
2026/4/10,05:00,430,,,,29
2026/4/10,05:15,430,,,,27
2026/4/10,05:30,430,,,,29
2026/4/10,05:45,430,,,,30
2026/4/10,06:00,430,,,,27
2026/4/10,06:15,430,,30,,
2026/4/10,06:30,430,,31,,
2026/4/10,06:45,430,,31,,
2026/4/10,07:00,430,,33,,
2026/4/10,07:15,430,,38,,
2026/4/10,07:30,430,,37,,
2026/4/10,07:45,430,,36,,
2026/4/10,08:00,430,,45,,
2026/4/10,08:15,430,,70,,
2026/4/10,08:30,430,,106,,
2026/4/10,08:45,430,,109,,
2026/4/10,09:00,430,,114,,
2026/4/10,09:15,430,,189,,
2026/4/10,09:30,430,,277,,
2026/4/10,09:45,430,,336,,
2026/4/10,10:00,430,,333,,
2026/4/10,10:15,430,,337,,
2026/4/10,10:30,430,,361,,
2026/4/10,10:45,430,,365,,
2026/4/10,11:00,430,,348,,
2026/4/10,11:15,430,,,,344
2026/4/10,11:30,430,,,,341
2026/4/10,11:45,430,,,,320
2026/4/10,12:00,430,,,,314
2026/4/10,12:15,430,,,,281
2026/4/10,12:30,430,,,,276
2026/4/10,12:45,430,,,,260
2026/4/10,13:00,430,,,,241
2026/4/10,13:15,430,,,,321
2026/4/10,13:30,430,,,,330
2026/4/10,13:45,430,,,,351
2026/4/10,14:00,430,,,,351
2026/4/10,14:15,430,,348,,
2026/4/10,14:30,430,,348,,
2026/4/10,14:45,430,,342,,
2026/4/10,15:00,430,,368,,
2026/4/10,15:15,430,,355,,
2026/4/10,15:30,430,,355,,
2026/4/10,15:45,430,,345,,
2026/4/10,16:00,430,,362,,
2026/4/10,16:15,430,,350,,
2026/4/10,16:30,430,,328,,
2026/4/10,16:45,430,,326,,
2026/4/10,17:00,430,,337,,
2026/4/10,17:15,430,,293,,
2026/4/10,17:30,430,,247,,
2026/4/10,17:45,430,,253,,
2026/4/10,18:00,430,,306,,
2026/4/10,18:15,430,,339,,
2026/4/10,18:30,430,,333,,
2026/4/10,18:45,430,,314,,
2026/4/10,19:00,430,,325,,
2026/4/10,19:15,430,,328,,
2026/4/10,19:30,430,,306,,
2026/4/10,19:45,430,,304,,
2026/4/10,20:00,430,,304,,
2026/4/10,20:15,430,,245,,
2026/4/10,20:30,430,,214,,
2026/4/10,20:45,430,,250,,
2026/4/10,21:00,430,,310,,
2026/4/10,21:15,430,,309,,
2026/4/10,21:30,430,,304,,
2026/4/10,21:45,430,,310,,
2026/4/10,22:00,430,,309,,
2026/4/10,22:15,430,,309,,
2026/4/10,22:30,430,,293,,
2026/4/10,22:45,430,,302,,
2026/4/10,23:00,430,,280,,
2026/4/10,23:15,430,,205,,
2026/4/10,23:30,430,,173,,
2026/4/10,23:45,430,,214,,
2026/4/11,00:00,430,,256,,
2026/4/11,00:15,430,,,,210
2026/4/11,00:30,430,,,,155
2026/4/11,00:45,430,,,,136
2026/4/11,01:00,430,,,,112
2026/4/11,01:15,430,,,,98
2026/4/11,01:30,430,,,,90
2026/4/11,01:45,430,,,,64
2026/4/11,02:00,430,,,,64
2026/4/11,02:15,430,,,,62
2026/4/11,02:30,430,,,,64
2026/4/11,02:45,430,,,,50
2026/4/11,03:00,430,,,,27
2026/4/11,03:15,430,,,,27
2026/4/11,03:30,430,,,,27
2026/4/11,03:45,430,,,,29
2026/4/11,04:00,430,,,,29
2026/4/11,04:15,430,,,,27
2026/4/11,04:30,430,,,,27
2026/4/11,04:45,430,,,,27
2026/4/11,05:00,430,,,,29
2026/4/11,05:15,430,,,,29
2026/4/11,05:30,430,,,,29
2026/4/11,05:45,430,,,,30
2026/4/11,06:00,430,,,,29
2026/4/11,06:15,430,,,31,
2026/4/11,06:30,430,,,30,
2026/4/11,06:45,430,,,34,
2026/4/11,07:00,430,,,33,
2026/4/11,07:15,430,,,34,
2026/4/11,07:30,430,,,35,
2026/4/11,07:45,430,,,34,
2026/4/11,08:00,430,,,39,
2026/4/11,08:15,430,,,43,
2026/4/11,08:30,430,,,83,
2026/4/11,08:45,430,,,104,
2026/4/11,09:00,430,,,119,
2026/4/11,09:15,430,,,201,
2026/4/11,09:30,430,,,282,
2026/4/11,09:45,430,,,346,
2026/4/11,10:00,430,,,329,
2026/4/11,10:15,430,,,321,
2026/4/11,10:30,430,,,318,
2026/4/11,10:45,430,,,353,
2026/4/11,11:00,430,,,340,
2026/4/11,11:15,430,,,,330
2026/4/11,11:30,430,,,,345
2026/4/11,11:45,430,,,,334
2026/4/11,12:00,430,,,,306
2026/4/11,12:15,430,,,,291
2026/4/11,12:30,430,,,,279
2026/4/11,12:45,430,,,,268
2026/4/11,13:00,430,,,,260
2026/4/11,13:15,430,,,,271
2026/4/11,13:30,430,,,,306
2026/4/11,13:45,430,,,,334
2026/4/11,14:00,430,,,,349
2026/4/11,14:15,430,,,323,
2026/4/11,14:30,430,,,326,
2026/4/11,14:45,430,,,310,
2026/4/11,15:00,430,,,319,
2026/4/11,15:15,430,,,325,
2026/4/11,15:30,430,,,326,
2026/4/11,15:45,430,,,332,
2026/4/11,16:00,430,,,322,
2026/4/11,16:15,430,,,321,
2026/4/11,16:30,430,,,317,
2026/4/11,16:45,430,,,323,
2026/4/11,17:00,430,,,323,
2026/4/11,17:15,430,,,319,
2026/4/11,17:30,430,,,270,
2026/4/11,17:45,430,,,248,
2026/4/11,18:00,430,,,279,
2026/4/11,18:15,430,,,319,
2026/4/11,18:30,430,,,322,
2026/4/11,18:45,430,,,310,
2026/4/11,19:00,430,,,306,
2026/4/11,19:15,430,,,315,
2026/4/11,19:30,430,,,306,
2026/4/11,19:45,430,,,293,
2026/4/11,20:00,430,,,290,
2026/4/11,20:15,430,,,256,
2026/4/11,20:30,430,,,203,
2026/4/11,20:45,430,,,246,
2026/4/11,21:00,430,,,312,
2026/4/11,21:15,430,,,315,
2026/4/11,21:30,430,,,296,
2026/4/11,21:45,430,,,301,
2026/4/11,22:00,430,,,288,
2026/4/11,22:15,430,,,283,
2026/4/11,22:30,430,,,285,
2026/4/11,22:45,430,,,306,
2026/4/11,23:00,430,,,275,
2026/4/11,23:15,430,,,202,
2026/4/11,23:30,430,,,162,
2026/4/11,23:45,430,,,200,
2026/4/12,00:00,430,,,224,
2026/4/12,00:15,430,,,,170
2026/4/12,00:30,430,,,,142
2026/4/12,00:45,430,,,,82
2026/4/12,01:00,430,,,,72
2026/4/12,01:15,430,,,,70
2026/4/12,01:30,430,,,,72
2026/4/12,01:45,430,,,,70
2026/4/12,02:00,430,,,,67
2026/4/12,02:15,430,,,,67
2026/4/12,02:30,430,,,,66
2026/4/12,02:45,430,,,,54
2026/4/12,03:00,430,,,,56
2026/4/12,03:15,430,,,,54
2026/4/12,03:30,430,,,,53
2026/4/12,03:45,430,,,,54
2026/4/12,04:00,430,,,,53
2026/4/12,04:15,430,,,,53
2026/4/12,04:30,430,,,,43
2026/4/12,04:45,430,,,,27
2026/4/12,05:00,430,,,,27
2026/4/12,05:15,430,,,,27
2026/4/12,05:30,430,,,,27
2026/4/12,05:45,430,,,,26
2026/4/12,06:00,430,,,,27
2026/4/12,06:15,430,,,,28
2026/4/12,06:30,430,,,,25
2026/4/12,06:45,430,,,,27
2026/4/12,07:00,430,,,,26
2026/4/12,07:15,430,,,,28
2026/4/12,07:30,430,,,,26
2026/4/12,07:45,430,,,,30
2026/4/12,08:00,430,,,,29
2026/4/12,08:15,430,,,,33
2026/4/12,08:30,430,,,,36
2026/4/12,08:45,430,,,,32
2026/4/12,09:00,430,,,,32
2026/4/12,09:15,430,,,,33
2026/4/12,09:30,430,,,,34
2026/4/12,09:45,430,,,,34
2026/4/12,10:00,430,,,,35
2026/4/12,10:15,430,,,,52
2026/4/12,10:30,430,,,,58
2026/4/12,10:45,430,,,,54
2026/4/12,11:00,430,,,,78
2026/4/12,11:15,430,,,,110
2026/4/12,11:30,430,,,,128
2026/4/12,11:45,430,,,,203
2026/4/12,12:00,430,,,,269
2026/4/12,12:15,430,,,,298
2026/4/12,12:30,430,,,,306
2026/4/12,12:45,430,,,,303
2026/4/12,13:00,430,,,,291
2026/4/12,13:15,430,,,,288
2026/4/12,13:30,430,,,,299
2026/4/12,13:45,430,,,,306
2026/4/12,14:00,430,,,,317
2026/4/12,14:15,430,,,,304
2026/4/12,14:30,430,,,,309
2026/4/12,14:45,430,,,,300
2026/4/12,15:00,430,,,,288
2026/4/12,15:15,430,,,,285
2026/4/12,15:30,430,,,,303
2026/4/12,15:45,430,,,,303
2026/4/12,16:00,430,,,,290
2026/4/12,16:15,430,,,,290
2026/4/12,16:30,430,,,,298
2026/4/12,16:45,430,,,,250
2026/4/12,17:00,430,,,,179
2026/4/12,17:15,430,,,,124
2026/4/12,17:30,430,,,,85
2026/4/12,17:45,430,,,,65
2026/4/12,18:00,430,,,,63
2026/4/12,18:15,430,,,,64
2026/4/12,18:30,430,,,,45
2026/4/12,18:45,430,,,,43
2026/4/12,19:00,430,,,,45
2026/4/12,19:15,430,,,,43
2026/4/12,19:30,430,,,,45
2026/4/12,19:45,430,,,,46
2026/4/12,20:00,430,,,,43
2026/4/12,20:15,430,,,,43
2026/4/12,20:30,430,,,,45
2026/4/12,20:45,430,,,,43
2026/4/12,21:00,430,,,,37
2026/4/12,21:15,430,,,,24
2026/4/12,21:30,430,,,,24
2026/4/12,21:45,430,,,,24
2026/4/12,22:00,430,,,,22
2026/4/12,22:15,430,,,,22
2026/4/12,22:30,430,,,,21
2026/4/12,22:45,430,,,,22
2026/4/12,23:00,430,,,,21
2026/4/12,23:15,430,,,,21
2026/4/12,23:30,430,,,,21
2026/4/12,23:45,430,,,,21
2026/4/13,00:00,430,,,,21
2026/4/13,00:15,430,,,,21
2026/4/13,00:30,430,,,,22
2026/4/13,00:45,430,,,,21
2026/4/13,01:00,430,,,,21
2026/4/13,01:15,430,,,,22
2026/4/13,01:30,430,,,,22
2026/4/13,01:45,430,,,,22
2026/4/13,02:00,430,,,,22
2026/4/13,02:15,430,,,,21
2026/4/13,02:30,430,,,,21
2026/4/13,02:45,430,,,,22
2026/4/13,03:00,430,,,,24
2026/4/13,03:15,430,,,,26
2026/4/13,03:30,430,,,,26
2026/4/13,03:45,430,,,,27
2026/4/13,04:00,430,,,,27
2026/4/13,04:15,430,,,,26
2026/4/13,04:30,430,,,,26
2026/4/13,04:45,430,,,,27
2026/4/13,05:00,430,,,,27
2026/4/13,05:15,430,,,,26
2026/4/13,05:30,430,,,,26
2026/4/13,05:45,430,,,,26
2026/4/13,06:00,430,,,,28
2026/4/13,06:15,430,,29,,
2026/4/13,06:30,430,,34,,
2026/4/13,06:45,430,,54,,
2026/4/13,07:00,430,,42,,
2026/4/13,07:15,430,,33,,
2026/4/13,07:30,430,,33,,
2026/4/13,07:45,430,,35,,
2026/4/13,08:00,430,,55,,
2026/4/13,08:15,430,,78,,
2026/4/13,08:30,430,,128,,
2026/4/13,08:45,430,,128,,
2026/4/13,09:00,430,,127,,
2026/4/13,09:15,430,,187,,
2026/4/13,09:30,430,,268,,
2026/4/13,09:45,430,,322,,
2026/4/13,10:00,430,,322,,
2026/4/13,10:15,430,,322,,
2026/4/13,10:30,430,,333,,
2026/4/13,10:45,430,,355,,
2026/4/13,11:00,430,,366,,
2026/4/13,11:15,430,,,,350
2026/4/13,11:30,430,,,,319
2026/4/13,11:45,430,,,,330
2026/4/13,12:00,430,,,,321
2026/4/13,12:15,430,,,,282
2026/4/13,12:30,430,,,,250
2026/4/13,12:45,430,,,,255
2026/4/13,13:00,430,,,,260
2026/4/13,13:15,430,,,,302
2026/4/13,13:30,430,,,,343
2026/4/13,13:45,430,,,,351
2026/4/13,14:00,430,,,,346
2026/4/13,14:15,430,,336,,
2026/4/13,14:30,430,,320,,
2026/4/13,14:45,430,,353,,
2026/4/13,15:00,430,,339,,
2026/4/13,15:15,430,,340,,
2026/4/13,15:30,430,,340,,
2026/4/13,15:45,430,,342,,
2026/4/13,16:00,430,,344,,
2026/4/13,16:15,430,,338,,
2026/4/13,16:30,430,,300,,
2026/4/13,16:45,430,,322,,
2026/4/13,17:00,430,,319,,
2026/4/13,17:15,430,,290,,
2026/4/13,17:30,430,,239,,
2026/4/13,17:45,430,,208,,
2026/4/13,18:00,430,,225,,
2026/4/13,18:15,430,,272,,
2026/4/13,18:30,430,,299,,
2026/4/13,18:45,430,,293,,
2026/4/13,19:00,430,,306,,
2026/4/13,19:15,430,,312,,
2026/4/13,19:30,430,,301,,
2026/4/13,19:45,430,,310,,
2026/4/13,20:00,430,,312,,
2026/4/13,20:15,430,,254,,
2026/4/13,20:30,430,,208,,
2026/4/13,20:45,430,,245,,
2026/4/13,21:00,430,,307,,
2026/4/13,21:15,430,,301,,
2026/4/13,21:30,430,,288,,
2026/4/13,21:45,430,,277,,
2026/4/13,22:00,430,,266,,
2026/4/13,22:15,430,,258,,
2026/4/13,22:30,430,,235,,
2026/4/13,22:45,430,,181,,
2026/4/13,23:00,430,,125,,
2026/4/13,23:15,430,,125,,
2026/4/13,23:30,430,,144,,
2026/4/13,23:45,430,,192,,
2026/4/14,00:00,430,,206,,
2026/4/14,00:15,430,,,,174
2026/4/14,00:30,430,,,,107
2026/4/14,00:45,430,,,,98
2026/4/14,01:00,430,,,,96
2026/4/14,01:15,430,,,,86
2026/4/14,01:30,430,,,,78
2026/4/14,01:45,430,,,,69
2026/4/14,02:00,430,,,,67
2026/4/14,02:15,430,,,,69
2026/4/14,02:30,430,,,,66
2026/4/14,02:45,430,,,,66
2026/4/14,03:00,430,,,,54
2026/4/14,03:15,430,,,,56
2026/4/14,03:30,430,,,,54
2026/4/14,03:45,430,,,,53
2026/4/14,04:00,430,,,,42
2026/4/14,04:15,430,,,,29
2026/4/14,04:30,430,,,,27
2026/4/14,04:45,430,,,,29
2026/4/14,05:00,430,,,,27
2026/4/14,05:15,430,,,,29
2026/4/14,05:30,430,,,,29
2026/4/14,05:45,430,,,,29
2026/4/14,06:00,430,,,,30
2026/4/14,06:15,430,,36,,
2026/4/14,06:30,430,,35,,
2026/4/14,06:45,430,,34,,
2026/4/14,07:00,430,,32,,
2026/4/14,07:15,430,,35,,
2026/4/14,07:30,430,,33,,
2026/4/14,07:45,430,,35,,
2026/4/14,08:00,430,,42,,
2026/4/14,08:15,430,,51,,
2026/4/14,08:30,430,,117,,
2026/4/14,08:45,430,,115,,
2026/4/14,09:00,430,,120,,
2026/4/14,09:15,430,,170,,
2026/4/14,09:30,430,,272,,
2026/4/14,09:45,430,,348,,
2026/4/14,10:00,430,,357,,
2026/4/14,10:15,430,,342,,
2026/4/14,10:30,430,,335,,
2026/4/14,10:45,430,,361,,
2026/4/14,11:00,430,,352,,
2026/4/14,11:15,430,,,,336
2026/4/14,11:30,430,,,,350
2026/4/14,11:45,430,,,,338
2026/4/14,12:00,430,,,,319
2026/4/14,12:15,430,,,,286
2026/4/14,12:30,430,,,,273
2026/4/14,12:45,430,,,,272
2026/4/14,13:00,430,,,,264
2026/4/14,13:15,430,,,,332
2026/4/14,13:30,430,,,,345
2026/4/14,13:45,430,,,,365
2026/4/14,14:00,430,,,,368
2026/4/14,14:15,430,,336,,
2026/4/14,14:30,430,,329,,
2026/4/14,14:45,430,,335,,
2026/4/14,15:00,430,,365,,
2026/4/14,15:15,430,,365,,
2026/4/14,15:30,430,,354,,
2026/4/14,15:45,430,,363,,
2026/4/14,16:00,430,,372,,
2026/4/14,16:15,430,,339,,
2026/4/14,16:30,430,,332,,
2026/4/14,16:45,430,,341,,
2026/4/14,17:00,430,,336,,
2026/4/14,17:15,430,,297,,
2026/4/14,17:30,430,,270,,
2026/4/14,17:45,430,,292,,
2026/4/14,18:00,430,,310,,
2026/4/14,18:15,430,,288,,
2026/4/14,18:30,430,,285,,
2026/4/14,18:45,430,,290,,
2026/4/14,19:00,430,,275,,
2026/4/14,19:15,430,,275,,
2026/4/14,19:30,430,,290,,
2026/4/14,19:45,430,,288,,
2026/4/14,20:00,430,,258,,
2026/4/14,20:15,430,,206,,
2026/4/14,20:30,430,,182,,
2026/4/14,20:45,430,,232,,
2026/4/14,21:00,430,,277,,
2026/4/14,21:15,430,,283,,
2026/4/14,21:30,430,,275,,
2026/4/14,21:45,430,,272,,
2026/4/14,22:00,430,,262,,
2026/4/14,22:15,430,,245,,
2026/4/14,22:30,430,,248,,
2026/4/14,22:45,430,,278,,
2026/4/14,23:00,430,,251,,
2026/4/14,23:15,430,,189,,
2026/4/14,23:30,430,,141,,
2026/4/14,23:45,430,,186,,
2026/4/15,00:00,430,,232,,
2026/4/15,00:15,430,,,,190
2026/4/15,00:30,430,,,,123
2026/4/15,00:45,430,,,,104
2026/4/15,01:00,430,,,,99
2026/4/15,01:15,430,,,,101
2026/4/15,01:30,430,,,,78
2026/4/15,01:45,430,,,,64
2026/4/15,02:00,430,,,,66
2026/4/15,02:15,430,,,,62
2026/4/15,02:30,430,,,,62
2026/4/15,02:45,430,,,,59
2026/4/15,03:00,430,,,,50
2026/4/15,03:15,430,,,,46
2026/4/15,03:30,430,,,,29
2026/4/15,03:45,430,,,,27
2026/4/15,04:00,430,,,,27
2026/4/15,04:15,430,,,,29
2026/4/15,04:30,430,,,,29
2026/4/15,04:45,430,,,,27
2026/4/15,05:00,430,,,,30
2026/4/15,05:15,430,,,,32
2026/4/15,05:30,430,,,,30
2026/4/15,05:45,430,,,,29
2026/4/15,06:00,430,,,,30
2026/4/15,06:15,430,,32,,
2026/4/15,06:30,430,,31,,
2026/4/15,06:45,430,,32,,
2026/4/15,07:00,430,,32,,
2026/4/15,07:15,430,,34,,
2026/4/15,07:30,430,,46,,
2026/4/15,07:45,430,,51,,
2026/4/15,08:00,430,,58,,
2026/4/15,08:15,430,,121,,
2026/4/15,08:30,430,,119,,
2026/4/15,08:45,430,,121,,
2026/4/15,09:00,430,,120,,
2026/4/15,09:15,430,,199,,
2026/4/15,09:30,430,,276,,
2026/4/15,09:45,430,,322,,
2026/4/15,10:00,430,,332,,
2026/4/15,10:15,430,,333,,
2026/4/15,10:30,430,,340,,
2026/4/15,10:45,430,,356,,
2026/4/15,11:00,430,,338,,
2026/4/15,11:15,430,,,,347
2026/4/15,11:30,430,,,,325
2026/4/15,11:45,430,,,,305
2026/4/15,12:00,430,,,,294
2026/4/15,12:15,430,,,,285
2026/4/15,12:30,430,,,,274
2026/4/15,12:45,430,,,,251
2026/4/15,13:00,430,,,,256
2026/4/15,13:15,430,,,,338
2026/4/15,13:30,430,,,,364
2026/4/15,13:45,430,,,,363
2026/4/15,14:00,430,,,,367
2026/4/15,14:15,430,,335,,
2026/4/15,14:30,430,,333,,
2026/4/15,14:45,430,,330,,
2026/4/15,15:00,430,,365,,
2026/4/15,15:15,430,,348,,
2026/4/15,15:30,430,,341,,
2026/4/15,15:45,430,,317,,
2026/4/15,16:00,430,,340,,
2026/4/15,16:15,430,,354,,
2026/4/15,16:30,430,,330,,
2026/4/15,16:45,430,,328,,
2026/4/15,17:00,430,,320,,
2026/4/15,17:15,430,,303,,
2026/4/15,17:30,430,,271,,
2026/4/15,17:45,430,,258,,
2026/4/15,18:00,430,,291,,
2026/4/15,18:15,430,,314,,
2026/4/15,18:30,430,,318,,
2026/4/15,18:45,430,,312,,
2026/4/15,19:00,430,,326,,
2026/4/15,19:15,430,,328,,
2026/4/15,19:30,430,,326,,
2026/4/15,19:45,430,,306,,
2026/4/15,20:00,430,,299,,
2026/4/15,20:15,430,,267,,
2026/4/15,20:30,430,,213,,
2026/4/15,20:45,430,,262,,
2026/4/15,21:00,430,,301,,
2026/4/15,21:15,430,,309,,
2026/4/15,21:30,430,,301,,
2026/4/15,21:45,430,,290,,
2026/4/15,22:00,430,,277,,
2026/4/15,22:15,430,,267,,
2026/4/15,22:30,430,,250,,
2026/4/15,22:45,430,,245,,
2026/4/15,23:00,430,,238,,
2026/4/15,23:15,430,,190,,
2026/4/15,23:30,430,,139,,
2026/4/15,23:45,430,,158,,
2026/4/16,00:00,430,,214,,
2026/4/16,00:15,430,,,,181
2026/4/16,00:30,430,,,,130
2026/4/16,00:45,430,,,,120
2026/4/16,01:00,430,,,,106
2026/4/16,01:15,430,,,,86
2026/4/16,01:30,430,,,,74
2026/4/16,01:45,430,,,,70
2026/4/16,02:00,430,,,,67
2026/4/16,02:15,430,,,,69
2026/4/16,02:30,430,,,,67
2026/4/16,02:45,430,,,,67
2026/4/16,03:00,430,,,,67
2026/4/16,03:15,430,,,,43
2026/4/16,03:30,430,,,,29
2026/4/16,03:45,430,,,,27
2026/4/16,04:00,430,,,,29
2026/4/16,04:15,430,,,,30
2026/4/16,04:30,430,,,,30
2026/4/16,04:45,430,,,,29
2026/4/16,05:00,430,,,,29
2026/4/16,05:15,430,,,,32
2026/4/16,05:30,430,,,,29
2026/4/16,05:45,430,,,,30
2026/4/16,06:00,430,,,,31
2026/4/16,06:15,430,,37,,
2026/4/16,06:30,430,,39,,
2026/4/16,06:45,430,,38,,
2026/4/16,07:00,430,,40,,
2026/4/16,07:15,430,,36,,
2026/4/16,07:30,430,,35,,
2026/4/16,07:45,430,,38,,
2026/4/16,08:00,430,,43,,
2026/4/16,08:15,430,,62,,
2026/4/16,08:30,430,,128,,
2026/4/16,08:45,430,,125,,
2026/4/16,09:00,430,,131,,
2026/4/16,09:15,430,,207,,
2026/4/16,09:30,430,,272,,
2026/4/16,09:45,430,,333,,
2026/4/16,10:00,430,,346,,
2026/4/16,10:15,430,,345,,
2026/4/16,10:30,430,,342,,
2026/4/16,10:45,430,,353,,
2026/4/16,11:00,430,,356,,
2026/4/16,11:15,430,,,,353
2026/4/16,11:30,430,,,,338
2026/4/16,11:45,430,,,,334
2026/4/16,12:00,430,,,,353
2026/4/16,12:15,430,,,,286
2026/4/16,12:30,430,,,,296
2026/4/16,12:45,430,,,,273
2026/4/16,13:00,430,,,,255
2026/4/16,13:15,430,,,,322
2026/4/16,13:30,430,,,,337
2026/4/16,13:45,430,,,,358
2026/4/16,14:00,430,,,,359
2026/4/16,14:15,430,,346,,
2026/4/16,14:30,430,,345,,
2026/4/16,14:45,430,,346,,
2026/4/16,15:00,430,,344,,
2026/4/16,15:15,430,,347,,
2026/4/16,15:30,430,,333,,
2026/4/16,15:45,430,,362,,
2026/4/16,16:00,430,,350,,
2026/4/16,16:15,430,,340,,
2026/4/16,16:30,430,,316,,
2026/4/16,16:45,430,,336,,
2026/4/16,17:00,430,,347,,
2026/4/16,17:15,430,,301,,
2026/4/16,17:30,430,,285,,
2026/4/16,17:45,430,,285,,
2026/4/16,18:00,430,,307,,
2026/4/16,18:15,430,,334,,
2026/4/16,18:30,430,,328,,
2026/4/16,18:45,430,,333,,
2026/4/16,19:00,430,,328,,
2026/4/16,19:15,430,,338,,
2026/4/16,19:30,430,,334,,
2026/4/16,19:45,430,,318,,
2026/4/16,20:00,430,,314,,
2026/4/16,20:15,430,,259,,
2026/4/16,20:30,430,,221,,
2026/4/16,20:45,430,,261,,
2026/4/16,21:00,430,,293,,
2026/4/16,21:15,430,,315,,
2026/4/16,21:30,430,,306,,
2026/4/16,21:45,430,,310,,
2026/4/16,22:00,430,,269,,
2026/4/16,22:15,430,,250,,
2026/4/16,22:30,430,,240,,
2026/4/16,22:45,430,,256,,
2026/4/16,23:00,430,,246,,
2026/4/16,23:15,430,,174,,
2026/4/16,23:30,430,,130,,
2026/4/16,23:45,430,,181,,
2026/4/17,00:00,430,,221,,
2026/4/17,00:15,430,,,,186
2026/4/17,00:30,430,,,,128
2026/4/17,00:45,430,,,,109
2026/4/17,01:00,430,,,,101
2026/4/17,01:15,430,,,,77
2026/4/17,01:30,430,,,,70
2026/4/17,01:45,430,,,,67
2026/4/17,02:00,430,,,,67
2026/4/17,02:15,430,,,,66
2026/4/17,02:30,430,,,,64
2026/4/17,02:45,430,,,,66
2026/4/17,03:00,430,,,,56
2026/4/17,03:15,430,,,,32
2026/4/17,03:30,430,,,,29
2026/4/17,03:45,430,,,,26
2026/4/17,04:00,430,,,,27
2026/4/17,04:15,430,,,,29
2026/4/17,04:30,430,,,,29
2026/4/17,04:45,430,,,,29
2026/4/17,05:00,430,,,,27
2026/4/17,05:15,430,,,,29
2026/4/17,05:30,430,,,,30
2026/4/17,05:45,430,,,,30
2026/4/17,06:00,430,,,,30
2026/4/17,06:15,430,,34,,
2026/4/17,06:30,430,,36,,
2026/4/17,06:45,430,,38,,
2026/4/17,07:00,430,,37,,
2026/4/17,07:15,430,,54,,
2026/4/17,07:30,430,,48,,
2026/4/17,07:45,430,,40,,
2026/4/17,08:00,430,,43,,
2026/4/17,08:15,430,,47,,
2026/4/17,08:30,430,,121,,
2026/4/17,08:45,430,,122,,
2026/4/17,09:00,430,,119,,
2026/4/17,09:15,430,,169,,
2026/4/17,09:30,430,,259,,
2026/4/17,09:45,430,,341,,
2026/4/17,10:00,430,,356,,
2026/4/17,10:15,430,,342,,
2026/4/17,10:30,430,,346,,
2026/4/17,10:45,430,,350,,
2026/4/17,11:00,430,,355,,
2026/4/17,11:15,430,,,,365
2026/4/17,11:30,430,,,,338
2026/4/17,11:45,430,,,,333
2026/4/17,12:00,430,,,,331
2026/4/17,12:15,430,,,,290
2026/4/17,12:30,430,,,,266
2026/4/17,12:45,430,,,,254
2026/4/17,13:00,430,,,,261
2026/4/17,13:15,430,,,,325
2026/4/17,13:30,430,,,,331
2026/4/17,13:45,430,,,,351
2026/4/17,14:00,430,,,,338
2026/4/17,14:15,430,,342,,
2026/4/17,14:30,430,,334,,
2026/4/17,14:45,430,,351,,
2026/4/17,15:00,430,,353,,
2026/4/17,15:15,430,,359,,
2026/4/17,15:30,430,,334,,
2026/4/17,15:45,430,,344,,
2026/4/17,16:00,430,,336,,
2026/4/17,16:15,430,,343,,
2026/4/17,16:30,430,,343,,
2026/4/17,16:45,430,,354,,
2026/4/17,17:00,430,,334,,
2026/4/17,17:15,430,,300,,
2026/4/17,17:30,430,,273,,
2026/4/17,17:45,430,,266,,
2026/4/17,18:00,430,,296,,
2026/4/17,18:15,430,,312,,
2026/4/17,18:30,430,,334,,
2026/4/17,18:45,430,,322,,
2026/4/17,19:00,430,,315,,
2026/4/17,19:15,430,,326,,
2026/4/17,19:30,430,,318,,
2026/4/17,19:45,430,,314,,
2026/4/17,20:00,430,,309,,
2026/4/17,20:15,430,,235,,
2026/4/17,20:30,430,,213,,
2026/4/17,20:45,430,,246,,
2026/4/17,21:00,430,,275,,
2026/4/17,21:15,430,,280,,
2026/4/17,21:30,430,,275,,
2026/4/17,21:45,430,,304,,
2026/4/17,22:00,430,,286,,
2026/4/17,22:15,430,,266,,
2026/4/17,22:30,430,,270,,
2026/4/17,22:45,430,,253,,
2026/4/17,23:00,430,,253,,
2026/4/17,23:15,430,,290,,
2026/4/17,23:30,430,,267,,
2026/4/17,23:45,430,,246,,
2026/4/18,00:00,430,,235,,
2026/4/18,00:15,430,,,,190
2026/4/18,00:30,430,,,,150
2026/4/18,00:45,430,,,,202
2026/4/18,01:00,430,,,,230
2026/4/18,01:15,430,,,,205
2026/4/18,01:30,430,,,,142
2026/4/18,01:45,430,,,,107
2026/4/18,02:00,430,,,,107
2026/4/18,02:15,430,,,,101
2026/4/18,02:30,430,,,,82
2026/4/18,02:45,430,,,,74
2026/4/18,03:00,430,,,,64
2026/4/18,03:15,430,,,,62
2026/4/18,03:30,430,,,,62
2026/4/18,03:45,430,,,,58
2026/4/18,04:00,430,,,,61
2026/4/18,04:15,430,,,,45
2026/4/18,04:30,430,,,,38
2026/4/18,04:45,430,,,,38
2026/4/18,05:00,430,,,,40
2026/4/18,05:15,430,,,,42
2026/4/18,05:30,430,,,,35
2026/4/18,05:45,430,,,,32
2026/4/18,06:00,430,,,,32
2026/4/18,06:15,430,,,31,
2026/4/18,06:30,430,,,29,
2026/4/18,06:45,430,,,29,
2026/4/18,07:00,430,,,32,
2026/4/18,07:15,430,,,32,
2026/4/18,07:30,430,,,33,
2026/4/18,07:45,430,,,34,
2026/4/18,08:00,430,,,39,
2026/4/18,08:15,430,,,45,
2026/4/18,08:30,430,,,90,
2026/4/18,08:45,430,,,114,
2026/4/18,09:00,430,,,122,
2026/4/18,09:15,430,,,184,
2026/4/18,09:30,430,,,269,
2026/4/18,09:45,430,,,331,
2026/4/18,10:00,430,,,327,
2026/4/18,10:15,430,,,302,
2026/4/18,10:30,430,,,296,
2026/4/18,10:45,430,,,331,
2026/4/18,11:00,430,,,342,
2026/4/18,11:15,430,,,,332
2026/4/18,11:30,430,,,,317
2026/4/18,11:45,430,,,,326
2026/4/18,12:00,430,,,,310
2026/4/18,12:15,430,,,,262
2026/4/18,12:30,430,,,,236
2026/4/18,12:45,430,,,,252
2026/4/18,13:00,430,,,,258
2026/4/18,13:15,430,,,,311
2026/4/18,13:30,430,,,,302
2026/4/18,13:45,430,,,,327
2026/4/18,14:00,430,,,,345
2026/4/18,14:15,430,,,329,
2026/4/18,14:30,430,,,318,
2026/4/18,14:45,430,,,331,
2026/4/18,15:00,430,,,333,
2026/4/18,15:15,430,,,353,
2026/4/18,15:30,430,,,346,
2026/4/18,15:45,430,,,364,
2026/4/18,16:00,430,,,324,
2026/4/18,16:15,430,,,329,
2026/4/18,16:30,430,,,343,
2026/4/18,16:45,430,,,344,
2026/4/18,17:00,430,,,346,
2026/4/18,17:15,430,,,302,
2026/4/18,17:30,430,,,259,
2026/4/18,17:45,430,,,250,
2026/4/18,18:00,430,,,279,
2026/4/18,18:15,430,,,320,
2026/4/18,18:30,430,,,322,
2026/4/18,18:45,430,,,288,
2026/4/18,19:00,430,,,302,
2026/4/18,19:15,430,,,312,
2026/4/18,19:30,430,,,298,
2026/4/18,19:45,430,,,301,
2026/4/18,20:00,430,,,256,
2026/4/18,20:15,430,,,213,
2026/4/18,20:30,430,,,218,
2026/4/18,20:45,430,,,267,
2026/4/18,21:00,430,,,310,
2026/4/18,21:15,430,,,318,
2026/4/18,21:30,430,,,296,
2026/4/18,21:45,430,,,298,
2026/4/18,22:00,430,,,302,
2026/4/18,22:15,430,,,278,
2026/4/18,22:30,430,,,261,
2026/4/18,22:45,430,,,270,
2026/4/18,23:00,430,,,243,
2026/4/18,23:15,430,,,198,
2026/4/18,23:30,430,,,176,
2026/4/18,23:45,430,,,202,
2026/4/19,00:00,430,,,192,
2026/4/19,00:15,430,,,,146
2026/4/19,00:30,430,,,,126
2026/4/19,00:45,430,,,,130
2026/4/19,01:00,430,,,,102
2026/4/19,01:15,430,,,,70
2026/4/19,01:30,430,,,,70
2026/4/19,01:45,430,,,,72
2026/4/19,02:00,430,,,,66
2026/4/19,02:15,430,,,,67
2026/4/19,02:30,430,,,,69
2026/4/19,02:45,430,,,,61
2026/4/19,03:00,430,,,,53
2026/4/19,03:15,430,,,,54
2026/4/19,03:30,430,,,,37
2026/4/19,03:45,430,,,,26
2026/4/19,04:00,430,,,,27
2026/4/19,04:15,430,,,,29
2026/4/19,04:30,430,,,,27
2026/4/19,04:45,430,,,,26
2026/4/19,05:00,430,,,,26
2026/4/19,05:15,430,,,,27
2026/4/19,05:30,430,,,,26
2026/4/19,05:45,430,,,,24
2026/4/19,06:00,430,,,,25
2026/4/19,06:15,430,,,,25
2026/4/19,06:30,430,,,,25
2026/4/19,06:45,430,,,,24
2026/4/19,07:00,430,,,,25
2026/4/19,07:15,430,,,,23
2026/4/19,07:30,430,,,,27
2026/4/19,07:45,430,,,,29
2026/4/19,08:00,430,,,,27
2026/4/19,08:15,430,,,,29
2026/4/19,08:30,430,,,,66
2026/4/19,08:45,430,,,,67
2026/4/19,09:00,430,,,,69
2026/4/19,09:15,430,,,,68
2026/4/19,09:30,430,,,,88
2026/4/19,09:45,430,,,,79
2026/4/19,10:00,430,,,,68
2026/4/19,10:15,430,,,,64
2026/4/19,10:30,430,,,,71
2026/4/19,10:45,430,,,,73
2026/4/19,11:00,430,,,,123
2026/4/19,11:15,430,,,,117
2026/4/19,11:30,430,,,,146
2026/4/19,11:45,430,,,,206
2026/4/19,12:00,430,,,,251
2026/4/19,12:15,430,,,,262
2026/4/19,12:30,430,,,,279
2026/4/19,12:45,430,,,,276
2026/4/19,13:00,430,,,,282
2026/4/19,13:15,430,,,,294
2026/4/19,13:30,430,,,,288
2026/4/19,13:45,430,,,,286
2026/4/19,14:00,430,,,,296
2026/4/19,14:15,430,,,,303
2026/4/19,14:30,430,,,,278
2026/4/19,14:45,430,,,,283
2026/4/19,15:00,430,,,,265
2026/4/19,15:15,430,,,,279
2026/4/19,15:30,430,,,,277
2026/4/19,15:45,430,,,,268
2026/4/19,16:00,430,,,,252
2026/4/19,16:15,430,,,,257
2026/4/19,16:30,430,,,,248
2026/4/19,16:45,430,,,,189
2026/4/19,17:00,430,,,,127
2026/4/19,17:15,430,,,,60
2026/4/19,17:30,430,,,,59
2026/4/19,17:45,430,,,,56
2026/4/19,18:00,430,,,,44
2026/4/19,18:15,430,,,,45
2026/4/19,18:30,430,,,,45
2026/4/19,18:45,430,,,,42
2026/4/19,19:00,430,,,,40
2026/4/19,19:15,430,,,,43
2026/4/19,19:30,430,,,,45
2026/4/19,19:45,430,,,,43
2026/4/19,20:00,430,,,,58
2026/4/19,20:15,430,,,,53
2026/4/19,20:30,430,,,,45
2026/4/19,20:45,430,,,,42
2026/4/19,21:00,430,,,,42
2026/4/19,21:15,430,,,,30
2026/4/19,21:30,430,,,,22
2026/4/19,21:45,430,,,,22
2026/4/19,22:00,430,,,,21
2026/4/19,22:15,430,,,,21
2026/4/19,22:30,430,,,,21
2026/4/19,22:45,430,,,,21
2026/4/19,23:00,430,,,,22
2026/4/19,23:15,430,,,,19
2026/4/19,23:30,430,,,,21
2026/4/19,23:45,430,,,,21
2026/4/20,00:00,430,,,,21
2026/4/20,00:15,430,,,,21
2026/4/20,00:30,430,,,,22
2026/4/20,00:45,430,,,,22
2026/4/20,01:00,430,,,,19
2026/4/20,01:15,430,,,,22
2026/4/20,01:30,430,,,,21
2026/4/20,01:45,430,,,,21
2026/4/20,02:00,430,,,,19
2026/4/20,02:15,430,,,,21
2026/4/20,02:30,430,,,,19
2026/4/20,02:45,430,,,,21
2026/4/20,03:00,430,,,,19
2026/4/20,03:15,430,,,,27
2026/4/20,03:30,430,,,,26
2026/4/20,03:45,430,,,,26
2026/4/20,04:00,430,,,,27
2026/4/20,04:15,430,,,,26
2026/4/20,04:30,430,,,,26
2026/4/20,04:45,430,,,,27
2026/4/20,05:00,430,,,,27
2026/4/20,05:15,430,,,,26
2026/4/20,05:30,430,,,,26
2026/4/20,05:45,430,,,,29
2026/4/20,06:00,430,,,,27
2026/4/20,06:15,430,,33,,
2026/4/20,06:30,430,,33,,
2026/4/20,06:45,430,,30,,
2026/4/20,07:00,430,,29,,
2026/4/20,07:15,430,,33,,
2026/4/20,07:30,430,,33,,
2026/4/20,07:45,430,,35,,
2026/4/20,08:00,430,,64,,
2026/4/20,08:15,430,,76,,
2026/4/20,08:30,430,,133,,
2026/4/20,08:45,430,,133,,
2026/4/20,09:00,430,,142,,
2026/4/20,09:15,430,,196,,
2026/4/20,09:30,430,,281,,
2026/4/20,09:45,430,,328,,
2026/4/20,10:00,430,,328,,
2026/4/20,10:15,430,,329,,
2026/4/20,10:30,430,,347,,
2026/4/20,10:45,430,,336,,
2026/4/20,11:00,430,,363,,
2026/4/20,11:15,430,,,,340
2026/4/20,11:30,430,,,,310
2026/4/20,11:45,430,,,,308
2026/4/20,12:00,430,,,,305
2026/4/20,12:15,430,,,,269
2026/4/20,12:30,430,,,,268
2026/4/20,12:45,430,,,,258
2026/4/20,13:00,430,,,,241
2026/4/20,13:15,430,,,,238
2026/4/20,13:30,430,,,,267
2026/4/20,13:45,430,,,,290
2026/4/20,14:00,430,,,,296
2026/4/20,14:15,430,,269,,
2026/4/20,14:30,430,,275,,
2026/4/20,14:45,430,,300,,
2026/4/20,15:00,430,,291,,
2026/4/20,15:15,430,,269,,
2026/4/20,15:30,430,,282,,
2026/4/20,15:45,430,,286,,
2026/4/20,16:00,430,,282,,
2026/4/20,16:15,430,,274,,
2026/4/20,16:30,430,,263,,
2026/4/20,16:45,430,,239,,
2026/4/20,17:00,430,,264,,
2026/4/20,17:15,430,,272,,
2026/4/20,17:30,430,,233,,
2026/4/20,17:45,430,,204,,
2026/4/20,18:00,430,,234,,
2026/4/20,18:15,430,,255,,
2026/4/20,18:30,430,,269,,
2026/4/20,18:45,430,,264,,
2026/4/20,19:00,430,,258,,
2026/4/20,19:15,430,,264,,
2026/4/20,19:30,430,,258,,
2026/4/20,19:45,430,,253,,
2026/4/20,20:00,430,,242,,
2026/4/20,20:15,430,,203,,
2026/4/20,20:30,430,,198,,
2026/4/20,20:45,430,,226,,
2026/4/20,21:00,430,,262,,
2026/4/20,21:15,430,,270,,
2026/4/20,21:30,430,,269,,
2026/4/20,21:45,430,,256,,
2026/4/20,22:00,430,,245,,
2026/4/20,22:15,430,,235,,
2026/4/20,22:30,430,,224,,
2026/4/20,22:45,430,,192,,
2026/4/20,23:00,430,,162,,
2026/4/20,23:15,430,,149,,
2026/4/20,23:30,430,,157,,
2026/4/20,23:45,430,,208,,
2026/4/21,00:00,430,,238,,
2026/4/21,00:15,430,,,,178
2026/4/21,00:30,430,,,,118
2026/4/21,00:45,430,,,,115
2026/4/21,01:00,430,,,,85
2026/4/21,01:15,430,,,,70
2026/4/21,01:30,430,,,,70
2026/4/21,01:45,430,,,,69
2026/4/21,02:00,430,,,,66
2026/4/21,02:15,430,,,,64
2026/4/21,02:30,430,,,,64
2026/4/21,02:45,430,,,,64
2026/4/21,03:00,430,,,,64
2026/4/21,03:15,430,,,,58
2026/4/21,03:30,430,,,,38
2026/4/21,03:45,430,,,,35
2026/4/21,04:00,430,,,,27
2026/4/21,04:15,430,,,,26
2026/4/21,04:30,430,,,,27
2026/4/21,04:45,430,,,,29
2026/4/21,05:00,430,,,,26
2026/4/21,05:15,430,,,,29
2026/4/21,05:30,430,,,,27
2026/4/21,05:45,430,,,,30
2026/4/21,06:00,430,,,,29
2026/4/21,06:15,430,,30,,
2026/4/21,06:30,430,,32,,
2026/4/21,06:45,430,,29,,
2026/4/21,07:00,430,,31,,
2026/4/21,07:15,430,,31,,
2026/4/21,07:30,430,,32,,
2026/4/21,07:45,430,,37,,
2026/4/21,08:00,430,,40,,
2026/4/21,08:15,430,,48,,
2026/4/21,08:30,430,,103,,
2026/4/21,08:45,430,,127,,
2026/4/21,09:00,430,,124,,
2026/4/21,09:15,430,,203,,
2026/4/21,09:30,430,,284,,
2026/4/21,09:45,430,,321,,
2026/4/21,10:00,430,,329,,
2026/4/21,10:15,430,,343,,
2026/4/21,10:30,430,,345,,
2026/4/21,10:45,430,,361,,
2026/4/21,11:00,430,,350,,
2026/4/21,11:15,430,,,,324
2026/4/21,11:30,430,,,,345
2026/4/21,11:45,430,,,,335
2026/4/21,12:00,430,,,,325
2026/4/21,12:15,430,,,,270
2026/4/21,12:30,430,,,,293
2026/4/21,12:45,430,,,,284
2026/4/21,13:00,430,,,,261
2026/4/21,13:15,430,,,,305
2026/4/21,13:30,430,,,,347
2026/4/21,13:45,430,,,,355
2026/4/21,14:00,430,,,,349
2026/4/21,14:15,430,,343,,
2026/4/21,14:30,430,,338,,
2026/4/21,14:45,430,,337,,
2026/4/21,15:00,430,,350,,
2026/4/21,15:15,430,,370,,
2026/4/21,15:30,430,,367,,
2026/4/21,15:45,430,,357,,
2026/4/21,16:00,430,,351,,
2026/4/21,16:15,430,,347,,
2026/4/21,16:30,430,,346,,
2026/4/21,16:45,430,,323,,
2026/4/21,17:00,430,,316,,
2026/4/21,17:15,430,,299,,
2026/4/21,17:30,430,,251,,
2026/4/21,17:45,430,,248,,
2026/4/21,18:00,430,,274,,
2026/4/21,18:15,430,,285,,
2026/4/21,18:30,430,,315,,
2026/4/21,18:45,430,,315,,
2026/4/21,19:00,430,,306,,
2026/4/21,19:15,430,,325,,
2026/4/21,19:30,430,,328,,
2026/4/21,19:45,430,,323,,
2026/4/21,20:00,430,,323,,
2026/4/21,20:15,430,,270,,
2026/4/21,20:30,430,,240,,
2026/4/21,20:45,430,,274,,
2026/4/21,21:00,430,,302,,
2026/4/21,21:15,430,,325,,
2026/4/21,21:30,430,,302,,
2026/4/21,21:45,430,,280,,
2026/4/21,22:00,430,,294,,
2026/4/21,22:15,430,,304,,
2026/4/21,22:30,430,,243,,
2026/4/21,22:45,430,,194,,
2026/4/21,23:00,430,,190,,
2026/4/21,23:15,430,,197,,
2026/4/21,23:30,430,,222,,
2026/4/21,23:45,430,,246,,
2026/4/22,00:00,430,,253,,
2026/4/22,00:15,430,,,,198
2026/4/22,00:30,430,,,,149
2026/4/22,00:45,430,,,,120
2026/4/22,01:00,430,,,,88
2026/4/22,01:15,430,,,,75
2026/4/22,01:30,430,,,,74
2026/4/22,01:45,430,,,,70
2026/4/22,02:00,430,,,,69
2026/4/22,02:15,430,,,,66
2026/4/22,02:30,430,,,,66
2026/4/22,02:45,430,,,,69
2026/4/22,03:00,430,,,,51
2026/4/22,03:15,430,,,,56
2026/4/22,03:30,430,,,,54
2026/4/22,03:45,430,,,,45
2026/4/22,04:00,430,,,,40
2026/4/22,04:15,430,,,,42
2026/4/22,04:30,430,,,,40
2026/4/22,04:45,430,,,,40
2026/4/22,05:00,430,,,,42
2026/4/22,05:15,430,,,,42
2026/4/22,05:30,430,,,,58
2026/4/22,05:45,430,,,,54
2026/4/22,06:00,430,,,,42
2026/4/22,06:15,430,,33,,
2026/4/22,06:30,430,,37,,
2026/4/22,06:45,430,,35,,
2026/4/22,07:00,430,,42,,
2026/4/22,07:15,430,,52,,
2026/4/22,07:30,430,,53,,
2026/4/22,07:45,430,,57,,
2026/4/22,08:00,430,,60,,
2026/4/22,08:15,430,,93,,
2026/4/22,08:30,430,,115,,
2026/4/22,08:45,430,,120,,
2026/4/22,09:00,430,,141,,
2026/4/22,09:15,430,,196,,
2026/4/22,09:30,430,,248,,
2026/4/22,09:45,430,,299,,
2026/4/22,10:00,430,,329,,
2026/4/22,10:15,430,,319,,
2026/4/22,10:30,430,,331,,
2026/4/22,10:45,430,,331,,
2026/4/22,11:00,430,,329,,
2026/4/22,11:15,430,,,,331
2026/4/22,11:30,430,,,,342
2026/4/22,11:45,430,,,,351
2026/4/22,12:00,430,,,,341
2026/4/22,12:15,430,,,,284
2026/4/22,12:30,430,,,,270
2026/4/22,12:45,430,,,,272
2026/4/22,13:00,430,,,,277
2026/4/22,13:15,430,,,,328
2026/4/22,13:30,430,,,,341
2026/4/22,13:45,430,,,,366
2026/4/22,14:00,430,,,,351
2026/4/22,14:15,430,,351,,
2026/4/22,14:30,430,,352,,
2026/4/22,14:45,430,,345,,
2026/4/22,15:00,430,,347,,
2026/4/22,15:15,430,,361,,
2026/4/22,15:30,430,,361,,
2026/4/22,15:45,430,,349,,
2026/4/22,16:00,430,,336,,
2026/4/22,16:15,430,,337,,
2026/4/22,16:30,430,,324,,
2026/4/22,16:45,430,,324,,
2026/4/22,17:00,430,,331,,
2026/4/22,17:15,430,,300,,
2026/4/22,17:30,430,,246,,
2026/4/22,17:45,430,,236,,
2026/4/22,18:00,430,,253,,
2026/4/22,18:15,430,,266,,
2026/4/22,18:30,430,,287,,
2026/4/22,18:45,430,,320,,
2026/4/22,19:00,430,,317,,
2026/4/22,19:15,430,,314,,
2026/4/22,19:30,430,,309,,
2026/4/22,19:45,430,,306,,
2026/4/22,20:00,430,,294,,
2026/4/22,20:15,430,,267,,
2026/4/22,20:30,430,,234,,
2026/4/22,20:45,430,,264,,
2026/4/22,21:00,430,,315,,
2026/4/22,21:15,430,,323,,
2026/4/22,21:30,430,,309,,
2026/4/22,21:45,430,,294,,
2026/4/22,22:00,430,,298,,
2026/4/22,22:15,430,,306,,
2026/4/22,22:30,430,,294,,
2026/4/22,22:45,430,,294,,
2026/4/22,23:00,430,,270,,
2026/4/22,23:15,430,,227,,
2026/4/22,23:30,430,,195,,
2026/4/22,23:45,430,,229,,
2026/4/23,00:00,430,,261,,
2026/4/23,00:15,430,,,,234
2026/4/23,00:30,430,,,,176
2026/4/23,00:45,430,,,,147
2026/4/23,01:00,430,,,,152
2026/4/23,01:15,430,,,,96
2026/4/23,01:30,430,,,,88
2026/4/23,01:45,430,,,,85
2026/4/23,02:00,430,,,,70
2026/4/23,02:15,430,,,,69
2026/4/23,02:30,430,,,,72
2026/4/23,02:45,430,,,,69
2026/4/23,03:00,430,,,,69
2026/4/23,03:15,430,,,,67
2026/4/23,03:30,430,,,,67
2026/4/23,03:45,430,,,,69
2026/4/23,04:00,430,,,,46
2026/4/23,04:15,430,,,,42
2026/4/23,04:30,430,,,,43
2026/4/23,04:45,430,,,,40
2026/4/23,05:00,430,,,,30
2026/4/23,05:15,430,,,,34
2026/4/23,05:30,430,,,,30
2026/4/23,05:45,430,,,,31
2026/4/23,06:00,430,,,,33
2026/4/23,06:15,430,,34,,
2026/4/23,06:30,430,,33,,
2026/4/23,06:45,430,,35,,
2026/4/23,07:00,430,,34,,
2026/4/23,07:15,430,,35,,
2026/4/23,07:30,430,,37,,
2026/4/23,07:45,430,,39,,
2026/4/23,08:00,430,,45,,
2026/4/23,08:15,430,,111,,
2026/4/23,08:30,430,,122,,
2026/4/23,08:45,430,,126,,
2026/4/23,09:00,430,,126,,
2026/4/23,09:15,430,,207,,
2026/4/23,09:30,430,,292,,
2026/4/23,09:45,430,,321,,
2026/4/23,10:00,430,,350,,
2026/4/23,10:15,430,,357,,
2026/4/23,10:30,430,,357,,
2026/4/23,10:45,430,,348,,
2026/4/23,11:00,430,,360,,
2026/4/23,11:15,430,,,,354
2026/4/23,11:30,430,,,,347
2026/4/23,11:45,430,,,,330
2026/4/23,12:00,430,,,,328
2026/4/23,12:15,430,,,,306
2026/4/23,12:30,430,,,,290
2026/4/23,12:45,430,,,,277
2026/4/23,13:00,430,,,,278
2026/4/23,13:15,430,,,,340
2026/4/23,13:30,430,,,,344
2026/4/23,13:45,430,,,,349
2026/4/23,14:00,430,,,,363
2026/4/23,14:15,430,,369,,
2026/4/23,14:30,430,,347,,
2026/4/23,14:45,430,,352,,
2026/4/23,15:00,430,,377,,
2026/4/23,15:15,430,,355,,
2026/4/23,15:30,430,,317,,
2026/4/23,15:45,430,,330,,
2026/4/23,16:00,430,,371,,
2026/4/23,16:15,430,,355,,
2026/4/23,16:30,430,,335,,
2026/4/23,16:45,430,,339,,
2026/4/23,17:00,430,,353,,
2026/4/23,17:15,430,,334,,
2026/4/23,17:30,430,,277,,
2026/4/23,17:45,430,,272,,
2026/4/23,18:00,430,,292,,
2026/4/23,18:15,430,,280,,
2026/4/23,18:30,430,,299,,
2026/4/23,18:45,430,,312,,
2026/4/23,19:00,430,,318,,
2026/4/23,19:15,430,,326,,
2026/4/23,19:30,430,,312,,
2026/4/23,19:45,430,,306,,
2026/4/23,20:00,430,,301,,
2026/4/23,20:15,430,,240,,
2026/4/23,20:30,430,,203,,
2026/4/23,20:45,430,,240,,
2026/4/23,21:00,430,,294,,
2026/4/23,21:15,430,,298,,
2026/4/23,21:30,430,,298,,
2026/4/23,21:45,430,,298,,
2026/4/23,22:00,430,,285,,
2026/4/23,22:15,430,,280,,
2026/4/23,22:30,430,,288,,
2026/4/23,22:45,430,,301,,
2026/4/23,23:00,430,,296,,
2026/4/23,23:15,430,,227,,
2026/4/23,23:30,430,,198,,
2026/4/23,23:45,430,,242,,
2026/4/24,00:00,430,,274,,
2026/4/24,00:15,430,,,,213
2026/4/24,00:30,430,,,,147
2026/4/24,00:45,430,,,,123
2026/4/24,01:00,430,,,,77
2026/4/24,01:15,430,,,,74
2026/4/24,01:30,430,,,,70
2026/4/24,01:45,430,,,,67
2026/4/24,02:00,430,,,,67
2026/4/24,02:15,430,,,,67
2026/4/24,02:30,430,,,,61
2026/4/24,02:45,430,,,,51
2026/4/24,03:00,430,,,,51
2026/4/24,03:15,430,,,,51
2026/4/24,03:30,430,,,,51
2026/4/24,03:45,430,,,,51
2026/4/24,04:00,430,,,,29
2026/4/24,04:15,430,,,,26
2026/4/24,04:30,430,,,,27
2026/4/24,04:45,430,,,,27
2026/4/24,05:00,430,,,,29
2026/4/24,05:15,430,,,,30
2026/4/24,05:30,430,,,,27
2026/4/24,05:45,430,,,,29
2026/4/24,06:00,430,,,,29
2026/4/24,06:15,430,,32,,
2026/4/24,06:30,430,,48,,
2026/4/24,06:45,430,,72,,
2026/4/24,07:00,430,,69,,
2026/4/24,07:15,430,,55,,
2026/4/24,07:30,430,,53,,
2026/4/24,07:45,430,,54,,
2026/4/24,08:00,430,,60,,
2026/4/24,08:15,430,,97,,
2026/4/24,08:30,430,,113,,
2026/4/24,08:45,430,,115,,
2026/4/24,09:00,430,,111,,
2026/4/24,09:15,430,,157,,
2026/4/24,09:30,430,,240,,
2026/4/24,09:45,430,,297,,
2026/4/24,10:00,430,,316,,
2026/4/24,10:15,430,,310,,
2026/4/24,10:30,430,,319,,
2026/4/24,10:45,430,,333,,
2026/4/24,11:00,430,,336,,
2026/4/24,11:15,430,,,,322
2026/4/24,11:30,430,,,,309
2026/4/24,11:45,430,,,,301
2026/4/24,12:00,430,,,,280
2026/4/24,12:15,430,,,,262
2026/4/24,12:30,430,,,,264
2026/4/24,12:45,430,,,,264
2026/4/24,13:00,430,,,,252
2026/4/24,13:15,430,,,,280
2026/4/24,13:30,430,,,,309
2026/4/24,13:45,430,,,,310
2026/4/24,14:00,430,,,,316
2026/4/24,14:15,430,,317,,
2026/4/24,14:30,430,,318,,
2026/4/24,14:45,430,,315,,
2026/4/24,15:00,430,,322,,
2026/4/24,15:15,430,,314,,
2026/4/24,15:30,430,,324,,
2026/4/24,15:45,430,,330,,
2026/4/24,16:00,430,,314,,
2026/4/24,16:15,430,,328,,
2026/4/24,16:30,430,,331,,
2026/4/24,16:45,430,,319,,
2026/4/24,17:00,430,,330,,
2026/4/24,17:15,430,,320,,
2026/4/24,17:30,430,,281,,
2026/4/24,17:45,430,,271,,
2026/4/24,18:00,430,,276,,
2026/4/24,18:15,430,,288,,
2026/4/24,18:30,430,,290,,
2026/4/24,18:45,430,,299,,
2026/4/24,19:00,430,,293,,
2026/4/24,19:15,430,,301,,
2026/4/24,19:30,430,,296,,
2026/4/24,19:45,430,,307,,
2026/4/24,20:00,430,,282,,
2026/4/24,20:15,430,,248,,
2026/4/24,20:30,430,,226,,
2026/4/24,20:45,430,,256,,
2026/4/24,21:00,430,,298,,
2026/4/24,21:15,430,,290,,
2026/4/24,21:30,430,,288,,
2026/4/24,21:45,430,,307,,
2026/4/24,22:00,430,,306,,
2026/4/24,22:15,430,,288,,
2026/4/24,22:30,430,,285,,
2026/4/24,22:45,430,,290,,
2026/4/24,23:00,430,,291,,
2026/4/24,23:15,430,,237,,
2026/4/24,23:30,430,,198,,
2026/4/24,23:45,430,,242,,
2026/4/25,00:00,430,,286,,
2026/4/25,00:15,430,,,,282
2026/4/25,00:30,430,,,,280
2026/4/25,00:45,430,,,,272
2026/4/25,01:00,430,,,,208
2026/4/25,01:15,430,,,,149
2026/4/25,01:30,430,,,,104
2026/4/25,01:45,430,,,,96
2026/4/25,02:00,430,,,,75
2026/4/25,02:15,430,,,,70
2026/4/25,02:30,430,,,,66
2026/4/25,02:45,430,,,,66
2026/4/25,03:00,430,,,,62
2026/4/25,03:15,430,,,,62
2026/4/25,03:30,430,,,,59
2026/4/25,03:45,430,,,,53
2026/4/25,04:00,430,,,,37
2026/4/25,04:15,430,,,,38
2026/4/25,04:30,430,,,,34
2026/4/25,04:45,430,,,,26
2026/4/25,05:00,430,,,,26
2026/4/25,05:15,430,,,,27
2026/4/25,05:30,430,,,,27
2026/4/25,05:45,430,,,,27
2026/4/25,06:00,430,,,,32
2026/4/25,06:15,430,,,33,
2026/4/25,06:30,430,,,35,
2026/4/25,06:45,430,,,35,
2026/4/25,07:00,430,,,30,
2026/4/25,07:15,430,,,27,
2026/4/25,07:30,430,,,28,
2026/4/25,07:45,430,,,30,
2026/4/25,08:00,430,,,32,
2026/4/25,08:15,430,,,39,
2026/4/25,08:30,430,,,39,
2026/4/25,08:45,430,,,63,
2026/4/25,09:00,430,,,105,
2026/4/25,09:15,430,,,147,
2026/4/25,09:30,430,,,238,
2026/4/25,09:45,430,,,300,
2026/4/25,10:00,430,,,319,
2026/4/25,10:15,430,,,292,
2026/4/25,10:30,430,,,288,
2026/4/25,10:45,430,,,311,
2026/4/25,11:00,430,,,308,
2026/4/25,11:15,430,,,,304
2026/4/25,11:30,430,,,,311
2026/4/25,11:45,430,,,,303
2026/4/25,12:00,430,,,,283
2026/4/25,12:15,430,,,,268
2026/4/25,12:30,430,,,,259
2026/4/25,12:45,430,,,,238
2026/4/25,13:00,430,,,,235
2026/4/25,13:15,430,,,,260
2026/4/25,13:30,430,,,,296
2026/4/25,13:45,430,,,,287
2026/4/25,14:00,430,,,,307
2026/4/25,14:15,430,,,313,
2026/4/25,14:30,430,,,319,
2026/4/25,14:45,430,,,308,
2026/4/25,15:00,430,,,316,
2026/4/25,15:15,430,,,330,
2026/4/25,15:30,430,,,326,
2026/4/25,15:45,430,,,314,
2026/4/25,16:00,430,,,311,
2026/4/25,16:15,430,,,328,
2026/4/25,16:30,430,,,320,
2026/4/25,16:45,430,,,305,
2026/4/25,17:00,430,,,311,
2026/4/25,17:15,430,,,294,
2026/4/25,17:30,430,,,235,
2026/4/25,17:45,430,,,192,
2026/4/25,18:00,430,,,236,
2026/4/25,18:15,430,,,275,
2026/4/25,18:30,430,,,270,
2026/4/25,18:45,430,,,259,
2026/4/25,19:00,430,,,288,
2026/4/25,19:15,430,,,302,
2026/4/25,19:30,430,,,290,
2026/4/25,19:45,430,,,290,
2026/4/25,20:00,430,,,293,
2026/4/25,20:15,430,,,238,
2026/4/25,20:30,430,,,214,
2026/4/25,20:45,430,,,250,
2026/4/25,21:00,430,,,296,
2026/4/25,21:15,430,,,285,
2026/4/25,21:30,430,,,294,
2026/4/25,21:45,430,,,296,
2026/4/25,22:00,430,,,286,
2026/4/25,22:15,430,,,256,
2026/4/25,22:30,430,,,182,
2026/4/25,22:45,430,,,152,
2026/4/25,23:00,430,,,147,
2026/4/25,23:15,430,,,128,
2026/4/25,23:30,430,,,134,
2026/4/25,23:45,430,,,173,
2026/4/26,00:00,430,,,168,
2026/4/26,00:15,430,,,,104
2026/4/26,00:30,430,,,,94
2026/4/26,00:45,430,,,,90
2026/4/26,01:00,430,,,,88
2026/4/26,01:15,430,,,,91
2026/4/26,01:30,430,,,,88
2026/4/26,01:45,430,,,,61
2026/4/26,02:00,430,,,,51
2026/4/26,02:15,430,,,,48
2026/4/26,02:30,430,,,,48
2026/4/26,02:45,430,,,,46
2026/4/26,03:00,430,,,,34
2026/4/26,03:15,430,,,,27
2026/4/26,03:30,430,,,,26
2026/4/26,03:45,430,,,,27
2026/4/26,04:00,430,,,,27
2026/4/26,04:15,430,,,,26
2026/4/26,04:30,430,,,,26
2026/4/26,04:45,430,,,,24
2026/4/26,05:00,430,,,,27
2026/4/26,05:15,430,,,,24
2026/4/26,05:30,430,,,,22
2026/4/26,05:45,430,,,,26
2026/4/26,06:00,430,,,,24
2026/4/26,06:15,430,,,,22
2026/4/26,06:30,430,,,,22
2026/4/26,06:45,430,,,,22
2026/4/26,07:00,430,,,,23
2026/4/26,07:15,430,,,,23
2026/4/26,07:30,430,,,,26
2026/4/26,07:45,430,,,,41
2026/4/26,08:00,430,,,,39
2026/4/26,08:15,430,,,,35
2026/4/26,08:30,430,,,,28
2026/4/26,08:45,430,,,,31
2026/4/26,09:00,430,,,,50
2026/4/26,09:15,430,,,,56
2026/4/26,09:30,430,,,,51
2026/4/26,09:45,430,,,,57
2026/4/26,10:00,430,,,,54
2026/4/26,10:15,430,,,,55
2026/4/26,10:30,430,,,,56
2026/4/26,10:45,430,,,,55
2026/4/26,11:00,430,,,,83
2026/4/26,11:15,430,,,,100
2026/4/26,11:30,430,,,,108
2026/4/26,11:45,430,,,,171
2026/4/26,12:00,430,,,,243
2026/4/26,12:15,430,,,,305
2026/4/26,12:30,430,,,,283
2026/4/26,12:45,430,,,,275
2026/4/26,13:00,430,,,,276
2026/4/26,13:15,430,,,,295
2026/4/26,13:30,430,,,,292
2026/4/26,13:45,430,,,,277
2026/4/26,14:00,430,,,,291
2026/4/26,14:15,430,,,,293
2026/4/26,14:30,430,,,,285
2026/4/26,14:45,430,,,,260
2026/4/26,15:00,430,,,,271
2026/4/26,15:15,430,,,,282
2026/4/26,15:30,430,,,,268
2026/4/26,15:45,430,,,,264
2026/4/26,16:00,430,,,,286
2026/4/26,16:15,430,,,,260
2026/4/26,16:30,430,,,,252
2026/4/26,16:45,430,,,,210
2026/4/26,17:00,430,,,,136
2026/4/26,17:15,430,,,,66
2026/4/26,17:30,430,,,,60
2026/4/26,17:45,430,,,,57
2026/4/26,18:00,430,,,,45
2026/4/26,18:15,430,,,,42
2026/4/26,18:30,430,,,,42
2026/4/26,18:45,430,,,,59
2026/4/26,19:00,430,,,,53
2026/4/26,19:15,430,,,,46
2026/4/26,19:30,430,,,,43
2026/4/26,19:45,430,,,,42
2026/4/26,20:00,430,,,,40
2026/4/26,20:15,430,,,,42
2026/4/26,20:30,430,,,,42
2026/4/26,20:45,430,,,,35
2026/4/26,21:00,430,,,,19
2026/4/26,21:15,430,,,,19
2026/4/26,21:30,430,,,,21
2026/4/26,21:45,430,,,,21
2026/4/26,22:00,430,,,,21
2026/4/26,22:15,430,,,,19
2026/4/26,22:30,430,,,,19
2026/4/26,22:45,430,,,,19
2026/4/26,23:00,430,,,,19
2026/4/26,23:15,430,,,,21
2026/4/26,23:30,430,,,,19
2026/4/26,23:45,430,,,,19
2026/4/27,00:00,430,,,,19
2026/4/27,00:15,430,,,,19
2026/4/27,00:30,430,,,,19
2026/4/27,00:45,430,,,,19
2026/4/27,01:00,430,,,,19
2026/4/27,01:15,430,,,,21
2026/4/27,01:30,430,,,,21
2026/4/27,01:45,430,,,,19
2026/4/27,02:00,430,,,,18
2026/4/27,02:15,430,,,,19
2026/4/27,02:30,430,,,,18
2026/4/27,02:45,430,,,,22
2026/4/27,03:00,430,,,,24
2026/4/27,03:15,430,,,,22
2026/4/27,03:30,430,,,,22
2026/4/27,03:45,430,,,,24
2026/4/27,04:00,430,,,,24
2026/4/27,04:15,430,,,,22
2026/4/27,04:30,430,,,,22
2026/4/27,04:45,430,,,,24
2026/4/27,05:00,430,,,,24
2026/4/27,05:15,430,,,,24
2026/4/27,05:30,430,,,,24
2026/4/27,05:45,430,,,,26
2026/4/27,06:00,430,,,,30
2026/4/27,06:15,430,,28,,
2026/4/27,06:30,430,,26,,
2026/4/27,06:45,430,,29,,
2026/4/27,07:00,430,,30,,
2026/4/27,07:15,430,,32,,
2026/4/27,07:30,430,,31,,
2026/4/27,07:45,430,,49,,
2026/4/27,08:00,430,,49,,
2026/4/27,08:15,430,,60,,
2026/4/27,08:30,430,,106,,
2026/4/27,08:45,430,,107,,
2026/4/27,09:00,430,,127,,
2026/4/27,09:15,430,,160,,
2026/4/27,09:30,430,,206,,
2026/4/27,09:45,430,,257,,
2026/4/27,10:00,430,,293,,
2026/4/27,10:15,430,,314,,
2026/4/27,10:30,430,,320,,
2026/4/27,10:45,430,,313,,
2026/4/27,11:00,430,,341,,
2026/4/27,11:15,430,,,,335
2026/4/27,11:30,430,,,,307
2026/4/27,11:45,430,,,,319
2026/4/27,12:00,430,,,,319
2026/4/27,12:15,430,,,,254
2026/4/27,12:30,430,,,,258
2026/4/27,12:45,430,,,,260
2026/4/27,13:00,430,,,,196
2026/4/27,13:15,430,,,,195
2026/4/27,13:30,430,,,,270
2026/4/27,13:45,430,,,,337
2026/4/27,14:00,430,,,,339
2026/4/27,14:15,430,,299,,
2026/4/27,14:30,430,,306,,
2026/4/27,14:45,430,,322,,
2026/4/27,15:00,430,,326,,
2026/4/27,15:15,430,,329,,
2026/4/27,15:30,430,,324,,
2026/4/27,15:45,430,,296,,
2026/4/27,16:00,430,,311,,
2026/4/27,16:15,430,,315,,
2026/4/27,16:30,430,,309,,
2026/4/27,16:45,430,,309,,
2026/4/27,17:00,430,,299,,
2026/4/27,17:15,430,,279,,
2026/4/27,17:30,430,,216,,
2026/4/27,17:45,430,,222,,
2026/4/27,18:00,430,,277,,
2026/4/27,18:15,430,,302,,
2026/4/27,18:30,430,,307,,
2026/4/27,18:45,430,,323,,
2026/4/27,19:00,430,,318,,
2026/4/27,19:15,430,,310,,
2026/4/27,19:30,430,,293,,
2026/4/27,19:45,430,,317,,
2026/4/27,20:00,430,,307,,
2026/4/27,20:15,430,,259,,
2026/4/27,20:30,430,,248,,
2026/4/27,20:45,430,,258,,
2026/4/27,21:00,430,,296,,
2026/4/27,21:15,430,,309,,
2026/4/27,21:30,430,,291,,
2026/4/27,21:45,430,,282,,
2026/4/27,22:00,430,,262,,
2026/4/27,22:15,430,,242,,
2026/4/27,22:30,430,,197,,
2026/4/27,22:45,430,,171,,
2026/4/27,23:00,430,,160,,
2026/4/27,23:15,430,,149,,
2026/4/27,23:30,430,,162,,
2026/4/27,23:45,430,,189,,
2026/4/28,00:00,430,,198,,
2026/4/28,00:15,430,,,,134
2026/4/28,00:30,430,,,,104
2026/4/28,00:45,430,,,,99
2026/4/28,01:00,430,,,,94
2026/4/28,01:15,430,,,,67
2026/4/28,01:30,430,,,,67
2026/4/28,01:45,430,,,,66
2026/4/28,02:00,430,,,,64
2026/4/28,02:15,430,,,,62
2026/4/28,02:30,430,,,,56
2026/4/28,02:45,430,,,,51
2026/4/28,03:00,430,,,,51
2026/4/28,03:15,430,,,,50
2026/4/28,03:30,430,,,,53
2026/4/28,03:45,430,,,,51
2026/4/28,04:00,430,,,,51
2026/4/28,04:15,430,,,,24
2026/4/28,04:30,430,,,,26
2026/4/28,04:45,430,,,,26
2026/4/28,05:00,430,,,,24
2026/4/28,05:15,430,,,,26
2026/4/28,05:30,430,,,,27
2026/4/28,05:45,430,,,,28
2026/4/28,06:00,430,,,,25
2026/4/28,06:15,430,,28,,
2026/4/28,06:30,430,,28,,
2026/4/28,06:45,430,,29,,
2026/4/28,07:00,430,,27,,
2026/4/28,07:15,430,,28,,
2026/4/28,07:30,430,,32,,
2026/4/28,07:45,430,,34,,
2026/4/28,08:00,430,,39,,
2026/4/28,08:15,430,,48,,
2026/4/28,08:30,430,,100,,
2026/4/28,08:45,430,,110,,
2026/4/28,09:00,430,,106,,
2026/4/28,09:15,430,,165,,
2026/4/28,09:30,430,,229,,
2026/4/28,09:45,430,,285,,
2026/4/28,10:00,430,,340,,
2026/4/28,10:15,430,,336,,
2026/4/28,10:30,430,,324,,
2026/4/28,10:45,430,,328,,
2026/4/28,11:00,430,,334,,
2026/4/28,11:15,430,,,,337
2026/4/28,11:30,430,,,,344
2026/4/28,11:45,430,,,,316
2026/4/28,12:00,430,,,,300
2026/4/28,12:15,430,,,,293
2026/4/28,12:30,430,,,,284
2026/4/28,12:45,430,,,,256
2026/4/28,13:00,430,,,,252
2026/4/28,13:15,430,,,,310
2026/4/28,13:30,430,,,,338
2026/4/28,13:45,430,,,,336
2026/4/28,14:00,430,,,,319
2026/4/28,14:15,430,,325,,
2026/4/28,14:30,430,,326,,
2026/4/28,14:45,430,,326,,
2026/4/28,15:00,430,,331,,
2026/4/28,15:15,430,,328,,
2026/4/28,15:30,430,,322,,
2026/4/28,15:45,430,,301,,
2026/4/28,16:00,430,,331,,
2026/4/28,16:15,430,,326,,
2026/4/28,16:30,430,,322,,
2026/4/28,16:45,430,,322,,
2026/4/28,17:00,430,,311,,
2026/4/28,17:15,430,,300,,
2026/4/28,17:30,430,,260,,
2026/4/28,17:45,430,,228,,
2026/4/28,18:00,430,,241,,
2026/4/28,18:15,430,,276,,
2026/4/28,18:30,430,,312,,
2026/4/28,18:45,430,,306,,
2026/4/28,19:00,430,,304,,
2026/4/28,19:15,430,,312,,
2026/4/28,19:30,430,,325,,
2026/4/28,19:45,430,,307,,
2026/4/28,20:00,430,,299,,
2026/4/28,20:15,430,,254,,
2026/4/28,20:30,430,,211,,
2026/4/28,20:45,430,,256,,
2026/4/28,21:00,430,,318,,
2026/4/28,21:15,430,,317,,
2026/4/28,21:30,430,,304,,
2026/4/28,21:45,430,,286,,
2026/4/28,22:00,430,,293,,
2026/4/28,22:15,430,,280,,
2026/4/28,22:30,430,,278,,
2026/4/28,22:45,430,,277,,
2026/4/28,23:00,430,,246,,
2026/4/28,23:15,430,,203,,
2026/4/28,23:30,430,,174,,
2026/4/28,23:45,430,,221,,
2026/4/29,00:00,430,,253,,
2026/4/29,00:15,430,,,,274
2026/4/29,00:30,430,,,,248
2026/4/29,00:45,430,,,,176
2026/4/29,01:00,430,,,,125
2026/4/29,01:15,430,,,,104
2026/4/29,01:30,430,,,,104
2026/4/29,01:45,430,,,,98
2026/4/29,02:00,430,,,,96
2026/4/29,02:15,430,,,,85
2026/4/29,02:30,430,,,,64
2026/4/29,02:45,430,,,,62
2026/4/29,03:00,430,,,,61
2026/4/29,03:15,430,,,,59
2026/4/29,03:30,430,,,,59
2026/4/29,03:45,430,,,,48
2026/4/29,04:00,430,,,,27
2026/4/29,04:15,430,,,,26
2026/4/29,04:30,430,,,,27
2026/4/29,04:45,430,,,,27
2026/4/29,05:00,430,,,,27
2026/4/29,05:15,430,,,,27
2026/4/29,05:30,430,,,,27
2026/4/29,05:45,430,,,,28
2026/4/29,06:00,430,,,,28
2026/4/29,06:15,430,,30,,
2026/4/29,06:30,430,,36,,
2026/4/29,06:45,430,,33,,
2026/4/29,07:00,430,,33,,
2026/4/29,07:15,430,,36,,
2026/4/29,07:30,430,,31,,
2026/4/29,07:45,430,,31,,
2026/4/29,08:00,430,,42,,
2026/4/29,08:15,430,,99,,
2026/4/29,08:30,430,,104,,
2026/4/29,08:45,430,,104,,
2026/4/29,09:00,430,,108,,
2026/4/29,09:15,430,,142,,
2026/4/29,09:30,430,,218,,
2026/4/29,09:45,430,,273,,
2026/4/29,10:00,430,,295,,
2026/4/29,10:15,430,,298,,
2026/4/29,10:30,430,,333,,
2026/4/29,10:45,430,,353,,
2026/4/29,11:00,430,,357,,
2026/4/29,11:15,430,,,,359
2026/4/29,11:30,430,,,,326
2026/4/29,11:45,430,,,,313
2026/4/29,12:00,430,,,,312
2026/4/29,12:15,430,,,,279
2026/4/29,12:30,430,,,,277
2026/4/29,12:45,430,,,,265
2026/4/29,13:00,430,,,,257
2026/4/29,13:15,430,,,,314
2026/4/29,13:30,430,,,,311
2026/4/29,13:45,430,,,,324
2026/4/29,14:00,430,,,,303
2026/4/29,14:15,430,,332,,
2026/4/29,14:30,430,,324,,
2026/4/29,14:45,430,,338,,
2026/4/29,15:00,430,,348,,
2026/4/29,15:15,430,,341,,
2026/4/29,15:30,430,,336,,
2026/4/29,15:45,430,,337,,
2026/4/29,16:00,430,,350,,
2026/4/29,16:15,430,,338,,
2026/4/29,16:30,430,,301,,
2026/4/29,16:45,430,,317,,
2026/4/29,17:00,430,,338,,
2026/4/29,17:15,430,,298,,
2026/4/29,17:30,430,,231,,
2026/4/29,17:45,430,,238,,
2026/4/29,18:00,430,,270,,
2026/4/29,18:15,430,,296,,
2026/4/29,18:30,430,,306,,
2026/4/29,18:45,430,,304,,
2026/4/29,19:00,430,,312,,
2026/4/29,19:15,430,,299,,
2026/4/29,19:30,430,,294,,
2026/4/29,19:45,430,,288,,
2026/4/29,20:00,430,,288,,
2026/4/29,20:15,430,,251,,
2026/4/29,20:30,430,,211,,
2026/4/29,20:45,430,,256,,
2026/4/29,21:00,430,,299,,
2026/4/29,21:15,430,,304,,
2026/4/29,21:30,430,,259,,
2026/4/29,21:45,430,,264,,
2026/4/29,22:00,430,,270,,
2026/4/29,22:15,430,,254,,
2026/4/29,22:30,430,,259,,
2026/4/29,22:45,430,,256,,
2026/4/29,23:00,430,,242,,
2026/4/29,23:15,430,,195,,
2026/4/29,23:30,430,,163,,
2026/4/29,23:45,430,,206,,
2026/4/30,00:00,430,,237,,
2026/4/30,00:15,430,,,,205
2026/4/30,00:30,430,,,,152
2026/4/30,00:45,430,,,,131
2026/4/30,01:00,430,,,,99
2026/4/30,01:15,430,,,,94
2026/4/30,01:30,430,,,,80
2026/4/30,01:45,430,,,,70
2026/4/30,02:00,430,,,,67
2026/4/30,02:15,430,,,,64
2026/4/30,02:30,430,,,,67
2026/4/30,02:45,430,,,,66
2026/4/30,03:00,430,,,,64
2026/4/30,03:15,430,,,,64
2026/4/30,03:30,430,,,,40
2026/4/30,03:45,430,,,,38
2026/4/30,04:00,430,,,,38
2026/4/30,04:15,430,,,,29
2026/4/30,04:30,430,,,,27
2026/4/30,04:45,430,,,,29
2026/4/30,05:00,430,,,,26
2026/4/30,05:15,430,,,,27
2026/4/30,05:30,430,,,,27
2026/4/30,05:45,430,,,,29
2026/4/30,06:00,430,,,,27
2026/4/30,06:15,430,,30,,
2026/4/30,06:30,430,,33,,
2026/4/30,06:45,430,,37,,
2026/4/30,07:00,430,,36,,
2026/4/30,07:15,430,,36,,
2026/4/30,07:30,430,,32,,
2026/4/30,07:45,430,,33,,
2026/4/30,08:00,430,,37,,
2026/4/30,08:15,430,,44,,
2026/4/30,08:30,430,,91,,
2026/4/30,08:45,430,,121,,
2026/4/30,09:00,430,,116,,
2026/4/30,09:15,430,,160,,
2026/4/30,09:30,430,,238,,
2026/4/30,09:45,430,,308,,
2026/4/30,10:00,430,,325,,
2026/4/30,10:15,430,,303,,
2026/4/30,10:30,430,,310,,
2026/4/30,10:45,430,,322,,
2026/4/30,11:00,430,,332,,
2026/4/30,11:15,430,,,,283
2026/4/30,11:30,430,,,,305
2026/4/30,11:45,430,,,,317
2026/4/30,12:00,430,,,,287
2026/4/30,12:15,430,,,,232
2026/4/30,12:30,430,,,,238
2026/4/30,12:45,430,,,,248
2026/4/30,13:00,430,,,,239
2026/4/30,13:15,430,,,,271
2026/4/30,13:30,430,,,,310
2026/4/30,13:45,430,,,,315
2026/4/30,14:00,430,,,,296
2026/4/30,14:15,430,,284,,
2026/4/30,14:30,430,,294,,
2026/4/30,14:45,430,,322,,
2026/4/30,15:00,430,,309,,
2026/4/30,15:15,430,,314,,
2026/4/30,15:30,430,,318,,
2026/4/30,15:45,430,,318,,
2026/4/30,16:00,430,,322,,
2026/4/30,16:15,430,,319,,
2026/4/30,16:30,430,,320,,
2026/4/30,16:45,430,,306,,
2026/4/30,17:00,430,,308,,
2026/4/30,17:15,430,,290,,
2026/4/30,17:30,430,,254,,
2026/4/30,17:45,430,,241,,
2026/4/30,18:00,430,,262,,
2026/4/30,18:15,430,,288,,
2026/4/30,18:30,430,,293,,
2026/4/30,18:45,430,,283,,
2026/4/30,19:00,430,,301,,
2026/4/30,19:15,430,,306,,
2026/4/30,19:30,430,,291,,
2026/4/30,19:45,430,,294,,
2026/4/30,20:00,430,,290,,
2026/4/30,20:15,430,,259,,
2026/4/30,20:30,430,,221,,
2026/4/30,20:45,430,,251,,
2026/4/30,21:00,430,,293,,
2026/4/30,21:15,430,,302,,
2026/4/30,21:30,430,,293,,
2026/4/30,21:45,430,,291,,
2026/4/30,22:00,430,,285,,
2026/4/30,22:15,430,,272,,
2026/4/30,22:30,430,,269,,
2026/4/30,22:45,430,,277,,
2026/4/30,23:00,430,,269,,
2026/4/30,23:15,430,,221,,
2026/4/30,23:30,430,,186,,
2026/4/30,23:45,430,,232,,
2026/5/1,00:00,430,,270,,
2026/5/1,00:15,430,,,,227
2026/5/1,00:30,430,,,,166
2026/5/1,00:45,430,,,,152
2026/5/1,01:00,430,,,,142
2026/5/1,01:15,430,,,,120
2026/5/1,01:30,430,,,,75
2026/5/1,01:45,430,,,,67
2026/5/1,02:00,430,,,,62
2026/5/1,02:15,430,,,,66
2026/5/1,02:30,430,,,,66
2026/5/1,02:45,430,,,,64
2026/5/1,03:00,430,,,,66
2026/5/1,03:15,430,,,,62
2026/5/1,03:30,430,,,,66
2026/5/1,03:45,430,,,,59
2026/5/1,04:00,430,,,,38
2026/5/1,04:15,430,,,,29
2026/5/1,04:30,430,,,,26
2026/5/1,04:45,430,,,,26
2026/5/1,05:00,430,,,,27
2026/5/1,05:15,430,,,,29
2026/5/1,05:30,430,,,,27
2026/5/1,05:45,430,,,,27
2026/5/1,06:00,430,,,,26
2026/5/1,06:15,430,,,,28
2026/5/1,06:30,430,,,,26
2026/5/1,06:45,430,,,,28
2026/5/1,07:00,430,,,,27
2026/5/1,07:15,430,,,,27
2026/5/1,07:30,430,,,,29
2026/5/1,07:45,430,,,,30
2026/5/1,08:00,430,,,,34
2026/5/1,08:15,430,,,,38
2026/5/1,08:30,430,,,,52
2026/5/1,08:45,430,,,,110
2026/5/1,09:00,430,,,,106
2026/5/1,09:15,430,,,,166
2026/5/1,09:30,430,,,,264
2026/5/1,09:45,430,,,,302
2026/5/1,10:00,430,,,,287
2026/5/1,10:15,430,,,,297
2026/5/1,10:30,430,,,,310
2026/5/1,10:45,430,,,,318
2026/5/1,11:00,430,,,,305
2026/5/1,11:15,430,,,,301
2026/5/1,11:30,430,,,,301
2026/5/1,11:45,430,,,,326
2026/5/1,12:00,430,,,,310
2026/5/1,12:15,430,,,,258
2026/5/1,12:30,430,,,,261
2026/5/1,12:45,430,,,,270
2026/5/1,13:00,430,,,,259
2026/5/1,13:15,430,,,,275
2026/5/1,13:30,430,,,,310
2026/5/1,13:45,430,,,,343
2026/5/1,14:00,430,,,,327
2026/5/1,14:15,430,,,,324
2026/5/1,14:30,430,,,,324
2026/5/1,14:45,430,,,,304
2026/5/1,15:00,430,,,,324
2026/5/1,15:15,430,,,,345
2026/5/1,15:30,430,,,,318
2026/5/1,15:45,430,,,,303
2026/5/1,16:00,430,,,,321
2026/5/1,16:15,430,,,,338
2026/5/1,16:30,430,,,,330
2026/5/1,16:45,430,,,,323
2026/5/1,17:00,430,,,,318
2026/5/1,17:15,430,,,,258
2026/5/1,17:30,430,,,,220
2026/5/1,17:45,430,,,,218
2026/5/1,18:00,430,,,,243
2026/5/1,18:15,430,,,,251
2026/5/1,18:30,430,,,,255
2026/5/1,18:45,430,,,,256
2026/5/1,19:00,430,,,,277
2026/5/1,19:15,430,,,,309
2026/5/1,19:30,430,,,,301
2026/5/1,19:45,430,,,,270
2026/5/1,20:00,430,,,,277
2026/5/1,20:15,430,,,,251
2026/5/1,20:30,430,,,,203
2026/5/1,20:45,430,,,,237
2026/5/1,21:00,430,,,,286
2026/5/1,21:15,430,,,,278
2026/5/1,21:30,430,,,,277
2026/5/1,21:45,430,,,,291
2026/5/1,22:00,430,,,,293
2026/5/1,22:15,430,,,,270
2026/5/1,22:30,430,,,,264
2026/5/1,22:45,430,,,,230
2026/5/1,23:00,430,,,,186
2026/5/1,23:15,430,,,,157
2026/5/1,23:30,430,,,,155
2026/5/1,23:45,430,,,,192
2026/5/2,00:00,430,,,,194
2026/5/2,00:15,430,,,,126
2026/5/2,00:30,430,,,,98
2026/5/2,00:45,430,,,,66
2026/5/2,01:00,430,,,,66
2026/5/2,01:15,430,,,,64
2026/5/2,01:30,430,,,,66
2026/5/2,01:45,430,,,,64
2026/5/2,02:00,430,,,,64
2026/5/2,02:15,430,,,,61
2026/5/2,02:30,430,,,,50
2026/5/2,02:45,430,,,,51
2026/5/2,03:00,430,,,,50
2026/5/2,03:15,430,,,,48
2026/5/2,03:30,430,,,,48
2026/5/2,03:45,430,,,,46
2026/5/2,04:00,430,,,,30
2026/5/2,04:15,430,,,,27
2026/5/2,04:30,430,,,,26
2026/5/2,04:45,430,,,,26
2026/5/2,05:00,430,,,,27
2026/5/2,05:15,430,,,,29
2026/5/2,05:30,430,,,,29
2026/5/2,05:45,430,,,,26
2026/5/2,06:00,430,,,,26
2026/5/2,06:15,430,,,29,
2026/5/2,06:30,430,,,28,
2026/5/2,06:45,430,,,30,
2026/5/2,07:00,430,,,31,
2026/5/2,07:15,430,,,32,
2026/5/2,07:30,430,,,33,
2026/5/2,07:45,430,,,32,
2026/5/2,08:00,430,,,39,
2026/5/2,08:15,430,,,41,
2026/5/2,08:30,430,,,81,
2026/5/2,08:45,430,,,108,
2026/5/2,09:00,430,,,109,
2026/5/2,09:15,430,,,187,
2026/5/2,09:30,430,,,260,
2026/5/2,09:45,430,,,302,
2026/5/2,10:00,430,,,315,
2026/5/2,10:15,430,,,311,
2026/5/2,10:30,430,,,329,
2026/5/2,10:45,430,,,305,
2026/5/2,11:00,430,,,304,
2026/5/2,11:15,430,,,,308
2026/5/2,11:30,430,,,,287
2026/5/2,11:45,430,,,,283
2026/5/2,12:00,430,,,,279
2026/5/2,12:15,430,,,,252
2026/5/2,12:30,430,,,,221
2026/5/2,12:45,430,,,,186
2026/5/2,13:00,430,,,,182
2026/5/2,13:15,430,,,,243
2026/5/2,13:30,430,,,,304
2026/5/2,13:45,430,,,,327
2026/5/2,14:00,430,,,,346
2026/5/2,14:15,430,,,343,
2026/5/2,14:30,430,,,322,
2026/5/2,14:45,430,,,315,
2026/5/2,15:00,430,,,330,
2026/5/2,15:15,430,,,337,
2026/5/2,15:30,430,,,322,
2026/5/2,15:45,430,,,323,
2026/5/2,16:00,430,,,315,
2026/5/2,16:15,430,,,287,
2026/5/2,16:30,430,,,246,
2026/5/2,16:45,430,,,224,
2026/5/2,17:00,430,,,252,
2026/5/2,17:15,430,,,242,
2026/5/2,17:30,430,,,209,
2026/5/2,17:45,430,,,186,
2026/5/2,18:00,430,,,213,
2026/5/2,18:15,430,,,240,
2026/5/2,18:30,430,,,237,
2026/5/2,18:45,430,,,235,
2026/5/2,19:00,430,,,235,
2026/5/2,19:15,430,,,277,
2026/5/2,19:30,430,,,294,
2026/5/2,19:45,430,,,288,
2026/5/2,20:00,430,,,275,
2026/5/2,20:15,430,,,235,
2026/5/2,20:30,430,,,192,
2026/5/2,20:45,430,,,248,
2026/5/2,21:00,430,,,302,
2026/5/2,21:15,430,,,293,
2026/5/2,21:30,430,,,274,
2026/5/2,21:45,430,,,269,
2026/5/2,22:00,430,,,262,
2026/5/2,22:15,430,,,245,
2026/5/2,22:30,430,,,210,
2026/5/2,22:45,430,,,182,
2026/5/2,23:00,430,,,157,
2026/5/2,23:15,430,,,162,
2026/5/2,23:30,430,,,166,
2026/5/2,23:45,430,,,189,
2026/5/3,00:00,430,,,173,
2026/5/3,00:15,430,,,,115
2026/5/3,00:30,430,,,,93
2026/5/3,00:45,430,,,,93
2026/5/3,01:00,430,,,,94
2026/5/3,01:15,430,,,,83
2026/5/3,01:30,430,,,,80
2026/5/3,01:45,430,,,,61
2026/5/3,02:00,430,,,,53
2026/5/3,02:15,430,,,,53
2026/5/3,02:30,430,,,,53
2026/5/3,02:45,430,,,,51
2026/5/3,03:00,430,,,,53
2026/5/3,03:15,430,,,,51
2026/5/3,03:30,430,,,,50
2026/5/3,03:45,430,,,,51
2026/5/3,04:00,430,,,,37
2026/5/3,04:15,430,,,,24
2026/5/3,04:30,430,,,,24
2026/5/3,04:45,430,,,,27
2026/5/3,05:00,430,,,,26
2026/5/3,05:15,430,,,,24
2026/5/3,05:30,430,,,,26
2026/5/3,05:45,430,,,,25
2026/5/3,06:00,430,,,,24
2026/5/3,06:15,430,,,,28
2026/5/3,06:30,430,,,,26
2026/5/3,06:45,430,,,,25
2026/5/3,07:00,430,,,,23
2026/5/3,07:15,430,,,,25
2026/5/3,07:30,430,,,,29
2026/5/3,07:45,430,,,,27
2026/5/3,08:00,430,,,,27
2026/5/3,08:15,430,,,,32
2026/5/3,08:30,430,,,,55
2026/5/3,08:45,430,,,,63
2026/5/3,09:00,430,,,,62
2026/5/3,09:15,430,,,,64
2026/5/3,09:30,430,,,,64
2026/5/3,09:45,430,,,,67
2026/5/3,10:00,430,,,,66
2026/5/3,10:15,430,,,,63
2026/5/3,10:30,430,,,,64
2026/5/3,10:45,430,,,,67
2026/5/3,11:00,430,,,,76
2026/5/3,11:15,430,,,,109
2026/5/3,11:30,430,,,,153
2026/5/3,11:45,430,,,,223
2026/5/3,12:00,430,,,,273
2026/5/3,12:15,430,,,,308
2026/5/3,12:30,430,,,,283
2026/5/3,12:45,430,,,,262
2026/5/3,13:00,430,,,,278
2026/5/3,13:15,430,,,,280
2026/5/3,13:30,430,,,,280
2026/5/3,13:45,430,,,,280
2026/5/3,14:00,430,,,,311
2026/5/3,14:15,430,,,,304
2026/5/3,14:30,430,,,,304
2026/5/3,14:45,430,,,,282
2026/5/3,15:00,430,,,,229
2026/5/3,15:15,430,,,,179
2026/5/3,15:30,430,,,,170
2026/5/3,15:45,430,,,,191
2026/5/3,16:00,430,,,,257
2026/5/3,16:15,430,,,,275
2026/5/3,16:30,430,,,,223
2026/5/3,16:45,430,,,,157
2026/5/3,17:00,430,,,,112
2026/5/3,17:15,430,,,,62
2026/5/3,17:30,430,,,,56
2026/5/3,17:45,430,,,,45
2026/5/3,18:00,430,,,,42
2026/5/3,18:15,430,,,,47
2026/5/3,18:30,430,,,,48
2026/5/3,18:45,430,,,,46
2026/5/3,19:00,430,,,,46
2026/5/3,19:15,430,,,,45
2026/5/3,19:30,430,,,,45
2026/5/3,19:45,430,,,,46
2026/5/3,20:00,430,,,,46
2026/5/3,20:15,430,,,,46
2026/5/3,20:30,430,,,,45
2026/5/3,20:45,430,,,,46
2026/5/3,21:00,430,,,,45
2026/5/3,21:15,430,,,,37
2026/5/3,21:30,430,,,,21
2026/5/3,21:45,430,,,,22
2026/5/3,22:00,430,,,,21
2026/5/3,22:15,430,,,,21
2026/5/3,22:30,430,,,,21
2026/5/3,22:45,430,,,,18
2026/5/3,23:00,430,,,,21
2026/5/3,23:15,430,,,,21
2026/5/3,23:30,430,,,,21
2026/5/3,23:45,430,,,,22
2026/5/4,00:00,430,,,,19
2026/5/4,00:15,430,,,,21
2026/5/4,00:30,430,,,,19
2026/5/4,00:45,430,,,,21
2026/5/4,01:00,430,,,,18
2026/5/4,01:15,430,,,,21
2026/5/4,01:30,430,,,,18
2026/5/4,01:45,430,,,,19
2026/5/4,02:00,430,,,,18
2026/5/4,02:15,430,,,,19
2026/5/4,02:30,430,,,,19
2026/5/4,02:45,430,,,,18
2026/5/4,03:00,430,,,,21
2026/5/4,03:15,430,,,,24
2026/5/4,03:30,430,,,,45
2026/5/4,03:45,430,,,,34
2026/5/4,04:00,430,,,,30
2026/5/4,04:15,430,,,,22
2026/5/4,04:30,430,,,,24
2026/5/4,04:45,430,,,,22
2026/5/4,05:00,430,,,,24
2026/5/4,05:15,430,,,,22
2026/5/4,05:30,430,,,,26
2026/5/4,05:45,430,,,,28
2026/5/4,06:00,430,,,,26
2026/5/4,06:15,430,,26,,
2026/5/4,06:30,430,,26,,
2026/5/4,06:45,430,,27,,
2026/5/4,07:00,430,,29,,
2026/5/4,07:15,430,,27,,
2026/5/4,07:30,430,,29,,
2026/5/4,07:45,430,,30,,
2026/5/4,08:00,430,,80,,
2026/5/4,08:15,430,,131,,
2026/5/4,08:30,430,,126,,
2026/5/4,08:45,430,,128,,
2026/5/4,09:00,430,,129,,
2026/5/4,09:15,430,,176,,
2026/5/4,09:30,430,,243,,
2026/5/4,09:45,430,,284,,
2026/5/4,10:00,430,,268,,
2026/5/4,10:15,430,,286,,
2026/5/4,10:30,430,,309,,
2026/5/4,10:45,430,,339,,
2026/5/4,11:00,430,,318,,
2026/5/4,11:15,430,,,,325
2026/5/4,11:30,430,,,,329
2026/5/4,11:45,430,,,,316
2026/5/4,12:00,430,,,,304
2026/5/4,12:15,430,,,,266
2026/5/4,12:30,430,,,,246
2026/5/4,12:45,430,,,,217
2026/5/4,13:00,430,,,,201
2026/5/4,13:15,430,,,,271
2026/5/4,13:30,430,,,,330
2026/5/4,13:45,430,,,,308
2026/5/4,14:00,430,,,,313
2026/5/4,14:15,430,,294,,
2026/5/4,14:30,430,,329,,
2026/5/4,14:45,430,,305,,
2026/5/4,15:00,430,,277,,
2026/5/4,15:15,430,,258,,
2026/5/4,15:30,430,,284,,
2026/5/4,15:45,430,,296,,
2026/5/4,16:00,430,,291,,
2026/5/4,16:15,430,,276,,
2026/5/4,16:30,430,,290,,
2026/5/4,16:45,430,,312,,
2026/5/4,17:00,430,,300,,
2026/5/4,17:15,430,,273,,
2026/5/4,17:30,430,,241,,
2026/5/4,17:45,430,,248,,
2026/5/4,18:00,430,,283,,
2026/5/4,18:15,430,,270,,
2026/5/4,18:30,430,,242,,
2026/5/4,18:45,430,,245,,
2026/5/4,19:00,430,,256,,
2026/5/4,19:15,430,,262,,
2026/5/4,19:30,430,,283,,
2026/5/4,19:45,430,,278,,
2026/5/4,20:00,430,,253,,
2026/5/4,20:15,430,,194,,
2026/5/4,20:30,430,,166,,
2026/5/4,20:45,430,,232,,
2026/5/4,21:00,430,,291,,
2026/5/4,21:15,430,,290,,
2026/5/4,21:30,430,,274,,
2026/5/4,21:45,430,,266,,
2026/5/4,22:00,430,,283,,
2026/5/4,22:15,430,,262,,
2026/5/4,22:30,430,,250,,
2026/5/4,22:45,430,,226,,
2026/5/4,23:00,430,,168,,
2026/5/4,23:15,430,,142,,
2026/5/4,23:30,430,,150,,
2026/5/4,23:45,430,,190,,
2026/5/5,00:00,430,,222,,
2026/5/5,00:15,430,,,,192
2026/5/5,00:30,430,,,,126
2026/5/5,00:45,430,,,,101
2026/5/5,01:00,430,,,,94
2026/5/5,01:15,430,,,,85
2026/5/5,01:30,430,,,,69
2026/5/5,01:45,430,,,,67
2026/5/5,02:00,430,,,,64
2026/5/5,02:15,430,,,,66
2026/5/5,02:30,430,,,,59
2026/5/5,02:45,430,,,,54
2026/5/5,03:00,430,,,,51
2026/5/5,03:15,430,,,,50
2026/5/5,03:30,430,,,,50
2026/5/5,03:45,430,,,,51
2026/5/5,04:00,430,,,,32
2026/5/5,04:15,430,,,,26
2026/5/5,04:30,430,,,,26
2026/5/5,04:45,430,,,,26
2026/5/5,05:00,430,,,,26
2026/5/5,05:15,430,,,,29
2026/5/5,05:30,430,,,,26
2026/5/5,05:45,430,,,,29
2026/5/5,06:00,430,,,,31
2026/5/5,06:15,430,,34,,
2026/5/5,06:30,430,,36,,
2026/5/5,06:45,430,,31,,
2026/5/5,07:00,430,,30,,
2026/5/5,07:15,430,,33,,
2026/5/5,07:30,430,,31,,
2026/5/5,07:45,430,,32,,
2026/5/5,08:00,430,,38,,
2026/5/5,08:15,430,,87,,
2026/5/5,08:30,430,,104,,
2026/5/5,08:45,430,,112,,
2026/5/5,09:00,430,,127,,
2026/5/5,09:15,430,,188,,
2026/5/5,09:30,430,,264,,
2026/5/5,09:45,430,,326,,
2026/5/5,10:00,430,,323,,
2026/5/5,10:15,430,,320,,
2026/5/5,10:30,430,,308,,
2026/5/5,10:45,430,,342,,
2026/5/5,11:00,430,,321,,
2026/5/5,11:15,430,,,,301
2026/5/5,11:30,430,,,,296
2026/5/5,11:45,430,,,,301
2026/5/5,12:00,430,,,,289
2026/5/5,12:15,430,,,,251
2026/5/5,12:30,430,,,,237
2026/5/5,12:45,430,,,,232
2026/5/5,13:00,430,,,,243
2026/5/5,13:15,430,,,,283
2026/5/5,13:30,430,,,,314
2026/5/5,13:45,430,,,,329
2026/5/5,14:00,430,,,,314
2026/5/5,14:15,430,,297,,
2026/5/5,14:30,430,,309,,
2026/5/5,14:45,430,,326,,
2026/5/5,15:00,430,,320,,
2026/5/5,15:15,430,,331,,
2026/5/5,15:30,430,,322,,
2026/5/5,15:45,430,,331,,
2026/5/5,16:00,430,,335,,
2026/5/5,16:15,430,,340,,
2026/5/5,16:30,430,,326,,
2026/5/5,16:45,430,,310,,
2026/5/5,17:00,430,,330,,
2026/5/5,17:15,430,,292,,
2026/5/5,17:30,430,,254,,
2026/5/5,17:45,430,,250,,
2026/5/5,18:00,430,,287,,
2026/5/5,18:15,430,,327,,
2026/5/5,18:30,430,,320,,
2026/5/5,18:45,430,,304,,
2026/5/5,19:00,430,,320,,
2026/5/5,19:15,430,,309,,
2026/5/5,19:30,430,,304,,
2026/5/5,19:45,430,,299,,
2026/5/5,20:00,430,,278,,
2026/5/5,20:15,430,,222,,
2026/5/5,20:30,430,,198,,
2026/5/5,20:45,430,,240,,
2026/5/5,21:00,430,,296,,
2026/5/5,21:15,430,,298,,
2026/5/5,21:30,430,,293,,
2026/5/5,21:45,430,,291,,
2026/5/5,22:00,430,,278,,
2026/5/5,22:15,430,,264,,
2026/5/5,22:30,430,,270,,
2026/5/5,22:45,430,,267,,
2026/5/5,23:00,430,,248,,
2026/5/5,23:15,430,,189,,
2026/5/5,23:30,430,,160,,
2026/5/5,23:45,430,,192,,
2026/5/6,00:00,430,,242,,
2026/5/6,00:15,430,,,,253
2026/5/6,00:30,430,,,,222
2026/5/6,00:45,430,,,,176
2026/5/6,01:00,430,,,,117
2026/5/6,01:15,430,,,,96
2026/5/6,01:30,430,,,,70
2026/5/6,01:45,430,,,,67
2026/5/6,02:00,430,,,,64
2026/5/6,02:15,430,,,,64
2026/5/6,02:30,430,,,,62
2026/5/6,02:45,430,,,,62
2026/5/6,03:00,430,,,,59
2026/5/6,03:15,430,,,,61
2026/5/6,03:30,430,,,,53
2026/5/6,03:45,430,,,,38
2026/5/6,04:00,430,,,,26
2026/5/6,04:15,430,,,,27
2026/5/6,04:30,430,,,,26
2026/5/6,04:45,430,,,,27
2026/5/6,05:00,430,,,,26
2026/5/6,05:15,430,,,,27
2026/5/6,05:30,430,,,,29
2026/5/6,05:45,430,,,,29
2026/5/6,06:00,430,,,,37
2026/5/6,06:15,430,,31,,
2026/5/6,06:30,430,,31,,
2026/5/6,06:45,430,,35,,
2026/5/6,07:00,430,,34,,
2026/5/6,07:15,430,,33,,
2026/5/6,07:30,430,,33,,
2026/5/6,07:45,430,,33,,
2026/5/6,08:00,430,,38,,
2026/5/6,08:15,430,,62,,
2026/5/6,08:30,430,,98,,
2026/5/6,08:45,430,,100,,
2026/5/6,09:00,430,,108,,
2026/5/6,09:15,430,,173,,
2026/5/6,09:30,430,,258,,
2026/5/6,09:45,430,,328,,
2026/5/6,10:00,430,,328,,
2026/5/6,10:15,430,,317,,
2026/5/6,10:30,430,,316,,
2026/5/6,10:45,430,,337,,
2026/5/6,11:00,430,,311,,
2026/5/6,11:15,430,,,,295
2026/5/6,11:30,430,,,,287
2026/5/6,11:45,430,,,,315
2026/5/6,12:00,430,,,,313
2026/5/6,12:15,430,,,,263
2026/5/6,12:30,430,,,,250
2026/5/6,12:45,430,,,,261
2026/5/6,13:00,430,,,,245
2026/5/6,13:15,430,,,,310
2026/5/6,13:30,430,,,,320
2026/5/6,13:45,430,,,,338
2026/5/6,14:00,430,,,,314
2026/5/6,14:15,430,,323,,
2026/5/6,14:30,430,,320,,
2026/5/6,14:45,430,,338,,
2026/5/6,15:00,430,,342,,
2026/5/6,15:15,430,,317,,
2026/5/6,15:30,430,,330,,
2026/5/6,15:45,430,,321,,
2026/5/6,16:00,430,,339,,
2026/5/6,16:15,430,,326,,
2026/5/6,16:30,430,,316,,
2026/5/6,16:45,430,,314,,
2026/5/6,17:00,430,,312,,
2026/5/6,17:15,430,,287,,
2026/5/6,17:30,430,,264,,
2026/5/6,17:45,430,,227,,
2026/5/6,18:00,430,,263,,
2026/5/6,18:15,430,,307,,
2026/5/6,18:30,430,,318,,
2026/5/6,18:45,430,,326,,
2026/5/6,19:00,430,,325,,
2026/5/6,19:15,430,,307,,
2026/5/6,19:30,430,,314,,
2026/5/6,19:45,430,,314,,
2026/5/6,20:00,430,,277,,
2026/5/6,20:15,430,,221,,
2026/5/6,20:30,430,,211,,
2026/5/6,20:45,430,,259,,
2026/5/6,21:00,430,,301,,
2026/5/6,21:15,430,,301,,
2026/5/6,21:30,430,,294,,
2026/5/6,21:45,430,,269,,
2026/5/6,22:00,430,,256,,
2026/5/6,22:15,430,,253,,
2026/5/6,22:30,430,,234,,
2026/5/6,22:45,430,,200,,
2026/5/6,23:00,430,,163,,
2026/5/6,23:15,430,,146,,
2026/5/6,23:30,430,,139,,
2026/5/6,23:45,430,,192,,
2026/5/7,00:00,430,,189,,
2026/5/7,00:15,430,,,,163
2026/5/7,00:30,430,,,,106
2026/5/7,00:45,430,,,,78
2026/5/7,01:00,430,,,,77
2026/5/7,01:15,430,,,,70
2026/5/7,01:30,430,,,,72
2026/5/7,01:45,430,,,,67
2026/5/7,02:00,430,,,,67
2026/5/7,02:15,430,,,,67
2026/5/7,02:30,430,,,,69
2026/5/7,02:45,430,,,,69
2026/5/7,03:00,430,,,,69
2026/5/7,03:15,430,,,,67
2026/5/7,03:30,430,,,,69
2026/5/7,03:45,430,,,,66
2026/5/7,04:00,430,,,,54
2026/5/7,04:15,430,,,,27
2026/5/7,04:30,430,,,,27
2026/5/7,04:45,430,,,,27
2026/5/7,05:00,430,,,,26
2026/5/7,05:15,430,,,,27
2026/5/7,05:30,430,,,,29
2026/5/7,05:45,430,,,,28
2026/5/7,06:00,430,,,,29
2026/5/7,06:15,430,,29,,
2026/5/7,06:30,430,,34,,
2026/5/7,06:45,430,,33,,
2026/5/7,07:00,430,,31,,
2026/5/7,07:15,430,,30,,
2026/5/7,07:30,430,,31,,
2026/5/7,07:45,430,,32,,
2026/5/7,08:00,430,,39,,
2026/5/7,08:15,430,,93,,
2026/5/7,08:30,430,,119,,
2026/5/7,08:45,430,,112,,
2026/5/7,09:00,430,,109,,
2026/5/7,09:15,430,,157,,
2026/5/7,09:30,430,,258,,
2026/5/7,09:45,430,,312,,
2026/5/7,10:00,430,,331,,
2026/5/7,10:15,430,,308,,
2026/5/7,10:30,430,,316,,
2026/5/7,10:45,430,,351,,
2026/5/7,11:00,430,,345,,
2026/5/7,11:15,430,,,,321
2026/5/7,11:30,430,,,,300
2026/5/7,11:45,430,,,,319
2026/5/7,12:00,430,,,,295
2026/5/7,12:15,430,,,,259
2026/5/7,12:30,430,,,,254
2026/5/7,12:45,430,,,,234
2026/5/7,13:00,430,,,,250
2026/5/7,13:15,430,,,,331
2026/5/7,13:30,430,,,,325
2026/5/7,13:45,430,,,,337
2026/5/7,14:00,430,,,,356
2026/5/7,14:15,430,,362,,
2026/5/7,14:30,430,,361,,
2026/5/7,14:45,430,,356,,
2026/5/7,15:00,430,,344,,
2026/5/7,15:15,430,,350,,
2026/5/7,15:30,430,,375,,
2026/5/7,15:45,430,,346,,
2026/5/7,16:00,430,,329,,
2026/5/7,16:15,430,,326,,
2026/5/7,16:30,430,,343,,
2026/5/7,16:45,430,,334,,
2026/5/7,17:00,430,,339,,
2026/5/7,17:15,430,,299,,
2026/5/7,17:30,430,,290,,
2026/5/7,17:45,430,,275,,
2026/5/7,18:00,430,,292,,
2026/5/7,18:15,430,,323,,
2026/5/7,18:30,430,,324,,
2026/5/7,18:45,430,,333,,
2026/5/7,19:00,430,,301,,
2026/5/7,19:15,430,,322,,
2026/5/7,19:30,430,,323,,
2026/5/7,19:45,430,,320,,
2026/5/7,20:00,430,,307,,
2026/5/7,20:15,430,,261,,
2026/5/7,20:30,430,,234,,
2026/5/7,20:45,430,,261,,
2026/5/7,21:00,430,,312,,
2026/5/7,21:15,430,,322,,
2026/5/7,21:30,430,,317,,
2026/5/7,21:45,430,,318,,
2026/5/7,22:00,430,,306,,
2026/5/7,22:15,430,,261,,
2026/5/7,22:30,430,,270,,
2026/5/7,22:45,430,,275,,
2026/5/7,23:00,430,,237,,
2026/5/7,23:15,430,,174,,
2026/5/7,23:30,430,,162,,
2026/5/7,23:45,430,,214,,
2026/5/8,00:00,430,,227,,
2026/5/8,00:15,430,,,,184
2026/5/8,00:30,430,,,,136
2026/5/8,00:45,430,,,,117
2026/5/8,01:00,430,,,,106
2026/5/8,01:15,430,,,,72
2026/5/8,01:30,430,,,,72
2026/5/8,01:45,430,,,,69
2026/5/8,02:00,430,,,,67
2026/5/8,02:15,430,,,,67
2026/5/8,02:30,430,,,,67
2026/5/8,02:45,430,,,,69
2026/5/8,03:00,430,,,,80
2026/5/8,03:15,430,,,,77
2026/5/8,03:30,430,,,,69
2026/5/8,03:45,430,,,,40
2026/5/8,04:00,430,,,,38
2026/5/8,04:15,430,,,,38
2026/5/8,04:30,430,,,,38
2026/5/8,04:45,430,,,,38
2026/5/8,05:00,430,,,,38
2026/5/8,05:15,430,,,,40
2026/5/8,05:30,430,,,,38
2026/5/8,05:45,430,,,,38
2026/5/8,06:00,430,,,,29
2026/5/8,06:15,430,,28,,
2026/5/8,06:30,430,,31,,
2026/5/8,06:45,430,,29,,
2026/5/8,07:00,430,,30,,
2026/5/8,07:15,430,,31,,
2026/5/8,07:30,430,,30,,
2026/5/8,07:45,430,,33,,
2026/5/8,08:00,430,,42,,
2026/5/8,08:15,430,,96,,
2026/5/8,08:30,430,,131,,
2026/5/8,08:45,430,,139,,
2026/5/8,09:00,430,,141,,
2026/5/8,09:15,430,,196,,
2026/5/8,09:30,430,,302,,
2026/5/8,09:45,430,,362,,
2026/5/8,10:00,430,,370,,
2026/5/8,10:15,430,,345,,
2026/5/8,10:30,430,,347,,
2026/5/8,10:45,430,,371,,
2026/5/8,11:00,430,,361,,
2026/5/8,11:15,430,,,,375
2026/5/8,11:30,430,,,,356
2026/5/8,11:45,430,,,,343
2026/5/8,12:00,430,,,,348
2026/5/8,12:15,430,,,,322
2026/5/8,12:30,430,,,,288
2026/5/8,12:45,430,,,,262
2026/5/8,13:00,430,,,,259
2026/5/8,13:15,430,,,,347
2026/5/8,13:30,430,,,,352
2026/5/8,13:45,430,,,,336
2026/5/8,14:00,430,,,,333
2026/5/8,14:15,430,,332,,
2026/5/8,14:30,430,,310,,
2026/5/8,14:45,430,,340,,
2026/5/8,15:00,430,,344,,
2026/5/8,15:15,430,,339,,
2026/5/8,15:30,430,,318,,
2026/5/8,15:45,430,,326,,
2026/5/8,16:00,430,,335,,
2026/5/8,16:15,430,,315,,
2026/5/8,16:30,430,,306,,
2026/5/8,16:45,430,,319,,
2026/5/8,17:00,430,,319,,
2026/5/8,17:15,430,,304,,
2026/5/8,17:30,430,,257,,
2026/5/8,17:45,430,,252,,
2026/5/8,18:00,430,,308,,
2026/5/8,18:15,430,,344,,
2026/5/8,18:30,430,,333,,
2026/5/8,18:45,430,,320,,
2026/5/8,19:00,430,,328,,
2026/5/8,19:15,430,,339,,
2026/5/8,19:30,430,,334,,
2026/5/8,19:45,430,,328,,
2026/5/8,20:00,430,,325,,
2026/5/8,20:15,430,,322,,
2026/5/8,20:30,430,,307,,
2026/5/8,20:45,430,,304,,
2026/5/8,21:00,430,,317,,
2026/5/8,21:15,430,,317,,
2026/5/8,21:30,430,,293,,
2026/5/8,21:45,430,,277,,
2026/5/8,22:00,430,,269,,
2026/5/8,22:15,430,,274,,
2026/5/8,22:30,430,,282,,
2026/5/8,22:45,430,,282,,
2026/5/8,23:00,430,,261,,
2026/5/8,23:15,430,,211,,
2026/5/8,23:30,430,,160,,
2026/5/8,23:45,430,,184,,
2026/5/9,00:00,430,,202,,
2026/5/9,00:15,430,,,,165
2026/5/9,00:30,430,,,,125
2026/5/9,00:45,430,,,,82
2026/5/9,01:00,430,,,,69
2026/5/9,01:15,430,,,,67
2026/5/9,01:30,430,,,,64
2026/5/9,01:45,430,,,,66
2026/5/9,02:00,430,,,,69
2026/5/9,02:15,430,,,,61
2026/5/9,02:30,430,,,,62
2026/5/9,02:45,430,,,,62
2026/5/9,03:00,430,,,,61
2026/5/9,03:15,430,,,,61
2026/5/9,03:30,430,,,,53
2026/5/9,03:45,430,,,,48
2026/5/9,04:00,430,,,,42
2026/5/9,04:15,430,,,,26
2026/5/9,04:30,430,,,,26
2026/5/9,04:45,430,,,,27
2026/5/9,05:00,430,,,,26
2026/5/9,05:15,430,,,,29
2026/5/9,05:30,430,,,,26
2026/5/9,05:45,430,,,,27
2026/5/9,06:00,430,,,,28
2026/5/9,06:15,430,,,39,
2026/5/9,06:30,430,,,32,
2026/5/9,06:45,430,,,35,
2026/5/9,07:00,430,,,33,
2026/5/9,07:15,430,,,29,
2026/5/9,07:30,430,,,30,
2026/5/9,07:45,430,,,31,
2026/5/9,08:00,430,,,33,
2026/5/9,08:15,430,,,42,
2026/5/9,08:30,430,,,75,
2026/5/9,08:45,430,,,105,
2026/5/9,09:00,430,,,109,
2026/5/9,09:15,430,,,160,
2026/5/9,09:30,430,,,243,
2026/5/9,09:45,430,,,317,
2026/5/9,10:00,430,,,319,
2026/5/9,10:15,430,,,305,
2026/5/9,10:30,430,,,306,
2026/5/9,10:45,430,,,319,
2026/5/9,11:00,430,,,316,
2026/5/9,11:15,430,,,,313
2026/5/9,11:30,430,,,,303
2026/5/9,11:45,430,,,,298
2026/5/9,12:00,430,,,,301
2026/5/9,12:15,430,,,,272
2026/5/9,12:30,430,,,,242
2026/5/9,12:45,430,,,,237
2026/5/9,13:00,430,,,,240
2026/5/9,13:15,430,,,,258
2026/5/9,13:30,430,,,,280
2026/5/9,13:45,430,,,,305
2026/5/9,14:00,430,,,,329
2026/5/9,14:15,430,,,306,
2026/5/9,14:30,430,,,299,
2026/5/9,14:45,430,,,300,
2026/5/9,15:00,430,,,312,
2026/5/9,15:15,430,,,302,
2026/5/9,15:30,430,,,298,
2026/5/9,15:45,430,,,327,
2026/5/9,16:00,430,,,321,
2026/5/9,16:15,430,,,302,
2026/5/9,16:30,430,,,309,
2026/5/9,16:45,430,,,336,
2026/5/9,17:00,430,,,331,
2026/5/9,17:15,430,,,287,
2026/5/9,17:30,430,,,252,
2026/5/9,17:45,430,,,207,
2026/5/9,18:00,430,,,251,
2026/5/9,18:15,430,,,303,
2026/5/9,18:30,430,,,302,
2026/5/9,18:45,430,,,288,
2026/5/9,19:00,430,,,293,
2026/5/9,19:15,430,,,310,
2026/5/9,19:30,430,,,304,
2026/5/9,19:45,430,,,294,
2026/5/9,20:00,430,,,275,
2026/5/9,20:15,430,,,226,
2026/5/9,20:30,430,,,190,
2026/5/9,20:45,430,,,213,
2026/5/9,21:00,430,,,269,
2026/5/9,21:15,430,,,278,
2026/5/9,21:30,430,,,270,
2026/5/9,21:45,430,,,264,
2026/5/9,22:00,430,,,290,
2026/5/9,22:15,430,,,278,
2026/5/9,22:30,430,,,278,
2026/5/9,22:45,430,,,266,
2026/5/9,23:00,430,,,226,
2026/5/9,23:15,430,,,154,
2026/5/9,23:30,430,,,144,
2026/5/9,23:45,430,,,187,
2026/5/10,00:00,430,,,189,
2026/5/10,00:15,430,,,,147
2026/5/10,00:30,430,,,,102
2026/5/10,00:45,430,,,,88
2026/5/10,01:00,430,,,,67
2026/5/10,01:15,430,,,,69
2026/5/10,01:30,430,,,,69
2026/5/10,01:45,430,,,,72
2026/5/10,02:00,430,,,,66
2026/5/10,02:15,430,,,,64
2026/5/10,02:30,430,,,,64
2026/5/10,02:45,430,,,,62
2026/5/10,03:00,430,,,,50
2026/5/10,03:15,430,,,,24
2026/5/10,03:30,430,,,,22
2026/5/10,03:45,430,,,,24
2026/5/10,04:00,430,,,,24
2026/5/10,04:15,430,,,,22
2026/5/10,04:30,430,,,,22
2026/5/10,04:45,430,,,,24
2026/5/10,05:00,430,,,,24
2026/5/10,05:15,430,,,,22
2026/5/10,05:30,430,,,,22
2026/5/10,05:45,430,,,,23
2026/5/10,06:00,430,,,,23
2026/5/10,06:15,430,,,,22
2026/5/10,06:30,430,,,,22
2026/5/10,06:45,430,,,,22
2026/5/10,07:00,430,,,,22
2026/5/10,07:15,430,,,,22
2026/5/10,07:30,430,,,,24
2026/5/10,07:45,430,,,,24
2026/5/10,08:00,430,,,,32
2026/5/10,08:15,430,,,,30
2026/5/10,08:30,430,,,,29
2026/5/10,08:45,430,,,,31
2026/5/10,09:00,430,,,,29
2026/5/10,09:15,430,,,,34
2026/5/10,09:30,430,,,,64
2026/5/10,09:45,430,,,,63
2026/5/10,10:00,430,,,,61
2026/5/10,10:15,430,,,,65
2026/5/10,10:30,430,,,,58
2026/5/10,10:45,430,,,,62
2026/5/10,11:00,430,,,,87
2026/5/10,11:15,430,,,,102
2026/5/10,11:30,430,,,,113
2026/5/10,11:45,430,,,,188
2026/5/10,12:00,430,,,,245
2026/5/10,12:15,430,,,,295
2026/5/10,12:30,430,,,,292
2026/5/10,12:45,430,,,,296
2026/5/10,13:00,430,,,,282
2026/5/10,13:15,430,,,,293
2026/5/10,13:30,430,,,,286
2026/5/10,13:45,430,,,,295
2026/5/10,14:00,430,,,,288
2026/5/10,14:15,430,,,,270
2026/5/10,14:30,430,,,,272
2026/5/10,14:45,430,,,,280
2026/5/10,15:00,430,,,,284
2026/5/10,15:15,430,,,,267
2026/5/10,15:30,430,,,,283
2026/5/10,15:45,430,,,,254
2026/5/10,16:00,430,,,,212
2026/5/10,16:15,430,,,,221
2026/5/10,16:30,430,,,,271
2026/5/10,16:45,430,,,,224
2026/5/10,17:00,430,,,,143
2026/5/10,17:15,430,,,,95
2026/5/10,17:30,430,,,,58
2026/5/10,17:45,430,,,,58
2026/5/10,18:00,430,,,,57
2026/5/10,18:15,430,,,,57
2026/5/10,18:30,430,,,,54
2026/5/10,18:45,430,,,,51
2026/5/10,19:00,430,,,,42
2026/5/10,19:15,430,,,,40
2026/5/10,19:30,430,,,,42
2026/5/10,19:45,430,,,,40
2026/5/10,20:00,430,,,,42
2026/5/10,20:15,430,,,,45
2026/5/10,20:30,430,,,,42
2026/5/10,20:45,430,,,,38
2026/5/10,21:00,430,,,,19
2026/5/10,21:15,430,,,,21
2026/5/10,21:30,430,,,,21
2026/5/10,21:45,430,,,,19
2026/5/10,22:00,430,,,,21
2026/5/10,22:15,430,,,,21
2026/5/10,22:30,430,,,,19
2026/5/10,22:45,430,,,,21
2026/5/10,23:00,430,,,,19
2026/5/10,23:15,430,,,,24
2026/5/10,23:30,430,,,,27
2026/5/10,23:45,430,,,,19
2026/5/11,00:00,430,,,,19
2026/5/11,00:15,430,,,,18
2026/5/11,00:30,430,,,,21
2026/5/11,00:45,430,,,,21
2026/5/11,01:00,430,,,,19
2026/5/11,01:15,430,,,,21
2026/5/11,01:30,430,,,,19
2026/5/11,01:45,430,,,,19
2026/5/11,02:00,430,,,,19
2026/5/11,02:15,430,,,,21
2026/5/11,02:30,430,,,,19
2026/5/11,02:45,430,,,,19
2026/5/11,03:00,430,,,,21
2026/5/11,03:15,430,,,,24
2026/5/11,03:30,430,,,,22
2026/5/11,03:45,430,,,,22
2026/5/11,04:00,430,,,,26
2026/5/11,04:15,430,,,,24
2026/5/11,04:30,430,,,,24
2026/5/11,04:45,430,,,,22
2026/5/11,05:00,430,,,,22
2026/5/11,05:15,430,,,,27
2026/5/11,05:30,430,,,,24
2026/5/11,05:45,430,,,,24
2026/5/11,06:00,430,,,,26
2026/5/11,06:15,430,,27,,
2026/5/11,06:30,430,,29,,
2026/5/11,06:45,430,,27,,
2026/5/11,07:00,430,,27,,
2026/5/11,07:15,430,,30,,
2026/5/11,07:30,430,,30,,
2026/5/11,07:45,430,,33,,
2026/5/11,08:00,430,,41,,
2026/5/11,08:15,430,,105,,
2026/5/11,08:30,430,,127,,
2026/5/11,08:45,430,,133,,
2026/5/11,09:00,430,,140,,
2026/5/11,09:15,430,,204,,
2026/5/11,09:30,430,,245,,
2026/5/11,09:45,430,,291,,
2026/5/11,10:00,430,,307,,
2026/5/11,10:15,430,,330,,
2026/5/11,10:30,430,,337,,
2026/5/11,10:45,430,,358,,
2026/5/11,11:00,430,,359,,
2026/5/11,11:15,430,,,,364
2026/5/11,11:30,430,,,,343
2026/5/11,11:45,430,,,,343
2026/5/11,12:00,430,,,,358
2026/5/11,12:15,430,,,,320
2026/5/11,12:30,430,,,,287
2026/5/11,12:45,430,,,,279
2026/5/11,13:00,430,,,,248
2026/5/11,13:15,430,,,,301
2026/5/11,13:30,430,,,,343
2026/5/11,13:45,430,,,,331
2026/5/11,14:00,430,,,,304
2026/5/11,14:15,430,,291,,
2026/5/11,14:30,430,,311,,
2026/5/11,14:45,430,,349,,
2026/5/11,15:00,430,,330,,
2026/5/11,15:15,430,,333,,
2026/5/11,15:30,430,,313,,
2026/5/11,15:45,430,,310,,
2026/5/11,16:00,430,,300,,
2026/5/11,16:15,430,,267,,
2026/5/11,16:30,430,,271,,
2026/5/11,16:45,430,,310,,
2026/5/11,17:00,430,,333,,
2026/5/11,17:15,430,,266,,
2026/5/11,17:30,430,,237,,
2026/5/11,17:45,430,,234,,
2026/5/11,18:00,430,,271,,
2026/5/11,18:15,430,,327,,
2026/5/11,18:30,430,,289,,
2026/5/11,18:45,430,,256,,
2026/5/11,19:00,430,,253,,
2026/5/11,19:15,430,,267,,
2026/5/11,19:30,430,,309,,
2026/5/11,19:45,430,,317,,
2026/5/11,20:00,430,,286,,
2026/5/11,20:15,430,,256,,
2026/5/11,20:30,430,,214,,
2026/5/11,20:45,430,,242,,
2026/5/11,21:00,430,,286,,
2026/5/11,21:15,430,,307,,
2026/5/11,21:30,430,,314,,
2026/5/11,21:45,430,,293,,
2026/5/11,22:00,430,,283,,
2026/5/11,22:15,430,,269,,
2026/5/11,22:30,430,,261,,
2026/5/11,22:45,430,,266,,
2026/5/11,23:00,430,,195,,
2026/5/11,23:15,430,,144,,
2026/5/11,23:30,430,,136,,
2026/5/11,23:45,430,,190,,
2026/5/12,00:00,430,,203,,
2026/5/12,00:15,430,,,,163
2026/5/12,00:30,430,,,,109
2026/5/12,00:45,430,,,,77
2026/5/12,01:00,430,,,,74
2026/5/12,01:15,430,,,,70
2026/5/12,01:30,430,,,,66
2026/5/12,01:45,430,,,,67
2026/5/12,02:00,430,,,,69
2026/5/12,02:15,430,,,,67
2026/5/12,02:30,430,,,,66
2026/5/12,02:45,430,,,,67
2026/5/12,03:00,430,,,,54
2026/5/12,03:15,430,,,,54
2026/5/12,03:30,430,,,,51
2026/5/12,03:45,430,,,,50
2026/5/12,04:00,430,,,,26
2026/5/12,04:15,430,,,,26
2026/5/12,04:30,430,,,,27
2026/5/12,04:45,430,,,,26
2026/5/12,05:00,430,,,,27
2026/5/12,05:15,430,,,,26
2026/5/12,05:30,430,,,,28
2026/5/12,05:45,430,,,,28
2026/5/12,06:00,430,,,,28
2026/5/12,06:15,430,,33,,
2026/5/12,06:30,430,,33,,
2026/5/12,06:45,430,,31,,
2026/5/12,07:00,430,,28,,
2026/5/12,07:15,430,,31,,
2026/5/12,07:30,430,,31,,
2026/5/12,07:45,430,,37,,
2026/5/12,08:00,430,,41,,
2026/5/12,08:15,430,,65,,
2026/5/12,08:30,430,,108,,
2026/5/12,08:45,430,,116,,
2026/5/12,09:00,430,,136,,
2026/5/12,09:15,430,,152,,
2026/5/12,09:30,430,,246,,
2026/5/12,09:45,430,,310,,
2026/5/12,10:00,430,,363,,
2026/5/12,10:15,430,,359,,
2026/5/12,10:30,430,,347,,
2026/5/12,10:45,430,,343,,
2026/5/12,11:00,430,,364,,
2026/5/12,11:15,430,,,,352
2026/5/12,11:30,430,,,,344
2026/5/12,11:45,430,,,,335
2026/5/12,12:00,430,,,,344
2026/5/12,12:15,430,,,,297
2026/5/12,12:30,430,,,,276
2026/5/12,12:45,430,,,,263
2026/5/12,13:00,430,,,,271
2026/5/12,13:15,430,,,,319
2026/5/12,13:30,430,,,,350
2026/5/12,13:45,430,,,,380
2026/5/12,14:00,430,,,,360
2026/5/12,14:15,430,,356,,
2026/5/12,14:30,430,,374,,
2026/5/12,14:45,430,,360,,
2026/5/12,15:00,430,,363,,
2026/5/12,15:15,430,,370,,
2026/5/12,15:30,430,,366,,
2026/5/12,15:45,430,,355,,
2026/5/12,16:00,430,,342,,
2026/5/12,16:15,430,,329,,
2026/5/12,16:30,430,,333,,
2026/5/12,16:45,430,,327,,
2026/5/12,17:00,430,,329,,
2026/5/12,17:15,430,,308,,
2026/5/12,17:30,430,,296,,
2026/5/12,17:45,430,,273,,
2026/5/12,18:00,430,,300,,
2026/5/12,18:15,430,,328,,
2026/5/12,18:30,430,,341,,
2026/5/12,18:45,430,,338,,
2026/5/12,19:00,430,,330,,
2026/5/12,19:15,430,,317,,
2026/5/12,19:30,430,,325,,
2026/5/12,19:45,430,,306,,
2026/5/12,20:00,430,,278,,
2026/5/12,20:15,430,,245,,
2026/5/12,20:30,430,,235,,
2026/5/12,20:45,430,,262,,
2026/5/12,21:00,430,,306,,
2026/5/12,21:15,430,,320,,
2026/5/12,21:30,430,,314,,
2026/5/12,21:45,430,,307,,
2026/5/12,22:00,430,,301,,
2026/5/12,22:15,430,,294,,
2026/5/12,22:30,430,,285,,
2026/5/12,22:45,430,,285,,
2026/5/12,23:00,430,,277,,
2026/5/12,23:15,430,,213,,
2026/5/12,23:30,430,,162,,
2026/5/12,23:45,430,,189,,
2026/5/13,00:00,430,,221,,
2026/5/13,00:15,430,,,,166
2026/5/13,00:30,430,,,,120
2026/5/13,00:45,430,,,,99
2026/5/13,01:00,430,,,,69
2026/5/13,01:15,430,,,,66
2026/5/13,01:30,430,,,,66
2026/5/13,01:45,430,,,,66
2026/5/13,02:00,430,,,,64
2026/5/13,02:15,430,,,,62
2026/5/13,02:30,430,,,,61
2026/5/13,02:45,430,,,,62
2026/5/13,03:00,430,,,,56
2026/5/13,03:15,430,,,,50
2026/5/13,03:30,430,,,,48
2026/5/13,03:45,430,,,,48
2026/5/13,04:00,430,,,,34
2026/5/13,04:15,430,,,,27
2026/5/13,04:30,430,,,,26
2026/5/13,04:45,430,,,,27
2026/5/13,05:00,430,,,,26
2026/5/13,05:15,430,,,,29
2026/5/13,05:30,430,,,,27
2026/5/13,05:45,430,,,,26
2026/5/13,06:00,430,,,,29
2026/5/13,06:15,430,,27,,
2026/5/13,06:30,430,,31,,
2026/5/13,06:45,430,,30,,
2026/5/13,07:00,430,,31,,
2026/5/13,07:15,430,,28,,
2026/5/13,07:30,430,,32,,
2026/5/13,07:45,430,,35,,
2026/5/13,08:00,430,,39,,
2026/5/13,08:15,430,,45,,
2026/5/13,08:30,430,,64,,
2026/5/13,08:45,430,,117,,
2026/5/13,09:00,430,,115,,
2026/5/13,09:15,430,,163,,
2026/5/13,09:30,430,,254,,
2026/5/13,09:45,430,,336,,
2026/5/13,10:00,430,,338,,
2026/5/13,10:15,430,,338,,
2026/5/13,10:30,430,,350,,
2026/5/13,10:45,430,,364,,
2026/5/13,11:00,430,,338,,
2026/5/13,11:15,430,,,,320
2026/5/13,11:30,430,,,,332
2026/5/13,11:45,430,,,,337
2026/5/13,12:00,430,,,,345
2026/5/13,12:15,430,,,,303
2026/5/13,12:30,430,,,,287
2026/5/13,12:45,430,,,,256
2026/5/13,13:00,430,,,,246
2026/5/13,13:15,430,,,,325
2026/5/13,13:30,430,,,,348
2026/5/13,13:45,430,,,,351
2026/5/13,14:00,430,,,,322
2026/5/13,14:15,430,,321,,
2026/5/13,14:30,430,,329,,
2026/5/13,14:45,430,,346,,
2026/5/13,15:00,430,,358,,
2026/5/13,15:15,430,,351,,
2026/5/13,15:30,430,,361,,
2026/5/13,15:45,430,,350,,
2026/5/13,16:00,430,,361,,
2026/5/13,16:15,430,,340,,
2026/5/13,16:30,430,,330,,
2026/5/13,16:45,430,,337,,
2026/5/13,17:00,430,,338,,
2026/5/13,17:15,430,,291,,
2026/5/13,17:30,430,,273,,
2026/5/13,17:45,430,,274,,
2026/5/13,18:00,430,,304,,
2026/5/13,18:15,430,,326,,
2026/5/13,18:30,430,,331,,
2026/5/13,18:45,430,,341,,
2026/5/13,19:00,430,,326,,
2026/5/13,19:15,430,,314,,
2026/5/13,19:30,430,,320,,
2026/5/13,19:45,430,,317,,
2026/5/13,20:00,430,,301,,
2026/5/13,20:15,430,,250,,
2026/5/13,20:30,430,,200,,
2026/5/13,20:45,430,,224,,
2026/5/13,21:00,430,,285,,
2026/5/13,21:15,430,,312,,
2026/5/13,21:30,430,,312,,
2026/5/13,21:45,430,,301,,
2026/5/13,22:00,430,,291,,
2026/5/13,22:15,430,,278,,
2026/5/13,22:30,430,,256,,
2026/5/13,22:45,430,,240,,
2026/5/13,23:00,430,,230,,
2026/5/13,23:15,430,,176,,
2026/5/13,23:30,430,,138,,
2026/5/13,23:45,430,,174,,
2026/5/14,00:00,430,,205,,
2026/5/14,00:15,430,,,,168
2026/5/14,00:30,430,,,,125
2026/5/14,00:45,430,,,,96
2026/5/14,01:00,430,,,,91
2026/5/14,01:15,430,,,,80
2026/5/14,01:30,430,,,,69
2026/5/14,01:45,430,,,,69
2026/5/14,02:00,430,,,,66
2026/5/14,02:15,430,,,,66
2026/5/14,02:30,430,,,,66
2026/5/14,02:45,430,,,,66
2026/5/14,03:00,430,,,,56
2026/5/14,03:15,430,,,,53
2026/5/14,03:30,430,,,,51
2026/5/14,03:45,430,,,,40
2026/5/14,04:00,430,,,,32
2026/5/14,04:15,430,,,,32
2026/5/14,04:30,430,,,,26
2026/5/14,04:45,430,,,,29
2026/5/14,05:00,430,,,,27
2026/5/14,05:15,430,,,,30
2026/5/14,05:30,430,,,,27
2026/5/14,05:45,430,,,,29
2026/5/14,06:00,430,,,,30
2026/5/14,06:15,430,,32,,
2026/5/14,06:30,430,,36,,
2026/5/14,06:45,430,,35,,
2026/5/14,07:00,430,,31,,
2026/5/14,07:15,430,,34,,
2026/5/14,07:30,430,,33,,
2026/5/14,07:45,430,,37,,
2026/5/14,08:00,430,,42,,
2026/5/14,08:15,430,,46,,
2026/5/14,08:30,430,,86,,
2026/5/14,08:45,430,,124,,
2026/5/14,09:00,430,,119,,
2026/5/14,09:15,430,,180,,
2026/5/14,09:30,430,,255,,
2026/5/14,09:45,430,,311,,
2026/5/14,10:00,430,,361,,
2026/5/14,10:15,430,,329,,
2026/5/14,10:30,430,,343,,
2026/5/14,10:45,430,,347,,
2026/5/14,11:00,430,,341,,
2026/5/14,11:15,430,,,,305
2026/5/14,11:30,430,,,,303
2026/5/14,11:45,430,,,,321
2026/5/14,12:00,430,,,,306
2026/5/14,12:15,430,,,,269
2026/5/14,12:30,430,,,,262
2026/5/14,12:45,430,,,,253
2026/5/14,13:00,430,,,,238
2026/5/14,13:15,430,,,,327
2026/5/14,13:30,430,,,,351
2026/5/14,13:45,430,,,,351
2026/5/14,14:00,430,,,,327
2026/5/14,14:15,430,,326,,
2026/5/14,14:30,430,,323,,
2026/5/14,14:45,430,,348,,
2026/5/14,15:00,430,,345,,
2026/5/14,15:15,430,,330,,
2026/5/14,15:30,430,,343,,
2026/5/14,15:45,430,,350,,
2026/5/14,16:00,430,,345,,
2026/5/14,16:15,430,,337,,
2026/5/14,16:30,430,,326,,
2026/5/14,16:45,430,,325,,
2026/5/14,17:00,430,,337,,
2026/5/14,17:15,430,,304,,
2026/5/14,17:30,430,,278,,
2026/5/14,17:45,430,,269,,
2026/5/14,18:00,430,,307,,
2026/5/14,18:15,430,,320,,
2026/5/14,18:30,430,,336,,
2026/5/14,18:45,430,,326,,
2026/5/14,19:00,430,,326,,
2026/5/14,19:15,430,,312,,
2026/5/14,19:30,430,,315,,
2026/5/14,19:45,430,,325,,
2026/5/14,20:00,430,,318,,
2026/5/14,20:15,430,,259,,
2026/5/14,20:30,430,,238,,
2026/5/14,20:45,430,,270,,
2026/5/14,21:00,430,,323,,
2026/5/14,21:15,430,,304,,
2026/5/14,21:30,430,,302,,
2026/5/14,21:45,430,,302,,
2026/5/14,22:00,430,,288,,
2026/5/14,22:15,430,,285,,
2026/5/14,22:30,430,,282,,
2026/5/14,22:45,430,,277,,
2026/5/14,23:00,430,,278,,
2026/5/14,23:15,430,,190,,
2026/5/14,23:30,430,,147,,
2026/5/14,23:45,430,,197,,
2026/5/15,00:00,430,,229,,
2026/5/15,00:15,430,,,,195
2026/5/15,00:30,430,,,,130
2026/5/15,00:45,430,,,,86
2026/5/15,01:00,430,,,,74
2026/5/15,01:15,430,,,,72
2026/5/15,01:30,430,,,,74
2026/5/15,01:45,430,,,,69
2026/5/15,02:00,430,,,,67
2026/5/15,02:15,430,,,,67
2026/5/15,02:30,430,,,,66
2026/5/15,02:45,430,,,,67
2026/5/15,03:00,430,,,,67
2026/5/15,03:15,430,,,,61
2026/5/15,03:30,430,,,,53
2026/5/15,03:45,430,,,,51
2026/5/15,04:00,430,,,,35
2026/5/15,04:15,430,,,,27
2026/5/15,04:30,430,,,,27
2026/5/15,04:45,430,,,,27
2026/5/15,05:00,430,,,,27
2026/5/15,05:15,430,,,,29
2026/5/15,05:30,430,,,,27
2026/5/15,05:45,430,,,,28
2026/5/15,06:00,430,,,,29
2026/5/15,06:15,430,,32,,
2026/5/15,06:30,430,,35,,
2026/5/15,06:45,430,,34,,
2026/5/15,07:00,430,,30,,
2026/5/15,07:15,430,,31,,
2026/5/15,07:30,430,,33,,
2026/5/15,07:45,430,,36,,
2026/5/15,08:00,430,,40,,
2026/5/15,08:15,430,,49,,
2026/5/15,08:30,430,,59,,
2026/5/15,08:45,430,,103,,
2026/5/15,09:00,430,,107,,
2026/5/15,09:15,430,,184,,
2026/5/15,09:30,430,,262,,
2026/5/15,09:45,430,,322,,
2026/5/15,10:00,430,,348,,
2026/5/15,10:15,430,,335,,
2026/5/15,10:30,430,,335,,
2026/5/15,10:45,430,,349,,
2026/5/15,11:00,430,,345,,
2026/5/15,11:15,430,,,,339
2026/5/15,11:30,430,,,,302
2026/5/15,11:45,430,,,,323
2026/5/15,12:00,430,,,,329
2026/5/15,12:15,430,,,,294
2026/5/15,12:30,430,,,,274
2026/5/15,12:45,430,,,,282
2026/5/15,13:00,430,,,,271
2026/5/15,13:15,430,,,,324
2026/5/15,13:30,430,,,,342
2026/5/15,13:45,430,,,,359
2026/5/15,14:00,430,,,,371
2026/5/15,14:15,430,,353,,
2026/5/15,14:30,430,,357,,
2026/5/15,14:45,430,,316,,
2026/5/15,15:00,430,,307,,
2026/5/15,15:15,430,,346,,
2026/5/15,15:30,430,,377,,
2026/5/15,15:45,430,,364,,
2026/5/15,16:00,430,,340,,
2026/5/15,16:15,430,,307,,
2026/5/15,16:30,430,,322,,
2026/5/15,16:45,430,,337,,
2026/5/15,17:00,430,,336,,
2026/5/15,17:15,430,,305,,
2026/5/15,17:30,430,,263,,
2026/5/15,17:45,430,,281,,
2026/5/15,18:00,430,,307,,
2026/5/15,18:15,430,,330,,
2026/5/15,18:30,430,,328,,
2026/5/15,18:45,430,,333,,
2026/5/15,19:00,430,,318,,
2026/5/15,19:15,430,,301,,
2026/5/15,19:30,430,,302,,
2026/5/15,19:45,430,,310,,
2026/5/15,20:00,430,,310,,
2026/5/15,20:15,430,,250,,
2026/5/15,20:30,430,,219,,
2026/5/15,20:45,430,,267,,
2026/5/15,21:00,430,,315,,
2026/5/15,21:15,430,,298,,
2026/5/15,21:30,430,,285,,
2026/5/15,21:45,430,,301,,
2026/5/15,22:00,430,,299,,
2026/5/15,22:15,430,,286,,
2026/5/15,22:30,430,,298,,
2026/5/15,22:45,430,,306,,
2026/5/15,23:00,430,,256,,
2026/5/15,23:15,430,,202,,
2026/5/15,23:30,430,,174,,
2026/5/15,23:45,430,,226,,
2026/5/16,00:00,430,,266,,
2026/5/16,00:15,430,,,,192
2026/5/16,00:30,430,,,,126
2026/5/16,00:45,430,,,,109
2026/5/16,01:00,430,,,,101
2026/5/16,01:15,430,,,,82
2026/5/16,01:30,430,,,,70
2026/5/16,01:45,430,,,,69
2026/5/16,02:00,430,,,,66
2026/5/16,02:15,430,,,,69
2026/5/16,02:30,430,,,,64
2026/5/16,02:45,430,,,,61
2026/5/16,03:00,430,,,,53
2026/5/16,03:15,430,,,,53
2026/5/16,03:30,430,,,,51
2026/5/16,03:45,430,,,,51
2026/5/16,04:00,430,,,,50
2026/5/16,04:15,430,,,,50
2026/5/16,04:30,430,,,,40
2026/5/16,04:45,430,,,,27
2026/5/16,05:00,430,,,,26
2026/5/16,05:15,430,,,,27
2026/5/16,05:30,430,,,,26
2026/5/16,05:45,430,,,,27
2026/5/16,06:00,430,,,,28
2026/5/16,06:15,430,,,,30
2026/5/16,06:30,430,,,,34
2026/5/16,06:45,430,,,,36
2026/5/16,07:00,430,,,,34
2026/5/16,07:15,430,,,,33
2026/5/16,07:30,430,,,,32
2026/5/16,07:45,430,,,,34
2026/5/16,08:00,430,,,,39
2026/5/16,08:15,430,,,,40
2026/5/16,08:30,430,,,,63
2026/5/16,08:45,430,,,,100
2026/5/16,09:00,430,,,109,
2026/5/16,09:15,430,,,171,
2026/5/16,09:30,430,,,251,
2026/5/16,09:45,430,,,311,
2026/5/16,10:00,430,,,337,
2026/5/16,10:15,430,,,316,
2026/5/16,10:30,430,,,325,
2026/5/16,10:45,430,,,334,
2026/5/16,11:00,430,,,336,
2026/5/16,11:15,430,,,322,
2026/5/16,11:30,430,,,320,
2026/5/16,11:45,430,,,303,
2026/5/16,12:00,430,,,319,
2026/5/16,12:15,430,,,286,
2026/5/16,12:30,430,,,264,
2026/5/16,12:45,430,,,246,
2026/5/16,13:00,430,,,260,
2026/5/16,13:15,430,,,289,
2026/5/16,13:30,430,,,289,
2026/5/16,13:45,430,,,335,
2026/5/16,14:00,430,,,347,
2026/5/16,14:15,430,,,335,
2026/5/16,14:30,430,,,336,
2026/5/16,14:45,430,,,321,
2026/5/16,15:00,430,,,336,
2026/5/16,15:15,430,,,341,
2026/5/16,15:30,430,,,326,
2026/5/16,15:45,430,,,315,
2026/5/16,16:00,430,,,320,
2026/5/16,16:15,430,,,324,
2026/5/16,16:30,430,,,328,
2026/5/16,16:45,430,,,337,
2026/5/16,17:00,430,,,324,
2026/5/16,17:15,430,,,276,
2026/5/16,17:30,430,,,238,
2026/5/16,17:45,430,,,232,
2026/5/16,18:00,430,,,267,
2026/5/16,18:15,430,,,316,
2026/5/16,18:30,430,,,312,
2026/5/16,18:45,430,,,288,
2026/5/16,19:00,430,,,293,
2026/5/16,19:15,430,,,291,
2026/5/16,19:30,430,,,296,
2026/5/16,19:45,430,,,298,
2026/5/16,20:00,430,,,301,
2026/5/16,20:15,430,,,234,
2026/5/16,20:30,430,,,181,
2026/5/16,20:45,430,,,234,
2026/5/16,21:00,430,,,290,
2026/5/16,21:15,430,,,299,
2026/5/16,21:30,430,,,285,
2026/5/16,21:45,430,,,294,
2026/5/16,22:00,430,,,285,
2026/5/16,22:15,430,,,275,
2026/5/16,22:30,430,,,261,
2026/5/16,22:45,430,,,259,
2026/5/16,23:00,430,,,226,
2026/5/16,23:15,430,,,171,
2026/5/16,23:30,430,,,139,
2026/5/16,23:45,430,,,178,
2026/5/17,00:00,430,,,197,
2026/5/17,00:15,430,,,,149
2026/5/17,00:30,430,,,,98
2026/5/17,00:45,430,,,,78
2026/5/17,01:00,430,,,,70
2026/5/17,01:15,430,,,,75
2026/5/17,01:30,430,,,,83
2026/5/17,01:45,430,,,,83
2026/5/17,02:00,430,,,,70
2026/5/17,02:15,430,,,,69
2026/5/17,02:30,430,,,,67
2026/5/17,02:45,430,,,,69
2026/5/17,03:00,430,,,,67
2026/5/17,03:15,430,,,,69
2026/5/17,03:30,430,,,,69
2026/5/17,03:45,430,,,,67
2026/5/17,04:00,430,,,,66
2026/5/17,04:15,430,,,,59
2026/5/17,04:30,430,,,,54
2026/5/17,04:45,430,,,,54
2026/5/17,05:00,430,,,,37
2026/5/17,05:15,430,,,,27
2026/5/17,05:30,430,,,,25
2026/5/17,05:45,430,,,,26
2026/5/17,06:00,430,,,,29
2026/5/17,06:15,430,,,,27
2026/5/17,06:30,430,,,,25
2026/5/17,06:45,430,,,,25
2026/5/17,07:00,430,,,,24
2026/5/17,07:15,430,,,,27
2026/5/17,07:30,430,,,,24
2026/5/17,07:45,430,,,,27
2026/5/17,08:00,430,,,,28
2026/5/17,08:15,430,,,,34
2026/5/17,08:30,430,,,,30
2026/5/17,08:45,430,,,,31
2026/5/17,09:00,430,,,,30
2026/5/17,09:15,430,,,,23
2026/5/17,09:30,430,,,,0
2026/5/17,09:45,430,,,,0
2026/5/17,10:00,430,,,,0
2026/5/17,10:15,430,,,,0
2026/5/17,10:30,430,,,,0
2026/5/17,10:45,430,,,,0
2026/5/17,11:00,430,,,,0
2026/5/17,11:15,430,,,,0
2026/5/17,11:30,430,,,,0
2026/5/17,11:45,430,,,,0
2026/5/17,12:00,430,,,,0
2026/5/17,12:15,430,,,,0
2026/5/17,12:30,430,,,,0
2026/5/17,12:45,430,,,,0
2026/5/17,13:00,430,,,,0
2026/5/17,13:15,430,,,,0
2026/5/17,13:30,430,,,,0
2026/5/17,13:45,430,,,,111
2026/5/17,14:00,430,,,,221
2026/5/17,14:15,430,,,,287
2026/5/17,14:30,430,,,,334
2026/5/17,14:45,430,,,,329
2026/5/17,15:00,430,,,,297
2026/5/17,15:15,430,,,,312
2026/5/17,15:30,430,,,,316
2026/5/17,15:45,430,,,,309
2026/5/17,16:00,430,,,,323
2026/5/17,16:15,430,,,,293
2026/5/17,16:30,430,,,,299
2026/5/17,16:45,430,,,,316
2026/5/17,17:00,430,,,,274
2026/5/17,17:15,430,,,,289
2026/5/17,17:30,430,,,,267
2026/5/17,17:45,430,,,,259
2026/5/17,18:00,430,,,,274
2026/5/17,18:15,430,,,,277
2026/5/17,18:30,430,,,,258
2026/5/17,18:45,430,,,,195
2026/5/17,19:00,430,,,,130
2026/5/17,19:15,430,,,,107
2026/5/17,19:30,430,,,,64
2026/5/17,19:45,430,,,,66
2026/5/17,20:00,430,,,,64
2026/5/17,20:15,430,,,,67
2026/5/17,20:30,430,,,,61
2026/5/17,20:45,430,,,,58
2026/5/17,21:00,430,,,,46
2026/5/17,21:15,430,,,,53
2026/5/17,21:30,430,,,,51
2026/5/17,21:45,430,,,,59
2026/5/17,22:00,430,,,,43
2026/5/17,22:15,430,,,,27
2026/5/17,22:30,430,,,,24
2026/5/17,22:45,430,,,,21
2026/5/17,23:00,430,,,,22
2026/5/17,23:15,430,,,,21
2026/5/17,23:30,430,,,,22
2026/5/17,23:45,430,,,,21
2026/5/18,00:00,430,,,,22
2026/5/18,00:15,430,,,,21
2026/5/18,00:30,430,,,,21
2026/5/18,00:45,430,,,,21
2026/5/18,01:00,430,,,,21
2026/5/18,01:15,430,,,,21
2026/5/18,01:30,430,,,,21
2026/5/18,01:45,430,,,,21
2026/5/18,02:00,430,,,,21
2026/5/18,02:15,430,,,,21
2026/5/18,02:30,430,,,,21
2026/5/18,02:45,430,,,,21
2026/5/18,03:00,430,,,,22
2026/5/18,03:15,430,,,,26
2026/5/18,03:30,430,,,,26
2026/5/18,03:45,430,,,,26
2026/5/18,04:00,430,,,,26
2026/5/18,04:15,430,,,,26
2026/5/18,04:30,430,,,,27
2026/5/18,04:45,430,,,,24
2026/5/18,05:00,430,,,,30
2026/5/18,05:15,430,,,,26
2026/5/18,05:30,430,,,,29
2026/5/18,05:45,430,,,,27
2026/5/18,06:00,430,,,,28
2026/5/18,06:15,430,,,,30
2026/5/18,06:30,430,,,,38
2026/5/18,06:45,430,,,,78
2026/5/18,07:00,430,,,,56
2026/5/18,07:15,430,,,,51
2026/5/18,07:30,430,,,,33
2026/5/18,07:45,430,,,,38
2026/5/18,08:00,430,,,,41
2026/5/18,08:15,430,,,,85
2026/5/18,08:30,430,,,,130
2026/5/18,08:45,430,,,,128
2026/5/18,09:00,430,,,,128
2026/5/18,09:15,430,,164,,
2026/5/18,09:30,430,,254,,
2026/5/18,09:45,430,,337,,
2026/5/18,10:00,430,,381,,
2026/5/18,10:15,430,,368,,
2026/5/18,10:30,430,,358,,
2026/5/18,10:45,430,,356,,
2026/5/18,11:00,430,,368,,
2026/5/18,11:15,430,,342,,
2026/5/18,11:30,430,,348,,
2026/5/18,11:45,430,,358,,
2026/5/18,12:00,430,,307,,
2026/5/18,12:15,430,,268,,
2026/5/18,12:30,430,,253,,
2026/5/18,12:45,430,,236,,
2026/5/18,13:00,430,,250,,
2026/5/18,13:15,430,,282,,
2026/5/18,13:30,430,,306,,
2026/5/18,13:45,430,,343,,
2026/5/18,14:00,430,,367,,
2026/5/18,14:15,430,,357,,
2026/5/18,14:30,430,,327,,
2026/5/18,14:45,430,,337,,
2026/5/18,15:00,430,,340,,
2026/5/18,15:15,430,,324,,
2026/5/18,15:30,430,,315,,
2026/5/18,15:45,430,,283,,
2026/5/18,16:00,430,,296,,
2026/5/18,16:15,430,298,,,
2026/5/18,16:30,430,282,,,
2026/5/18,16:45,430,266,,,
2026/5/18,17:00,430,289,,,
2026/5/18,17:15,430,259,,,
2026/5/18,17:30,430,238,,,
2026/5/18,17:45,430,247,,,
2026/5/18,18:00,430,299,,,
2026/5/18,18:15,430,313,,,
2026/5/18,18:30,430,316,,,
2026/5/18,18:45,430,310,,,
2026/5/18,19:00,430,307,,,
2026/5/18,19:15,430,304,,,
2026/5/18,19:30,430,290,,,
2026/5/18,19:45,430,269,,,
2026/5/18,20:00,430,245,,,
2026/5/18,20:15,430,219,,,
2026/5/18,20:30,430,210,,,
2026/5/18,20:45,430,264,,,
2026/5/18,21:00,430,314,,,
2026/5/18,21:15,430,307,,,
2026/5/18,21:30,430,288,,,
2026/5/18,21:45,430,274,,,
2026/5/18,22:00,430,274,,,
2026/5/18,22:15,430,,246,,
2026/5/18,22:30,430,,218,,
2026/5/18,22:45,430,,168,,
2026/5/18,23:00,430,,128,,
2026/5/18,23:15,430,,117,,
2026/5/18,23:30,430,,168,,
2026/5/18,23:45,430,,218,,
2026/5/19,00:00,430,,187,,
2026/5/19,00:15,430,,,,122
2026/5/19,00:30,430,,,,101
2026/5/19,00:45,430,,,,101
2026/5/19,01:00,430,,,,102
2026/5/19,01:15,430,,,,88
2026/5/19,01:30,430,,,,70
2026/5/19,01:45,430,,,,61
2026/5/19,02:00,430,,,,54
2026/5/19,02:15,430,,,,53
2026/5/19,02:30,430,,,,53
2026/5/19,02:45,430,,,,51
2026/5/19,03:00,430,,,,37
2026/5/19,03:15,430,,,,26
2026/5/19,03:30,430,,,,27
2026/5/19,03:45,430,,,,26
2026/5/19,04:00,430,,,,26
2026/5/19,04:15,430,,,,29
2026/5/19,04:30,430,,,,26
2026/5/19,04:45,430,,,,26
2026/5/19,05:00,430,,,,27
2026/5/19,05:15,430,,,,29
2026/5/19,05:30,430,,,,28
2026/5/19,05:45,430,,,,28
2026/5/19,06:00,430,,,,29
2026/5/19,06:15,430,,,,29
2026/5/19,06:30,430,,,,35
2026/5/19,06:45,430,,,,35
2026/5/19,07:00,430,,,,37
2026/5/19,07:15,430,,,,35
2026/5/19,07:30,430,,,,34
2026/5/19,07:45,430,,,,36
2026/5/19,08:00,430,,,,49
2026/5/19,08:15,430,,,,65
2026/5/19,08:30,430,,,,104
2026/5/19,08:45,430,,,,112
2026/5/19,09:00,430,,,,114
2026/5/19,09:15,430,,202,,
2026/5/19,09:30,430,,273,,
2026/5/19,09:45,430,,349,,
2026/5/19,10:00,430,,370,,
2026/5/19,10:15,430,,362,,
2026/5/19,10:30,430,,367,,
2026/5/19,10:45,430,,364,,
2026/5/19,11:00,430,,382,,
2026/5/19,11:15,430,,355,,
2026/5/19,11:30,430,,346,,
2026/5/19,11:45,430,,328,,
2026/5/19,12:00,430,,328,,
2026/5/19,12:15,430,,307,,
2026/5/19,12:30,430,,299,,
2026/5/19,12:45,430,,267,,
2026/5/19,13:00,430,,264,,
2026/5/19,13:15,430,,362,,
2026/5/19,13:30,430,,386,,
2026/5/19,13:45,430,,384,,
2026/5/19,14:00,430,,372,,
2026/5/19,14:15,430,,369,,
2026/5/19,14:30,430,,367,,
2026/5/19,14:45,430,,381,,
2026/5/19,15:00,430,,372,,
2026/5/19,15:15,430,,385,,
2026/5/19,15:30,430,,379,,
2026/5/19,15:45,430,,362,,
2026/5/19,16:00,430,,367,,
2026/5/19,16:15,430,355,,,
2026/5/19,16:30,430,343,,,
2026/5/19,16:45,430,340,,,
2026/5/19,17:00,430,344,,,
2026/5/19,17:15,430,320,,,
2026/5/19,17:30,430,257,,,
2026/5/19,17:45,430,251,,,
2026/5/19,18:00,430,276,,,
2026/5/19,18:15,430,302,,,
2026/5/19,18:30,430,308,,,
2026/5/19,18:45,430,320,,,
2026/5/19,19:00,430,322,,,
2026/5/19,19:15,430,306,,,
2026/5/19,19:30,430,314,,,
2026/5/19,19:45,430,304,,,
2026/5/19,20:00,430,304,,,
2026/5/19,20:15,430,251,,,
2026/5/19,20:30,430,232,,,
2026/5/19,20:45,430,262,,,
2026/5/19,21:00,430,306,,,
2026/5/19,21:15,430,293,,,
2026/5/19,21:30,430,301,,,
2026/5/19,21:45,430,293,,,
2026/5/19,22:00,430,291,,,
2026/5/19,22:15,430,,290,,
2026/5/19,22:30,430,,258,,
2026/5/19,22:45,430,,200,,
2026/5/19,23:00,430,,195,,
2026/5/19,23:15,430,,178,,
2026/5/19,23:30,430,,202,,
2026/5/19,23:45,430,,246,,
2026/5/20,00:00,430,,258,,
2026/5/20,00:15,430,,,,197
2026/5/20,00:30,430,,,,131
2026/5/20,00:45,430,,,,120
2026/5/20,01:00,430,,,,96
2026/5/20,01:15,430,,,,67
2026/5/20,01:30,430,,,,66
2026/5/20,01:45,430,,,,62
2026/5/20,02:00,430,,,,64
2026/5/20,02:15,430,,,,62
2026/5/20,02:30,430,,,,61
2026/5/20,02:45,430,,,,61
2026/5/20,03:00,430,,,,61
2026/5/20,03:15,430,,,,62
2026/5/20,03:30,430,,,,61
2026/5/20,03:45,430,,,,51
2026/5/20,04:00,430,,,,46
2026/5/20,04:15,430,,,,27
2026/5/20,04:30,430,,,,29
2026/5/20,04:45,430,,,,30
2026/5/20,05:00,430,,,,27
2026/5/20,05:15,430,,,,27
2026/5/20,05:30,430,,,,30
2026/5/20,05:45,430,,,,33
2026/5/20,06:00,430,,,,54
2026/5/20,06:15,430,,,,54
2026/5/20,06:30,430,,,,56
2026/5/20,06:45,430,,,,57
2026/5/20,07:00,430,,,,54
2026/5/20,07:15,430,,,,51
2026/5/20,07:30,430,,,,52
2026/5/20,07:45,430,,,,54
2026/5/20,08:00,430,,,,62
2026/5/20,08:15,430,,,,93
2026/5/20,08:30,430,,,,113
2026/5/20,08:45,430,,,,118
2026/5/20,09:00,430,,,,118
2026/5/20,09:15,430,,185,,
2026/5/20,09:30,430,,266,,
2026/5/20,09:45,430,,337,,
2026/5/20,10:00,430,,351,,
2026/5/20,10:15,430,,344,,
2026/5/20,10:30,430,,337,,
2026/5/20,10:45,430,,328,,
2026/5/20,11:00,430,,339,,
2026/5/20,11:15,430,,356,,
2026/5/20,11:30,430,,354,,
2026/5/20,11:45,430,,352,,
2026/5/20,12:00,430,,327,,
2026/5/20,12:15,430,,275,,
2026/5/20,12:30,430,,261,,
2026/5/20,12:45,430,,266,,
2026/5/20,13:00,430,,283,,
2026/5/20,13:15,430,,341,,
2026/5/20,13:30,430,,355,,
2026/5/20,13:45,430,,363,,
2026/5/20,14:00,430,,364,,
2026/5/20,14:15,430,,359,,
2026/5/20,14:30,430,,366,,
2026/5/20,14:45,430,,363,,
2026/5/20,15:00,430,,359,,
2026/5/20,15:15,430,,355,,
2026/5/20,15:30,430,,361,,
2026/5/20,15:45,430,,360,,
2026/5/20,16:00,430,,359,,
2026/5/20,16:15,430,339,,,
2026/5/20,16:30,430,345,,,
2026/5/20,16:45,430,348,,,
2026/5/20,17:00,430,346,,,
2026/5/20,17:15,430,322,,,
2026/5/20,17:30,430,264,,,
2026/5/20,17:45,430,272,,,
2026/5/20,18:00,430,298,,,
2026/5/20,18:15,430,321,,,
2026/5/20,18:30,430,328,,,
2026/5/20,18:45,430,330,,,
2026/5/20,19:00,430,320,,,
2026/5/20,19:15,430,318,,,
2026/5/20,19:30,430,315,,,
2026/5/20,19:45,430,304,,,
2026/5/20,20:00,430,288,,,
2026/5/20,20:15,430,235,,,
2026/5/20,20:30,430,210,,,
2026/5/20,20:45,430,248,,,
2026/5/20,21:00,430,299,,,
2026/5/20,21:15,430,306,,,
2026/5/20,21:30,430,317,,,
2026/5/20,21:45,430,302,,,
2026/5/20,22:00,430,296,,,
2026/5/20,22:15,430,,282,,
2026/5/20,22:30,430,,245,,
2026/5/20,22:45,430,,235,,
2026/5/20,23:00,430,,219,,
2026/5/20,23:15,430,,179,,
2026/5/20,23:30,430,,147,,
2026/5/20,23:45,430,,181,,
2026/5/21,00:00,430,,195,,
2026/5/21,00:15,430,,,,152
2026/5/21,00:30,430,,,,102
2026/5/21,00:45,430,,,,94
2026/5/21,01:00,430,,,,93
2026/5/21,01:15,430,,,,80
2026/5/21,01:30,430,,,,70
2026/5/21,01:45,430,,,,70
2026/5/21,02:00,430,,,,69
2026/5/21,02:15,430,,,,66
2026/5/21,02:30,430,,,,54
2026/5/21,02:45,430,,,,56
2026/5/21,03:00,430,,,,54
2026/5/21,03:15,430,,,,56
2026/5/21,03:30,430,,,,53
2026/5/21,03:45,430,,,,54
2026/5/21,04:00,430,,,,56
2026/5/21,04:15,430,,,,40
2026/5/21,04:30,430,,,,29
2026/5/21,04:45,430,,,,29
2026/5/21,05:00,430,,,,27
2026/5/21,05:15,430,,,,27
2026/5/21,05:30,430,,,,29
2026/5/21,05:45,430,,,,32
2026/5/21,06:00,430,,,,32
2026/5/21,06:15,430,,,,33
2026/5/21,06:30,430,,,,39
2026/5/21,06:45,430,,,,33
2026/5/21,07:00,430,,,,35
2026/5/21,07:15,430,,,,35
2026/5/21,07:30,430,,,,33
2026/5/21,07:45,430,,,,41
2026/5/21,08:00,430,,,,45
2026/5/21,08:15,430,,,,48
2026/5/21,08:30,430,,,,95
2026/5/21,08:45,430,,,,117
2026/5/21,09:00,430,,,,137
2026/5/21,09:15,430,,211,,
2026/5/21,09:30,430,,306,,
2026/5/21,09:45,430,,383,,
2026/5/21,10:00,430,,380,,
2026/5/21,10:15,430,,366,,
2026/5/21,10:30,430,,373,,
2026/5/21,10:45,430,,397,,
2026/5/21,11:00,430,,381,,
2026/5/21,11:15,430,,390,,
2026/5/21,11:30,430,,360,,
2026/5/21,11:45,430,,375,,
2026/5/21,12:00,430,,337,,
2026/5/21,12:15,430,,278,,
2026/5/21,12:30,430,,285,,
2026/5/21,12:45,430,,288,,
2026/5/21,13:00,430,,281,,
2026/5/21,13:15,430,,365,,
2026/5/21,13:30,430,,394,,
2026/5/21,13:45,430,,401,,
2026/5/21,14:00,430,,404,,
2026/5/21,14:15,430,,374,,
2026/5/21,14:30,430,,349,,
2026/5/21,14:45,430,,374,,
2026/5/21,15:00,430,,372,,
2026/5/21,15:15,430,,368,,
2026/5/21,15:30,430,,366,,
2026/5/21,15:45,430,,384,,
2026/5/21,16:00,430,,358,,
2026/5/21,16:15,430,322,,,
2026/5/21,16:30,430,352,,,
2026/5/21,16:45,430,340,,,
2026/5/21,17:00,430,319,,,
2026/5/21,17:15,430,289,,,
2026/5/21,17:30,430,279,,,
2026/5/21,17:45,430,283,,,
2026/5/21,18:00,430,295,,,
2026/5/21,18:15,430,327,,,
2026/5/21,18:30,430,359,,,
2026/5/21,18:45,430,344,,,
2026/5/21,19:00,430,336,,,
2026/5/21,19:15,430,312,,,
2026/5/21,19:30,430,315,,,
2026/5/21,19:45,430,309,,,
2026/5/21,20:00,430,310,,,
2026/5/21,20:15,430,266,,,
2026/5/21,20:30,430,234,,,
2026/5/21,20:45,430,270,,,
2026/5/21,21:00,430,318,,,
2026/5/21,21:15,430,312,,,
2026/5/21,21:30,430,307,,,
2026/5/21,21:45,430,298,,,
2026/5/21,22:00,430,299,,,
2026/5/21,22:15,430,,282,,
2026/5/21,22:30,430,,274,,
2026/5/21,22:45,430,,250,,
2026/5/21,23:00,430,,238,,
2026/5/21,23:15,430,,186,,
2026/5/21,23:30,430,,152,,
2026/5/21,23:45,430,,213,,
2026/5/22,00:00,430,,235,,
2026/5/22,00:15,430,,,,178
2026/5/22,00:30,430,,,,117
2026/5/22,00:45,430,,,,104
2026/5/22,01:00,430,,,,102
2026/5/22,01:15,430,,,,77
2026/5/22,01:30,430,,,,70
2026/5/22,01:45,430,,,,70
2026/5/22,02:00,430,,,,70
2026/5/22,02:15,430,,,,69
2026/5/22,02:30,430,,,,69
2026/5/22,02:45,430,,,,67
2026/5/22,03:00,430,,,,59
2026/5/22,03:15,430,,,,58
2026/5/22,03:30,430,,,,56
2026/5/22,03:45,430,,,,56
2026/5/22,04:00,430,,,,54
2026/5/22,04:15,430,,,,32
2026/5/22,04:30,430,,,,32
2026/5/22,04:45,430,,,,29
2026/5/22,05:00,430,,,,30
2026/5/22,05:15,430,,,,30
2026/5/22,05:30,430,,,,30
2026/5/22,05:45,430,,,,31
2026/5/22,06:00,430,,,,35
2026/5/22,06:15,430,,,,36
2026/5/22,06:30,430,,,,39
2026/5/22,06:45,430,,,,49
2026/5/22,07:00,430,,,,56
2026/5/22,07:15,430,,,,49
2026/5/22,07:30,430,,,,39
2026/5/22,07:45,430,,,,37
2026/5/22,08:00,430,,,,43
2026/5/22,08:15,430,,,,80
2026/5/22,08:30,430,,,,120
2026/5/22,08:45,430,,,,123
2026/5/22,09:00,430,,,,122
2026/5/22,09:15,430,,194,,
2026/5/22,09:30,430,,286,,
2026/5/22,09:45,430,,374,,
2026/5/22,10:00,430,,381,,
2026/5/22,10:15,430,,360,,
2026/5/22,10:30,430,,376,,
2026/5/22,10:45,430,,408,,
2026/5/22,11:00,430,,394,,
2026/5/22,11:15,430,,395,,
2026/5/22,11:30,430,,388,,
2026/5/22,11:45,430,,376,,
2026/5/22,12:00,430,,361,,
2026/5/22,12:15,430,,314,,
2026/5/22,12:30,430,,307,,
2026/5/22,12:45,430,,310,,
2026/5/22,13:00,430,,316,,
2026/5/22,13:15,430,,335,,
2026/5/22,13:30,430,,363,,
2026/5/22,13:45,430,,393,,
2026/5/22,14:00,430,,409,,
2026/5/22,14:15,430,,393,,
2026/5/22,14:30,430,,364,,
2026/5/22,14:45,430,,364,,
2026/5/22,15:00,430,,372,,
2026/5/22,15:15,430,,347,,
2026/5/22,15:30,430,,347,,
2026/5/22,15:45,430,,381,,
2026/5/22,16:00,430,,384,,
2026/5/22,16:15,430,366,,,
2026/5/22,16:30,430,370,,,
2026/5/22,16:45,430,375,,,
2026/5/22,17:00,430,375,,,
2026/5/22,17:15,430,326,,,
2026/5/22,17:30,430,252,,,
2026/5/22,17:45,430,254,,,
2026/5/22,18:00,430,302,,,
2026/5/22,18:15,430,331,,,
2026/5/22,18:30,430,333,,,
2026/5/22,18:45,430,320,,,
2026/5/22,19:00,430,312,,,
2026/5/22,19:15,430,318,,,
2026/5/22,19:30,430,315,,,
2026/5/22,19:45,430,296,,,
2026/5/22,20:00,430,310,,,
2026/5/22,20:15,430,254,,,
2026/5/22,20:30,430,227,,,
2026/5/22,20:45,430,251,,,
2026/5/22,21:00,430,315,,,
2026/5/22,21:15,430,323,,,
2026/5/22,21:30,430,299,,,
2026/5/22,21:45,430,288,,,
2026/5/22,22:00,430,286,,,
2026/5/22,22:15,430,,280,,
2026/5/22,22:30,430,,274,,
2026/5/22,22:45,430,,291,,
2026/5/22,23:00,430,,299,,
2026/5/22,23:15,430,,222,,
2026/5/22,23:30,430,,198,,
2026/5/22,23:45,430,,242,,
2026/5/23,00:00,430,,272,,
2026/5/23,00:15,430,,,,219
2026/5/23,00:30,430,,,,163
2026/5/23,00:45,430,,,,122
2026/5/23,01:00,430,,,,80
2026/5/23,01:15,430,,,,77
2026/5/23,01:30,430,,,,74
2026/5/23,01:45,430,,,,67
2026/5/23,02:00,430,,,,67
2026/5/23,02:15,430,,,,69
2026/5/23,02:30,430,,,,69
2026/5/23,02:45,430,,,,67
2026/5/23,03:00,430,,,,62
2026/5/23,03:15,430,,,,54
2026/5/23,03:30,430,,,,43
2026/5/23,03:45,430,,,,29
2026/5/23,04:00,430,,,,30
2026/5/23,04:15,430,,,,30
2026/5/23,04:30,430,,,,30
2026/5/23,04:45,430,,,,29
2026/5/23,05:00,430,,,,30
2026/5/23,05:15,430,,,,32
2026/5/23,05:30,430,,,,48
2026/5/23,05:45,430,,,,44
2026/5/23,06:00,430,,,,40
2026/5/23,06:15,430,,,,33
2026/5/23,06:30,430,,,,34
2026/5/23,06:45,430,,,,37
2026/5/23,07:00,430,,,,35
2026/5/23,07:15,430,,,,36
2026/5/23,07:30,430,,,,35
2026/5/23,07:45,430,,,,36
2026/5/23,08:00,430,,,,42
2026/5/23,08:15,430,,,,45
2026/5/23,08:30,430,,,,81
2026/5/23,08:45,430,,,,113
2026/5/23,09:00,430,,,118,
2026/5/23,09:15,430,,,200,
2026/5/23,09:30,430,,,286,
2026/5/23,09:45,430,,,348,
2026/5/23,10:00,430,,,374,
2026/5/23,10:15,430,,,356,
2026/5/23,10:30,430,,,355,
2026/5/23,10:45,430,,,385,
2026/5/23,11:00,430,,,385,
2026/5/23,11:15,430,,,366,
2026/5/23,11:30,430,,,351,
2026/5/23,11:45,430,,,365,
2026/5/23,12:00,430,,,341,
2026/5/23,12:15,430,,,273,
2026/5/23,12:30,430,,,265,
2026/5/23,12:45,430,,,271,
2026/5/23,13:00,430,,,271,
2026/5/23,13:15,430,,,322,
2026/5/23,13:30,430,,,348,
2026/5/23,13:45,430,,,373,
2026/5/23,14:00,430,,,364,
2026/5/23,14:15,430,,,349,
2026/5/23,14:30,430,,,329,
2026/5/23,14:45,430,,,353,
2026/5/23,15:00,430,,,364,
2026/5/23,15:15,430,,,355,
2026/5/23,15:30,430,,,341,
2026/5/23,15:45,430,,,361,
2026/5/23,16:00,430,,,350,
2026/5/23,16:15,430,,,358,
2026/5/23,16:30,430,,,351,
2026/5/23,16:45,430,,,355,
2026/5/23,17:00,430,,,351,
2026/5/23,17:15,430,,,302,
2026/5/23,17:30,430,,,225,
2026/5/23,17:45,430,,,228,
2026/5/23,18:00,430,,,273,
2026/5/23,18:15,430,,,314,
2026/5/23,18:30,430,,,312,
2026/5/23,18:45,430,,,303,
2026/5/23,19:00,430,,,331,
2026/5/23,19:15,430,,,312,
2026/5/23,19:30,430,,,293,
2026/5/23,19:45,430,,,286,
2026/5/23,20:00,430,,,291,
2026/5/23,20:15,430,,,250,
2026/5/23,20:30,430,,,213,
2026/5/23,20:45,430,,,229,
2026/5/23,21:00,430,,,296,
2026/5/23,21:15,430,,,315,
2026/5/23,21:30,430,,,293,
2026/5/23,21:45,430,,,285,
2026/5/23,22:00,430,,,282,
2026/5/23,22:15,430,,,230,
2026/5/23,22:30,430,,,198,
2026/5/23,22:45,430,,,179,
2026/5/23,23:00,430,,,182,
2026/5/23,23:15,430,,,179,
2026/5/23,23:30,430,,,203,
2026/5/23,23:45,430,,,237,
2026/5/24,00:00,430,,,245,
2026/5/24,00:15,430,,,,194
2026/5/24,00:30,430,,,,144
2026/5/24,00:45,430,,,,134
2026/5/24,01:00,430,,,,123
2026/5/24,01:15,430,,,,70
2026/5/24,01:30,430,,,,69
2026/5/24,01:45,430,,,,70
2026/5/24,02:00,430,,,,67
2026/5/24,02:15,430,,,,56
2026/5/24,02:30,430,,,,54
2026/5/24,02:45,430,,,,56
2026/5/24,03:00,430,,,,54
2026/5/24,03:15,430,,,,53
2026/5/24,03:30,430,,,,53
2026/5/24,03:45,430,,,,54
2026/5/24,04:00,430,,,,51
2026/5/24,04:15,430,,,,30
2026/5/24,04:30,430,,,,29
2026/5/24,04:45,430,,,,29
2026/5/24,05:00,430,,,,29
2026/5/24,05:15,430,,,,27
2026/5/24,05:30,430,,,,29
2026/5/24,05:45,430,,,,29
2026/5/24,06:00,430,,,,29
2026/5/24,06:15,430,,,,28
2026/5/24,06:30,430,,,,29
2026/5/24,06:45,430,,,,27
2026/5/24,07:00,430,,,,29
2026/5/24,07:15,430,,,,28
2026/5/24,07:30,430,,,,29
2026/5/24,07:45,430,,,,30
2026/5/24,08:00,430,,,,32
2026/5/24,08:15,430,,,,35
2026/5/24,08:30,430,,,,36
2026/5/24,08:45,430,,,,36
2026/5/24,09:00,430,,,,38
2026/5/24,09:15,430,,,,71
2026/5/24,09:30,430,,,,63
2026/5/24,09:45,430,,,,64
2026/5/24,10:00,430,,,,72
2026/5/24,10:15,430,,,,73
2026/5/24,10:30,430,,,,75
2026/5/24,10:45,430,,,,72
2026/5/24,11:00,430,,,,66
2026/5/24,11:15,430,,,,115
2026/5/24,11:30,430,,,,136
2026/5/24,11:45,430,,,,193
2026/5/24,12:00,430,,,,268
2026/5/24,12:15,430,,,,287
2026/5/24,12:30,430,,,,296
2026/5/24,12:45,430,,,,272
2026/5/24,13:00,430,,,,265
2026/5/24,13:15,430,,,,300
2026/5/24,13:30,430,,,,311
2026/5/24,13:45,430,,,,314
2026/5/24,14:00,430,,,,280
2026/5/24,14:15,430,,,,272
2026/5/24,14:30,430,,,,300
2026/5/24,14:45,430,,,,299
2026/5/24,15:00,430,,,,285
2026/5/24,15:15,430,,,,236
2026/5/24,15:30,430,,,,205
2026/5/24,15:45,430,,,,214
2026/5/24,16:00,430,,,,214
2026/5/24,16:15,430,,,,241
2026/5/24,16:30,430,,,,261
2026/5/24,16:45,430,,,,210
2026/5/24,17:00,430,,,,130
2026/5/24,17:15,430,,,,101
2026/5/24,17:30,430,,,,71
2026/5/24,17:45,430,,,,62
2026/5/24,18:00,430,,,,55
2026/5/24,18:15,430,,,,49
2026/5/24,18:30,430,,,,45
2026/5/24,18:45,430,,,,45
2026/5/24,19:00,430,,,,45
2026/5/24,19:15,430,,,,46
2026/5/24,19:30,430,,,,48
2026/5/24,19:45,430,,,,48
2026/5/24,20:00,430,,,,48
2026/5/24,20:15,430,,,,48
2026/5/24,20:30,430,,,,48
2026/5/24,20:45,430,,,,46
2026/5/24,21:00,430,,,,46
2026/5/24,21:15,430,,,,40
2026/5/24,21:30,430,,,,24
2026/5/24,21:45,430,,,,24
2026/5/24,22:00,430,,,,24
2026/5/24,22:15,430,,,,24
2026/5/24,22:30,430,,,,22
2026/5/24,22:45,430,,,,24
2026/5/24,23:00,430,,,,22
2026/5/24,23:15,430,,,,22
2026/5/24,23:30,430,,,,21
2026/5/24,23:45,430,,,,21
2026/5/25,00:00,430,,,,22
2026/5/25,00:15,430,,,,21
2026/5/25,00:30,430,,,,21
2026/5/25,00:45,430,,,,24
2026/5/25,01:00,430,,,,22
2026/5/25,01:15,430,,,,19
2026/5/25,01:30,430,,,,22
2026/5/25,01:45,430,,,,21
2026/5/25,02:00,430,,,,21
2026/5/25,02:15,430,,,,22
2026/5/25,02:30,430,,,,22
2026/5/25,02:45,430,,,,27
2026/5/25,03:00,430,,,,46
2026/5/25,03:15,430,,,,38
2026/5/25,03:30,430,,,,30
2026/5/25,03:45,430,,,,27
2026/5/25,04:00,430,,,,27
2026/5/25,04:15,430,,,,29
2026/5/25,04:30,430,,,,29
2026/5/25,04:45,430,,,,27
2026/5/25,05:00,430,,,,30
2026/5/25,05:15,430,,,,32
2026/5/25,05:30,430,,,,31
2026/5/25,05:45,430,,,,28
2026/5/25,06:00,430,,,,27
2026/5/25,06:15,430,,,,31
2026/5/25,06:30,430,,,,32
2026/5/25,06:45,430,,,,32
2026/5/25,07:00,430,,,,34
2026/5/25,07:15,430,,,,35
2026/5/25,07:30,430,,,,34
2026/5/25,07:45,430,,,,38
2026/5/25,08:00,430,,,,47
2026/5/25,08:15,430,,,,73
2026/5/25,08:30,430,,,,128
2026/5/25,08:45,430,,,,148
2026/5/25,09:00,430,,,,142
2026/5/25,09:15,430,,215,,
2026/5/25,09:30,430,,320,,
2026/5/25,09:45,430,,360,,
2026/5/25,10:00,430,,311,,
2026/5/25,10:15,430,,320,,
2026/5/25,10:30,430,,380,,
2026/5/25,10:45,430,,382,,
2026/5/25,11:00,430,,392,,
2026/5/25,11:15,430,,373,,
2026/5/25,11:30,430,,367,,
2026/5/25,11:45,430,,369,,
2026/5/25,12:00,430,,352,,
2026/5/25,12:15,430,,271,,
2026/5/25,12:30,430,,284,,
2026/5/25,12:45,430,,263,,
2026/5/25,13:00,430,,238,,
2026/5/25,13:15,430,,311,,
2026/5/25,13:30,430,,356,,
2026/5/25,13:45,430,,341,,
2026/5/25,14:00,430,,339,,
2026/5/25,14:15,430,,359,,
2026/5/25,14:30,430,,378,,
2026/5/25,14:45,430,,373,,
2026/5/25,15:00,430,,352,,
2026/5/25,15:15,430,,347,,
2026/5/25,15:30,430,,340,,
2026/5/25,15:45,430,,303,,
2026/5/25,16:00,430,,307,,
2026/5/25,16:15,430,350,,,
2026/5/25,16:30,430,363,,,
2026/5/25,16:45,430,348,,,
2026/5/25,17:00,430,326,,,
2026/5/25,17:15,430,287,,,
2026/5/25,17:30,430,224,,,
2026/5/25,17:45,430,238,,,
2026/5/25,18:00,430,299,,,
2026/5/25,18:15,430,325,,,
2026/5/25,18:30,430,312,,,
2026/5/25,18:45,430,317,,,
2026/5/25,19:00,430,309,,,
2026/5/25,19:15,430,282,,,
2026/5/25,19:30,430,299,,,
2026/5/25,19:45,430,317,,,
2026/5/25,20:00,430,307,,,
2026/5/25,20:15,430,275,,,
2026/5/25,20:30,430,224,,,
2026/5/25,20:45,430,264,,,
2026/5/25,21:00,430,309,,,
2026/5/25,21:15,430,323,,,
2026/5/25,21:30,430,306,,,
2026/5/25,21:45,430,293,,,
2026/5/25,22:00,430,301,,,
2026/5/25,22:15,430,,286,,
2026/5/25,22:30,430,,264,,
2026/5/25,22:45,430,,227,,
2026/5/25,23:00,430,,178,,
2026/5/25,23:15,430,,152,,
2026/5/25,23:30,430,,163,,
2026/5/25,23:45,430,,221,,
2026/5/26,00:00,430,,246,,
2026/5/26,00:15,430,,,,203
2026/5/26,00:30,430,,,,150
2026/5/26,00:45,430,,,,147
2026/5/26,01:00,430,,,,123
2026/5/26,01:15,430,,,,75
2026/5/26,01:30,430,,,,74
2026/5/26,01:45,430,,,,70
2026/5/26,02:00,430,,,,59
2026/5/26,02:15,430,,,,59
2026/5/26,02:30,430,,,,59
2026/5/26,02:45,430,,,,59
2026/5/26,03:00,430,,,,58
2026/5/26,03:15,430,,,,56
2026/5/26,03:30,430,,,,56
2026/5/26,03:45,430,,,,56
2026/5/26,04:00,430,,,,58
2026/5/26,04:15,430,,,,42
2026/5/26,04:30,430,,,,30
2026/5/26,04:45,430,,,,30
2026/5/26,05:00,430,,,,29
2026/5/26,05:15,430,,,,30
2026/5/26,05:30,430,,,,31
2026/5/26,05:45,430,,,,32
2026/5/26,06:00,430,,,,31
2026/5/26,06:15,430,,,,31
2026/5/26,06:30,430,,,,35
2026/5/26,06:45,430,,,,32
2026/5/26,07:00,430,,,,35
2026/5/26,07:15,430,,,,34
2026/5/26,07:30,430,,,,33
2026/5/26,07:45,430,,,,40
2026/5/26,08:00,430,,,,44
2026/5/26,08:15,430,,,,59
2026/5/26,08:30,430,,,,114
2026/5/26,08:45,430,,,,130
2026/5/26,09:00,430,,,,127
2026/5/26,09:15,430,,253,,
2026/5/26,09:30,430,,335,,
2026/5/26,09:45,430,,371,,
2026/5/26,10:00,430,,360,,
2026/5/26,10:15,430,,375,,
2026/5/26,10:30,430,,396,,
2026/5/26,10:45,430,,371,,
2026/5/26,11:00,430,,379,,
2026/5/26,11:15,430,,394,,
2026/5/26,11:30,430,,391,,
2026/5/26,11:45,430,,383,,
2026/5/26,12:00,430,,363,,
2026/5/26,12:15,430,,288,,
2026/5/26,12:30,430,,293,,
2026/5/26,12:45,430,,287,,
2026/5/26,13:00,430,,299,,
2026/5/26,13:15,430,,367,,
2026/5/26,13:30,430,,397,,
2026/5/26,13:45,430,,405,,
2026/5/26,14:00,430,,384,,
2026/5/26,14:15,430,,374,,
2026/5/26,14:30,430,,377,,
2026/5/26,14:45,430,,401,,
2026/5/26,15:00,430,,388,,
2026/5/26,15:15,430,,383,,
2026/5/26,15:30,430,,380,,
2026/5/26,15:45,430,,396,,
2026/5/26,16:00,430,,389,,
2026/5/26,16:15,430,366,,,
2026/5/26,16:30,430,347,,,
2026/5/26,16:45,430,345,,,
2026/5/26,17:00,430,354,,,
2026/5/26,17:15,430,322,,,
2026/5/26,17:30,430,289,,,
2026/5/26,17:45,430,287,,,
2026/5/26,18:00,430,337,,,
2026/5/26,18:15,430,353,,,
2026/5/26,18:30,430,350,,,
2026/5/26,18:45,430,348,,,
2026/5/26,19:00,430,346,,,
2026/5/26,19:15,430,339,,,
2026/5/26,19:30,430,328,,,
2026/5/26,19:45,430,310,,,
2026/5/26,20:00,430,302,,,
2026/5/26,20:15,430,254,,,
2026/5/26,20:30,430,214,,,
2026/5/26,20:45,430,256,,,
2026/5/26,21:00,430,306,,,
2026/5/26,21:15,430,286,,,
2026/5/26,21:30,430,251,,,
2026/5/26,21:45,430,262,,,
2026/5/26,22:00,430,269,,,
2026/5/26,22:15,430,,251,,
2026/5/26,22:30,430,,267,,
2026/5/26,22:45,430,,280,,
2026/5/26,23:00,430,,272,,
2026/5/26,23:15,430,,202,,
2026/5/26,23:30,430,,166,,
2026/5/26,23:45,430,,206,,
2026/5/27,00:00,430,,211,,
2026/5/27,00:15,430,,,,162
2026/5/27,00:30,430,,,,115
2026/5/27,00:45,430,,,,104
2026/5/27,01:00,430,,,,102
2026/5/27,01:15,430,,,,82
2026/5/27,01:30,430,,,,69
2026/5/27,01:45,430,,,,69
2026/5/27,02:00,430,,,,69
2026/5/27,02:15,430,,,,69
2026/5/27,02:30,430,,,,56
2026/5/27,02:45,430,,,,54
2026/5/27,03:00,430,,,,53
2026/5/27,03:15,430,,,,54
2026/5/27,03:30,430,,,,53
2026/5/27,03:45,430,,,,54
2026/5/27,04:00,430,,,,53
2026/5/27,04:15,430,,,,53
2026/5/27,04:30,430,,,,54
2026/5/27,04:45,430,,,,53
2026/5/27,05:00,430,,,,46
2026/5/27,05:15,430,,,,32
2026/5/27,05:30,430,,,,31
2026/5/27,05:45,430,,,,34
2026/5/27,06:00,430,,,,33
2026/5/27,06:15,430,,,,37
2026/5/27,06:30,430,,,,39
2026/5/27,06:45,430,,,,38
2026/5/27,07:00,430,,,,36
2026/5/27,07:15,430,,,,31
2026/5/27,07:30,430,,,,34
2026/5/27,07:45,430,,,,38
2026/5/27,08:00,430,,,,43
2026/5/27,08:15,430,,,,82
2026/5/27,08:30,430,,,,122
2026/5/27,08:45,430,,,,130
2026/5/27,09:00,430,,,,155
2026/5/27,09:15,430,,244,,
2026/5/27,09:30,430,,315,,
2026/5/27,09:45,430,,361,,
2026/5/27,10:00,430,,381,,
2026/5/27,10:15,430,,368,,
2026/5/27,10:30,430,,376,,
2026/5/27,10:45,430,,398,,
2026/5/27,11:00,430,,391,,
2026/5/27,11:15,430,,386,,
2026/5/27,11:30,430,,364,,
2026/5/27,11:45,430,,354,,
2026/5/27,12:00,430,,370,,
2026/5/27,12:15,430,,323,,
2026/5/27,12:30,430,,288,,
2026/5/27,12:45,430,,242,,
2026/5/27,13:00,430,,269,,
2026/5/27,13:15,430,,329,,
2026/5/27,13:30,430,,354,,
2026/5/27,13:45,430,,378,,
2026/5/27,14:00,430,,389,,
2026/5/27,14:15,430,,365,,
2026/5/27,14:30,430,,370,,
2026/5/27,14:45,430,,378,,
2026/5/27,15:00,430,,376,,
2026/5/27,15:15,430,,371,,
2026/5/27,15:30,430,,361,,
2026/5/27,15:45,430,,358,,
2026/5/27,16:00,430,,348,,
2026/5/27,16:15,430,354,,,
2026/5/27,16:30,430,360,,,
2026/5/27,16:45,430,369,,,
2026/5/27,17:00,430,383,,,
2026/5/27,17:15,430,313,,,
2026/5/27,17:30,430,277,,,
2026/5/27,17:45,430,292,,,
2026/5/27,18:00,430,310,,,
2026/5/27,18:15,430,326,,,
2026/5/27,18:30,430,341,,,
2026/5/27,18:45,430,347,,,
2026/5/27,19:00,430,334,,,
2026/5/27,19:15,430,330,,,
2026/5/27,19:30,430,350,,,
2026/5/27,19:45,430,328,,,
2026/5/27,20:00,430,301,,,
2026/5/27,20:15,430,230,,,
2026/5/27,20:30,430,226,,,
2026/5/27,20:45,430,291,,,
2026/5/27,21:00,430,318,,,
2026/5/27,21:15,430,339,,,
2026/5/27,21:30,430,312,,,
2026/5/27,21:45,430,253,,,
2026/5/27,22:00,430,278,,,
2026/5/27,22:15,430,,272,,
2026/5/27,22:30,430,,243,,
2026/5/27,22:45,430,,245,,
2026/5/27,23:00,430,,248,,
2026/5/27,23:15,430,,171,,
2026/5/27,23:30,430,,142,,
2026/5/27,23:45,430,,186,,
2026/5/28,00:00,430,,219,,
2026/5/28,00:15,430,,,,197
2026/5/28,00:30,430,,,,144
2026/5/28,00:45,430,,,,110
2026/5/28,01:00,430,,,,77
2026/5/28,01:15,430,,,,70
2026/5/28,01:30,430,,,,70
2026/5/28,01:45,430,,,,67
2026/5/28,02:00,430,,,,67
2026/5/28,02:15,430,,,,67
2026/5/28,02:30,430,,,,58
2026/5/28,02:45,430,,,,54
2026/5/28,03:00,430,,,,56
2026/5/28,03:15,430,,,,53
2026/5/28,03:30,430,,,,56
2026/5/28,03:45,430,,,,53
2026/5/28,04:00,430,,,,56
2026/5/28,04:15,430,,,,54
2026/5/28,04:30,430,,,,53
2026/5/28,04:45,430,,,,54
2026/5/28,05:00,430,,,,53
2026/5/28,05:15,430,,,,53
2026/5/28,05:30,430,,,,37
2026/5/28,05:45,430,,,,34
2026/5/28,06:00,430,,,,38
2026/5/28,06:15,430,,,,51
2026/5/28,06:30,430,,,,48
2026/5/28,06:45,430,,,,46
2026/5/28,07:00,430,,,,38
2026/5/28,07:15,430,,,,37
2026/5/28,07:30,430,,,,36
2026/5/28,07:45,430,,,,45
2026/5/28,08:00,430,,,,62
2026/5/28,08:15,430,,,,140
2026/5/28,08:30,430,,,,130
2026/5/28,08:45,430,,,,134
2026/5/28,09:00,430,,,,135
2026/5/28,09:15,430,,213,,
2026/5/28,09:30,430,,285,,
2026/5/28,09:45,430,,353,,
2026/5/28,10:00,430,,379,,
2026/5/28,10:15,430,,363,,
2026/5/28,10:30,430,,384,,
2026/5/28,10:45,430,,392,,
2026/5/28,11:00,430,,377,,
2026/5/28,11:15,430,,352,,
2026/5/28,11:30,430,,348,,
2026/5/28,11:45,430,,380,,
2026/5/28,12:00,430,,365,,
2026/5/28,12:15,430,,298,,
2026/5/28,12:30,430,,314,,
2026/5/28,12:45,430,,320,,
2026/5/28,13:00,430,,293,,
2026/5/28,13:15,430,,346,,
2026/5/28,13:30,430,,383,,
2026/5/28,13:45,430,,414,,
2026/5/28,14:00,430,,394,,
2026/5/28,14:15,430,,374,,
2026/5/28,14:30,430,,381,,
2026/5/28,14:45,430,,396,,
2026/5/28,15:00,430,,399,,
2026/5/28,15:15,430,,395,,
2026/5/28,15:30,430,,401,,
2026/5/28,15:45,430,,399,,
2026/5/28,16:00,430,,388,,
2026/5/28,16:15,430,342,,,
2026/5/28,16:30,430,336,,,
2026/5/28,16:45,430,318,,,
2026/5/28,17:00,430,315,,,
2026/5/28,17:15,430,284,,,
2026/5/28,17:30,430,256,,,
2026/5/28,17:45,430,266,,,
2026/5/28,18:00,430,331,,,
2026/5/28,18:15,430,351,,,
2026/5/28,18:30,430,355,,,
2026/5/28,18:45,430,336,,,
2026/5/28,19:00,430,330,,,
2026/5/28,19:15,430,344,,,
2026/5/28,19:30,430,317,,,
2026/5/28,19:45,430,304,,,
2026/5/28,20:00,430,310,,,
2026/5/28,20:15,430,248,,,
2026/5/28,20:30,430,229,,,
2026/5/28,20:45,430,269,,,
2026/5/28,21:00,430,320,,,
2026/5/28,21:15,430,304,,,
2026/5/28,21:30,430,306,,,
2026/5/28,21:45,430,317,,,
2026/5/28,22:00,430,320,,,
2026/5/28,22:15,430,,314,,
2026/5/28,22:30,430,,298,,
2026/5/28,22:45,430,,304,,
2026/5/28,23:00,430,,304,,
2026/5/28,23:15,430,,227,,
2026/5/28,23:30,430,,197,,
2026/5/28,23:45,430,,230,,
2026/5/29,00:00,430,,258,,
2026/5/29,00:15,430,,,,218
2026/5/29,00:30,430,,,,165
2026/5/29,00:45,430,,,,146
2026/5/29,01:00,430,,,,77
2026/5/29,01:15,430,,,,77
2026/5/29,01:30,430,,,,77
2026/5/29,01:45,430,,,,74
2026/5/29,02:00,430,,,,74
2026/5/29,02:15,430,,,,62
2026/5/29,02:30,430,,,,62
2026/5/29,02:45,430,,,,61
2026/5/29,03:00,430,,,,62
2026/5/29,03:15,430,,,,61
2026/5/29,03:30,430,,,,62
2026/5/29,03:45,430,,,,61
2026/5/29,04:00,430,,,,61
2026/5/29,04:15,430,,,,64
2026/5/29,04:30,430,,,,59
2026/5/29,04:45,430,,,,59
2026/5/29,05:00,430,,,,58
2026/5/29,05:15,430,,,,59
2026/5/29,05:30,430,,,,35
2026/5/29,05:45,430,,,,32
2026/5/29,06:00,430,,,,32
2026/5/29,06:15,430,,,,35
2026/5/29,06:30,430,,,,38
2026/5/29,06:45,430,,,,40
2026/5/29,07:00,430,,,,39
2026/5/29,07:15,430,,,,35
2026/5/29,07:30,430,,,,37
2026/5/29,07:45,430,,,,47
2026/5/29,08:00,430,,,,60
2026/5/29,08:15,430,,,,77
2026/5/29,08:30,430,,,,109
2026/5/29,08:45,430,,,,124
2026/5/29,09:00,430,,,,128
2026/5/29,09:15,430,,232,,
2026/5/29,09:30,430,,317,,
2026/5/29,09:45,430,,390,,
2026/5/29,10:00,430,,400,,
2026/5/29,10:15,430,,387,,
2026/5/29,10:30,430,,392,,
2026/5/29,10:45,430,,404,,
2026/5/29,11:00,430,,409,,
2026/5/29,11:15,430,,400,,
2026/5/29,11:30,430,,404,,
2026/5/29,11:45,430,,403,,
2026/5/29,12:00,430,,393,,
2026/5/29,12:15,430,,321,,
2026/5/29,12:30,430,,319,,
2026/5/29,12:45,430,,317,,
2026/5/29,13:00,430,,300,,
2026/5/29,13:15,430,,364,,
2026/5/29,13:30,430,,398,,
2026/5/29,13:45,430,,409,,
2026/5/29,14:00,430,,399,,
2026/5/29,14:15,430,,390,,
2026/5/29,14:30,430,,382,,
2026/5/29,14:45,430,,402,,
2026/5/29,15:00,430,,420,,
2026/5/29,15:15,430,,416,,
2026/5/29,15:30,430,,404,,
2026/5/29,15:45,430,,404,,
2026/5/29,16:00,430,,411,,
2026/5/29,16:15,430,380,,,
2026/5/29,16:30,430,366,,,
2026/5/29,16:45,430,358,,,
2026/5/29,17:00,430,368,,,
2026/5/29,17:15,430,354,,,
2026/5/29,17:30,430,281,,,
2026/5/29,17:45,430,274,,,
2026/5/29,18:00,430,325,,,
2026/5/29,18:15,430,346,,,
2026/5/29,18:30,430,335,,,
2026/5/29,18:45,430,333,,,
2026/5/29,19:00,430,336,,,
2026/5/29,19:15,430,341,,,
2026/5/29,19:30,430,322,,,
2026/5/29,19:45,430,314,,,
2026/5/29,20:00,430,301,,,
2026/5/29,20:15,430,262,,,
2026/5/29,20:30,430,234,,,
2026/5/29,20:45,430,272,,,
2026/5/29,21:00,430,298,,,
2026/5/29,21:15,430,294,,,
2026/5/29,21:30,430,315,,,
2026/5/29,21:45,430,307,,,
2026/5/29,22:00,430,293,,,
2026/5/29,22:15,430,,291,,
2026/5/29,22:30,430,,298,,
2026/5/29,22:45,430,,299,,
2026/5/29,23:00,430,,269,,
2026/5/29,23:15,430,,213,,
2026/5/29,23:30,430,,198,,
2026/5/29,23:45,430,,227,,
2026/5/30,00:00,430,,248,,
2026/5/30,00:15,430,,,,214
2026/5/30,00:30,430,,,,165
2026/5/30,00:45,430,,,,165
2026/5/30,01:00,430,,,,152
2026/5/30,01:15,430,,,,82
2026/5/30,01:30,430,,,,74
2026/5/30,01:45,430,,,,80
2026/5/30,02:00,430,,,,85
2026/5/30,02:15,430,,,,72
2026/5/30,02:30,430,,,,69
2026/5/30,02:45,430,,,,70
2026/5/30,03:00,430,,,,67
2026/5/30,03:15,430,,,,67
2026/5/30,03:30,430,,,,70
2026/5/30,03:45,430,,,,69
2026/5/30,04:00,430,,,,67
2026/5/30,04:15,430,,,,62
2026/5/30,04:30,430,,,,53
2026/5/30,04:45,430,,,,51
2026/5/30,05:00,430,,,,53
2026/5/30,05:15,430,,,,50
2026/5/30,05:30,430,,,,30
2026/5/30,05:45,430,,,,27
2026/5/30,06:00,430,,,,31
2026/5/30,06:15,430,,,,29
2026/5/30,06:30,430,,,,32
2026/5/30,06:45,430,,,,34
2026/5/30,07:00,430,,,,35
2026/5/30,07:15,430,,,,35
2026/5/30,07:30,430,,,,33
2026/5/30,07:45,430,,,,36
2026/5/30,08:00,430,,,,44
2026/5/30,08:15,430,,,,45
2026/5/30,08:30,430,,,,71
2026/5/30,08:45,430,,,,115
2026/5/30,09:00,430,,,111,
2026/5/30,09:15,430,,,201,
2026/5/30,09:30,430,,,289,
2026/5/30,09:45,430,,,337,
2026/5/30,10:00,430,,,343,
2026/5/30,10:15,430,,,348,
2026/5/30,10:30,430,,,357,
2026/5/30,10:45,430,,,361,
2026/5/30,11:00,430,,,348,
2026/5/30,11:15,430,,,356,
2026/5/30,11:30,430,,,362,
2026/5/30,11:45,430,,,347,
2026/5/30,12:00,430,,,332,
2026/5/30,12:15,430,,,304,
2026/5/30,12:30,430,,,304,
2026/5/30,12:45,430,,,290,
2026/5/30,13:00,430,,,277,
2026/5/30,13:15,430,,,326,
2026/5/30,13:30,430,,,359,
2026/5/30,13:45,430,,,364,
2026/5/30,14:00,430,,,357,
2026/5/30,14:15,430,,,365,
2026/5/30,14:30,430,,,358,
2026/5/30,14:45,430,,,366,
2026/5/30,15:00,430,,,366,
2026/5/30,15:15,430,,,365,
2026/5/30,15:30,430,,,363,
2026/5/30,15:45,430,,,358,
2026/5/30,16:00,430,,,369,
2026/5/30,16:15,430,,,353,
2026/5/30,16:30,430,,,331,
2026/5/30,16:45,430,,,350,
2026/5/30,17:00,430,,,352,
2026/5/30,17:15,430,,,334,
2026/5/30,17:30,430,,,260,
2026/5/30,17:45,430,,,227,
2026/5/30,18:00,430,,,268,
2026/5/30,18:15,430,,,302,
2026/5/30,18:30,430,,,288,
2026/5/30,18:45,430,,,271,
2026/5/30,19:00,430,,,256,
2026/5/30,19:15,430,,,248,
2026/5/30,19:30,430,,,262,
2026/5/30,19:45,430,,,274,
2026/5/30,20:00,430,,,277,
2026/5/30,20:15,430,,,299,
2026/5/30,20:30,430,,,283,
2026/5/30,20:45,430,,,285,
2026/5/30,21:00,430,,,294,
2026/5/30,21:15,430,,,278,
2026/5/30,21:30,430,,,302,
2026/5/30,21:45,430,,,296,
2026/5/30,22:00,430,,,286,
2026/5/30,22:15,430,,,258,
2026/5/30,22:30,430,,,282,
2026/5/30,22:45,430,,,283,
2026/5/30,23:00,430,,,254,
2026/5/30,23:15,430,,,197,
2026/5/30,23:30,430,,,200,
2026/5/30,23:45,430,,,242,
2026/5/31,00:00,430,,,243,
2026/5/31,00:15,430,,,,198
2026/5/31,00:30,430,,,,144
2026/5/31,00:45,430,,,,134
2026/5/31,01:00,430,,,,130
2026/5/31,01:15,430,,,,131
2026/5/31,01:30,430,,,,78
2026/5/31,01:45,430,,,,74
2026/5/31,02:00,430,,,,69
2026/5/31,02:15,430,,,,67
2026/5/31,02:30,430,,,,69
2026/5/31,02:45,430,,,,67
2026/5/31,03:00,430,,,,69
2026/5/31,03:15,430,,,,67
2026/5/31,03:30,430,,,,67
2026/5/31,03:45,430,,,,67
2026/5/31,04:00,430,,,,54
2026/5/31,04:15,430,,,,53
2026/5/31,04:30,430,,,,34
2026/5/31,04:45,430,,,,27
2026/5/31,05:00,430,,,,26
2026/5/31,05:15,430,,,,26
2026/5/31,05:30,430,,,,26
2026/5/31,05:45,430,,,,26
2026/5/31,06:00,430,,,,26
2026/5/31,06:15,430,,,,25
2026/5/31,06:30,430,,,,25
2026/5/31,06:45,430,,,,27
2026/5/31,07:00,430,,,,26
2026/5/31,07:15,430,,,,28
2026/5/31,07:30,430,,,,26
2026/5/31,07:45,430,,,,28
2026/5/31,08:00,430,,,,29
2026/5/31,08:15,430,,,,32
2026/5/31,08:30,430,,,,32
2026/5/31,08:45,430,,,,56
2026/5/31,09:00,430,,,,64
2026/5/31,09:15,430,,,,74
2026/5/31,09:30,430,,,,74
2026/5/31,09:45,430,,,,67
2026/5/31,10:00,430,,,,90
2026/5/31,10:15,430,,,,83
2026/5/31,10:30,430,,,,81
2026/5/31,10:45,430,,,,74
2026/5/31,11:00,430,,,,85
2026/5/31,11:15,430,,,,117
2026/5/31,11:30,430,,,,134
2026/5/31,11:45,430,,,,193
2026/5/31,12:00,430,,,,258
2026/5/31,12:15,430,,,,288
2026/5/31,12:30,430,,,,295
2026/5/31,12:45,430,,,,304
2026/5/31,13:00,430,,,,304
2026/5/31,13:15,430,,,,312
2026/5/31,13:30,430,,,,292
2026/5/31,13:45,430,,,,305
2026/5/31,14:00,430,,,,322
2026/5/31,14:15,430,,,,310
2026/5/31,14:30,430,,,,301
2026/5/31,14:45,430,,,,302
2026/5/31,15:00,430,,,,306
2026/5/31,15:15,430,,,,290
2026/5/31,15:30,430,,,,299
2026/5/31,15:45,430,,,,307
2026/5/31,16:00,430,,,,322
2026/5/31,16:15,430,,,,305
2026/5/31,16:30,430,,,,282
2026/5/31,16:45,430,,,,213
2026/5/31,17:00,430,,,,136
2026/5/31,17:15,430,,,,108
2026/5/31,17:30,430,,,,74
2026/5/31,17:45,430,,,,69
2026/5/31,18:00,430,,,,60
2026/5/31,18:15,430,,,,66
2026/5/31,18:30,430,,,,69
2026/5/31,18:45,430,,,,57
2026/5/31,19:00,430,,,,51
2026/5/31,19:15,430,,,,51
2026/5/31,19:30,430,,,,51
2026/5/31,19:45,430,,,,50
2026/5/31,20:00,430,,,,53
2026/5/31,20:15,430,,,,48
2026/5/31,20:30,430,,,,38
2026/5/31,20:45,430,,,,21
2026/5/31,21:00,430,,,,21
2026/5/31,21:15,430,,,,22
2026/5/31,21:30,430,,,,22
2026/5/31,21:45,430,,,,22
2026/5/31,22:00,430,,,,22
2026/5/31,22:15,430,,,,21
2026/5/31,22:30,430,,,,22
2026/5/31,22:45,430,,,,21
2026/5/31,23:00,430,,,,21
2026/5/31,23:15,430,,,,19
2026/5/31,23:30,430,,,,21
2026/5/31,23:45,430,,,,21
2026/6/1,00:00,430,,,,19
2026/6/1,00:15,430,,,,21
2026/6/1,00:30,430,,,,21
2026/6/1,00:45,430,,,,21
2026/6/1,01:00,430,,,,21
2026/6/1,01:15,430,,,,21
2026/6/1,01:30,430,,,,21
2026/6/1,01:45,430,,,,19
2026/6/1,02:00,430,,,,21
2026/6/1,02:15,430,,,,21
2026/6/1,02:30,430,,,,29
2026/6/1,02:45,430,,,,40
2026/6/1,03:00,430,,,,37
2026/6/1,03:15,430,,,,29
2026/6/1,03:30,430,,,,26
2026/6/1,03:45,430,,,,24
2026/6/1,04:00,430,,,,27
2026/6/1,04:15,430,,,,26
2026/6/1,04:30,430,,,,24
2026/6/1,04:45,430,,,,26
2026/6/1,05:00,430,,,,27
2026/6/1,05:15,430,,,,27
2026/6/1,05:30,430,,,,26
2026/6/1,05:45,430,,,,28
2026/6/1,06:00,430,,,,48
2026/6/1,06:15,430,,,,49
2026/6/1,06:30,430,,,,49
2026/6/1,06:45,430,,,,49
2026/6/1,07:00,430,,,,40
2026/6/1,07:15,430,,,,34
2026/6/1,07:30,430,,,,33
2026/6/1,07:45,430,,,,39
2026/6/1,08:00,430,,,,42
2026/6/1,08:15,430,,,,71
2026/6/1,08:30,430,,,,128
2026/6/1,08:45,430,,,,131
2026/6/1,09:00,430,,,,137
2026/6/1,09:15,430,,226,,
2026/6/1,09:30,430,,307,,
2026/6/1,09:45,430,,338,,
2026/6/1,10:00,430,,359,,
2026/6/1,10:15,430,,354,,
2026/6/1,10:30,430,,353,,
2026/6/1,10:45,430,,358,,
2026/6/1,11:00,430,,355,,
2026/6/1,11:15,430,,360,,
2026/6/1,11:30,430,,373,,
2026/6/1,11:45,430,,362,,
2026/6/1,12:00,430,,302,,
2026/6/1,12:15,430,,222,,
2026/6/1,12:30,430,,242,,
2026/6/1,12:45,430,,263,,
2026/6/1,13:00,430,,258,,
2026/6/1,13:15,430,,297,,
2026/6/1,13:30,430,,311,,
2026/6/1,13:45,430,,340,,
2026/6/1,14:00,430,,348,,
2026/6/1,14:15,430,,310,,
2026/6/1,14:30,430,,303,,
2026/6/1,14:45,430,,328,,
2026/6/1,15:00,430,,356,,
2026/6/1,15:15,430,,359,,
2026/6/1,15:30,430,,316,,
2026/6/1,15:45,430,,351,,
2026/6/1,16:00,430,,363,,
2026/6/1,16:15,430,315,,,
2026/6/1,16:30,430,331,,,
2026/6/1,16:45,430,347,,,
2026/6/1,17:00,430,320,,,
2026/6/1,17:15,430,263,,,
2026/6/1,17:30,430,227,,,
2026/6/1,17:45,430,239,,,
2026/6/1,18:00,430,303,,,
2026/6/1,18:15,430,341,,,
2026/6/1,18:30,430,312,,,
2026/6/1,18:45,430,270,,,
2026/6/1,19:00,430,266,,,
2026/6/1,19:15,430,288,,,
2026/6/1,19:30,430,307,,,
2026/6/1,19:45,430,291,,,
2026/6/1,20:00,430,258,,,
2026/6/1,20:15,430,259,,,
2026/6/1,20:30,430,258,,,
2026/6/1,20:45,430,278,,,
2026/6/1,21:00,430,278,,,
2026/6/1,21:15,430,296,,,
2026/6/1,21:30,430,314,,,
2026/6/1,21:45,430,277,,,
2026/6/1,22:00,430,282,,,
2026/6/1,22:15,430,,291,,
2026/6/1,22:30,430,,291,,
2026/6/1,22:45,430,,226,,
2026/6/1,23:00,430,,176,,
2026/6/1,23:15,430,,162,,
2026/6/1,23:30,430,,184,,
2026/6/1,23:45,430,,214,,
2026/6/2,00:00,430,,259,,
2026/6/2,00:15,430,,,,219
2026/6/2,00:30,430,,,,163
2026/6/2,00:45,430,,,,134
2026/6/2,01:00,430,,,,133
2026/6/2,01:15,430,,,,125
2026/6/2,01:30,430,,,,75
2026/6/2,01:45,430,,,,74
2026/6/2,02:00,430,,,,61
2026/6/2,02:15,430,,,,58
2026/6/2,02:30,430,,,,59
2026/6/2,02:45,430,,,,59
2026/6/2,03:00,430,,,,56
2026/6/2,03:15,430,,,,56
2026/6/2,03:30,430,,,,54
2026/6/2,03:45,430,,,,54
2026/6/2,04:00,430,,,,42
2026/6/2,04:15,430,,,,30
2026/6/2,04:30,430,,,,29
2026/6/2,04:45,430,,,,27
2026/6/2,05:00,430,,,,27
2026/6/2,05:15,430,,,,30
2026/6/2,05:30,430,,,,29
2026/6/2,05:45,430,,,,30
2026/6/2,06:00,430,,,,35
2026/6/2,06:15,430,,,,36
2026/6/2,06:30,430,,,,32
2026/6/2,06:45,430,,,,33
2026/6/2,07:00,430,,,,33
2026/6/2,07:15,430,,,,33
2026/6/2,07:30,430,,,,33
2026/6/2,07:45,430,,,,39
2026/6/2,08:00,430,,,,43
2026/6/2,08:15,430,,,,74
2026/6/2,08:30,430,,,,116
2026/6/2,08:45,430,,,,128
2026/6/2,09:00,430,,,,142
2026/6/2,09:15,430,,227,,
2026/6/2,09:30,430,,309,,
2026/6/2,09:45,430,,373,,
2026/6/2,10:00,430,,348,,
2026/6/2,10:15,430,,341,,
2026/6/2,10:30,430,,369,,
2026/6/2,10:45,430,,381,,
2026/6/2,11:00,430,,367,,
2026/6/2,11:15,430,,373,,
2026/6/2,11:30,430,,383,,
2026/6/2,11:45,430,,360,,
2026/6/2,12:00,430,,331,,
2026/6/2,12:15,430,,298,,
2026/6/2,12:30,430,,301,,
2026/6/2,12:45,430,,281,,
2026/6/2,13:00,430,,292,,
2026/6/2,13:15,430,,375,,
2026/6/2,13:30,430,,404,,
2026/6/2,13:45,430,,394,,
2026/6/2,14:00,430,,384,,
2026/6/2,14:15,430,,381,,
2026/6/2,14:30,430,,375,,
2026/6/2,14:45,430,,376,,
2026/6/2,15:00,430,,365,,
2026/6/2,15:15,430,,375,,
2026/6/2,15:30,430,,388,,
2026/6/2,15:45,430,,379,,
2026/6/2,16:00,430,,383,,
2026/6/2,16:15,430,366,,,
2026/6/2,16:30,430,338,,,
2026/6/2,16:45,430,340,,,
2026/6/2,17:00,430,357,,,
2026/6/2,17:15,430,314,,,
2026/6/2,17:30,430,278,,,
2026/6/2,17:45,430,287,,,
2026/6/2,18:00,430,337,,,
2026/6/2,18:15,430,359,,,
2026/6/2,18:30,430,341,,,
2026/6/2,18:45,430,327,,,
2026/6/2,19:00,430,341,,,
2026/6/2,19:15,430,307,,,
2026/6/2,19:30,430,298,,,
2026/6/2,19:45,430,333,,,
2026/6/2,20:00,430,336,,,
2026/6/2,20:15,430,291,,,
2026/6/2,20:30,430,256,,,
2026/6/2,20:45,430,267,,,
2026/6/2,21:00,430,323,,,
2026/6/2,21:15,430,309,,,
2026/6/2,21:30,430,290,,,
2026/6/2,21:45,430,298,,,
2026/6/2,22:00,430,298,,,
2026/6/2,22:15,430,,296,,
2026/6/2,22:30,430,,298,,
2026/6/2,22:45,430,,310,,
2026/6/2,23:00,430,,294,,
2026/6/2,23:15,430,,234,,
2026/6/2,23:30,430,,194,,
2026/6/2,23:45,430,,230,,
2026/6/3,00:00,430,,266,,
2026/6/3,00:15,430,,,,230
2026/6/3,00:30,430,,,,181
2026/6/3,00:45,430,,,,144
2026/6/3,01:00,430,,,,136
2026/6/3,01:15,430,,,,136
2026/6/3,01:30,430,,,,80
2026/6/3,01:45,430,,,,70
2026/6/3,02:00,430,,,,64
2026/6/3,02:15,430,,,,59
2026/6/3,02:30,430,,,,58
2026/6/3,02:45,430,,,,56
2026/6/3,03:00,430,,,,59
2026/6/3,03:15,430,,,,58
2026/6/3,03:30,430,,,,58
2026/6/3,03:45,430,,,,59
2026/6/3,04:00,430,,,,58
2026/6/3,04:15,430,,,,46
2026/6/3,04:30,430,,,,29
2026/6/3,04:45,430,,,,32
2026/6/3,05:00,430,,,,27
2026/6/3,05:15,430,,,,34
2026/6/3,05:30,430,,,,34
2026/6/3,05:45,430,,,,35
2026/6/3,06:00,430,,,,36
2026/6/3,06:15,430,,,,31
2026/6/3,06:30,430,,,,34
2026/6/3,06:45,430,,,,53
2026/6/3,07:00,430,,,,47
2026/6/3,07:15,430,,,,41
2026/6/3,07:30,430,,,,36
2026/6/3,07:45,430,,,,42
2026/6/3,08:00,430,,,,44
2026/6/3,08:15,430,,,,53
2026/6/3,08:30,430,,,,63
2026/6/3,08:45,430,,,,108
2026/6/3,09:00,430,,,,116
2026/6/3,09:15,430,,225,,
2026/6/3,09:30,430,,318,,
2026/6/3,09:45,430,,376,,
2026/6/3,10:00,430,,351,,
2026/6/3,10:15,430,,365,,
2026/6/3,10:30,430,,384,,
2026/6/3,10:45,430,,384,,
2026/6/3,11:00,430,,377,,
2026/6/3,11:15,430,,377,,
2026/6/3,11:30,430,,380,,
2026/6/3,11:45,430,,344,,
2026/6/3,12:00,430,,345,,
2026/6/3,12:15,430,,268,,
2026/6/3,12:30,430,,250,,
2026/6/3,12:45,430,,266,,
2026/6/3,13:00,430,,289,,
2026/6/3,13:15,430,,377,,
2026/6/3,13:30,430,,399,,
2026/6/3,13:45,430,,378,,
2026/6/3,14:00,430,,365,,
2026/6/3,14:15,430,,370,,
2026/6/3,14:30,430,,360,,
2026/6/3,14:45,430,,347,,
2026/6/3,15:00,430,,361,,
2026/6/3,15:15,430,,381,,
2026/6/3,15:30,430,,371,,
2026/6/3,15:45,430,,366,,
2026/6/3,16:00,430,,368,,
2026/6/3,16:15,430,369,,,
2026/6/3,16:30,430,362,,,
2026/6/3,16:45,430,354,,,
2026/6/3,17:00,430,333,,,
2026/6/3,17:15,430,299,,,
2026/6/3,17:30,430,273,,,
2026/6/3,17:45,430,263,,,
2026/6/3,18:00,430,312,,,
2026/6/3,18:15,430,354,,,
2026/6/3,18:30,430,357,,,
2026/6/3,18:45,430,342,,,
2026/6/3,19:00,430,341,,,
2026/6/3,19:15,430,328,,,
2026/6/3,19:30,430,333,,,
2026/6/3,19:45,430,339,,,
2026/6/3,20:00,430,322,,,
2026/6/3,20:15,430,285,,,
2026/6/3,20:30,430,229,,,
2026/6/3,20:45,430,250,,,
2026/6/3,21:00,430,314,,,
2026/6/3,21:15,430,346,,,
2026/6/3,21:30,430,317,,,
2026/6/3,21:45,430,254,,,
2026/6/3,22:00,430,259,,,
2026/6/3,22:15,430,,291,,
2026/6/3,22:30,430,,280,,
2026/6/3,22:45,430,,267,,
2026/6/3,23:00,430,,262,,
2026/6/3,23:15,430,,202,,
2026/6/3,23:30,430,,166,,
2026/6/3,23:45,430,,221,,
2026/6/4,00:00,430,,262,,
2026/6/4,00:15,430,,,,230
2026/6/4,00:30,430,,,,160
2026/6/4,00:45,430,,,,138
2026/6/4,01:00,430,,,,123
2026/6/4,01:15,430,,,,75
2026/6/4,01:30,430,,,,64
2026/6/4,01:45,430,,,,61
2026/6/4,02:00,430,,,,56
2026/6/4,02:15,430,,,,54
2026/6/4,02:30,430,,,,54
2026/6/4,02:45,430,,,,53
2026/6/4,03:00,430,,,,54
2026/6/4,03:15,430,,,,50
2026/6/4,03:30,430,,,,51
2026/6/4,03:45,430,,,,51
2026/6/4,04:00,430,,,,53
2026/6/4,04:15,430,,,,32
2026/6/4,04:30,430,,,,29
2026/6/4,04:45,430,,,,30
2026/6/4,05:00,430,,,,30
2026/6/4,05:15,430,,,,30
2026/6/4,05:30,430,,,,32
2026/6/4,05:45,430,,,,32
2026/6/4,06:00,430,,,,35
2026/6/4,06:15,430,,,,35
2026/6/4,06:30,430,,,,36
2026/6/4,06:45,430,,,,34
2026/6/4,07:00,430,,,,35
2026/6/4,07:15,430,,,,35
2026/6/4,07:30,430,,,,37
2026/6/4,07:45,430,,,,40
2026/6/4,08:00,430,,,,47
2026/6/4,08:15,430,,,,71
2026/6/4,08:30,430,,,,123
2026/6/4,08:45,430,,,,132
2026/6/4,09:00,430,,,,128
2026/6/4,09:15,430,,230,,
2026/6/4,09:30,430,,326,,
2026/6/4,09:45,430,,388,,
2026/6/4,10:00,430,,399,,
2026/6/4,10:15,430,,388,,
2026/6/4,10:30,430,,396,,
2026/6/4,10:45,430,,406,,
2026/6/4,11:00,430,,401,,
2026/6/4,11:15,430,,393,,
2026/6/4,11:30,430,,381,,
2026/6/4,11:45,430,,385,,
2026/6/4,12:00,430,,353,,
2026/6/4,12:15,430,,288,,
2026/6/4,12:30,430,,292,,
2026/6/4,12:45,430,,300,,
2026/6/4,13:00,430,,303,,
2026/6/4,13:15,430,,356,,
2026/6/4,13:30,430,,378,,
2026/6/4,13:45,430,,396,,
2026/6/4,14:00,430,,406,,
2026/6/4,14:15,430,,380,,
2026/6/4,14:30,430,,395,,
2026/6/4,14:45,430,,405,,
2026/6/4,15:00,430,,386,,
2026/6/4,15:15,430,,395,,
2026/6/4,15:30,430,,382,,
2026/6/4,15:45,430,,350,,
2026/6/4,16:00,430,,362,,
2026/6/4,16:15,430,348,,,
2026/6/4,16:30,430,343,,,
2026/6/4,16:45,430,358,,,
2026/6/4,17:00,430,332,,,
2026/6/4,17:15,430,315,,,
2026/6/4,17:30,430,274,,,
2026/6/4,17:45,430,273,,,
2026/6/4,18:00,430,325,,,
2026/6/4,18:15,430,349,,,
2026/6/4,18:30,430,347,,,
2026/6/4,18:45,430,331,,,
2026/6/4,19:00,430,341,,,
2026/6/4,19:15,430,336,,,
2026/6/4,19:30,430,322,,,
2026/6/4,19:45,430,323,,,
2026/6/4,20:00,430,317,,,
2026/6/4,20:15,430,267,,,
2026/6/4,20:30,430,205,,,
2026/6/4,20:45,430,242,,,
2026/6/4,21:00,430,306,,,
2026/6/4,21:15,430,310,,,
2026/6/4,21:30,430,309,,,
2026/6/4,21:45,430,309,,,
2026/6/4,22:00,430,317,,,
2026/6/4,22:15,430,,304,,
2026/6/4,22:30,430,,307,,
2026/6/4,22:45,430,,293,,
2026/6/4,23:00,430,,261,,
2026/6/4,23:15,430,,203,,
2026/6/4,23:30,430,,187,,
2026/6/4,23:45,430,,224,,
2026/6/5,00:00,430,,256,,
2026/6/5,00:15,430,,,,222
2026/6/5,00:30,430,,,,155
2026/6/5,00:45,430,,,,93
2026/6/5,01:00,430,,,,78
2026/6/5,01:15,430,,,,67
2026/6/5,01:30,430,,,,64
2026/6/5,01:45,430,,,,61
2026/6/5,02:00,430,,,,59
2026/6/5,02:15,430,,,,58
2026/6/5,02:30,430,,,,56
2026/6/5,02:45,430,,,,54
2026/6/5,03:00,430,,,,54
2026/6/5,03:15,430,,,,53
2026/6/5,03:30,430,,,,54
2026/6/5,03:45,430,,,,56
2026/6/5,04:00,430,,,,35
2026/6/5,04:15,430,,,,32
2026/6/5,04:30,430,,,,29
2026/6/5,04:45,430,,,,27
2026/6/5,05:00,430,,,,32
2026/6/5,05:15,430,,,,30
2026/6/5,05:30,430,,,,28
2026/6/5,05:45,430,,,,30
2026/6/5,06:00,430,,,,35
2026/6/5,06:15,430,,,,35
2026/6/5,06:30,430,,,,34
2026/6/5,06:45,430,,,,30
2026/6/5,07:00,430,,,,31
2026/6/5,07:15,430,,,,31
2026/6/5,07:30,430,,,,34
2026/6/5,07:45,430,,,,37
2026/6/5,08:00,430,,,,41
2026/6/5,08:15,430,,,,50
2026/6/5,08:30,430,,,,98
2026/6/5,08:45,430,,,,116
2026/6/5,09:00,430,,,,123
2026/6/5,09:15,430,,220,,
2026/6/5,09:30,430,,317,,
2026/6/5,09:45,430,,357,,
2026/6/5,10:00,430,,374,,
2026/6/5,10:15,430,,356,,
2026/6/5,10:30,430,,355,,
2026/6/5,10:45,430,,362,,
2026/6/5,11:00,430,,385,,
2026/6/5,11:15,430,,378,,
2026/6/5,11:30,430,,367,,
2026/6/5,11:45,430,,369,,
2026/6/5,12:00,430,,385,,
2026/6/5,12:15,430,,321,,
2026/6/5,12:30,430,,297,,
2026/6/5,12:45,430,,288,,
2026/6/5,13:00,430,,291,,
2026/6/5,13:15,430,,338,,
2026/6/5,13:30,430,,370,,
2026/6/5,13:45,430,,382,,
2026/6/5,14:00,430,,374,,
2026/6/5,14:15,430,,354,,
2026/6/5,14:30,430,,371,,
2026/6/5,14:45,430,,367,,
2026/6/5,15:00,430,,369,,
2026/6/5,15:15,430,,371,,
2026/6/5,15:30,430,,378,,
2026/6/5,15:45,430,,387,,
2026/6/5,16:00,430,,391,,
2026/6/5,16:15,430,349,,,
2026/6/5,16:30,430,349,,,
2026/6/5,16:45,430,355,,,
2026/6/5,17:00,430,374,,,
2026/6/5,17:15,430,321,,,
2026/6/5,17:30,430,301,,,
2026/6/5,17:45,430,278,,,
2026/6/5,18:00,430,321,,,
2026/6/5,18:15,430,353,,,
2026/6/5,18:30,430,357,,,
2026/6/5,18:45,430,339,,,
2026/6/5,19:00,430,330,,,
2026/6/5,19:15,430,334,,,
2026/6/5,19:30,430,339,,,
2026/6/5,19:45,430,342,,,
2026/6/5,20:00,430,323,,,
2026/6/5,20:15,430,270,,,
2026/6/5,20:30,430,237,,,
2026/6/5,20:45,430,262,,,
2026/6/5,21:00,430,306,,,
2026/6/5,21:15,430,325,,,
2026/6/5,21:30,430,307,,,
2026/6/5,21:45,430,299,,,
2026/6/5,22:00,430,310,,,
2026/6/5,22:15,430,,312,,
2026/6/5,22:30,430,,298,,
2026/6/5,22:45,430,,299,,
2026/6/5,23:00,430,,285,,
2026/6/5,23:15,430,,216,,
2026/6/5,23:30,430,,197,,
2026/6/5,23:45,430,,242,,
2026/6/6,00:00,430,,262,,
2026/6/6,00:15,430,,,,224
2026/6/6,00:30,430,,,,168
2026/6/6,00:45,430,,,,139
2026/6/6,01:00,430,,,,141
2026/6/6,01:15,430,,,,85
2026/6/6,01:30,430,,,,70
2026/6/6,01:45,430,,,,66
2026/6/6,02:00,430,,,,58
2026/6/6,02:15,430,,,,58
2026/6/6,02:30,430,,,,56
2026/6/6,02:45,430,,,,56
2026/6/6,03:00,430,,,,56
2026/6/6,03:15,430,,,,58
2026/6/6,03:30,430,,,,54
2026/6/6,03:45,430,,,,53
2026/6/6,04:00,430,,,,29
2026/6/6,04:15,430,,,,32
2026/6/6,04:30,430,,,,29
2026/6/6,04:45,430,,,,30
2026/6/6,05:00,430,,,,30
2026/6/6,05:15,430,,,,30
2026/6/6,05:30,430,,,,29
2026/6/6,05:45,430,,,,31
2026/6/6,06:00,430,,,,32
2026/6/6,06:15,430,,,,33
2026/6/6,06:30,430,,,,42
2026/6/6,06:45,430,,,,50
2026/6/6,07:00,430,,,,44
2026/6/6,07:15,430,,,,32
2026/6/6,07:30,430,,,,30
2026/6/6,07:45,430,,,,34
2026/6/6,08:00,430,,,,42
2026/6/6,08:15,430,,,,46
2026/6/6,08:30,430,,,,76
2026/6/6,08:45,430,,,,119
2026/6/6,09:00,430,,,124,
2026/6/6,09:15,430,,,197,
2026/6/6,09:30,430,,,279,
2026/6/6,09:45,430,,,318,
2026/6/6,10:00,430,,,347,
2026/6/6,10:15,430,,,342,
2026/6/6,10:30,430,,,336,
2026/6/6,10:45,430,,,372,
2026/6/6,11:00,430,,,348,
2026/6/6,11:15,430,,,338,
2026/6/6,11:30,430,,,352,
2026/6/6,11:45,430,,,350,
2026/6/6,12:00,430,,,362,
2026/6/6,12:15,430,,,292,
2026/6/6,12:30,430,,,282,
2026/6/6,12:45,430,,,280,
2026/6/6,13:00,430,,,276,
2026/6/6,13:15,430,,,304,
2026/6/6,13:30,430,,,325,
2026/6/6,13:45,430,,,359,
2026/6/6,14:00,430,,,365,
2026/6/6,14:15,430,,,342,
2026/6/6,14:30,430,,,349,
2026/6/6,14:45,430,,,336,
2026/6/6,15:00,430,,,318,
2026/6/6,15:15,430,,,321,
2026/6/6,15:30,430,,,334,
2026/6/6,15:45,430,,,331,
2026/6/6,16:00,430,,,324,
2026/6/6,16:15,430,,,329,
2026/6/6,16:30,430,,,320,
2026/6/6,16:45,430,,,328,
2026/6/6,17:00,430,,,338,
2026/6/6,17:15,430,,,313,
2026/6/6,17:30,430,,,261,
2026/6/6,17:45,430,,,230,
2026/6/6,18:00,430,,,287,
2026/6/6,18:15,430,,,319,
2026/6/6,18:30,430,,,297,
2026/6/6,18:45,430,,,289,
2026/6/6,19:00,430,,,320,
2026/6/6,19:15,430,,,323,
2026/6/6,19:30,430,,,320,
2026/6/6,19:45,430,,,325,
2026/6/6,20:00,430,,,320,
2026/6/6,20:15,430,,,251,
2026/6/6,20:30,430,,,214,
2026/6/6,20:45,430,,,224,
2026/6/6,21:00,430,,,291,
2026/6/6,21:15,430,,,293,
2026/6/6,21:30,430,,,285,
2026/6/6,21:45,430,,,304,
2026/6/6,22:00,430,,,299,
2026/6/6,22:15,430,,,296,
2026/6/6,22:30,430,,,309,
2026/6/6,22:45,430,,,298,
2026/6/6,23:00,430,,,264,
2026/6/6,23:15,430,,,200,
2026/6/6,23:30,430,,,173,
2026/6/6,23:45,430,,,198,
2026/6/7,00:00,430,,,218,
2026/6/7,00:15,430,,,,186
2026/6/7,00:30,430,,,,144
2026/6/7,00:45,430,,,,125
2026/6/7,01:00,430,,,,120
2026/6/7,01:15,430,,,,91
2026/6/7,01:30,430,,,,66
2026/6/7,01:45,430,,,,54
2026/6/7,02:00,430,,,,56
2026/6/7,02:15,430,,,,56
2026/6/7,02:30,430,,,,51
2026/6/7,02:45,430,,,,51
2026/6/7,03:00,430,,,,54
2026/6/7,03:15,430,,,,53
2026/6/7,03:30,430,,,,43
2026/6/7,03:45,430,,,,30
2026/6/7,04:00,430,,,,29
2026/6/7,04:15,430,,,,29
2026/6/7,04:30,430,,,,27
2026/6/7,04:45,430,,,,29
2026/6/7,05:00,430,,,,29
2026/6/7,05:15,430,,,,27
2026/6/7,05:30,430,,,,27
2026/6/7,05:45,430,,,,30
2026/6/7,06:00,430,,,,27
2026/6/7,06:15,430,,,,28
2026/6/7,06:30,430,,,,29
2026/6/7,06:45,430,,,,29
2026/6/7,07:00,430,,,,32
2026/6/7,07:15,430,,,,49
2026/6/7,07:30,430,,,,40
2026/6/7,07:45,430,,,,35
2026/6/7,08:00,430,,,,31
2026/6/7,08:15,430,,,,37
2026/6/7,08:30,430,,,,56
2026/6/7,08:45,430,,,,63
2026/6/7,09:00,430,,,,63
2026/6/7,09:15,430,,,,64
2026/6/7,09:30,430,,,,73
2026/6/7,09:45,430,,,,71
2026/6/7,10:00,430,,,,71
2026/6/7,10:15,430,,,,68
2026/6/7,10:30,430,,,,69
2026/6/7,10:45,430,,,,67
2026/6/7,11:00,430,,,,89
2026/6/7,11:15,430,,,,122
2026/6/7,11:30,430,,,,186
2026/6/7,11:45,430,,,,204
2026/6/7,12:00,430,,,,225
2026/6/7,12:15,430,,,,275
2026/6/7,12:30,430,,,,305
2026/6/7,12:45,430,,,,278
2026/6/7,13:00,430,,,,279
2026/6/7,13:15,430,,,,310
2026/6/7,13:30,430,,,,313
2026/6/7,13:45,430,,,,303
2026/6/7,14:00,430,,,,309
2026/6/7,14:15,430,,,,319
2026/6/7,14:30,430,,,,319
2026/6/7,14:45,430,,,,301
2026/6/7,15:00,430,,,,266
2026/6/7,15:15,430,,,,278
2026/6/7,15:30,430,,,,293
2026/6/7,15:45,430,,,,267
2026/6/7,16:00,430,,,,275
2026/6/7,16:15,430,,,,303
2026/6/7,16:30,430,,,,312
2026/6/7,16:45,430,,,,262
2026/6/7,17:00,430,,,,187
2026/6/7,17:15,430,,,,146
2026/6/7,17:30,430,,,,112
2026/6/7,17:45,430,,,,97
2026/6/7,18:00,430,,,,79
2026/6/7,18:15,430,,,,63
2026/6/7,18:30,430,,,,51
2026/6/7,18:45,430,,,,49
2026/6/7,19:00,430,,,,48
2026/6/7,19:15,430,,,,45
2026/6/7,19:30,430,,,,48
2026/6/7,19:45,430,,,,50
2026/6/7,20:00,430,,,,48
2026/6/7,20:15,430,,,,50
2026/6/7,20:30,430,,,,50
2026/6/7,20:45,430,,,,37
2026/6/7,21:00,430,,,,22
2026/6/7,21:15,430,,,,26
2026/6/7,21:30,430,,,,24
2026/6/7,21:45,430,,,,22
2026/6/7,22:00,430,,,,24
2026/6/7,22:15,430,,,,22
2026/6/7,22:30,430,,,,24
2026/6/7,22:45,430,,,,21
2026/6/7,23:00,430,,,,22
2026/6/7,23:15,430,,,,24
2026/6/7,23:30,430,,,,21
2026/6/7,23:45,430,,,,21
2026/6/8,00:00,430,,,,22
2026/6/8,00:15,430,,,,21
2026/6/8,00:30,430,,,,22
2026/6/8,00:45,430,,,,22
2026/6/8,01:00,430,,,,21
2026/6/8,01:15,430,,,,21
2026/6/8,01:30,430,,,,21
2026/6/8,01:45,430,,,,22
2026/6/8,02:00,430,,,,21
2026/6/8,02:15,430,,,,21
2026/6/8,02:30,430,,,,22
2026/6/8,02:45,430,,,,27
2026/6/8,03:00,430,,,,27
2026/6/8,03:15,430,,,,29
2026/6/8,03:30,430,,,,26
2026/6/8,03:45,430,,,,29
2026/6/8,04:00,430,,,,27
2026/6/8,04:15,430,,,,29
2026/6/8,04:30,430,,,,27
2026/6/8,04:45,430,,,,27
2026/6/8,05:00,430,,,,29
2026/6/8,05:15,430,,,,30
2026/6/8,05:30,430,,,,31
2026/6/8,05:45,430,,,,49
2026/6/8,06:00,430,,,,45
2026/6/8,06:15,430,,,,39
2026/6/8,06:30,430,,,,31
2026/6/8,06:45,430,,,,32
2026/6/8,07:00,430,,,,34
2026/6/8,07:15,430,,,,32
2026/6/8,07:30,430,,,,35
2026/6/8,07:45,430,,,,39
2026/6/8,08:00,430,,,,42
2026/6/8,08:15,430,,,,73
2026/6/8,08:30,430,,,,138
2026/6/8,08:45,430,,,,149
2026/6/8,09:00,430,,,,153
2026/6/8,09:15,430,,238,,
2026/6/8,09:30,430,,314,,
2026/6/8,09:45,430,,364,,
2026/6/8,10:00,430,,338,,
2026/6/8,10:15,430,,349,,
2026/6/8,10:30,430,,364,,
2026/6/8,10:45,430,,375,,
2026/6/8,11:00,430,,376,,
2026/6/8,11:15,430,,345,,
2026/6/8,11:30,430,,357,,
2026/6/8,11:45,430,,354,,
2026/6/8,12:00,430,,354,,
2026/6/8,12:15,430,,278,,
2026/6/8,12:30,430,,261,,
2026/6/8,12:45,430,,265,,
2026/6/8,13:00,430,,256,,
2026/6/8,13:15,430,,324,,
2026/6/8,13:30,430,,334,,
2026/6/8,13:45,430,,362,,
2026/6/8,14:00,430,,329,,
2026/6/8,14:15,430,,330,,
2026/6/8,14:30,430,,341,,
2026/6/8,14:45,430,,343,,
2026/6/8,15:00,430,,334,,
2026/6/8,15:15,430,,346,,
2026/6/8,15:30,430,,350,,
2026/6/8,15:45,430,,359,,
2026/6/8,16:00,430,,317,,
2026/6/8,16:15,430,328,,,
2026/6/8,16:30,430,344,,,
2026/6/8,16:45,430,328,,,
2026/6/8,17:00,430,335,,,
2026/6/8,17:15,430,300,,,
2026/6/8,17:30,430,247,,,
2026/6/8,17:45,430,254,,,
2026/6/8,18:00,430,296,,,
2026/6/8,18:15,430,328,,,
2026/6/8,18:30,430,319,,,
2026/6/8,18:45,430,303,,,
2026/6/8,19:00,430,309,,,
2026/6/8,19:15,430,315,,,
2026/6/8,19:30,430,314,,,
2026/6/8,19:45,430,323,,,
2026/6/8,20:00,430,285,,,
2026/6/8,20:15,430,245,,,
2026/6/8,20:30,430,224,,,
2026/6/8,20:45,430,280,,,
2026/6/8,21:00,430,314,,,
2026/6/8,21:15,430,291,,,
2026/6/8,21:30,430,288,,,
2026/6/8,21:45,430,290,,,
2026/6/8,22:00,430,298,,,
2026/6/8,22:15,430,,254,,
2026/6/8,22:30,430,,208,,
2026/6/8,22:45,430,,160,,
2026/6/8,23:00,430,,163,,
2026/6/8,23:15,430,,149,,
2026/6/8,23:30,430,,171,,
2026/6/8,23:45,430,,211,,
2026/6/9,00:00,430,,200,,
2026/6/9,00:15,430,,,,160
2026/6/9,00:30,430,,,,138
2026/6/9,00:45,430,,,,117
2026/6/9,01:00,430,,,,77
2026/6/9,01:15,430,,,,78
2026/6/9,01:30,430,,,,78
2026/6/9,01:45,430,,,,69
2026/6/9,02:00,430,,,,59
2026/6/9,02:15,430,,,,58
2026/6/9,02:30,430,,,,61
2026/6/9,02:45,430,,,,59
2026/6/9,03:00,430,,,,56
2026/6/9,03:15,430,,,,56
2026/6/9,03:30,430,,,,58
2026/6/9,03:45,430,,,,56
2026/6/9,04:00,430,,,,56
2026/6/9,04:15,430,,,,45
2026/6/9,04:30,430,,,,35
2026/6/9,04:45,430,,,,50
2026/6/9,05:00,430,,,,35
2026/6/9,05:15,430,,,,30
2026/6/9,05:30,430,,,,30
2026/6/9,05:45,430,,,,32
2026/6/9,06:00,430,,,,30
2026/6/9,06:15,430,,,,33
2026/6/9,06:30,430,,,,34
2026/6/9,06:45,430,,,,33
2026/6/9,07:00,430,,,,33
2026/6/9,07:15,430,,,,32
2026/6/9,07:30,430,,,,34
2026/6/9,07:45,430,,,,41
2026/6/9,08:00,430,,,,45
2026/6/9,08:15,430,,,,91
2026/6/9,08:30,430,,,,125
2026/6/9,08:45,430,,,,121
2026/6/9,09:00,430,,,,131
2026/6/9,09:15,430,,215,,
2026/6/9,09:30,430,,304,,
2026/6/9,09:45,430,,331,,
2026/6/9,10:00,430,,329,,
2026/6/9,10:15,430,,340,,
2026/6/9,10:30,430,,336,,
2026/6/9,10:45,430,,333,,
2026/6/9,11:00,430,,346,,
2026/6/9,11:15,430,,342,,
2026/6/9,11:30,430,,353,,
2026/6/9,11:45,430,,355,,
2026/6/9,12:00,430,,349,,
2026/6/9,12:15,430,,292,,
2026/6/9,12:30,430,,296,,
2026/6/9,12:45,430,,276,,
2026/6/9,13:00,430,,262,,
2026/6/9,13:15,430,,318,,
2026/6/9,13:30,430,,345,,
2026/6/9,13:45,430,,259,,
2026/6/9,14:00,430,,333,,
2026/6/9,14:15,430,,319,,
2026/6/9,14:30,430,,330,,
2026/6/9,14:45,430,,338,,
2026/6/9,15:00,430,,341,,
2026/6/9,15:15,430,,352,,
2026/6/9,15:30,430,,350,,
2026/6/9,15:45,430,,329,,
2026/6/9,16:00,430,,332,,
2026/6/9,16:15,430,339,,,
2026/6/9,16:30,430,333,,,
2026/6/9,16:45,430,334,,,
2026/6/9,17:00,430,328,,,
2026/6/9,17:15,430,309,,,
2026/6/9,17:30,430,284,,,
2026/6/9,17:45,430,266,,,
2026/6/9,18:00,430,290,,,
2026/6/9,18:15,430,325,,,
2026/6/9,18:30,430,326,,,
2026/6/9,18:45,430,318,,,
2026/6/9,19:00,430,315,,,
2026/6/9,19:15,430,317,,,
2026/6/9,19:30,430,312,,,
2026/6/9,19:45,430,315,,,
2026/6/9,20:00,430,322,,,
2026/6/9,20:15,430,261,,,
2026/6/9,20:30,430,218,,,
2026/6/9,20:45,430,256,,,
2026/6/9,21:00,430,294,,,
2026/6/9,21:15,430,277,,,
2026/6/9,21:30,430,277,,,
2026/6/9,21:45,430,298,,,
2026/6/9,22:00,430,283,,,
2026/6/9,22:15,430,,293,,
2026/6/9,22:30,430,,298,,
2026/6/9,22:45,430,,286,,
2026/6/9,23:00,430,,296,,
2026/6/9,23:15,430,,291,,
2026/6/9,23:30,430,,256,,
2026/6/9,23:45,430,,192,,
2026/6/10,00:00,430,,152,,
2026/6/10,00:15,430,,,,136
2026/6/10,00:30,430,,,,126
2026/6/10,00:45,430,,,,118
2026/6/10,01:00,430,,,,70
2026/6/10,01:15,430,,,,58
2026/6/10,01:30,430,,,,54
2026/6/10,01:45,430,,,,53
2026/6/10,02:00,430,,,,51
2026/6/10,02:15,430,,,,51
2026/6/10,02:30,430,,,,53
2026/6/10,02:45,430,,,,53
2026/6/10,03:00,430,,,,51
2026/6/10,03:15,430,,,,69
2026/6/10,03:30,430,,,,64
2026/6/10,03:45,430,,,,51
2026/6/10,04:00,430,,,,51
2026/6/10,04:15,430,,,,51
2026/6/10,04:30,430,,,,53
2026/6/10,04:45,430,,,,51
2026/6/10,05:00,430,,,,53
2026/6/10,05:15,430,,,,42
2026/6/10,05:30,430,,,,30
2026/6/10,05:45,430,,,,29
2026/6/10,06:00,430,,,,30
2026/6/10,06:15,430,,,,34
2026/6/10,06:30,430,,,,36
2026/6/10,06:45,430,,,,33
2026/6/10,07:00,430,,,,29
2026/6/10,07:15,430,,,,32
2026/6/10,07:30,430,,,,32
2026/6/10,07:45,430,,,,36
2026/6/10,08:00,430,,,,43
2026/6/10,08:15,430,,,,60
2026/6/10,08:30,430,,,,111
2026/6/10,08:45,430,,,,112
2026/6/10,09:00,430,,,,122
2026/6/10,09:15,430,,204,,
2026/6/10,09:30,430,,279,,
2026/6/10,09:45,430,,335,,
2026/6/10,10:00,430,,339,,
2026/6/10,10:15,430,,314,,
2026/6/10,10:30,430,,349,,
2026/6/10,10:45,430,,335,,
2026/6/10,11:00,430,,323,,
2026/6/10,11:15,430,,324,,
2026/6/10,11:30,430,,332,,
2026/6/10,11:45,430,,329,,
2026/6/10,12:00,430,,315,,
2026/6/10,12:15,430,,272,,
2026/6/10,12:30,430,,274,,
2026/6/10,12:45,430,,255,,
2026/6/10,13:00,430,,245,,
2026/6/10,13:15,430,,306,,
2026/6/10,13:30,430,,335,,
2026/6/10,13:45,430,,351,,
2026/6/10,14:00,430,,339,,
2026/6/10,14:15,430,,301,,
2026/6/10,14:30,430,,311,,
2026/6/10,14:45,430,,327,,
2026/6/10,15:00,430,,319,,
2026/6/10,15:15,430,,319,,
2026/6/10,15:30,430,,344,,
2026/6/10,15:45,430,,334,,
2026/6/10,16:00,430,,324,,
2026/6/10,16:15,430,311,,,
2026/6/10,16:30,430,328,,,
2026/6/10,16:45,430,321,,,
2026/6/10,17:00,430,331,,,
2026/6/10,17:15,430,306,,,
2026/6/10,17:30,430,275,,,
2026/6/10,17:45,430,255,,,
2026/6/10,18:00,430,283,,,
2026/6/10,18:15,430,320,,,
2026/6/10,18:30,430,332,,,
2026/6/10,18:45,430,302,,,
2026/6/10,19:00,430,302,,,
2026/6/10,19:15,430,301,,,
2026/6/10,19:30,430,307,,,
2026/6/10,19:45,430,307,,,
2026/6/10,20:00,430,315,,,
2026/6/10,20:15,430,274,,,
2026/6/10,20:30,430,198,,,
2026/6/10,20:45,430,238,,,
2026/6/10,21:00,430,309,,,
2026/6/10,21:15,430,304,,,
2026/6/10,21:30,430,293,,,
2026/6/10,21:45,430,274,,,
2026/6/10,22:00,430,285,,,
2026/6/10,22:15,430,,280,,
2026/6/10,22:30,430,,277,,
2026/6/10,22:45,430,,294,,
2026/6/10,23:00,430,,282,,
2026/6/10,23:15,430,,206,,
2026/6/10,23:30,430,,155,,
2026/6/10,23:45,430,,205,,
2026/6/11,00:00,430,,250,,
2026/6/11,00:15,430,,,,202
2026/6/11,00:30,430,,,,131
2026/6/11,00:45,430,,,,123
2026/6/11,01:00,430,,,,112
2026/6/11,01:15,430,,,,106
2026/6/11,01:30,430,,,,70
2026/6/11,01:45,430,,,,70
2026/6/11,02:00,430,,,,66
2026/6/11,02:15,430,,,,59
2026/6/11,02:30,430,,,,58
2026/6/11,02:45,430,,,,53
2026/6/11,03:00,430,,,,53
2026/6/11,03:15,430,,,,53
2026/6/11,03:30,430,,,,54
2026/6/11,03:45,430,,,,53
2026/6/11,04:00,430,,,,53
2026/6/11,04:15,430,,,,56
2026/6/11,04:30,430,,,,53
2026/6/11,04:45,430,,,,38
2026/6/11,05:00,430,,,,30
2026/6/11,05:15,430,,,,29
2026/6/11,05:30,430,,,,29
2026/6/11,05:45,430,,,,30
2026/6/11,06:00,430,,,,30
2026/6/11,06:15,430,,,,31
2026/6/11,06:30,430,,,,34
2026/6/11,06:45,430,,,,33
2026/6/11,07:00,430,,,,31
2026/6/11,07:15,430,,,,30
2026/6/11,07:30,430,,,,35
2026/6/11,07:45,430,,,,36
2026/6/11,08:00,430,,,,39
2026/6/11,08:15,430,,,,81
2026/6/11,08:30,430,,,,115
2026/6/11,08:45,430,,,,128
2026/6/11,09:00,430,,,,130
2026/6/11,09:15,430,,201,,
2026/6/11,09:30,430,,271,,
2026/6/11,09:45,430,,329,,
2026/6/11,10:00,430,,352,,
2026/6/11,10:15,430,,338,,
2026/6/11,10:30,430,,343,,
2026/6/11,10:45,430,,339,,
2026/6/11,11:00,430,,299,,
2026/6/11,11:15,430,,312,,
2026/6/11,11:30,430,,333,,
2026/6/11,11:45,430,,326,,
2026/6/11,12:00,430,,301,,
2026/6/11,12:15,430,,253,,
2026/6/11,12:30,430,,250,,
2026/6/11,12:45,430,,274,,
2026/6/11,13:00,430,,257,,
2026/6/11,13:15,430,,307,,
2026/6/11,13:30,430,,336,,
2026/6/11,13:45,430,,342,,
2026/6/11,14:00,430,,340,,
2026/6/11,14:15,430,,346,,
2026/6/11,14:30,430,,341,,
2026/6/11,14:45,430,,335,,
2026/6/11,15:00,430,,324,,
2026/6/11,15:15,430,,342,,
2026/6/11,15:30,430,,339,,
2026/6/11,15:45,430,,322,,
2026/6/11,16:00,430,,328,,
2026/6/11,16:15,430,321,,,
2026/6/11,16:30,430,326,,,
2026/6/11,16:45,430,349,,,
2026/6/11,17:00,430,333,,,
2026/6/11,17:15,430,307,,,
2026/6/11,17:30,430,274,,,
2026/6/11,17:45,430,265,,,
2026/6/11,18:00,430,303,,,
2026/6/11,18:15,430,336,,,
2026/6/11,18:30,430,342,,,
2026/6/11,18:45,430,322,,,
2026/6/11,19:00,430,322,,,
2026/6/11,19:15,430,314,,,
2026/6/11,19:30,430,302,,,
2026/6/11,19:45,430,296,,,
2026/6/11,20:00,430,298,,,
2026/6/11,20:15,430,261,,,
2026/6/11,20:30,430,206,,,
2026/6/11,20:45,430,243,,,
2026/6/11,21:00,430,304,,,
2026/6/11,21:15,430,320,,,
2026/6/11,21:30,430,315,,,
2026/6/11,21:45,430,312,,,
2026/6/11,22:00,430,309,,,
2026/6/11,22:15,430,,309,,
2026/6/11,22:30,430,,312,,
2026/6/11,22:45,430,,304,,
2026/6/11,23:00,430,,280,,
2026/6/11,23:15,430,,211,,
2026/6/11,23:30,430,,162,,
2026/6/11,23:45,430,,218,,
2026/6/12,00:00,430,,250,,
2026/6/12,00:15,430,,,,206
2026/6/12,00:30,430,,,,150
2026/6/12,00:45,430,,,,130
2026/6/12,01:00,430,,,,122
2026/6/12,01:15,430,,,,123
2026/6/12,01:30,430,,,,93
2026/6/12,01:45,430,,,,64
2026/6/12,02:00,430,,,,66
2026/6/12,02:15,430,,,,67
2026/6/12,02:30,430,,,,69
2026/6/12,02:45,430,,,,58
2026/6/12,03:00,430,,,,58
2026/6/12,03:15,430,,,,56
2026/6/12,03:30,430,,,,58
2026/6/12,03:45,430,,,,59
2026/6/12,04:00,430,,,,56
2026/6/12,04:15,430,,,,59
2026/6/12,04:30,430,,,,56
2026/6/12,04:45,430,,,,56
2026/6/12,05:00,430,,,,54
2026/6/12,05:15,430,,,,30
2026/6/12,05:30,430,,,,30
2026/6/12,05:45,430,,,,28
2026/6/12,06:00,430,,,,32
2026/6/12,06:15,430,,,,35
2026/6/12,06:30,430,,,,30
2026/6/12,06:45,430,,,,30
2026/6/12,07:00,430,,,,31
2026/6/12,07:15,430,,,,32
2026/6/12,07:30,430,,,,32
2026/6/12,07:45,430,,,,38
2026/6/12,08:00,430,,,,45
2026/6/12,08:15,430,,,,79
2026/6/12,08:30,430,,,,110
2026/6/12,08:45,430,,,,114
2026/6/12,09:00,430,,,,116
2026/6/12,09:15,430,,211,,
2026/6/12,09:30,430,,278,,
2026/6/12,09:45,430,,345,,
2026/6/12,10:00,430,,348,,
2026/6/12,10:15,430,,342,,
2026/6/12,10:30,430,,327,,
2026/6/12,10:45,430,,340,,
2026/6/12,11:00,430,,349,,
2026/6/12,11:15,430,,352,,
2026/6/12,11:30,430,,347,,
2026/6/12,11:45,430,,338,,
2026/6/12,12:00,430,,317,,
2026/6/12,12:15,430,,306,,
2026/6/12,12:30,430,,294,,
2026/6/12,12:45,430,,260,,
2026/6/12,13:00,430,,264,,
2026/6/12,13:15,430,,312,,
2026/6/12,13:30,430,,352,,
2026/6/12,13:45,430,,350,,
2026/6/12,14:00,430,,344,,
2026/6/12,14:15,430,,339,,
2026/6/12,14:30,430,,357,,
2026/6/12,14:45,430,,370,,
2026/6/12,15:00,430,,340,,
2026/6/12,15:15,430,,324,,
2026/6/12,15:30,430,,331,,
2026/6/12,15:45,430,,351,,
2026/6/12,16:00,430,,348,,
2026/6/12,16:15,430,344,,,
2026/6/12,16:30,430,348,,,
2026/6/12,16:45,430,355,,,
2026/6/12,17:00,430,348,,,
2026/6/12,17:15,430,293,,,
2026/6/12,17:30,430,263,,,
2026/6/12,17:45,430,253,,,
2026/6/12,18:00,430,282,,,
2026/6/12,18:15,430,306,,,
2026/6/12,18:30,430,326,,,
2026/6/12,18:45,430,328,,,
2026/6/12,19:00,430,317,,,
2026/6/12,19:15,430,314,,,
2026/6/12,19:30,430,317,,,
2026/6/12,19:45,430,294,,,
2026/6/12,20:00,430,288,,,
2026/6/12,20:15,430,251,,,
2026/6/12,20:30,430,195,,,
2026/6/12,20:45,430,237,,,
2026/6/12,21:00,430,304,,,
2026/6/12,21:15,430,309,,,
2026/6/12,21:30,430,294,,,
2026/6/12,21:45,430,285,,,
2026/6/12,22:00,430,306,,,
2026/6/12,22:15,430,,298,,
2026/6/12,22:30,430,,285,,
2026/6/12,22:45,430,,301,,
2026/6/12,23:00,430,,298,,
2026/6/12,23:15,430,,245,,
2026/6/12,23:30,430,,190,,
2026/6/12,23:45,430,,216,,
2026/6/13,00:00,430,,256,,
2026/6/13,00:15,430,,,,214
2026/6/13,00:30,430,,,,150
2026/6/13,00:45,430,,,,133
2026/6/13,01:00,430,,,,123
2026/6/13,01:15,430,,,,109
2026/6/13,01:30,430,,,,67
2026/6/13,01:45,430,,,,66
2026/6/13,02:00,430,,,,58
2026/6/13,02:15,430,,,,54
2026/6/13,02:30,430,,,,53
2026/6/13,02:45,430,,,,51
2026/6/13,03:00,430,,,,53
2026/6/13,03:15,430,,,,51
2026/6/13,03:30,430,,,,50
2026/6/13,03:45,430,,,,51
2026/6/13,04:00,430,,,,50
2026/6/13,04:15,430,,,,43
2026/6/13,04:30,430,,,,30
2026/6/13,04:45,430,,,,29
2026/6/13,05:00,430,,,,27
2026/6/13,05:15,430,,,,30
2026/6/13,05:30,430,,,,29
2026/6/13,05:45,430,,,,28
2026/6/13,06:00,430,,,,33
2026/6/13,06:15,430,,,,32
2026/6/13,06:30,430,,,,33
2026/6/13,06:45,430,,,,31
2026/6/13,07:00,430,,,,37
2026/6/13,07:15,430,,,,36
2026/6/13,07:30,430,,,,42
2026/6/13,07:45,430,,,,32
2026/6/13,08:00,430,,,,42
2026/6/13,08:15,430,,,,46
2026/6/13,08:30,430,,,,73
2026/6/13,08:45,430,,,,103
2026/6/13,09:00,430,,,105,
2026/6/13,09:15,430,,,167,
2026/6/13,09:30,430,,,228,
2026/6/13,09:45,430,,,257,
2026/6/13,10:00,430,,,279,
2026/6/13,10:15,430,,,270,
2026/6/13,10:30,430,,,306,
2026/6/13,10:45,430,,,310,
2026/6/13,11:00,430,,,322,
2026/6/13,11:15,430,,,331,
2026/6/13,11:30,430,,,308,
2026/6/13,11:45,430,,,318,
2026/6/13,12:00,430,,,310,
2026/6/13,12:15,430,,,268,
2026/6/13,12:30,430,,,249,
2026/6/13,12:45,430,,,259,
2026/6/13,13:00,430,,,247,
2026/6/13,13:15,430,,,300,
2026/6/13,13:30,430,,,330,
2026/6/13,13:45,430,,,355,
2026/6/13,14:00,430,,,365,
2026/6/13,14:15,430,,,334,
2026/6/13,14:30,430,,,339,
2026/6/13,14:45,430,,,336,
2026/6/13,15:00,430,,,333,
2026/6/13,15:15,430,,,340,
2026/6/13,15:30,430,,,344,
2026/6/13,15:45,430,,,334,
2026/6/13,16:00,430,,,328,
2026/6/13,16:15,430,,,316,
2026/6/13,16:30,430,,,325,
2026/6/13,16:45,430,,,321,
2026/6/13,17:00,430,,,318,
2026/6/13,17:15,430,,,299,
2026/6/13,17:30,430,,,267,
2026/6/13,17:45,430,,,265,
2026/6/13,18:00,430,,,289,
2026/6/13,18:15,430,,,321,
2026/6/13,18:30,430,,,322,
2026/6/13,18:45,430,,,322,
2026/6/13,19:00,430,,,306,
2026/6/13,19:15,430,,,310,
2026/6/13,19:30,430,,,304,
2026/6/13,19:45,430,,,315,
2026/6/13,20:00,430,,,296,
2026/6/13,20:15,430,,,270,
2026/6/13,20:30,430,,,237,
2026/6/13,20:45,430,,,243,
2026/6/13,21:00,430,,,309,
2026/6/13,21:15,430,,,309,
2026/6/13,21:30,430,,,285,
2026/6/13,21:45,430,,,291,
2026/6/13,22:00,430,,,301,
2026/6/13,22:15,430,,,293,
2026/6/13,22:30,430,,,296,
2026/6/13,22:45,430,,,280,
2026/6/13,23:00,430,,,256,
2026/6/13,23:15,430,,,198,
2026/6/13,23:30,430,,,157,
2026/6/13,23:45,430,,,206,
2026/6/14,00:00,430,,,238,
2026/6/14,00:15,430,,,,192
2026/6/14,00:30,430,,,,141
2026/6/14,00:45,430,,,,126
2026/6/14,01:00,430,,,,118
2026/6/14,01:15,430,,,,98
2026/6/14,01:30,430,,,,67
2026/6/14,01:45,430,,,,59
2026/6/14,02:00,430,,,,56
2026/6/14,02:15,430,,,,56
2026/6/14,02:30,430,,,,59
2026/6/14,02:45,430,,,,58
2026/6/14,03:00,430,,,,59
2026/6/14,03:15,430,,,,59
2026/6/14,03:30,430,,,,59
2026/6/14,03:45,430,,,,58
2026/6/14,04:00,430,,,,56
2026/6/14,04:15,430,,,,54
2026/6/14,04:30,430,,,,54
2026/6/14,04:45,430,,,,51
2026/6/14,05:00,430,,,,32
2026/6/14,05:15,430,,,,27
2026/6/14,05:30,430,,,,26
2026/6/14,05:45,430,,,,26
2026/6/14,06:00,430,,,,29
2026/6/14,06:15,430,,,,29
2026/6/14,06:30,430,,,,29
2026/6/14,06:45,430,,,,28
2026/6/14,07:00,430,,,,28
2026/6/14,07:15,430,,,,28
2026/6/14,07:30,430,,,,30
2026/6/14,07:45,430,,,,29
2026/6/14,08:00,430,,,,33
2026/6/14,08:15,430,,,,35
2026/6/14,08:30,430,,,,34
2026/6/14,08:45,430,,,,36
2026/6/14,09:00,430,,,,57
2026/6/14,09:15,430,,,,58
2026/6/14,09:30,430,,,,61
2026/6/14,09:45,430,,,,62
2026/6/14,10:00,430,,,,67
2026/6/14,10:15,430,,,,70
2026/6/14,10:30,430,,,,71
2026/6/14,10:45,430,,,,71
2026/6/14,11:00,430,,,,80
2026/6/14,11:15,430,,,,112
2026/6/14,11:30,430,,,,121
2026/6/14,11:45,430,,,,188
2026/6/14,12:00,430,,,,239
2026/6/14,12:15,430,,,,288
2026/6/14,12:30,430,,,,286
2026/6/14,12:45,430,,,,296
2026/6/14,13:00,430,,,,282
2026/6/14,13:15,430,,,,306
2026/6/14,13:30,430,,,,290
2026/6/14,13:45,430,,,,296
2026/6/14,14:00,430,,,,308
2026/6/14,14:15,430,,,,292
2026/6/14,14:30,430,,,,294
2026/6/14,14:45,430,,,,299
2026/6/14,15:00,430,,,,289
2026/6/14,15:15,430,,,,297
2026/6/14,15:30,430,,,,308
2026/6/14,15:45,430,,,,314
2026/6/14,16:00,430,,,,287
2026/6/14,16:15,430,,,,280
2026/6/14,16:30,430,,,,294
2026/6/14,16:45,430,,,,245
2026/6/14,17:00,430,,,,159
2026/6/14,17:15,430,,,,109
2026/6/14,17:30,430,,,,95
2026/6/14,17:45,430,,,,62
2026/6/14,18:00,430,,,,50
2026/6/14,18:15,430,,,,52
2026/6/14,18:30,430,,,,66
2026/6/14,18:45,430,,,,58
2026/6/14,19:00,430,,,,48
2026/6/14,19:15,430,,,,45
2026/6/14,19:30,430,,,,43
2026/6/14,19:45,430,,,,43
2026/6/14,20:00,430,,,,45
2026/6/14,20:15,430,,,,46
2026/6/14,20:30,430,,,,43
2026/6/14,20:45,430,,,,42
2026/6/14,21:00,430,,,,35
2026/6/14,21:15,430,,,,24
2026/6/14,21:30,430,,,,22
2026/6/14,21:45,430,,,,21
2026/6/14,22:00,430,,,,24
2026/6/14,22:15,430,,,,22
2026/6/14,22:30,430,,,,24
2026/6/14,22:45,430,,,,22
2026/6/14,23:00,430,,,,22
2026/6/14,23:15,430,,,,22
2026/6/14,23:30,430,,,,21
2026/6/14,23:45,430,,,,21
2026/6/15,00:00,430,,,,22
2026/6/15,00:15,430,,,,21
2026/6/15,00:30,430,,,,21
2026/6/15,00:45,430,,,,24
2026/6/15,01:00,430,,,,21
2026/6/15,01:15,430,,,,22
2026/6/15,01:30,430,,,,24
2026/6/15,01:45,430,,,,22
2026/6/15,02:00,430,,,,24
2026/6/15,02:15,430,,,,21
2026/6/15,02:30,430,,,,24
2026/6/15,02:45,430,,,,21
2026/6/15,03:00,430,,,,24
2026/6/15,03:15,430,,,,26
2026/6/15,03:30,430,,,,29
2026/6/15,03:45,430,,,,27
2026/6/15,04:00,430,,,,27
2026/6/15,04:15,430,,,,29
2026/6/15,04:30,430,,,,26
2026/6/15,04:45,430,,,,26
2026/6/15,05:00,430,,,,27
2026/6/15,05:15,430,,,,35
2026/6/15,05:30,430,,,,65
2026/6/15,05:45,430,,,,80
2026/6/15,06:00,430,,,,68
2026/6/15,06:15,430,,,,58
2026/6/15,06:30,430,,,,62
2026/6/15,06:45,430,,,,58
2026/6/15,07:00,430,,,,47
2026/6/15,07:15,430,,,,32
2026/6/15,07:30,430,,,,34
2026/6/15,07:45,430,,,,37
2026/6/15,08:00,430,,,,48
2026/6/15,08:15,430,,,,99
2026/6/15,08:30,430,,,,132
2026/6/15,08:45,430,,,,124
2026/6/15,09:00,430,,,,139
2026/6/15,09:15,430,,195,,
2026/6/15,09:30,430,,278,,
2026/6/15,09:45,430,,332,,
2026/6/15,10:00,430,,349,,
2026/6/15,10:15,430,,359,,
2026/6/15,10:30,430,,346,,
2026/6/15,10:45,430,,330,,
2026/6/15,11:00,430,,336,,
2026/6/15,11:15,430,,354,,
2026/6/15,11:30,430,,348,,
2026/6/15,11:45,430,,350,,
2026/6/15,12:00,430,,319,,
2026/6/15,12:15,430,,259,,
2026/6/15,12:30,430,,264,,
2026/6/15,12:45,430,,251,,
2026/6/15,13:00,430,,250,,
2026/6/15,13:15,430,,340,,
2026/6/15,13:30,430,,362,,
2026/6/15,13:45,430,,352,,
2026/6/15,14:00,430,,353,,
2026/6/15,14:15,430,,340,,
2026/6/15,14:30,430,,348,,
2026/6/15,14:45,430,,334,,
2026/6/15,15:00,430,,347,,
2026/6/15,15:15,430,,317,,
2026/6/15,15:30,430,,328,,
2026/6/15,15:45,430,,340,,
2026/6/15,16:00,430,,347,,
2026/6/15,16:15,430,301,,,
2026/6/15,16:30,430,298,,,
2026/6/15,16:45,430,333,,,
2026/6/15,17:00,430,337,,,
2026/6/15,17:15,430,294,,,
2026/6/15,17:30,430,228,,,
2026/6/15,17:45,430,214,,,
2026/6/15,18:00,430,278,,,
2026/6/15,18:15,430,332,,,
2026/6/15,18:30,430,329,,,
2026/6/15,18:45,430,309,,,
2026/6/15,19:00,430,328,,,
2026/6/15,19:15,430,330,,,
2026/6/15,19:30,430,315,,,
2026/6/15,19:45,430,310,,,
2026/6/15,20:00,430,293,,,
2026/6/15,20:15,430,240,,,
2026/6/15,20:30,430,206,,,
2026/6/15,20:45,430,259,,,
2026/6/15,21:00,430,309,,,
2026/6/15,21:15,430,309,,,
2026/6/15,21:30,430,285,,,
2026/6/15,21:45,430,275,,,
2026/6/15,22:00,430,270,,,
2026/6/15,22:15,430,,243,,
2026/6/15,22:30,430,,176,,
2026/6/15,22:45,430,,147,,
2026/6/15,23:00,430,,150,,
2026/6/15,23:15,430,,150,,
2026/6/15,23:30,430,,174,,
2026/6/15,23:45,430,,219,,
2026/6/16,00:00,430,,221,,
2026/6/16,00:15,430,,,,152
2026/6/16,00:30,430,,,,130
2026/6/16,00:45,430,,,,109
2026/6/16,01:00,430,,,,104
2026/6/16,01:15,430,,,,85
2026/6/16,01:30,430,,,,58
2026/6/16,01:45,430,,,,56
2026/6/16,02:00,430,,,,54
2026/6/16,02:15,430,,,,53
2026/6/16,02:30,430,,,,53
2026/6/16,02:45,430,,,,56
2026/6/16,03:00,430,,,,51
2026/6/16,03:15,430,,,,54
2026/6/16,03:30,430,,,,50
2026/6/16,03:45,430,,,,51
2026/6/16,04:00,430,,,,32
2026/6/16,04:15,430,,,,29
2026/6/16,04:30,430,,,,29
2026/6/16,04:45,430,,,,29
2026/6/16,05:00,430,,,,29
2026/6/16,05:15,430,,,,29
2026/6/16,05:30,430,,,,29
2026/6/16,05:45,430,,,,30
2026/6/16,06:00,430,,,,33
2026/6/16,06:15,430,,,,42
2026/6/16,06:30,430,,,,65
2026/6/16,06:45,430,,,,45
2026/6/16,07:00,430,,,,38
2026/6/16,07:15,430,,,,33
2026/6/16,07:30,430,,,,35
2026/6/16,07:45,430,,,,37
2026/6/16,08:00,430,,,,41
2026/6/16,08:15,430,,,,88
2026/6/16,08:30,430,,,,112
2026/6/16,08:45,430,,,,112
2026/6/16,09:00,430,,,,118
2026/6/16,09:15,430,,183,,
2026/6/16,09:30,430,,291,,
2026/6/16,09:45,430,,357,,
2026/6/16,10:00,430,,353,,
2026/6/16,10:15,430,,352,,
2026/6/16,10:30,430,,359,,
2026/6/16,10:45,430,,375,,
2026/6/16,11:00,430,,359,,
2026/6/16,11:15,430,,350,,
2026/6/16,11:30,430,,367,,
2026/6/16,11:45,430,,332,,
2026/6/16,12:00,430,,324,,
2026/6/16,12:15,430,,298,,
2026/6/16,12:30,430,,278,,
2026/6/16,12:45,430,,271,,
2026/6/16,13:00,430,,275,,
2026/6/16,13:15,430,,370,,
2026/6/16,13:30,430,,393,,
2026/6/16,13:45,430,,378,,
2026/6/16,14:00,430,,379,,
2026/6/16,14:15,430,,389,,
2026/6/16,14:30,430,,362,,
2026/6/16,14:45,430,,351,,
2026/6/16,15:00,430,,354,,
2026/6/16,15:15,430,,359,,
2026/6/16,15:30,430,,360,,
2026/6/16,15:45,430,,363,,
2026/6/16,16:00,430,,367,,
2026/6/16,16:15,430,343,,,
2026/6/16,16:30,430,338,,,
2026/6/16,16:45,430,356,,,
2026/6/16,17:00,430,347,,,
2026/6/16,17:15,430,320,,,
2026/6/16,17:30,430,262,,,
2026/6/16,17:45,430,264,,,
2026/6/16,18:00,430,336,,,
2026/6/16,18:15,430,342,,,
2026/6/16,18:30,430,337,,,
2026/6/16,18:45,430,334,,,
2026/6/16,19:00,430,338,,,
2026/6/16,19:15,430,330,,,
2026/6/16,19:30,430,328,,,
2026/6/16,19:45,430,304,,,
2026/6/16,20:00,430,320,,,
2026/6/16,20:15,430,282,,,
2026/6/16,20:30,430,251,,,
2026/6/16,20:45,430,286,,,
2026/6/16,21:00,430,323,,,
2026/6/16,21:15,430,309,,,
2026/6/16,21:30,430,286,,,
2026/6/16,21:45,430,306,,,
2026/6/16,22:00,430,301,,,
2026/6/16,22:15,430,,294,,
2026/6/16,22:30,430,,290,,
2026/6/16,22:45,430,,254,,
2026/6/16,23:00,430,,184,,
2026/6/16,23:15,430,,163,,
2026/6/16,23:30,430,,189,,
2026/6/16,23:45,430,,235,,
2026/6/17,00:00,430,,246,,
2026/6/17,00:15,430,,,,195
2026/6/17,00:30,430,,,,138
2026/6/17,00:45,430,,,,133
2026/6/17,01:00,430,,,,85
2026/6/17,01:15,430,,,,69
2026/6/17,01:30,430,,,,66
2026/6/17,01:45,430,,,,66
2026/6/17,02:00,430,,,,59
2026/6/17,02:15,430,,,,51
2026/6/17,02:30,430,,,,53
2026/6/17,02:45,430,,,,51
2026/6/17,03:00,430,,,,53
2026/6/17,03:15,430,,,,51
2026/6/17,03:30,430,,,,51
2026/6/17,03:45,430,,,,53
2026/6/17,04:00,430,,,,51
2026/6/17,04:15,430,,,,29
2026/6/17,04:30,430,,,,29
2026/6/17,04:45,430,,,,29
2026/6/17,05:00,430,,,,29
2026/6/17,05:15,430,,,,27
2026/6/17,05:30,430,,,,29
2026/6/17,05:45,430,,,,30
2026/6/17,06:00,430,,,,48
2026/6/17,06:15,430,,,,43
2026/6/17,06:30,430,,,,40
2026/6/17,06:45,430,,,,35
2026/6/17,07:00,430,,,,32
2026/6/17,07:15,430,,,,32
2026/6/17,07:30,430,,,,32
2026/6/17,07:45,430,,,,33
2026/6/17,08:00,430,,,,43
2026/6/17,08:15,430,,,,52
2026/6/17,08:30,430,,,,93
2026/6/17,08:45,430,,,,109
2026/6/17,09:00,430,,,,113
2026/6/17,09:15,430,,236,,
2026/6/17,09:30,430,,300,,
2026/6/17,09:45,430,,329,,
2026/6/17,10:00,430,,333,,
2026/6/17,10:15,430,,373,,
2026/6/17,10:30,430,,371,,
2026/6/17,10:45,430,,365,,
2026/6/17,11:00,430,,356,,
2026/6/17,11:15,430,,369,,
2026/6/17,11:30,430,,364,,
2026/6/17,11:45,430,,360,,
2026/6/17,12:00,430,,353,,
2026/6/17,12:15,430,,292,,
2026/6/17,12:30,430,,294,,
2026/6/17,12:45,430,,278,,
2026/6/17,13:00,430,,271,,
2026/6/17,13:15,430,,348,,
2026/6/17,13:30,430,,379,,
2026/6/17,13:45,430,,383,,
2026/6/17,14:00,430,,388,,
2026/6/17,14:15,430,,369,,
2026/6/17,14:30,430,,369,,
2026/6/17,14:45,430,,385,,
2026/6/17,15:00,430,,366,,
2026/6/17,15:15,430,,352,,
2026/6/17,15:30,430,,377,,
2026/6/17,15:45,430,,372,,
2026/6/17,16:00,430,,373,,
2026/6/17,16:15,430,342,,,
2026/6/17,16:30,430,366,,,
2026/6/17,16:45,430,357,,,
2026/6/17,17:00,430,355,,,
2026/6/17,17:15,430,316,,,
2026/6/17,17:30,430,284,,,
2026/6/17,17:45,430,280,,,
2026/6/17,18:00,430,299,,,
2026/6/17,18:15,430,301,,,
2026/6/17,18:30,430,335,,,
2026/6/17,18:45,430,337,,,
2026/6/17,19:00,430,330,,,
2026/6/17,19:15,430,320,,,
2026/6/17,19:30,430,331,,,
2026/6/17,19:45,430,315,,,
2026/6/17,20:00,430,312,,,
2026/6/17,20:15,430,272,,,
2026/6/17,20:30,430,240,,,
2026/6/17,20:45,430,270,,,
2026/6/17,21:00,430,306,,,
2026/6/17,21:15,430,315,,,
2026/6/17,21:30,430,294,,,
2026/6/17,21:45,430,290,,,
2026/6/17,22:00,430,298,,,
2026/6/17,22:15,430,,298,,
2026/6/17,22:30,430,,282,,
2026/6/17,22:45,430,,258,,
2026/6/17,23:00,430,,203,,
2026/6/17,23:15,430,,155,,
2026/6/17,23:30,430,,184,,
2026/6/17,23:45,430,,216,,
2026/6/18,00:00,430,,221,,
2026/6/18,00:15,430,,,,173
2026/6/18,00:30,430,,,,147
2026/6/18,00:45,430,,,,136
2026/6/18,01:00,430,,,,128
2026/6/18,01:15,430,,,,96
2026/6/18,01:30,430,,,,70
2026/6/18,01:45,430,,,,70
2026/6/18,02:00,430,,,,69
2026/6/18,02:15,430,,,,61
2026/6/18,02:30,430,,,,56
2026/6/18,02:45,430,,,,58
2026/6/18,03:00,430,,,,56
2026/6/18,03:15,430,,,,54
2026/6/18,03:30,430,,,,54
2026/6/18,03:45,430,,,,56
2026/6/18,04:00,430,,,,48
2026/6/18,04:15,430,,,,29
2026/6/18,04:30,430,,,,29
2026/6/18,04:45,430,,,,30
2026/6/18,05:00,430,,,,29
2026/6/18,05:15,430,,,,30
2026/6/18,05:30,430,,,,30
2026/6/18,05:45,430,,,,30
2026/6/18,06:00,430,,,,29
2026/6/18,06:15,430,,,,30
2026/6/18,06:30,430,,,,34
2026/6/18,06:45,430,,,,34
2026/6/18,07:00,430,,,,34
2026/6/18,07:15,430,,,,32
2026/6/18,07:30,430,,,,33
2026/6/18,07:45,430,,,,50
2026/6/18,08:00,430,,,,62
2026/6/18,08:15,430,,,,100
2026/6/18,08:30,430,,,,126
2026/6/18,08:45,430,,,,133
2026/6/18,09:00,430,,,,138
2026/6/18,09:15,430,,225,,
2026/6/18,09:30,430,,309,,
2026/6/18,09:45,430,,367,,
2026/6/18,10:00,430,,373,,
2026/6/18,10:15,430,,373,,
2026/6/18,10:30,430,,382,,
2026/6/18,10:45,430,,377,,
2026/6/18,11:00,430,,343,,
2026/6/18,11:15,430,,363,,
2026/6/18,11:30,430,,372,,
2026/6/18,11:45,430,,359,,
2026/6/18,12:00,430,,342,,
2026/6/18,12:15,430,,292,,
2026/6/18,12:30,430,,289,,
2026/6/18,12:45,430,,286,,
2026/6/18,13:00,430,,277,,
2026/6/18,13:15,430,,351,,
2026/6/18,13:30,430,,378,,
2026/6/18,13:45,430,,373,,
2026/6/18,14:00,430,,382,,
2026/6/18,14:15,430,,391,,
2026/6/18,14:30,430,,378,,
2026/6/18,14:45,430,,383,,
2026/6/18,15:00,430,,391,,
2026/6/18,15:15,430,,372,,
2026/6/18,15:30,430,,368,,
2026/6/18,15:45,430,,382,,
2026/6/18,16:00,430,,381,,
2026/6/18,16:15,430,355,,,
2026/6/18,16:30,430,342,,,
2026/6/18,16:45,430,340,,,
2026/6/18,17:00,430,330,,,
2026/6/18,17:15,430,307,,,
2026/6/18,17:30,430,270,,,
2026/6/18,17:45,430,282,,,
2026/6/18,18:00,430,306,,,
2026/6/18,18:15,430,324,,,
2026/6/18,18:30,430,345,,,
2026/6/18,18:45,430,311,,,
2026/6/18,19:00,430,306,,,
2026/6/18,19:15,430,336,,,
2026/6/18,19:30,430,331,,,
2026/6/18,19:45,430,314,,,
2026/6/18,20:00,430,323,,,
2026/6/18,20:15,430,293,,,
2026/6/18,20:30,430,234,,,
2026/6/18,20:45,430,254,,,
2026/6/18,21:00,430,314,,,
2026/6/18,21:15,430,293,,,
2026/6/18,21:30,430,290,,,
2026/6/18,21:45,430,315,,,
2026/6/18,22:00,430,325,,,
2026/6/18,22:15,430,,291,,
2026/6/18,22:30,430,,290,,
2026/6/18,22:45,430,,299,,
2026/6/18,23:00,430,,274,,
2026/6/18,23:15,430,,208,,
2026/6/18,23:30,430,,195,,
2026/6/18,23:45,430,,234,,
2026/6/19,00:00,430,,278,,
2026/6/19,00:15,430,,,,198
2026/6/19,00:30,430,,,,147
2026/6/19,00:45,430,,,,131
2026/6/19,01:00,430,,,,114
2026/6/19,01:15,430,,,,69
2026/6/19,01:30,430,,,,72
2026/6/19,01:45,430,,,,70
2026/6/19,02:00,430,,,,66
2026/6/19,02:15,430,,,,67
2026/6/19,02:30,430,,,,58
2026/6/19,02:45,430,,,,56
2026/6/19,03:00,430,,,,53
2026/6/19,03:15,430,,,,56
2026/6/19,03:30,430,,,,53
2026/6/19,03:45,430,,,,50
2026/6/19,04:00,430,,,,30
2026/6/19,04:15,430,,,,30
2026/6/19,04:30,430,,,,30
2026/6/19,04:45,430,,,,27
2026/6/19,05:00,430,,,,29
2026/6/19,05:15,430,,,,30
2026/6/19,05:30,430,,,,29
2026/6/19,05:45,430,,,,29
2026/6/19,06:00,430,,,,31
2026/6/19,06:15,430,,,,33
2026/6/19,06:30,430,,,,33
2026/6/19,06:45,430,,,,35
2026/6/19,07:00,430,,,,40
2026/6/19,07:15,430,,,,57
2026/6/19,07:30,430,,,,47
2026/6/19,07:45,430,,,,42
2026/6/19,08:00,430,,,,44
2026/6/19,08:15,430,,,,50
2026/6/19,08:30,430,,,,69
2026/6/19,08:45,430,,,,120
2026/6/19,09:00,430,,,,124
2026/6/19,09:15,430,,,,227
2026/6/19,09:30,430,,,,292
2026/6/19,09:45,430,,,,335
2026/6/19,10:00,430,,,,331
2026/6/19,10:15,430,,,,331
2026/6/19,10:30,430,,,,353
2026/6/19,10:45,430,,,,368
2026/6/19,11:00,430,,,,345
2026/6/19,11:15,430,,,,325
2026/6/19,11:30,430,,,,330
2026/6/19,11:45,430,,,,314
2026/6/19,12:00,430,,,,310
2026/6/19,12:15,430,,,,279
2026/6/19,12:30,430,,,,296
2026/6/19,12:45,430,,,,269
2026/6/19,13:00,430,,,,243
2026/6/19,13:15,430,,,,290
2026/6/19,13:30,430,,,,336
2026/6/19,13:45,430,,,,348
2026/6/19,14:00,430,,,,340
2026/6/19,14:15,430,,,,338
2026/6/19,14:30,430,,,,341
2026/6/19,14:45,430,,,,370
2026/6/19,15:00,430,,,,347
2026/6/19,15:15,430,,,,357
2026/6/19,15:30,430,,,,337
2026/6/19,15:45,430,,,,346
2026/6/19,16:00,430,,,,365
2026/6/19,16:15,430,,,,357
2026/6/19,16:30,430,,,,333
2026/6/19,16:45,430,,,,338
2026/6/19,17:00,430,,,,354
2026/6/19,17:15,430,,,,319
2026/6/19,17:30,430,,,,247
2026/6/19,17:45,430,,,,263
2026/6/19,18:00,430,,,,318
2026/6/19,18:15,430,,,,353
2026/6/19,18:30,430,,,,336
2026/6/19,18:45,430,,,,321
2026/6/19,19:00,430,,,,330
2026/6/19,19:15,430,,,,322
2026/6/19,19:30,430,,,,304
2026/6/19,19:45,430,,,,310
2026/6/19,20:00,430,,,,322
2026/6/19,20:15,430,,,,264
2026/6/19,20:30,430,,,,221
2026/6/19,20:45,430,,,,277
2026/6/19,21:00,430,,,,318
2026/6/19,21:15,430,,,,307
2026/6/19,21:30,430,,,,294
2026/6/19,21:45,430,,,,254
2026/6/19,22:00,430,,,,198
2026/6/19,22:15,430,,,,181
2026/6/19,22:30,430,,,,178
2026/6/19,22:45,430,,,,170
2026/6/19,23:00,430,,,,162
2026/6/19,23:15,430,,,,166
2026/6/19,23:30,430,,,,206
2026/6/19,23:45,430,,,,243
2026/6/20,00:00,430,,,,216
2026/6/20,00:15,430,,,,147
2026/6/20,00:30,430,,,,123
2026/6/20,00:45,430,,,,91
2026/6/20,01:00,430,,,,72
2026/6/20,01:15,430,,,,72
2026/6/20,01:30,430,,,,72
2026/6/20,01:45,430,,,,61
2026/6/20,02:00,430,,,,56
2026/6/20,02:15,430,,,,58
2026/6/20,02:30,430,,,,58
2026/6/20,02:45,430,,,,58
2026/6/20,03:00,430,,,,58
2026/6/20,03:15,430,,,,56
2026/6/20,03:30,430,,,,56
2026/6/20,03:45,430,,,,54
2026/6/20,04:00,430,,,,32
2026/6/20,04:15,430,,,,32
2026/6/20,04:30,430,,,,30
2026/6/20,04:45,430,,,,30
2026/6/20,05:00,430,,,,30
2026/6/20,05:15,430,,,,30
2026/6/20,05:30,430,,,,29
2026/6/20,05:45,430,,,,27
2026/6/20,06:00,430,,,,32
2026/6/20,06:15,430,,,,35
2026/6/20,06:30,430,,,,50
2026/6/20,06:45,430,,,,44
2026/6/20,07:00,430,,,,37
2026/6/20,07:15,430,,,,37
2026/6/20,07:30,430,,,,33
2026/6/20,07:45,430,,,,36
2026/6/20,08:00,430,,,,38
2026/6/20,08:15,430,,,,47
2026/6/20,08:30,430,,,,77
2026/6/20,08:45,430,,,,112
2026/6/20,09:00,430,,,112,
2026/6/20,09:15,430,,,190,
2026/6/20,09:30,430,,,253,
2026/6/20,09:45,430,,,324,
2026/6/20,10:00,430,,,334,
2026/6/20,10:15,430,,,337,
2026/6/20,10:30,430,,,337,
2026/6/20,10:45,430,,,353,
2026/6/20,11:00,430,,,335,
2026/6/20,11:15,430,,,300,
2026/6/20,11:30,430,,,293,
2026/6/20,11:45,430,,,307,
2026/6/20,12:00,430,,,298,
2026/6/20,12:15,430,,,256,
2026/6/20,12:30,430,,,270,
2026/6/20,12:45,430,,,226,
2026/6/20,13:00,430,,,205,
2026/6/20,13:15,430,,,219,
2026/6/20,13:30,430,,,264,
2026/6/20,13:45,430,,,322,
2026/6/20,14:00,430,,,318,
2026/6/20,14:15,430,,,309,
2026/6/20,14:30,430,,,324,
2026/6/20,14:45,430,,,336,
2026/6/20,15:00,430,,,341,
2026/6/20,15:15,430,,,331,
2026/6/20,15:30,430,,,329,
2026/6/20,15:45,430,,,301,
2026/6/20,16:00,430,,,281,
2026/6/20,16:15,430,,,241,
2026/6/20,16:30,430,,,262,
2026/6/20,16:45,430,,,255,
2026/6/20,17:00,430,,,220,
2026/6/20,17:15,430,,,165,
2026/6/20,17:30,430,,,168,
2026/6/20,17:45,430,,,197,
2026/6/20,18:00,430,,,236,
2026/6/20,18:15,430,,,262,
2026/6/20,18:30,430,,,262,
2026/6/20,18:45,430,,,270,
2026/6/20,19:00,430,,,275,
2026/6/20,19:15,430,,,258,
2026/6/20,19:30,430,,,258,
2026/6/20,19:45,430,,,238,
2026/6/20,20:00,430,,,274,
2026/6/20,20:15,430,,,283,
2026/6/20,20:30,430,,,224,
2026/6/20,20:45,430,,,181,
2026/6/20,21:00,430,,,154,
2026/6/20,21:15,430,,,118,
2026/6/20,21:30,430,,,112,
2026/6/20,21:45,430,,,98,
2026/6/20,22:00,430,,,72,
2026/6/20,22:15,430,,,67,
2026/6/20,22:30,430,,,61,
2026/6/20,22:45,430,,,61,
2026/6/20,23:00,430,,,58,
2026/6/20,23:15,430,,,58,
2026/6/20,23:30,430,,,58,
2026/6/20,23:45,430,,,58,
2026/6/21,00:00,430,,,70,
2026/6/21,00:15,430,,,,70
2026/6/21,00:30,430,,,,67
2026/6/21,00:45,430,,,,58
2026/6/21,01:00,430,,,,56
2026/6/21,01:15,430,,,,59
2026/6/21,01:30,430,,,,58
2026/6/21,01:45,430,,,,58
2026/6/21,02:00,430,,,,58
2026/6/21,02:15,430,,,,56
2026/6/21,02:30,430,,,,56
2026/6/21,02:45,430,,,,56
2026/6/21,03:00,430,,,,58
2026/6/21,03:15,430,,,,53
2026/6/21,03:30,430,,,,37
2026/6/21,03:45,430,,,,27
2026/6/21,04:00,430,,,,27
2026/6/21,04:15,430,,,,26
2026/6/21,04:30,430,,,,26
2026/6/21,04:45,430,,,,27
2026/6/21,05:00,430,,,,27
2026/6/21,05:15,430,,,,24
2026/6/21,05:30,430,,,,27
2026/6/21,05:45,430,,,,27
2026/6/21,06:00,430,,,,27
2026/6/21,06:15,430,,,,25
2026/6/21,06:30,430,,,,23
2026/6/21,06:45,430,,,,21
2026/6/21,07:00,430,,,,23
2026/6/21,07:15,430,,,,22
2026/6/21,07:30,430,,,,23
2026/6/21,07:45,430,,,,26
2026/6/21,08:00,430,,,,27
2026/6/21,08:15,430,,,,43
2026/6/21,08:30,430,,,,58
2026/6/21,08:45,430,,,,63
2026/6/21,09:00,430,,,,68
2026/6/21,09:15,430,,,,71
2026/6/21,09:30,430,,,,77
2026/6/21,09:45,430,,,,74
2026/6/21,10:00,430,,,,74
2026/6/21,10:15,430,,,,74
2026/6/21,10:30,430,,,,71
2026/6/21,10:45,430,,,,73
2026/6/21,11:00,430,,,,86
2026/6/21,11:15,430,,,,105
2026/6/21,11:30,430,,,,148
2026/6/21,11:45,430,,,,182
2026/6/21,12:00,430,,,,235
2026/6/21,12:15,430,,,,290
2026/6/21,12:30,430,,,,284
2026/6/21,12:45,430,,,,253
2026/6/21,13:00,430,,,,242
2026/6/21,13:15,430,,,,251
2026/6/21,13:30,430,,,,250
2026/6/21,13:45,430,,,,245
2026/6/21,14:00,430,,,,259
2026/6/21,14:15,430,,,,261
2026/6/21,14:30,430,,,,276
2026/6/21,14:45,430,,,,293
2026/6/21,15:00,430,,,,310
2026/6/21,15:15,430,,,,296
2026/6/21,15:30,430,,,,294
2026/6/21,15:45,430,,,,309
2026/6/21,16:00,430,,,,290
2026/6/21,16:15,430,,,,222
2026/6/21,16:30,430,,,,177
2026/6/21,16:45,430,,,,139
2026/6/21,17:00,430,,,,123
2026/6/21,17:15,430,,,,91
2026/6/21,17:30,430,,,,62
2026/6/21,17:45,430,,,,49
2026/6/21,18:00,430,,,,49
2026/6/21,18:15,430,,,,47
2026/6/21,18:30,430,,,,44
2026/6/21,18:45,430,,,,44
2026/6/21,19:00,430,,,,47
2026/6/21,19:15,430,,,,45
2026/6/21,19:30,430,,,,50
2026/6/21,19:45,430,,,,64
2026/6/21,20:00,430,,,,58
2026/6/21,20:15,430,,,,51
2026/6/21,20:30,430,,,,45
2026/6/21,20:45,430,,,,43
2026/6/21,21:00,430,,,,24
2026/6/21,21:15,430,,,,22
2026/6/21,21:30,430,,,,24
2026/6/21,21:45,430,,,,22
2026/6/21,22:00,430,,,,22
2026/6/21,22:15,430,,,,22
2026/6/21,22:30,430,,,,22
2026/6/21,22:45,430,,,,22
2026/6/21,23:00,430,,,,21
2026/6/21,23:15,430,,,,22
2026/6/21,23:30,430,,,,21
2026/6/21,23:45,430,,,,22
2026/6/22,00:00,430,,,,22
2026/6/22,00:15,430,,,,21
2026/6/22,00:30,430,,,,21
2026/6/22,00:45,430,,,,22
2026/6/22,01:00,430,,,,22
2026/6/22,01:15,430,,,,21
2026/6/22,01:30,430,,,,21
2026/6/22,01:45,430,,,,21
2026/6/22,02:00,430,,,,22
2026/6/22,02:15,430,,,,22
2026/6/22,02:30,430,,,,19
2026/6/22,02:45,430,,,,26
2026/6/22,03:00,430,,,,29
2026/6/22,03:15,430,,,,29
2026/6/22,03:30,430,,,,30
2026/6/22,03:45,430,,,,30
2026/6/22,04:00,430,,,,29
2026/6/22,04:15,430,,,,30
2026/6/22,04:30,430,,,,29
2026/6/22,04:45,430,,,,30
2026/6/22,05:00,430,,,,29
2026/6/22,05:15,430,,,,29
2026/6/22,05:30,430,,,,29
2026/6/22,05:45,430,,,,32
2026/6/22,06:00,430,,,,42
2026/6/22,06:15,430,,,,53
2026/6/22,06:30,430,,,,54
2026/6/22,06:45,430,,,,52
2026/6/22,07:00,430,,,,53
2026/6/22,07:15,430,,,,56
2026/6/22,07:30,430,,,,61
2026/6/22,07:45,430,,,,77
2026/6/22,08:00,430,,,,77
2026/6/22,08:15,430,,,,113
2026/6/22,08:30,430,,,,136
2026/6/22,08:45,430,,,,128
2026/6/22,09:00,430,,,,138
2026/6/22,09:15,430,,232,,
2026/6/22,09:30,430,,257,,
2026/6/22,09:45,430,,290,,
2026/6/22,10:00,430,,319,,
2026/6/22,10:15,430,,336,,
2026/6/22,10:30,430,,367,,
2026/6/22,10:45,430,,372,,
2026/6/22,11:00,430,,370,,
2026/6/22,11:15,430,,387,,
2026/6/22,11:30,430,,386,,
2026/6/22,11:45,430,,390,,
2026/6/22,12:00,430,,358,,
2026/6/22,12:15,430,,321,,
2026/6/22,12:30,430,,302,,
2026/6/22,12:45,430,,281,,
2026/6/22,13:00,430,,279,,
2026/6/22,13:15,430,,329,,
2026/6/22,13:30,430,,387,,
2026/6/22,13:45,430,,393,,
2026/6/22,14:00,430,,375,,
2026/6/22,14:15,430,,374,,
2026/6/22,14:30,430,,358,,
2026/6/22,14:45,430,,353,,
2026/6/22,15:00,430,,345,,
2026/6/22,15:15,430,,365,,
2026/6/22,15:30,430,,380,,
2026/6/22,15:45,430,,341,,
2026/6/22,16:00,430,,331,,
2026/6/22,16:15,430,323,,,
2026/6/22,16:30,430,318,,,
2026/6/22,16:45,430,323,,,
2026/6/22,17:00,430,320,,,
2026/6/22,17:15,430,303,,,
2026/6/22,17:30,430,249,,,
2026/6/22,17:45,430,249,,,
2026/6/22,18:00,430,304,,,
2026/6/22,18:15,430,333,,,
2026/6/22,18:30,430,327,,,
2026/6/22,18:45,430,338,,,
2026/6/22,19:00,430,330,,,
2026/6/22,19:15,430,341,,,
2026/6/22,19:30,430,334,,,
2026/6/22,19:45,430,318,,,
2026/6/22,20:00,430,312,,,
2026/6/22,20:15,430,274,,,
2026/6/22,20:30,430,221,,,
2026/6/22,20:45,430,243,,,
2026/6/22,21:00,430,294,,,
2026/6/22,21:15,430,286,,,
2026/6/22,21:30,430,251,,,
2026/6/22,21:45,430,203,,,
2026/6/22,22:00,430,170,,,
2026/6/22,22:15,430,,160,,
2026/6/22,22:30,430,,162,,
2026/6/22,22:45,430,,154,,
2026/6/22,23:00,430,,154,,
2026/6/22,23:15,430,,149,,
2026/6/22,23:30,430,,176,,
2026/6/22,23:45,430,,222,,
2026/6/23,00:00,430,,218,,
2026/6/23,00:15,430,,,,158
2026/6/23,00:30,430,,,,125
2026/6/23,00:45,430,,,,112
2026/6/23,01:00,430,,,,104
2026/6/23,01:15,430,,,,91
2026/6/23,01:30,430,,,,61
2026/6/23,01:45,430,,,,56
2026/6/23,02:00,430,,,,58
2026/6/23,02:15,430,,,,56
2026/6/23,02:30,430,,,,53
2026/6/23,02:45,430,,,,40
2026/6/23,03:00,430,,,,30
2026/6/23,03:15,430,,,,27
2026/6/23,03:30,430,,,,29
2026/6/23,03:45,430,,,,26
2026/6/23,04:00,430,,,,27
2026/6/23,04:15,430,,,,29
2026/6/23,04:30,430,,,,30
2026/6/23,04:45,430,,,,29
2026/6/23,05:00,430,,,,30
2026/6/23,05:15,430,,,,30
2026/6/23,05:30,430,,,,30
2026/6/23,05:45,430,,,,35
2026/6/23,06:00,430,,,,34
2026/6/23,06:15,430,,,,34
2026/6/23,06:30,430,,,,33
2026/6/23,06:45,430,,,,33
2026/6/23,07:00,430,,,,33
2026/6/23,07:15,430,,,,34
2026/6/23,07:30,430,,,,32
2026/6/23,07:45,430,,,,41
2026/6/23,08:00,430,,,,65
2026/6/23,08:15,430,,,,72
2026/6/23,08:30,430,,,,118
2026/6/23,08:45,430,,,,115
2026/6/23,09:00,430,,,,117
2026/6/23,09:15,430,,213,,
2026/6/23,09:30,430,,325,,
2026/6/23,09:45,430,,375,,
2026/6/23,10:00,430,,375,,
2026/6/23,10:15,430,,372,,
2026/6/23,10:30,430,,382,,
2026/6/23,10:45,430,,401,,
2026/6/23,11:00,430,,385,,
2026/6/23,11:15,430,,383,,
2026/6/23,11:30,430,,393,,
2026/6/23,11:45,430,,373,,
2026/6/23,12:00,430,,357,,
2026/6/23,12:15,430,,298,,
2026/6/23,12:30,430,,300,,
2026/6/23,12:45,430,,283,,
2026/6/23,13:00,430,,271,,
2026/6/23,13:15,430,,343,,
2026/6/23,13:30,430,,404,,
2026/6/23,13:45,430,,398,,
2026/6/23,14:00,430,,404,,
2026/6/23,14:15,430,,383,,
2026/6/23,14:30,430,,383,,
2026/6/23,14:45,430,,357,,
2026/6/23,15:00,430,,370,,
2026/6/23,15:15,430,,371,,
2026/6/23,15:30,430,,385,,
2026/6/23,15:45,430,,380,,
2026/6/23,16:00,430,,366,,
2026/6/23,16:15,430,325,,,
2026/6/23,16:30,430,334,,,
2026/6/23,16:45,430,331,,,
2026/6/23,17:00,430,330,,,
2026/6/23,17:15,430,301,,,
2026/6/23,17:30,430,279,,,
2026/6/23,17:45,430,295,,,
2026/6/23,18:00,430,319,,,
2026/6/23,18:15,430,345,,,
2026/6/23,18:30,430,367,,,
2026/6/23,18:45,430,356,,,
2026/6/23,19:00,430,344,,,
2026/6/23,19:15,430,330,,,
2026/6/23,19:30,430,344,,,
2026/6/23,19:45,430,338,,,
2026/6/23,20:00,430,336,,,
2026/6/23,20:15,430,285,,,
2026/6/23,20:30,430,277,,,
2026/6/23,20:45,430,288,,,
2026/6/23,21:00,430,322,,,
2026/6/23,21:15,430,304,,,
2026/6/23,21:30,430,306,,,
2026/6/23,21:45,430,302,,,
2026/6/23,22:00,430,314,,,
2026/6/23,22:15,430,,307,,
2026/6/23,22:30,430,,306,,
2026/6/23,22:45,430,,298,,
2026/6/23,23:00,430,,282,,
2026/6/23,23:15,430,,227,,
2026/6/23,23:30,430,,197,,
2026/6/23,23:45,430,,235,,
2026/6/24,00:00,430,,237,,
2026/6/24,00:15,430,,,,189
2026/6/24,00:30,430,,,,142
2026/6/24,00:45,430,,,,139
2026/6/24,01:00,430,,,,142
2026/6/24,01:15,430,,,,123
2026/6/24,01:30,430,,,,70
2026/6/24,01:45,430,,,,67
2026/6/24,02:00,430,,,,66
2026/6/24,02:15,430,,,,64
2026/6/24,02:30,430,,,,62
2026/6/24,02:45,430,,,,64
2026/6/24,03:00,430,,,,66
2026/6/24,03:15,430,,,,64
2026/6/24,03:30,430,,,,56
2026/6/24,03:45,430,,,,53
2026/6/24,04:00,430,,,,51
2026/6/24,04:15,430,,,,45
2026/6/24,04:30,430,,,,32
2026/6/24,04:45,430,,,,30
2026/6/24,05:00,430,,,,29
2026/6/24,05:15,430,,,,29
2026/6/24,05:30,430,,,,30
2026/6/24,05:45,430,,,,31
2026/6/24,06:00,430,,,,33
2026/6/24,06:15,430,,,,34
2026/6/24,06:30,430,,,,33
2026/6/24,06:45,430,,,,33
2026/6/24,07:00,430,,,,33
2026/6/24,07:15,430,,,,32
2026/6/24,07:30,430,,,,35
2026/6/24,07:45,430,,,,37
2026/6/24,08:00,430,,,,44
2026/6/24,08:15,430,,,,90
2026/6/24,08:30,430,,,,111
2026/6/24,08:45,430,,,,115
2026/6/24,09:00,430,,,,122
2026/6/24,09:15,430,,238,,
2026/6/24,09:30,430,,320,,
2026/6/24,09:45,430,,353,,
2026/6/24,10:00,430,,369,,
2026/6/24,10:15,430,,392,,
2026/6/24,10:30,430,,382,,
2026/6/24,10:45,430,,387,,
2026/6/24,11:00,430,,387,,
2026/6/24,11:15,430,,391,,
2026/6/24,11:30,430,,385,,
2026/6/24,11:45,430,,373,,
2026/6/24,12:00,430,,337,,
2026/6/24,12:15,430,,288,,
2026/6/24,12:30,430,,276,,
2026/6/24,12:45,430,,257,,
2026/6/24,13:00,430,,261,,
2026/6/24,13:15,430,,322,,
2026/6/24,13:30,430,,325,,
2026/6/24,13:45,430,,351,,
2026/6/24,14:00,430,,330,,
2026/6/24,14:15,430,,345,,
2026/6/24,14:30,430,,349,,
2026/6/24,14:45,430,,308,,
2026/6/24,15:00,430,,316,,
2026/6/24,15:15,430,,336,,
2026/6/24,15:30,430,,327,,
2026/6/24,15:45,430,,354,,
2026/6/24,16:00,430,,373,,
2026/6/24,16:15,430,360,,,
2026/6/24,16:30,430,357,,,
2026/6/24,16:45,430,360,,,
2026/6/24,17:00,430,375,,,
2026/6/24,17:15,430,310,,,
2026/6/24,17:30,430,272,,,
2026/6/24,17:45,430,279,,,
2026/6/24,18:00,430,331,,,
2026/6/24,18:15,430,362,,,
2026/6/24,18:30,430,375,,,
2026/6/24,18:45,430,356,,,
2026/6/24,19:00,430,342,,,
2026/6/24,19:15,430,350,,,
2026/6/24,19:30,430,350,,,
2026/6/24,19:45,430,349,,,
2026/6/24,20:00,430,323,,,
2026/6/24,20:15,430,280,,,
2026/6/24,20:30,430,256,,,
2026/6/24,20:45,430,282,,,
2026/6/24,21:00,430,307,,,
2026/6/24,21:15,430,291,,,
2026/6/24,21:30,430,307,,,
2026/6/24,21:45,430,322,,,
2026/6/24,22:00,430,307,,,
2026/6/24,22:15,430,,291,,
2026/6/24,22:30,430,,270,,
2026/6/24,22:45,430,,283,,
2026/6/24,23:00,430,,243,,
2026/6/24,23:15,430,,194,,
2026/6/24,23:30,430,,192,,
2026/6/24,23:45,430,,237,,
2026/6/25,00:00,430,,274,,
2026/6/25,00:15,430,,,,224
2026/6/25,00:30,430,,,,160
2026/6/25,00:45,430,,,,141
2026/6/25,01:00,430,,,,133
2026/6/25,01:15,430,,,,83
2026/6/25,01:30,430,,,,72
2026/6/25,01:45,430,,,,70
2026/6/25,02:00,430,,,,67
2026/6/25,02:15,430,,,,69
2026/6/25,02:30,430,,,,56
2026/6/25,02:45,430,,,,56
2026/6/25,03:00,430,,,,56
2026/6/25,03:15,430,,,,58
2026/6/25,03:30,430,,,,56
2026/6/25,03:45,430,,,,54
2026/6/25,04:00,430,,,,58
2026/6/25,04:15,430,,,,51
2026/6/25,04:30,430,,,,32
2026/6/25,04:45,430,,,,30
2026/6/25,05:00,430,,,,32
2026/6/25,05:15,430,,,,30
2026/6/25,05:30,430,,,,29
2026/6/25,05:45,430,,,,30
2026/6/25,06:00,430,,,,31
2026/6/25,06:15,430,,,,35
2026/6/25,06:30,430,,,,48
2026/6/25,06:45,430,,,,52
2026/6/25,07:00,430,,,,47
2026/6/25,07:15,430,,,,34
2026/6/25,07:30,430,,,,36
2026/6/25,07:45,430,,,,39
2026/6/25,08:00,430,,,,48
2026/6/25,08:15,430,,,,82
2026/6/25,08:30,430,,,,121
2026/6/25,08:45,430,,,,128
2026/6/25,09:00,430,,,,139
2026/6/25,09:15,430,,233,,
2026/6/25,09:30,430,,332,,
2026/6/25,09:45,430,,381,,
2026/6/25,10:00,430,,406,,
2026/6/25,10:15,430,,393,,
2026/6/25,10:30,430,,405,,
2026/6/25,10:45,430,,407,,
2026/6/25,11:00,430,,394,,
2026/6/25,11:15,430,,391,,
2026/6/25,11:30,430,,380,,
2026/6/25,11:45,430,,370,,
2026/6/25,12:00,430,,360,,
2026/6/25,12:15,430,,286,,
2026/6/25,12:30,430,,292,,
2026/6/25,12:45,430,,277,,
2026/6/25,13:00,430,,286,,
2026/6/25,13:15,430,,380,,
2026/6/25,13:30,430,,414,,
2026/6/25,13:45,430,,394,,
2026/6/25,14:00,430,,374,,
2026/6/25,14:15,430,,379,,
2026/6/25,14:30,430,,388,,
2026/6/25,14:45,430,,406,,
2026/6/25,15:00,430,,397,,
2026/6/25,15:15,430,,395,,
2026/6/25,15:30,430,,389,,
2026/6/25,15:45,430,,402,,
2026/6/25,16:00,430,,394,,
2026/6/25,16:15,430,378,,,
2026/6/25,16:30,430,361,,,
2026/6/25,16:45,430,371,,,
2026/6/25,17:00,430,374,,,
2026/6/25,17:15,430,310,,,
2026/6/25,17:30,430,258,,,
2026/6/25,17:45,430,264,,,
2026/6/25,18:00,430,329,,,
2026/6/25,18:15,430,350,,,
2026/6/25,18:30,430,339,,,
2026/6/25,18:45,430,325,,,
2026/6/25,19:00,430,342,,,
2026/6/25,19:15,430,328,,,
2026/6/25,19:30,430,330,,,
2026/6/25,19:45,430,320,,,
2026/6/25,20:00,430,315,,,
2026/6/25,20:15,430,269,,,
2026/6/25,20:30,430,218,,,
2026/6/25,20:45,430,213,,,
2026/6/25,21:00,430,278,,,
2026/6/25,21:15,430,314,,,
2026/6/25,21:30,430,306,,,
2026/6/25,21:45,430,294,,,
2026/6/25,22:00,430,296,,,
2026/6/25,22:15,430,,285,,
2026/6/25,22:30,430,,267,,
2026/6/25,22:45,430,,238,,
2026/6/25,23:00,430,,210,,
2026/6/25,23:15,430,,181,,
2026/6/25,23:30,430,,182,,
2026/6/25,23:45,430,,203,,
2026/6/26,00:00,430,,216,,
2026/6/26,00:15,430,,,,187
2026/6/26,00:30,430,,,,146
2026/6/26,00:45,430,,,,142
2026/6/26,01:00,430,,,,136
2026/6/26,01:15,430,,,,107
2026/6/26,01:30,430,,,,74
2026/6/26,01:45,430,,,,70
2026/6/26,02:00,430,,,,69
2026/6/26,02:15,430,,,,67
2026/6/26,02:30,430,,,,70
2026/6/26,02:45,430,,,,67
2026/6/26,03:00,430,,,,72
2026/6/26,03:15,430,,,,64
2026/6/26,03:30,430,,,,56
2026/6/26,03:45,430,,,,56
2026/6/26,04:00,430,,,,59
2026/6/26,04:15,430,,,,58
2026/6/26,04:30,430,,,,35
2026/6/26,04:45,430,,,,30
2026/6/26,05:00,430,,,,30
2026/6/26,05:15,430,,,,30
2026/6/26,05:30,430,,,,30
2026/6/26,05:45,430,,,,30
2026/6/26,06:00,430,,,,32
2026/6/26,06:15,430,,,,32
2026/6/26,06:30,430,,,,35
2026/6/26,06:45,430,,,,32
2026/6/26,07:00,430,,,,34
2026/6/26,07:15,430,,,,32
2026/6/26,07:30,430,,,,34
2026/6/26,07:45,430,,,,37
2026/6/26,08:00,430,,,,44
2026/6/26,08:15,430,,,,108
2026/6/26,08:30,430,,,,113
2026/6/26,08:45,430,,,,117
2026/6/26,09:00,430,,,,127
2026/6/26,09:15,430,,202,,
2026/6/26,09:30,430,,304,,
2026/6/26,09:45,430,,347,,
2026/6/26,10:00,430,,354,,
2026/6/26,10:15,430,,361,,
2026/6/26,10:30,430,,356,,
2026/6/26,10:45,430,,364,,
2026/6/26,11:00,430,,354,,
2026/6/26,11:15,430,,355,,
2026/6/26,11:30,430,,342,,
2026/6/26,11:45,430,,337,,
2026/6/26,12:00,430,,318,,
2026/6/26,12:15,430,,248,,
2026/6/26,12:30,430,,240,,
2026/6/26,12:45,430,,237,,
2026/6/26,13:00,430,,231,,
2026/6/26,13:15,430,,332,,
2026/6/26,13:30,430,,366,,
2026/6/26,13:45,430,,342,,
2026/6/26,14:00,430,,339,,
2026/6/26,14:15,430,,371,,
2026/6/26,14:30,430,,360,,
2026/6/26,14:45,430,,351,,
2026/6/26,15:00,430,,344,,
2026/6/26,15:15,430,,364,,
2026/6/26,15:30,430,,364,,
2026/6/26,15:45,430,,356,,
2026/6/26,16:00,430,,345,,
2026/6/26,16:15,430,338,,,
2026/6/26,16:30,430,339,,,
2026/6/26,16:45,430,344,,,
2026/6/26,17:00,430,335,,,
2026/6/26,17:15,430,312,,,
2026/6/26,17:30,430,265,,,
2026/6/26,17:45,430,269,,,
2026/6/26,18:00,430,311,,,
2026/6/26,18:15,430,327,,,
2026/6/26,18:30,430,306,,,
2026/6/26,18:45,430,280,,,
2026/6/26,19:00,430,283,,,
2026/6/26,19:15,430,278,,,
2026/6/26,19:30,430,269,,,
2026/6/26,19:45,430,277,,,
2026/6/26,20:00,430,312,,,
2026/6/26,20:15,430,322,,,
2026/6/26,20:30,430,322,,,
2026/6/26,20:45,430,318,,,
2026/6/26,21:00,430,309,,,
2026/6/26,21:15,430,333,,,
2026/6/26,21:30,430,312,,,
2026/6/26,21:45,430,298,,,
2026/6/26,22:00,430,306,,,
2026/6/26,22:15,430,,317,,
2026/6/26,22:30,430,,294,,
2026/6/26,22:45,430,,299,,
2026/6/26,23:00,430,,301,,
2026/6/26,23:15,430,,245,,
2026/6/26,23:30,430,,221,,
2026/6/26,23:45,430,,258,,
2026/6/27,00:00,430,,280,,
2026/6/27,00:15,430,,,,224
2026/6/27,00:30,430,,,,163
2026/6/27,00:45,430,,,,131
2026/6/27,01:00,430,,,,128
2026/6/27,01:15,430,,,,123
2026/6/27,01:30,430,,,,74
2026/6/27,01:45,430,,,,75
2026/6/27,02:00,430,,,,72
2026/6/27,02:15,430,,,,72
2026/6/27,02:30,430,,,,74
2026/6/27,02:45,430,,,,75
2026/6/27,03:00,430,,,,74
2026/6/27,03:15,430,,,,58
2026/6/27,03:30,430,,,,54
2026/6/27,03:45,430,,,,56
2026/6/27,04:00,430,,,,58
2026/6/27,04:15,430,,,,38
2026/6/27,04:30,430,,,,29
2026/6/27,04:45,430,,,,29
2026/6/27,05:00,430,,,,27
2026/6/27,05:15,430,,,,29
2026/6/27,05:30,430,,,,32
2026/6/27,05:45,430,,,,48
2026/6/27,06:00,430,,,,42
2026/6/27,06:15,430,,,,32
2026/6/27,06:30,430,,,,32
2026/6/27,06:45,430,,,,29
2026/6/27,07:00,430,,,,31
2026/6/27,07:15,430,,,,32
2026/6/27,07:30,430,,,,32
2026/6/27,07:45,430,,,,36
2026/6/27,08:00,430,,,,39
2026/6/27,08:15,430,,,,47
2026/6/27,08:30,430,,,,56
2026/6/27,08:45,430,,,,110
2026/6/27,09:00,430,,,123,
2026/6/27,09:15,430,,,186,
2026/6/27,09:30,430,,,278,
2026/6/27,09:45,430,,,325,
2026/6/27,10:00,430,,,332,
2026/6/27,10:15,430,,,326,
2026/6/27,10:30,430,,,340,
2026/6/27,10:45,430,,,349,
2026/6/27,11:00,430,,,347,
2026/6/27,11:15,430,,,335,
2026/6/27,11:30,430,,,333,
2026/6/27,11:45,430,,,325,
2026/6/27,12:00,430,,,303,
2026/6/27,12:15,430,,,265,
2026/6/27,12:30,430,,,265,
2026/6/27,12:45,430,,,262,
2026/6/27,13:00,430,,,240,
2026/6/27,13:15,430,,,312,
2026/6/27,13:30,430,,,355,
2026/6/27,13:45,430,,,350,
2026/6/27,14:00,430,,,324,
2026/6/27,14:15,430,,,336,
2026/6/27,14:30,430,,,335,
2026/6/27,14:45,430,,,341,
2026/6/27,15:00,430,,,346,
2026/6/27,15:15,430,,,348,
2026/6/27,15:30,430,,,338,
2026/6/27,15:45,430,,,338,
2026/6/27,16:00,430,,,336,
2026/6/27,16:15,430,,,346,
2026/6/27,16:30,430,,,324,
2026/6/27,16:45,430,,,328,
2026/6/27,17:00,430,,,337,
2026/6/27,17:15,430,,,297,
2026/6/27,17:30,430,,,251,
2026/6/27,17:45,430,,,255,
2026/6/27,18:00,430,,,307,
2026/6/27,18:15,430,,,335,
2026/6/27,18:30,430,,,328,
2026/6/27,18:45,430,,,317,
2026/6/27,19:00,430,,,322,
2026/6/27,19:15,430,,,309,
2026/6/27,19:30,430,,,310,
2026/6/27,19:45,430,,,328,
2026/6/27,20:00,430,,,325,
2026/6/27,20:15,430,,,269,
2026/6/27,20:30,430,,,229,
2026/6/27,20:45,430,,,266,
2026/6/27,21:00,430,,,302,
2026/6/27,21:15,430,,,298,
2026/6/27,21:30,430,,,301,
2026/6/27,21:45,430,,,294,
2026/6/27,22:00,430,,,285,
2026/6/27,22:15,430,,,272,
2026/6/27,22:30,430,,,269,
2026/6/27,22:45,430,,,232,
2026/6/27,23:00,430,,,179,
2026/6/27,23:15,430,,,165,
2026/6/27,23:30,430,,,174,
2026/6/27,23:45,430,,,232,
2026/6/28,00:00,430,,,238,
2026/6/28,00:15,430,,,,181
2026/6/28,00:30,430,,,,134
2026/6/28,00:45,430,,,,120
2026/6/28,01:00,430,,,,77
2026/6/28,01:15,430,,,,72
2026/6/28,01:30,430,,,,74
2026/6/28,01:45,430,,,,69
2026/6/28,02:00,430,,,,67
2026/6/28,02:15,430,,,,66
2026/6/28,02:30,430,,,,67
2026/6/28,02:45,430,,,,66
2026/6/28,03:00,430,,,,67
2026/6/28,03:15,430,,,,58
2026/6/28,03:30,430,,,,53
2026/6/28,03:45,430,,,,50
2026/6/28,04:00,430,,,,38
2026/6/28,04:15,430,,,,26
2026/6/28,04:30,430,,,,26
2026/6/28,04:45,430,,,,27
2026/6/28,05:00,430,,,,26
2026/6/28,05:15,430,,,,26
2026/6/28,05:30,430,,,,23
2026/6/28,05:45,430,,,,25
2026/6/28,06:00,430,,,,26
2026/6/28,06:15,430,,,,28
2026/6/28,06:30,430,,,,25
2026/6/28,06:45,430,,,,24
2026/6/28,07:00,430,,,,27
2026/6/28,07:15,430,,,,28
2026/6/28,07:30,430,,,,28
2026/6/28,07:45,430,,,,26
2026/6/28,08:00,430,,,,30
2026/6/28,08:15,430,,,,45
2026/6/28,08:30,430,,,,66
2026/6/28,08:45,430,,,,62
2026/6/28,09:00,430,,,,61
2026/6/28,09:15,430,,,,75
2026/6/28,09:30,430,,,,77
2026/6/28,09:45,430,,,,77
2026/6/28,10:00,430,,,,79
2026/6/28,10:15,430,,,,95
2026/6/28,10:30,430,,,,89
2026/6/28,10:45,430,,,,79
2026/6/28,11:00,430,,,,74
2026/6/28,11:15,430,,,,107
2026/6/28,11:30,430,,,,131
2026/6/28,11:45,430,,,,186
2026/6/28,12:00,430,,,,243
2026/6/28,12:15,430,,,,288
2026/6/28,12:30,430,,,,281
2026/6/28,12:45,430,,,,257
2026/6/28,13:00,430,,,,262
2026/6/28,13:15,430,,,,293
2026/6/28,13:30,430,,,,295
2026/6/28,13:45,430,,,,293
2026/6/28,14:00,430,,,,291
2026/6/28,14:15,430,,,,280
2026/6/28,14:30,430,,,,278
2026/6/28,14:45,430,,,,293
2026/6/28,15:00,430,,,,301
2026/6/28,15:15,430,,,,296
2026/6/28,15:30,430,,,,298
2026/6/28,15:45,430,,,,305
2026/6/28,16:00,430,,,,295
2026/6/28,16:15,430,,,,280
2026/6/28,16:30,430,,,,258
2026/6/28,16:45,430,,,,203
2026/6/28,17:00,430,,,,157
2026/6/28,17:15,430,,,,120
2026/6/28,17:30,430,,,,96
2026/6/28,17:45,430,,,,61
2026/6/28,18:00,430,,,,60
2026/6/28,18:15,430,,,,61
2026/6/28,18:30,430,,,,64
2026/6/28,18:45,430,,,,48
2026/6/28,19:00,430,,,,46
2026/6/28,19:15,430,,,,48
2026/6/28,19:30,430,,,,45
2026/6/28,19:45,430,,,,48
2026/6/28,20:00,430,,,,46
2026/6/28,20:15,430,,,,46
2026/6/28,20:30,430,,,,43
2026/6/28,20:45,430,,,,40
2026/6/28,21:00,430,,,,34
2026/6/28,21:15,430,,,,24
2026/6/28,21:30,430,,,,26
2026/6/28,21:45,430,,,,22
2026/6/28,22:00,430,,,,22
2026/6/28,22:15,430,,,,21
2026/6/28,22:30,430,,,,26
2026/6/28,22:45,430,,,,22
2026/6/28,23:00,430,,,,22
2026/6/28,23:15,430,,,,22
2026/6/28,23:30,430,,,,24
2026/6/28,23:45,430,,,,19
2026/6/29,00:00,430,,,,21
2026/6/29,00:15,430,,,,22
2026/6/29,00:30,430,,,,24
2026/6/29,00:45,430,,,,26
2026/6/29,01:00,430,,,,42
2026/6/29,01:15,430,,,,35
2026/6/29,01:30,430,,,,27
2026/6/29,01:45,430,,,,21
2026/6/29,02:00,430,,,,21
2026/6/29,02:15,430,,,,26
2026/6/29,02:30,430,,,,22
2026/6/29,02:45,430,,,,26
2026/6/29,03:00,430,,,,26
2026/6/29,03:15,430,,,,24
2026/6/29,03:30,430,,,,26
2026/6/29,03:45,430,,,,26
2026/6/29,04:00,430,,,,27
2026/6/29,04:15,430,,,,27
2026/6/29,04:30,430,,,,26
2026/6/29,04:45,430,,,,26
2026/6/29,05:00,430,,,,27
2026/6/29,05:15,430,,,,24
2026/6/29,05:30,430,,,,25
2026/6/29,05:45,430,,,,28
2026/6/29,06:00,430,,,,30
2026/6/29,06:15,430,,,,38
2026/6/29,06:30,430,,,,47
2026/6/29,06:45,430,,,,51
2026/6/29,07:00,430,,,,52
2026/6/29,07:15,430,,,,49
2026/6/29,07:30,430,,,,51
2026/6/29,07:45,430,,,,38
2026/6/29,08:00,430,,,,44
2026/6/29,08:15,430,,,,49
2026/6/29,08:30,430,,,,62
2026/6/29,08:45,430,,,,100
2026/6/29,09:00,430,,,,148
2026/6/29,09:15,430,,235,,
2026/6/29,09:30,430,,291,,
2026/6/29,09:45,430,,305,,
2026/6/29,10:00,430,,337,,
2026/6/29,10:15,430,,371,,
2026/6/29,10:30,430,,379,,
2026/6/29,10:45,430,,376,,
2026/6/29,11:00,430,,388,,
2026/6/29,11:15,430,,388,,
2026/6/29,11:30,430,,382,,
2026/6/29,11:45,430,,388,,
2026/6/29,12:00,430,,370,,
2026/6/29,12:15,430,,309,,
2026/6/29,12:30,430,,298,,
2026/6/29,12:45,430,,291,,
2026/6/29,13:00,430,,259,,
2026/6/29,13:15,430,,318,,
2026/6/29,13:30,430,,343,,
2026/6/29,13:45,430,,342,,
2026/6/29,14:00,430,,341,,
2026/6/29,14:15,430,,353,,
2026/6/29,14:30,430,,350,,
2026/6/29,14:45,430,,360,,
2026/6/29,15:00,430,,359,,
2026/6/29,15:15,430,,371,,
2026/6/29,15:30,430,,353,,
2026/6/29,15:45,430,,357,,
2026/6/29,16:00,430,,359,,
2026/6/29,16:15,430,312,,,
2026/6/29,16:30,430,318,,,
2026/6/29,16:45,430,344,,,
2026/6/29,17:00,430,333,,,
2026/6/29,17:15,430,303,,,
2026/6/29,17:30,430,269,,,
2026/6/29,17:45,430,275,,,
2026/6/29,18:00,430,297,,,
2026/6/29,18:15,430,326,,,
2026/6/29,18:30,430,323,,,
2026/6/29,18:45,430,347,,,
2026/6/29,19:00,430,325,,,
2026/6/29,19:15,430,328,,,
2026/6/29,19:30,430,314,,,
2026/6/29,19:45,430,314,,,
2026/6/29,20:00,430,306,,,
2026/6/29,20:15,430,246,,,
2026/6/29,20:30,430,203,,,
2026/6/29,20:45,430,250,,,
2026/6/29,21:00,430,296,,,
2026/6/29,21:15,430,309,,,
2026/6/29,21:30,430,291,,,
2026/6/29,21:45,430,286,,,
2026/6/29,22:00,430,266,,,
2026/6/29,22:15,430,,216,,
2026/6/29,22:30,430,,166,,
2026/6/29,22:45,430,,171,,
2026/6/29,23:00,430,,160,,
2026/6/29,23:15,430,,163,,
2026/6/29,23:30,430,,158,,
2026/6/29,23:45,430,,211,,
2026/6/30,00:00,430,,235,,
2026/6/30,00:15,430,,,,190
2026/6/30,00:30,430,,,,141
2026/6/30,00:45,430,,,,125
2026/6/30,01:00,430,,,,117
2026/6/30,01:15,430,,,,110
2026/6/30,01:30,430,,,,69
2026/6/30,01:45,430,,,,69
2026/6/30,02:00,430,,,,69
2026/6/30,02:15,430,,,,69
2026/6/30,02:30,430,,,,67
2026/6/30,02:45,430,,,,56
2026/6/30,03:00,430,,,,50
2026/6/30,03:15,430,,,,51
2026/6/30,03:30,430,,,,51
2026/6/30,03:45,430,,,,53
2026/6/30,04:00,430,,,,51
2026/6/30,04:15,430,,,,35
2026/6/30,04:30,430,,,,27
2026/6/30,04:45,430,,,,29
2026/6/30,05:00,430,,,,29
2026/6/30,05:15,430,,,,29
2026/6/30,05:30,430,,,,27
2026/6/30,05:45,430,,,,35
2026/6/30,06:00,430,,,,51
2026/6/30,06:15,430,,,,43
2026/6/30,06:30,430,,,,32
2026/6/30,06:45,430,,,,31
2026/6/30,07:00,430,,,,34
2026/6/30,07:15,430,,,,31
2026/6/30,07:30,430,,,,33
2026/6/30,07:45,430,,,,39
2026/6/30,08:00,430,,,,42
2026/6/30,08:15,430,,,,49
2026/6/30,08:30,430,,,,126
2026/6/30,08:45,430,,,,131
2026/6/30,09:00,430,,,,135
2026/6/30,09:15,430,,211,,
2026/6/30,09:30,430,,300,,
2026/6/30,09:45,430,,371,,
2026/6/30,10:00,430,,374,,
2026/6/30,10:15,430,,378,,
2026/6/30,10:30,430,,392,,
2026/6/30,10:45,430,,371,,
2026/6/30,11:00,430,,381,,
2026/6/30,11:15,430,,384,,
2026/6/30,11:30,430,,379,,
2026/6/30,11:45,430,,372,,
2026/6/30,12:00,430,,372,,
2026/6/30,12:15,430,,333,,
2026/6/30,12:30,430,,311,,
2026/6/30,12:45,430,,266,,
2026/6/30,13:00,430,,268,,
2026/6/30,13:15,430,,363,,
2026/6/30,13:30,430,,400,,
2026/6/30,13:45,430,,391,,
2026/6/30,14:00,430,,387,,
2026/6/30,14:15,430,,376,,
2026/6/30,14:30,430,,384,,
2026/6/30,14:45,430,,384,,
2026/6/30,15:00,430,,398,,
2026/6/30,15:15,430,,395,,
2026/6/30,15:30,430,,405,,
2026/6/30,15:45,430,,396,,
2026/6/30,16:00,430,,371,,
2026/6/30,16:15,430,340,,,
2026/6/30,16:30,430,348,,,
2026/6/30,16:45,430,347,,,
2026/6/30,17:00,430,342,,,
2026/6/30,17:15,430,312,,,
2026/6/30,17:30,430,289,,,
2026/6/30,17:45,430,285,,,
2026/6/30,18:00,430,303,,,
2026/6/30,18:15,430,324,,,
2026/6/30,18:30,430,338,,,
2026/6/30,18:45,430,345,,,
2026/6/30,19:00,430,330,,,
2026/6/30,19:15,430,323,,,
2026/6/30,19:30,430,318,,,
2026/6/30,19:45,430,314,,,
2026/6/30,20:00,430,307,,,
2026/6/30,20:15,430,294,,,
2026/6/30,20:30,430,250,,,
2026/6/30,20:45,430,242,,,
2026/6/30,21:00,430,298,,,
2026/6/30,21:15,430,320,,,
2026/6/30,21:30,430,302,,,
2026/6/30,21:45,430,293,,,
2026/6/30,22:00,430,314,,,
2026/6/30,22:15,430,,314,,
2026/6/30,22:30,430,,304,,
2026/6/30,22:45,430,,310,,
2026/6/30,23:00,430,,286,,
2026/6/30,23:15,430,,219,,
2026/6/30,23:30,430,,186,,
2026/6/30,23:45,430,,234,,
2026/7/1,00:00,430,,246,,
2026/7/1,00:15,430,,,,206
2026/7/1,00:30,430,,,,152
2026/7/1,00:45,430,,,,142
2026/7/1,01:00,430,,,,125
2026/7/1,01:15,430,,,,99
2026/7/1,01:30,430,,,,72
2026/7/1,01:45,430,,,,69
2026/7/1,02:00,430,,,,66
2026/7/1,02:15,430,,,,64
2026/7/1,02:30,430,,,,66
2026/7/1,02:45,430,,,,66
2026/7/1,03:00,430,,,,62
2026/7/1,03:15,430,,,,54
2026/7/1,03:30,430,,,,53
2026/7/1,03:45,430,,,,54
2026/7/1,04:00,430,,,,42
2026/7/1,04:15,430,,,,30
2026/7/1,04:30,430,,,,30
2026/7/1,04:45,430,,,,30
2026/7/1,05:00,430,,,,27
2026/7/1,05:15,430,,,,27
2026/7/1,05:30,430,,,,32
2026/7/1,05:45,430,,,,30
2026/7/1,06:00,430,,,,48
2026/7/1,06:15,430,,,,48
2026/7/1,06:30,430,,,,42
2026/7/1,06:45,430,,,,32
2026/7/1,07:00,430,,,,38
2026/7/1,07:15,430,,,,34
2026/7/1,07:30,430,,,,36
2026/7/1,07:45,430,,,,40
2026/7/1,08:00,430,,,,46
2026/7/1,08:15,430,,,,62
2026/7/1,08:30,430,,,,115
2026/7/1,08:45,430,,,,120
2026/7/1,09:00,430,,,,129
2026/7/1,09:15,430,,213,,
2026/7/1,09:30,430,,304,,
2026/7/1,09:45,430,,365,,
2026/7/1,10:00,430,,365,,
2026/7/1,10:15,430,,354,,
2026/7/1,10:30,430,,381,,
2026/7/1,10:45,430,,380,,
2026/7/1,11:00,430,,369,,
2026/7/1,11:15,430,,356,,
2026/7/1,11:30,430,,361,,
2026/7/1,11:45,430,,350,,
2026/7/1,12:00,430,,334,,
2026/7/1,12:15,430,,292,,
2026/7/1,12:30,430,,301,,
2026/7/1,12:45,430,,285,,
2026/7/1,13:00,430,,275,,
2026/7/1,13:15,430,,345,,
2026/7/1,13:30,430,,358,,
2026/7/1,13:45,430,,382,,
2026/7/1,14:00,430,,397,,
2026/7/1,14:15,430,,379,,
2026/7/1,14:30,430,,376,,
2026/7/1,14:45,430,,368,,
2026/7/1,15:00,430,,382,,
2026/7/1,15:15,430,,386,,
2026/7/1,15:30,430,,386,,
2026/7/1,15:45,430,,359,,
2026/7/1,16:00,430,,373,,
2026/7/1,16:15,430,364,,,
2026/7/1,16:30,430,354,,,
2026/7/1,16:45,430,348,,,
2026/7/1,17:00,430,359,,,
2026/7/1,17:15,430,344,,,
2026/7/1,17:30,430,279,,,
2026/7/1,17:45,430,268,,,
2026/7/1,18:00,430,304,,,
2026/7/1,18:15,430,331,,,
2026/7/1,18:30,430,346,,,
2026/7/1,18:45,430,336,,,
2026/7/1,19:00,430,339,,,
2026/7/1,19:15,430,347,,,
2026/7/1,19:30,430,336,,,
2026/7/1,19:45,430,320,,,
2026/7/1,20:00,430,306,,,
2026/7/1,20:15,430,256,,,
2026/7/1,20:30,430,214,,,
2026/7/1,20:45,430,243,,,
2026/7/1,21:00,430,288,,,
2026/7/1,21:15,430,312,,,
2026/7/1,21:30,430,312,,,
2026/7/1,21:45,430,301,,,
2026/7/1,22:00,430,306,,,
2026/7/1,22:15,430,,299,,
2026/7/1,22:30,430,,299,,
2026/7/1,22:45,430,,296,,
2026/7/1,23:00,430,,242,,
2026/7/1,23:15,430,,194,,
2026/7/1,23:30,430,,189,,
2026/7/1,23:45,430,,235,,
2026/7/2,00:00,430,,283,,
2026/7/2,00:15,430,,,,227
2026/7/2,00:30,430,,,,163
2026/7/2,00:45,430,,,,139
2026/7/2,01:00,430,,,,133
2026/7/2,01:15,430,,,,122
2026/7/2,01:30,430,,,,80
2026/7/2,01:45,430,,,,72
2026/7/2,02:00,430,,,,74
2026/7/2,02:15,430,,,,72
2026/7/2,02:30,430,,,,74
2026/7/2,02:45,430,,,,70
2026/7/2,03:00,430,,,,74
2026/7/2,03:15,430,,,,72
2026/7/2,03:30,430,,,,70
2026/7/2,03:45,430,,,,59
2026/7/2,04:00,430,,,,46
2026/7/2,04:15,430,,,,32
2026/7/2,04:30,430,,,,30
2026/7/2,04:45,430,,,,27
2026/7/2,05:00,430,,,,30
2026/7/2,05:15,430,,,,29
2026/7/2,05:30,430,,,,30
2026/7/2,05:45,430,,,,34
2026/7/2,06:00,430,,,,35
2026/7/2,06:15,430,,,,30
2026/7/2,06:30,430,,,,30
2026/7/2,06:45,430,,,,29
2026/7/2,07:00,430,,,,32
2026/7/2,07:15,430,,,,33
2026/7/2,07:30,430,,,,29
2026/7/2,07:45,430,,,,37
2026/7/2,08:00,430,,,,48
2026/7/2,08:15,430,,,,51
2026/7/2,08:30,430,,,,97
2026/7/2,08:45,430,,,,130
2026/7/2,09:00,430,,,,134
2026/7/2,09:15,430,,227,,
2026/7/2,09:30,430,,334,,
2026/7/2,09:45,430,,385,,
2026/7/2,10:00,430,,378,,
2026/7/2,10:15,430,,374,,
2026/7/2,10:30,430,,383,,
2026/7/2,10:45,430,,399,,
2026/7/2,11:00,430,,380,,
2026/7/2,11:15,430,,368,,
2026/7/2,11:30,430,,376,,
2026/7/2,11:45,430,,378,,
2026/7/2,12:00,430,,356,,
2026/7/2,12:15,430,,294,,
2026/7/2,12:30,430,,300,,
2026/7/2,12:45,430,,280,,
2026/7/2,13:00,430,,281,,
2026/7/2,13:15,430,,360,,
2026/7/2,13:30,430,,394,,
2026/7/2,13:45,430,,393,,
2026/7/2,14:00,430,,373,,
2026/7/2,14:15,430,,372,,
2026/7/2,14:30,430,,378,,
2026/7/2,14:45,430,,382,,
2026/7/2,15:00,430,,370,,
2026/7/2,15:15,430,,370,,
2026/7/2,15:30,430,,397,,
2026/7/2,15:45,430,,379,,
2026/7/2,16:00,430,,363,,
2026/7/2,16:15,430,371,,,
2026/7/2,16:30,430,360,,,
2026/7/2,16:45,430,359,,,
2026/7/2,17:00,430,349,,,
2026/7/2,17:15,430,310,,,
2026/7/2,17:30,430,276,,,
2026/7/2,17:45,430,273,,,
2026/7/2,18:00,430,320,,,
2026/7/2,18:15,430,342,,,
2026/7/2,18:30,430,346,,,
2026/7/2,18:45,430,339,,,
2026/7/2,19:00,430,320,,,
2026/7/2,19:15,430,304,,,
2026/7/2,19:30,430,320,,,
2026/7/2,19:45,430,296,,,
2026/7/2,20:00,430,306,,,
2026/7/2,20:15,430,320,,,
2026/7/2,20:30,430,307,,,
2026/7/2,20:45,430,312,,,
2026/7/2,21:00,430,317,,,
2026/7/2,21:15,430,306,,,
2026/7/2,21:30,430,296,,,
2026/7/2,21:45,430,288,,,
2026/7/2,22:00,430,288,,,
2026/7/2,22:15,430,,285,,
2026/7/2,22:30,430,,280,,
2026/7/2,22:45,430,,256,,
2026/7/2,23:00,430,,213,,
2026/7/2,23:15,430,,194,,
2026/7/2,23:30,430,,194,,
2026/7/2,23:45,430,,234,,
2026/7/3,00:00,430,,286,,
2026/7/3,00:15,430,,,,275
2026/7/3,00:30,430,,,,259
2026/7/3,00:45,430,,,,221
2026/7/3,01:00,430,,,,162
2026/7/3,01:15,430,,,,101
2026/7/3,01:30,430,,,,82
2026/7/3,01:45,430,,,,74
2026/7/3,02:00,430,,,,69
2026/7/3,02:15,430,,,,67
2026/7/3,02:30,430,,,,67
2026/7/3,02:45,430,,,,70
2026/7/3,03:00,430,,,,69
2026/7/3,03:15,430,,,,67
2026/7/3,03:30,430,,,,69
2026/7/3,03:45,430,,,,67
2026/7/3,04:00,430,,,,48
2026/7/3,04:15,430,,,,27
2026/7/3,04:30,430,,,,29
2026/7/3,04:45,430,,,,29
2026/7/3,05:00,430,,,,29
2026/7/3,05:15,430,,,,27
2026/7/3,05:30,430,,,,27
2026/7/3,05:45,430,,,,28
2026/7/3,06:00,430,,,,35
2026/7/3,06:15,430,,,,39
2026/7/3,06:30,430,,,,37
2026/7/3,06:45,430,,,,30
2026/7/3,07:00,430,,,,31
2026/7/3,07:15,430,,,,32
2026/7/3,07:30,430,,,,32
2026/7/3,07:45,430,,,,38
2026/7/3,08:00,430,,,,46
2026/7/3,08:15,430,,,,50
2026/7/3,08:30,430,,,,110
2026/7/3,08:45,430,,,,126
2026/7/3,09:00,430,,,,132
2026/7/3,09:15,430,,206,,
2026/7/3,09:30,430,,290,,
2026/7/3,09:45,430,,369,,
2026/7/3,10:00,430,,371,,
2026/7/3,10:15,430,,357,,
2026/7/3,10:30,430,,350,,
2026/7/3,10:45,430,,362,,
2026/7/3,11:00,430,,371,,
2026/7/3,11:15,430,,363,,
2026/7/3,11:30,430,,363,,
2026/7/3,11:45,430,,358,,
2026/7/3,12:00,430,,347,,
2026/7/3,12:15,430,,279,,
2026/7/3,12:30,430,,276,,
2026/7/3,12:45,430,,290,,
2026/7/3,13:00,430,,290,,
2026/7/3,13:15,430,,369,,
2026/7/3,13:30,430,,390,,
2026/7/3,13:45,430,,398,,
2026/7/3,14:00,430,,382,,
2026/7/3,14:15,430,,362,,
2026/7/3,14:30,430,,376,,
2026/7/3,14:45,430,,389,,
2026/7/3,15:00,430,,358,,
2026/7/3,15:15,430,,359,,
2026/7/3,15:30,430,,375,,
2026/7/3,15:45,430,,376,,
2026/7/3,16:00,430,,358,,
2026/7/3,16:15,430,349,,,
2026/7/3,16:30,430,369,,,
2026/7/3,16:45,430,363,,,
2026/7/3,17:00,430,347,,,
2026/7/3,17:15,430,309,,,
2026/7/3,17:30,430,291,,,
2026/7/3,17:45,430,296,,,
2026/7/3,18:00,430,330,,,
2026/7/3,18:15,430,350,,,
2026/7/3,18:30,430,355,,,
2026/7/3,18:45,430,347,,,
2026/7/3,19:00,430,328,,,
2026/7/3,19:15,430,315,,,
2026/7/3,19:30,430,323,,,
2026/7/3,19:45,430,310,,,
2026/7/3,20:00,430,307,,,
2026/7/3,20:15,430,307,,,
2026/7/3,20:30,430,291,,,
2026/7/3,20:45,430,278,,,
2026/7/3,21:00,430,293,,,
2026/7/3,21:15,430,304,,,
2026/7/3,21:30,430,314,,,
2026/7/3,21:45,430,312,,,
2026/7/3,22:00,430,314,,,
2026/7/3,22:15,430,,307,,
2026/7/3,22:30,430,,294,,
2026/7/3,22:45,430,,293,,
2026/7/3,23:00,430,,291,,
2026/7/3,23:15,430,,299,,
2026/7/3,23:30,430,,282,,
2026/7/3,23:45,430,,290,,
2026/7/4,00:00,430,,293,,
2026/7/4,00:15,430,,,,253
2026/7/4,00:30,430,,,,192
2026/7/4,00:45,430,,,,166
2026/7/4,01:00,430,,,,144
2026/7/4,01:15,430,,,,139
2026/7/4,01:30,430,,,,96
2026/7/4,01:45,430,,,,88
2026/7/4,02:00,430,,,,88
2026/7/4,02:15,430,,,,88
2026/7/4,02:30,430,,,,82
2026/7/4,02:45,430,,,,72
2026/7/4,03:00,430,,,,67
2026/7/4,03:15,430,,,,67
2026/7/4,03:30,430,,,,69
2026/7/4,03:45,430,,,,69
2026/7/4,04:00,430,,,,56
2026/7/4,04:15,430,,,,46
2026/7/4,04:30,430,,,,43
2026/7/4,04:45,430,,,,40
2026/7/4,05:00,430,,,,42
2026/7/4,05:15,430,,,,42
2026/7/4,05:30,430,,,,44
2026/7/4,05:45,430,,,,37
2026/7/4,06:00,430,,,,31
2026/7/4,06:15,430,,,,29
2026/7/4,06:30,430,,,,29
2026/7/4,06:45,430,,,,32
2026/7/4,07:00,430,,,,30
2026/7/4,07:15,430,,,,34
2026/7/4,07:30,430,,,,36
2026/7/4,07:45,430,,,,42
2026/7/4,08:00,430,,,,50
2026/7/4,08:15,430,,,,52
2026/7/4,08:30,430,,,,101
2026/7/4,08:45,430,,,,127
2026/7/4,09:00,430,,,131,
2026/7/4,09:15,430,,,211,
2026/7/4,09:30,430,,,296,
2026/7/4,09:45,430,,,350,
2026/7/4,10:00,430,,,340,
2026/7/4,10:15,430,,,338,
2026/7/4,10:30,430,,,361,
2026/7/4,10:45,430,,,369,
2026/7/4,11:00,430,,,343,
2026/7/4,11:15,430,,,351,
2026/7/4,11:30,430,,,361,
2026/7/4,11:45,430,,,359,
2026/7/4,12:00,430,,,317,
2026/7/4,12:15,430,,,271,
2026/7/4,12:30,430,,,267,
2026/7/4,12:45,430,,,274,
2026/7/4,13:00,430,,,267,
2026/7/4,13:15,430,,,324,
2026/7/4,13:30,430,,,351,
2026/7/4,13:45,430,,,348,
2026/7/4,14:00,430,,,332,
2026/7/4,14:15,430,,,340,
2026/7/4,14:30,430,,,323,
2026/7/4,14:45,430,,,355,
2026/7/4,15:00,430,,,357,
2026/7/4,15:15,430,,,364,
2026/7/4,15:30,430,,,349,
2026/7/4,15:45,430,,,331,
2026/7/4,16:00,430,,,325,
2026/7/4,16:15,430,,,330,
2026/7/4,16:30,430,,,324,
2026/7/4,16:45,430,,,332,
2026/7/4,17:00,430,,,345,
2026/7/4,17:15,430,,,279,
2026/7/4,17:30,430,,,240,
2026/7/4,17:45,430,,,235,
2026/7/4,18:00,430,,,302,
2026/7/4,18:15,430,,,349,
2026/7/4,18:30,430,,,334,
2026/7/4,18:45,430,,,322,
2026/7/4,19:00,430,,,312,
2026/7/4,19:15,430,,,309,
2026/7/4,19:30,430,,,304,
2026/7/4,19:45,430,,,304,
2026/7/4,20:00,430,,,248,
2026/7/4,20:15,430,,,214,
2026/7/4,20:30,430,,,208,
2026/7/4,20:45,430,,,176,
2026/7/4,21:00,430,,,186,
2026/7/4,21:15,430,,,266,
2026/7/4,21:30,430,,,318,
2026/7/4,21:45,430,,,320,
2026/7/4,22:00,430,,,304,
2026/7/4,22:15,430,,,250,
2026/7/4,22:30,430,,,242,
2026/7/4,22:45,430,,,250,
2026/7/4,23:00,430,,,222,
2026/7/4,23:15,430,,,206,
2026/7/4,23:30,430,,,208,
2026/7/4,23:45,430,,,254,
2026/7/5,00:00,430,,,296,
2026/7/5,00:15,430,,,,232
2026/7/5,00:30,430,,,,166
2026/7/5,00:45,430,,,,150
2026/7/5,01:00,430,,,,123
2026/7/5,01:15,430,,,,112
2026/7/5,01:30,430,,,,102
2026/7/5,01:45,430,,,,72
2026/7/5,02:00,430,,,,70
2026/7/5,02:15,430,,,,67
2026/7/5,02:30,430,,,,59
2026/7/5,02:45,430,,,,59
2026/7/5,03:00,430,,,,58
2026/7/5,03:15,430,,,,59
2026/7/5,03:30,430,,,,59
2026/7/5,03:45,430,,,,56
2026/7/5,04:00,430,,,,53
2026/7/5,04:15,430,,,,32
2026/7/5,04:30,430,,,,30
2026/7/5,04:45,430,,,,30
2026/7/5,05:00,430,,,,30
2026/7/5,05:15,430,,,,29
2026/7/5,05:30,430,,,,28
2026/7/5,05:45,430,,,,28
2026/7/5,06:00,430,,,,27
2026/7/5,06:15,430,,,,29
2026/7/5,06:30,430,,,,30
2026/7/5,06:45,430,,,,30
2026/7/5,07:00,430,,,,30
2026/7/5,07:15,430,,,,30
2026/7/5,07:30,430,,,,50
2026/7/5,07:45,430,,,,42
2026/7/5,08:00,430,,,,44
2026/7/5,08:15,430,,,,39
2026/7/5,08:30,430,,,,88
2026/7/5,08:45,430,,,,103
2026/7/5,09:00,430,,,,95
2026/7/5,09:15,430,,,,75
2026/7/5,09:30,430,,,,78
2026/7/5,09:45,430,,,,76
2026/7/5,10:00,430,,,,77
2026/7/5,10:15,430,,,,78
2026/7/5,10:30,430,,,,82
2026/7/5,10:45,430,,,,86
2026/7/5,11:00,430,,,,114
2026/7/5,11:15,430,,,,116
2026/7/5,11:30,430,,,,153
2026/7/5,11:45,430,,,,225
2026/7/5,12:00,430,,,,260
2026/7/5,12:15,430,,,,280
2026/7/5,12:30,430,,,,286
2026/7/5,12:45,430,,,,275
2026/7/5,13:00,430,,,,273
2026/7/5,13:15,430,,,,315
2026/7/5,13:30,430,,,,314
2026/7/5,13:45,430,,,,296
2026/7/5,14:00,430,,,,310
2026/7/5,14:15,430,,,,300
2026/7/5,14:30,430,,,,317
2026/7/5,14:45,430,,,,291
2026/7/5,15:00,430,,,,280
2026/7/5,15:15,430,,,,291
2026/7/5,15:30,430,,,,304
2026/7/5,15:45,430,,,,305
2026/7/5,16:00,430,,,,236
2026/7/5,16:15,430,,,,219
2026/7/5,16:30,430,,,,260
2026/7/5,16:45,430,,,,233
2026/7/5,17:00,430,,,,155
2026/7/5,17:15,430,,,,111
2026/7/5,17:30,430,,,,75
2026/7/5,17:45,430,,,,61
2026/7/5,18:00,430,,,,55
2026/7/5,18:15,430,,,,48
2026/7/5,18:30,430,,,,48
2026/7/5,18:45,430,,,,48
2026/7/5,19:00,430,,,,48
2026/7/5,19:15,430,,,,48
2026/7/5,19:30,430,,,,48
2026/7/5,19:45,430,,,,48
2026/7/5,20:00,430,,,,66
2026/7/5,20:15,430,,,,59
2026/7/5,20:30,430,,,,53
2026/7/5,20:45,430,,,,50
2026/7/5,21:00,430,,,,46
2026/7/5,21:15,430,,,,46
2026/7/5,21:30,430,,,,48
2026/7/5,21:45,430,,,,48
2026/7/5,22:00,430,,,,32
2026/7/5,22:15,430,,,,26
2026/7/5,22:30,430,,,,24
2026/7/5,22:45,430,,,,26
2026/7/5,23:00,430,,,,24
2026/7/5,23:15,430,,,,24
2026/7/5,23:30,430,,,,24
2026/7/5,23:45,430,,,,22
2026/7/6,00:00,430,,,,22
2026/7/6,00:15,430,,,,24
2026/7/6,00:30,430,,,,22
2026/7/6,00:45,430,,,,22
2026/7/6,01:00,430,,,,21
2026/7/6,01:15,430,,,,22
2026/7/6,01:30,430,,,,22
2026/7/6,01:45,430,,,,22
2026/7/6,02:00,430,,,,22
2026/7/6,02:15,430,,,,22
2026/7/6,02:30,430,,,,22
2026/7/6,02:45,430,,,,21
2026/7/6,03:00,430,,,,24
2026/7/6,03:15,430,,,,29
2026/7/6,03:30,430,,,,30
2026/7/6,03:45,430,,,,30
2026/7/6,04:00,430,,,,30
2026/7/6,04:15,430,,,,29
2026/7/6,04:30,430,,,,27
2026/7/6,04:45,430,,,,27
2026/7/6,05:00,430,,,,30
2026/7/6,05:15,430,,,,30
2026/7/6,05:30,430,,,,30
2026/7/6,05:45,430,,,,28
2026/7/6,06:00,430,,,,34
2026/7/6,06:15,430,,,,58
2026/7/6,06:30,430,,,,54
2026/7/6,06:45,430,,,,54
2026/7/6,07:00,430,,,,68
2026/7/6,07:15,430,,,,55
2026/7/6,07:30,430,,,,45
2026/7/6,07:45,430,,,,40
2026/7/6,08:00,430,,,,47
2026/7/6,08:15,430,,,,89
2026/7/6,08:30,430,,,,134
2026/7/6,08:45,430,,,,149
2026/7/6,09:00,430,,,,152
2026/7/6,09:15,430,,236,,
2026/7/6,09:30,430,,316,,
2026/7/6,09:45,430,,359,,
2026/7/6,10:00,430,,355,,
2026/7/6,10:15,430,,357,,
2026/7/6,10:30,430,,385,,
2026/7/6,10:45,430,,384,,
2026/7/6,11:00,430,,373,,
2026/7/6,11:15,430,,353,,
2026/7/6,11:30,430,,363,,
2026/7/6,11:45,430,,370,,
2026/7/6,12:00,430,,334,,
2026/7/6,12:15,430,,274,,
2026/7/6,12:30,430,,284,,
2026/7/6,12:45,430,,277,,
2026/7/6,13:00,430,,269,,
2026/7/6,13:15,430,,320,,
2026/7/6,13:30,430,,370,,
2026/7/6,13:45,430,,387,,
2026/7/6,14:00,430,,387,,
2026/7/6,14:15,430,,348,,
2026/7/6,14:30,430,,352,,
2026/7/6,14:45,430,,360,,
2026/7/6,15:00,430,,355,,
2026/7/6,15:15,430,,336,,
2026/7/6,15:30,430,,339,,
2026/7/6,15:45,430,,321,,
2026/7/6,16:00,430,,297,,
2026/7/6,16:15,430,253,,,
2026/7/6,16:30,430,273,,,
2026/7/6,16:45,430,327,,,
2026/7/6,17:00,430,346,,,
2026/7/6,17:15,430,304,,,
2026/7/6,17:30,430,254,,,
2026/7/6,17:45,430,263,,,
2026/7/6,18:00,430,312,,,
2026/7/6,18:15,430,340,,,
2026/7/6,18:30,430,324,,,
2026/7/6,18:45,430,331,,,
2026/7/6,19:00,430,344,,,
2026/7/6,19:15,430,326,,,
2026/7/6,19:30,430,314,,,
2026/7/6,19:45,430,294,,,
2026/7/6,20:00,430,315,,,
2026/7/6,20:15,430,291,,,
2026/7/6,20:30,430,243,,,
2026/7/6,20:45,430,197,,,
2026/7/6,21:00,430,176,,,
2026/7/6,21:15,430,203,,,
2026/7/6,21:30,430,267,,,
2026/7/6,21:45,430,298,,,
2026/7/6,22:00,430,264,,,
2026/7/6,22:15,430,,240,,
2026/7/6,22:30,430,,222,,
2026/7/6,22:45,430,,200,,
2026/7/6,23:00,430,,182,,
2026/7/6,23:15,430,,176,,
2026/7/6,23:30,430,,190,,
2026/7/6,23:45,430,,242,,
2026/7/7,00:00,430,,280,,
2026/7/7,00:15,430,,,,256
2026/7/7,00:30,430,,,,246
2026/7/7,00:45,430,,,,216
2026/7/7,01:00,430,,,,160
2026/7/7,01:15,430,,,,117
2026/7/7,01:30,430,,,,77
2026/7/7,01:45,430,,,,72
2026/7/7,02:00,430,,,,75
2026/7/7,02:15,430,,,,64
2026/7/7,02:30,430,,,,61
2026/7/7,02:45,430,,,,56
2026/7/7,03:00,430,,,,58
2026/7/7,03:15,430,,,,56
2026/7/7,03:30,430,,,,58
2026/7/7,03:45,430,,,,56
2026/7/7,04:00,430,,,,56
2026/7/7,04:15,430,,,,58
2026/7/7,04:30,430,,,,38
2026/7/7,04:45,430,,,,32
2026/7/7,05:00,430,,,,29
2026/7/7,05:15,430,,,,30
2026/7/7,05:30,430,,,,33
2026/7/7,05:45,430,,,,32
2026/7/7,06:00,430,,,,31
2026/7/7,06:15,430,,,,34
2026/7/7,06:30,430,,,,36
2026/7/7,06:45,430,,,,37
2026/7/7,07:00,430,,,,34
2026/7/7,07:15,430,,,,35
2026/7/7,07:30,430,,,,36
2026/7/7,07:45,430,,,,54
2026/7/7,08:00,430,,,,61
2026/7/7,08:15,430,,,,59
2026/7/7,08:30,430,,,,109
2026/7/7,08:45,430,,,,139
2026/7/7,09:00,430,,,,138
2026/7/7,09:15,430,,220,,
2026/7/7,09:30,430,,321,,
2026/7/7,09:45,430,,373,,
2026/7/7,10:00,430,,379,,
2026/7/7,10:15,430,,366,,
2026/7/7,10:30,430,,362,,
2026/7/7,10:45,430,,370,,
2026/7/7,11:00,430,,387,,
2026/7/7,11:15,430,,380,,
2026/7/7,11:30,430,,353,,
2026/7/7,11:45,430,,356,,
2026/7/7,12:00,430,,354,,
2026/7/7,12:15,430,,298,,
2026/7/7,12:30,430,,282,,
2026/7/7,12:45,430,,275,,
2026/7/7,13:00,430,,286,,
2026/7/7,13:15,430,,358,,
2026/7/7,13:30,430,,368,,
2026/7/7,13:45,430,,388,,
2026/7/7,14:00,430,,380,,
2026/7/7,14:15,430,,377,,
2026/7/7,14:30,430,,375,,
2026/7/7,14:45,430,,360,,
2026/7/7,15:00,430,,379,,
2026/7/7,15:15,430,,366,,
2026/7/7,15:30,430,,380,,
2026/7/7,15:45,430,,379,,
2026/7/7,16:00,430,,368,,
2026/7/7,16:15,430,343,,,
2026/7/7,16:30,430,334,,,
2026/7/7,16:45,430,340,,,
2026/7/7,17:00,430,370,,,
2026/7/7,17:15,430,320,,,
2026/7/7,17:30,430,303,,,
2026/7/7,17:45,430,279,,,
2026/7/7,18:00,430,300,,,
2026/7/7,18:15,430,333,,,
2026/7/7,18:30,430,349,,,
2026/7/7,18:45,430,345,,,
2026/7/7,19:00,430,339,,,
2026/7/7,19:15,430,338,,,
2026/7/7,19:30,430,331,,,
2026/7/7,19:45,430,306,,,
2026/7/7,20:00,430,317,,,
2026/7/7,20:15,430,318,,,
2026/7/7,20:30,430,310,,,
2026/7/7,20:45,430,293,,,
2026/7/7,21:00,430,290,,,
2026/7/7,21:15,430,309,,,
2026/7/7,21:30,430,302,,,
2026/7/7,21:45,430,306,,,
2026/7/7,22:00,430,278,,,
2026/7/7,22:15,430,,278,,
2026/7/7,22:30,430,,290,,
2026/7/7,22:45,430,,282,,
2026/7/7,23:00,430,,277,,
2026/7/7,23:15,430,,243,,
2026/7/7,23:30,430,,230,,
2026/7/7,23:45,430,,253,,
2026/7/8,00:00,430,,293,,
2026/7/8,00:15,430,,,,278
2026/7/8,00:30,430,,,,206
2026/7/8,00:45,430,,,,168
2026/7/8,01:00,430,,,,158
2026/7/8,01:15,430,,,,144
2026/7/8,01:30,430,,,,80
2026/7/8,01:45,430,,,,72
2026/7/8,02:00,430,,,,72
2026/7/8,02:15,430,,,,70
2026/7/8,02:30,430,,,,67
2026/7/8,02:45,430,,,,70
2026/7/8,03:00,430,,,,75
2026/7/8,03:15,430,,,,67
2026/7/8,03:30,430,,,,66
2026/7/8,03:45,430,,,,66
2026/7/8,04:00,430,,,,64
2026/7/8,04:15,430,,,,48
2026/7/8,04:30,430,,,,42
2026/7/8,04:45,430,,,,42
2026/7/8,05:00,430,,,,30
2026/7/8,05:15,430,,,,29
2026/7/8,05:30,430,,,,26
2026/7/8,05:45,430,,,,29
2026/7/8,06:00,430,,,,29
2026/7/8,06:15,430,,,,32
2026/7/8,06:30,430,,,,30
2026/7/8,06:45,430,,,,36
2026/7/8,07:00,430,,,,32
2026/7/8,07:15,430,,,,33
2026/7/8,07:30,430,,,,30
2026/7/8,07:45,430,,,,38
2026/7/8,08:00,430,,,,43
2026/7/8,08:15,430,,,,68
2026/7/8,08:30,430,,,,107
2026/7/8,08:45,430,,,,113
2026/7/8,09:00,430,,,,121
2026/7/8,09:15,430,,252,,
2026/7/8,09:30,430,,325,,
2026/7/8,09:45,430,,375,,
2026/7/8,10:00,430,,372,,
2026/7/8,10:15,430,,370,,
2026/7/8,10:30,430,,371,,
2026/7/8,10:45,430,,363,,
2026/7/8,11:00,430,,365,,
2026/7/8,11:15,430,,378,,
2026/7/8,11:30,430,,366,,
2026/7/8,11:45,430,,349,,
2026/7/8,12:00,430,,336,,
2026/7/8,12:15,430,,298,,
2026/7/8,12:30,430,,286,,
2026/7/8,12:45,430,,283,,
2026/7/8,13:00,430,,271,,
2026/7/8,13:15,430,,355,,
2026/7/8,13:30,430,,379,,
2026/7/8,13:45,430,,386,,
2026/7/8,14:00,430,,363,,
2026/7/8,14:15,430,,366,,
2026/7/8,14:30,430,,361,,
2026/7/8,14:45,430,,361,,
2026/7/8,15:00,430,,357,,
2026/7/8,15:15,430,,385,,
2026/7/8,15:30,430,,387,,
2026/7/8,15:45,430,,358,,
2026/7/8,16:00,430,,357,,
2026/7/8,16:15,430,353,,,
2026/7/8,16:30,430,353,,,
2026/7/8,16:45,430,348,,,
2026/7/8,17:00,430,359,,,
2026/7/8,17:15,430,323,,,
2026/7/8,17:30,430,282,,,
2026/7/8,17:45,430,264,,,
2026/7/8,18:00,430,314,,,
2026/7/8,18:15,430,352,,,
2026/7/8,18:30,430,357,,,
2026/7/8,18:45,430,335,,,
2026/7/8,19:00,430,323,,,
2026/7/8,19:15,430,326,,,
2026/7/8,19:30,430,326,,,
2026/7/8,19:45,430,306,,,
2026/7/8,20:00,430,291,,,
2026/7/8,20:15,430,277,,,
2026/7/8,20:30,430,286,,,
2026/7/8,20:45,430,310,,,
2026/7/8,21:00,430,294,,,
2026/7/8,21:15,430,290,,,
2026/7/8,21:30,430,301,,,
2026/7/8,21:45,430,306,,,
2026/7/8,22:00,430,312,,,
2026/7/8,22:15,430,,306,,
2026/7/8,22:30,430,,272,,
2026/7/8,22:45,430,,214,,
2026/7/8,23:00,430,,194,,
2026/7/8,23:15,430,,194,,
2026/7/8,23:30,430,,195,,
2026/7/8,23:45,430,,245,,
2026/7/9,00:00,430,,270,,
2026/7/9,00:15,430,,,,230
2026/7/9,00:30,430,,,,192
2026/7/9,00:45,430,,,,149
2026/7/9,01:00,430,,,,149
2026/7/9,01:15,430,,,,155
2026/7/9,01:30,430,,,,98
2026/7/9,01:45,430,,,,85
2026/7/9,02:00,430,,,,83
2026/7/9,02:15,430,,,,72
2026/7/9,02:30,430,,,,72
2026/7/9,02:45,430,,,,70
2026/7/9,03:00,430,,,,67
2026/7/9,03:15,430,,,,66
2026/7/9,03:30,430,,,,69
2026/7/9,03:45,430,,,,67
2026/7/9,04:00,430,,,,66
2026/7/9,04:15,430,,,,43
2026/7/9,04:30,430,,,,43
2026/7/9,04:45,430,,,,43
2026/7/9,05:00,430,,,,45
2026/7/9,05:15,430,,,,32
2026/7/9,05:30,430,,,,33
2026/7/9,05:45,430,,,,41
2026/7/9,06:00,430,,,,30
2026/7/9,06:15,430,,,,31
2026/7/9,06:30,430,,,,33
2026/7/9,06:45,430,,,,36
2026/7/9,07:00,430,,,,36
2026/7/9,07:15,430,,,,35
2026/7/9,07:30,430,,,,31
2026/7/9,07:45,430,,,,39
2026/7/9,08:00,430,,,,44
2026/7/9,08:15,430,,,,52
2026/7/9,08:30,430,,,,118
2026/7/9,08:45,430,,,,133
2026/7/9,09:00,430,,,,148
2026/7/9,09:15,430,,228,,
2026/7/9,09:30,430,,304,,
2026/7/9,09:45,430,,351,,
2026/7/9,10:00,430,,390,,
2026/7/9,10:15,430,,375,,
2026/7/9,10:30,430,,385,,
2026/7/9,10:45,430,,362,,
2026/7/9,11:00,430,,371,,
2026/7/9,11:15,430,,363,,
2026/7/9,11:30,430,,364,,
2026/7/9,11:45,430,,379,,
2026/7/9,12:00,430,,352,,
2026/7/9,12:15,430,,308,,
2026/7/9,12:30,430,,304,,
2026/7/9,12:45,430,,285,,
2026/7/9,13:00,430,,286,,
2026/7/9,13:15,430,,367,,
2026/7/9,13:30,430,,402,,
2026/7/9,13:45,430,,404,,
2026/7/9,14:00,430,,381,,
2026/7/9,14:15,430,,383,,
2026/7/9,14:30,430,,387,,
2026/7/9,14:45,430,,392,,
2026/7/9,15:00,430,,388,,
2026/7/9,15:15,430,,387,,
2026/7/9,15:30,430,,376,,
2026/7/9,15:45,430,,376,,
2026/7/9,16:00,430,,384,,
2026/7/9,16:15,430,378,,,
2026/7/9,16:30,430,362,,,
2026/7/9,16:45,430,355,,,
2026/7/9,17:00,430,363,,,
2026/7/9,17:15,430,324,,,
2026/7/9,17:30,430,293,,,
2026/7/9,17:45,430,278,,,
2026/7/9,18:00,430,321,,,
2026/7/9,18:15,430,339,,,
2026/7/9,18:30,430,347,,,
2026/7/9,18:45,430,342,,,
2026/7/9,19:00,430,310,,,
2026/7/9,19:15,430,320,,,
2026/7/9,19:30,430,315,,,
2026/7/9,19:45,430,291,,,
2026/7/9,20:00,430,306,,,
2026/7/9,20:15,430,322,,,
2026/7/9,20:30,430,309,,,
2026/7/9,20:45,430,298,,,
2026/7/9,21:00,430,301,,,
2026/7/9,21:15,430,277,,,
2026/7/9,21:30,430,290,,,
2026/7/9,21:45,430,304,,,
2026/7/9,22:00,430,307,,,
2026/7/9,22:15,430,,288,,
2026/7/9,22:30,430,,275,,
2026/7/9,22:45,430,,226,,
2026/7/9,23:00,430,,205,,
2026/7/9,23:15,430,,213,,
2026/7/9,23:30,430,,227,,
2026/7/9,23:45,430,,267,,
2026/7/10,00:00,430,,294,,
2026/7/10,00:15,430,,,,237
2026/7/10,00:30,430,,,,192
2026/7/10,00:45,430,,,,171
2026/7/10,01:00,430,,,,149
2026/7/10,01:15,430,,,,131
2026/7/10,01:30,430,,,,75
2026/7/10,01:45,430,,,,74
2026/7/10,02:00,430,,,,72
2026/7/10,02:15,430,,,,69
2026/7/10,02:30,430,,,,69
2026/7/10,02:45,430,,,,69
2026/7/10,03:00,430,,,,74
2026/7/10,03:15,430,,,,70
2026/7/10,03:30,430,,,,69
2026/7/10,03:45,430,,,,70
2026/7/10,04:00,430,,,,67
2026/7/10,04:15,430,,,,50
2026/7/10,04:30,430,,,,30
2026/7/10,04:45,430,,,,30
2026/7/10,05:00,430,,,,29
2026/7/10,05:15,430,,,,30
2026/7/10,05:30,430,,,,31
2026/7/10,05:45,430,,,,29
2026/7/10,06:00,430,,,,32
2026/7/10,06:15,430,,,,37
2026/7/10,06:30,430,,,,35
2026/7/10,06:45,430,,,,47
2026/7/10,07:00,430,,,,48
2026/7/10,07:15,430,,,,39
2026/7/10,07:30,430,,,,34
2026/7/10,07:45,430,,,,37
2026/7/10,08:00,430,,,,47
2026/7/10,08:15,430,,,,70
2026/7/10,08:30,430,,,,135
2026/7/10,08:45,430,,,,138
2026/7/10,09:00,430,,,,148
2026/7/10,09:15,430,,229,,
2026/7/10,09:30,430,,295,,
2026/7/10,09:45,430,,360,,
2026/7/10,10:00,430,,376,,
2026/7/10,10:15,430,,354,,
2026/7/10,10:30,430,,373,,
2026/7/10,10:45,430,,378,,
2026/7/10,11:00,430,,359,,
2026/7/10,11:15,430,,344,,
2026/7/10,11:30,430,,361,,
2026/7/10,11:45,430,,345,,
2026/7/10,12:00,430,,319,,
2026/7/10,12:15,430,,279,,
2026/7/10,12:30,430,,302,,
2026/7/10,12:45,430,,296,,
2026/7/10,13:00,430,,280,,
2026/7/10,13:15,430,,325,,
2026/7/10,13:30,430,,352,,
2026/7/10,13:45,430,,376,,
2026/7/10,14:00,430,,379,,
2026/7/10,14:15,430,,364,,
2026/7/10,14:30,430,,364,,
2026/7/10,14:45,430,,347,,
2026/7/10,15:00,430,,340,,
2026/7/10,15:15,430,,371,,
2026/7/10,15:30,430,,368,,
2026/7/10,15:45,430,,391,,
2026/7/10,16:00,430,,363,,
2026/7/10,16:15,430,363,,,
2026/7/10,16:30,430,380,,,
2026/7/10,16:45,430,367,,,
2026/7/10,17:00,430,370,,,
2026/7/10,17:15,430,324,,,
2026/7/10,17:30,430,281,,,
2026/7/10,17:45,430,266,,,
2026/7/10,18:00,430,287,,,
2026/7/10,18:15,430,338,,,
2026/7/10,18:30,430,329,,,
2026/7/10,18:45,430,325,,,
2026/7/10,19:00,430,324,,,
2026/7/10,19:15,430,322,,,
2026/7/10,19:30,430,306,,,
2026/7/10,19:45,430,290,,,
2026/7/10,20:00,430,290,,,
2026/7/10,20:15,430,312,,,
2026/7/10,20:30,430,315,,,
2026/7/10,20:45,430,304,,,
2026/7/10,21:00,430,304,,,
2026/7/10,21:15,430,298,,,
2026/7/10,21:30,430,302,,,
2026/7/10,21:45,430,293,,,
2026/7/10,22:00,430,301,,,
2026/7/10,22:15,430,,286,,
2026/7/10,22:30,430,,229,,
2026/7/10,22:45,430,,205,,
2026/7/10,23:00,430,,197,,
2026/7/10,23:15,430,,184,,
2026/7/10,23:30,430,,202,,
2026/7/10,23:45,430,,256,,
2026/7/11,00:00,430,,269,,
2026/7/11,00:15,430,,,,211
2026/7/11,00:30,430,,,,166
2026/7/11,00:45,430,,,,165
2026/7/11,01:00,430,,,,146
2026/7/11,01:15,430,,,,107
2026/7/11,01:30,430,,,,80
2026/7/11,01:45,430,,,,85
2026/7/11,02:00,430,,,,85
2026/7/11,02:15,430,,,,82
2026/7/11,02:30,430,,,,74
2026/7/11,02:45,430,,,,75
2026/7/11,03:00,430,,,,74
2026/7/11,03:15,430,,,,74
2026/7/11,03:30,430,,,,72
2026/7/11,03:45,430,,,,72
2026/7/11,04:00,430,,,,70
2026/7/11,04:15,430,,,,51
2026/7/11,04:30,430,,,,46
2026/7/11,04:45,430,,,,34
2026/7/11,05:00,430,,,,32
2026/7/11,05:15,430,,,,34
2026/7/11,05:30,430,,,,34
2026/7/11,05:45,430,,,,30
2026/7/11,06:00,430,,,,32
2026/7/11,06:15,430,,,,35
2026/7/11,06:30,430,,,,37
2026/7/11,06:45,430,,,,37
2026/7/11,07:00,430,,,,33
2026/7/11,07:15,430,,,,33
2026/7/11,07:30,430,,,,35
2026/7/11,07:45,430,,,,39
2026/7/11,08:00,430,,,,43
2026/7/11,08:15,430,,,,45
2026/7/11,08:30,430,,,,69
2026/7/11,08:45,430,,,,120
2026/7/11,09:00,430,,,132,
2026/7/11,09:15,430,,,250,
2026/7/11,09:30,430,,,312,
2026/7/11,09:45,430,,,327,
2026/7/11,10:00,430,,,344,
2026/7/11,10:15,430,,,352,
2026/7/11,10:30,430,,,367,
2026/7/11,10:45,430,,,333,
2026/7/11,11:00,430,,,343,
2026/7/11,11:15,430,,,348,
2026/7/11,11:30,430,,,342,
2026/7/11,11:45,430,,,345,
2026/7/11,12:00,430,,,329,
2026/7/11,12:15,430,,,261,
2026/7/11,12:30,430,,,264,
2026/7/11,12:45,430,,,252,
2026/7/11,13:00,430,,,260,
2026/7/11,13:15,430,,,297,
2026/7/11,13:30,430,,,321,
2026/7/11,13:45,430,,,334,
2026/7/11,14:00,430,,,354,
2026/7/11,14:15,430,,,325,
2026/7/11,14:30,430,,,332,
2026/7/11,14:45,430,,,336,
2026/7/11,15:00,430,,,313,
2026/7/11,15:15,430,,,305,
2026/7/11,15:30,430,,,296,
2026/7/11,15:45,430,,,326,
2026/7/11,16:00,430,,,337,
2026/7/11,16:15,430,,,319,
2026/7/11,16:30,430,,,327,
2026/7/11,16:45,430,,,346,
2026/7/11,17:00,430,,,347,
2026/7/11,17:15,430,,,293,
2026/7/11,17:30,430,,,236,
2026/7/11,17:45,430,,,204,
2026/7/11,18:00,430,,,264,
2026/7/11,18:15,430,,,327,
2026/7/11,18:30,430,,,312,
2026/7/11,18:45,430,,,299,
2026/7/11,19:00,430,,,229,
2026/7/11,19:15,430,,,216,
2026/7/11,19:30,430,,,291,
2026/7/11,19:45,430,,,331,
2026/7/11,20:00,430,,,299,
2026/7/11,20:15,430,,,250,
2026/7/11,20:30,430,,,197,
2026/7/11,20:45,430,,,198,
2026/7/11,21:00,430,,,205,
2026/7/11,21:15,430,,,182,
2026/7/11,21:30,430,,,173,
2026/7/11,21:45,430,,,173,
2026/7/11,22:00,430,,,176,
2026/7/11,22:15,430,,,168,
2026/7/11,22:30,430,,,152,
2026/7/11,22:45,430,,,194,
2026/7/11,23:00,430,,,232,
2026/7/11,23:15,430,,,208,
2026/7/11,23:30,430,,,198,
2026/7/11,23:45,430,,,216,
2026/7/12,00:00,430,,,192,
2026/7/12,00:15,430,,,,165
2026/7/12,00:30,430,,,,138
2026/7/12,00:45,430,,,,118
2026/7/12,01:00,430,,,,110
2026/7/12,01:15,430,,,,77
2026/7/12,01:30,430,,,,59
2026/7/12,01:45,430,,,,56
2026/7/12,02:00,430,,,,56
2026/7/12,02:15,430,,,,54
2026/7/12,02:30,430,,,,54
2026/7/12,02:45,430,,,,46
2026/7/12,03:00,430,,,,34
2026/7/12,03:15,430,,,,32
2026/7/12,03:30,430,,,,32
2026/7/12,03:45,430,,,,34
2026/7/12,04:00,430,,,,32
2026/7/12,04:15,430,,,,30
2026/7/12,04:30,430,,,,32
2026/7/12,04:45,430,,,,30
2026/7/12,05:00,430,,,,30
2026/7/12,05:15,430,,,,32
2026/7/12,05:30,430,,,,29
2026/7/12,05:45,430,,,,30
2026/7/12,06:00,430,,,,29
2026/7/12,06:15,430,,,,31
2026/7/12,06:30,430,,,,31
2026/7/12,06:45,430,,,,29
2026/7/12,07:00,430,,,,29
2026/7/12,07:15,430,,,,30
2026/7/12,07:30,430,,,,30
2026/7/12,07:45,430,,,,32
2026/7/12,08:00,430,,,,34
2026/7/12,08:15,430,,,,36
2026/7/12,08:30,430,,,,58
2026/7/12,08:45,430,,,,74
2026/7/12,09:00,430,,,,79
2026/7/12,09:15,430,,,,77
2026/7/12,09:30,430,,,,82
2026/7/12,09:45,430,,,,82
2026/7/12,10:00,430,,,,84
2026/7/12,10:15,430,,,,75
2026/7/12,10:30,430,,,,82
2026/7/12,10:45,430,,,,93
2026/7/12,11:00,430,,,,137
2026/7/12,11:15,430,,,,213
2026/7/12,11:30,430,,,,267
2026/7/12,11:45,430,,,,309
2026/7/12,12:00,430,,,,279
2026/7/12,12:15,430,,,,277
2026/7/12,12:30,430,,,,280
2026/7/12,12:45,430,,,,263
2026/7/12,13:00,430,,,,250
2026/7/12,13:15,430,,,,260
2026/7/12,13:30,430,,,,266
2026/7/12,13:45,430,,,,285
2026/7/12,14:00,430,,,,278
2026/7/12,14:15,430,,,,284
2026/7/12,14:30,430,,,,280
2026/7/12,14:45,430,,,,263
2026/7/12,15:00,430,,,,249
2026/7/12,15:15,430,,,,224
2026/7/12,15:30,430,,,,196
2026/7/12,15:45,430,,,,193
2026/7/12,16:00,430,,,,217
2026/7/12,16:15,430,,,,244
2026/7/12,16:30,430,,,,235
2026/7/12,16:45,430,,,,187
2026/7/12,17:00,430,,,,122
2026/7/12,17:15,430,,,,76
2026/7/12,17:30,430,,,,53
2026/7/12,17:45,430,,,,46
2026/7/12,18:00,430,,,,46
2026/7/12,18:15,430,,,,51
2026/7/12,18:30,430,,,,50
2026/7/12,18:45,430,,,,53
2026/7/12,19:00,430,,,,51
2026/7/12,19:15,430,,,,53
2026/7/12,19:30,430,,,,53
2026/7/12,19:45,430,,,,53
2026/7/12,20:00,430,,,,53
2026/7/12,20:15,430,,,,53
2026/7/12,20:30,430,,,,53
2026/7/12,20:45,430,,,,51
2026/7/12,21:00,430,,,,50
2026/7/12,21:15,430,,,,27
2026/7/12,21:30,430,,,,29
2026/7/12,21:45,430,,,,45
2026/7/12,22:00,430,,,,37
2026/7/12,22:15,430,,,,30
2026/7/12,22:30,430,,,,22
2026/7/12,22:45,430,,,,24
2026/7/12,23:00,430,,,,26
2026/7/12,23:15,430,,,,24
2026/7/12,23:30,430,,,,22
2026/7/12,23:45,430,,,,24
2026/7/13,00:00,430,,,,21
2026/7/13,00:15,430,,,,26
2026/7/13,00:30,430,,,,22
2026/7/13,00:45,430,,,,22
2026/7/13,01:00,430,,,,26
2026/7/13,01:15,430,,,,26
2026/7/13,01:30,430,,,,24
2026/7/13,01:45,430,,,,22
2026/7/13,02:00,430,,,,22
2026/7/13,02:15,430,,,,22
2026/7/13,02:30,430,,,,24
2026/7/13,02:45,430,,,,26
2026/7/13,03:00,430,,,,24
2026/7/13,03:15,430,,,,27
2026/7/13,03:30,430,,,,29
2026/7/13,03:45,430,,,,29
2026/7/13,04:00,430,,,,30
2026/7/13,04:15,430,,,,29
2026/7/13,04:30,430,,,,29
2026/7/13,04:45,430,,,,26
2026/7/13,05:00,430,,,,26
2026/7/13,05:15,430,,,,34
2026/7/13,05:30,430,,,,31
2026/7/13,05:45,430,,,,30
2026/7/13,06:00,430,,,,30
2026/7/13,06:15,430,,,,50
2026/7/13,06:30,430,,,,52
2026/7/13,06:45,430,,,,53
2026/7/13,07:00,430,,,,52
2026/7/13,07:15,430,,,,42
2026/7/13,07:30,430,,,,32
2026/7/13,07:45,430,,,,36
2026/7/13,08:00,430,,,,42
2026/7/13,08:15,430,,,,54
2026/7/13,08:30,430,,,,123
2026/7/13,08:45,430,,,,164
2026/7/13,09:00,430,,,,159
2026/7/13,09:15,430,,242,,
2026/7/13,09:30,430,,307,,
2026/7/13,09:45,430,,352,,
2026/7/13,10:00,430,,375,,
2026/7/13,10:15,430,,367,,
2026/7/13,10:30,430,,342,,
2026/7/13,10:45,430,,352,,
2026/7/13,11:00,430,,378,,
2026/7/13,11:15,430,,385,,
2026/7/13,11:30,430,,367,,
2026/7/13,11:45,430,,352,,
2026/7/13,12:00,430,,341,,
2026/7/13,12:15,430,,278,,
2026/7/13,12:30,430,,269,,
2026/7/13,12:45,430,,244,,
2026/7/13,13:00,430,,260,,
2026/7/13,13:15,430,,293,,
2026/7/13,13:30,430,,322,,
2026/7/13,13:45,430,,361,,
2026/7/13,14:00,430,,366,,
2026/7/13,14:15,430,,366,,
2026/7/13,14:30,430,,343,,
2026/7/13,14:45,430,,361,,
2026/7/13,15:00,430,,377,,
2026/7/13,15:15,430,,373,,
2026/7/13,15:30,430,,344,,
2026/7/13,15:45,430,,327,,
2026/7/13,16:00,430,,323,,
2026/7/13,16:15,430,332,,,
2026/7/13,16:30,430,328,,,
2026/7/13,16:45,430,326,,,
2026/7/13,17:00,430,331,,,
2026/7/13,17:15,430,313,,,
2026/7/13,17:30,430,267,,,
2026/7/13,17:45,430,281,,,
2026/7/13,18:00,430,321,,,
2026/7/13,18:15,430,338,,,
2026/7/13,18:30,430,322,,,
2026/7/13,18:45,430,346,,,
2026/7/13,19:00,430,352,,,
2026/7/13,19:15,430,339,,,
2026/7/13,19:30,430,331,,,
2026/7/13,19:45,430,315,,,
2026/7/13,20:00,430,310,,,
2026/7/13,20:15,430,290,,,
2026/7/13,20:30,430,274,,,
2026/7/13,20:45,430,269,,,
2026/7/13,21:00,430,256,,,
2026/7/13,21:15,430,238,,,
2026/7/13,21:30,430,226,,,
2026/7/13,21:45,430,242,,,
2026/7/13,22:00,430,299,,,
2026/7/13,22:15,430,,302,,
2026/7/13,22:30,430,,290,,
2026/7/13,22:45,430,,272,,
2026/7/13,23:00,430,,253,,
2026/7/13,23:15,430,,232,,
2026/7/13,23:30,430,,216,,
2026/7/13,23:45,430,,248,,
2026/7/14,00:00,430,,283,,
2026/7/14,00:15,430,,,,235
2026/7/14,00:30,430,,,,171
2026/7/14,00:45,430,,,,144
2026/7/14,01:00,430,,,,96
2026/7/14,01:15,430,,,,72
2026/7/14,01:30,430,,,,74
2026/7/14,01:45,430,,,,74
2026/7/14,02:00,430,,,,72
2026/7/14,02:15,430,,,,69
2026/7/14,02:30,430,,,,70
2026/7/14,02:45,430,,,,74
2026/7/14,03:00,430,,,,69
2026/7/14,03:15,430,,,,59
2026/7/14,03:30,430,,,,59
2026/7/14,03:45,430,,,,58
2026/7/14,04:00,430,,,,30
2026/7/14,04:15,430,,,,30
2026/7/14,04:30,430,,,,29
2026/7/14,04:45,430,,,,30
2026/7/14,05:00,430,,,,32
2026/7/14,05:15,430,,,,32
2026/7/14,05:30,430,,,,32
2026/7/14,05:45,430,,,,34
2026/7/14,06:00,430,,,,30
2026/7/14,06:15,430,,,,34
2026/7/14,06:30,430,,,,32
2026/7/14,06:45,430,,,,31
2026/7/14,07:00,430,,,,31
2026/7/14,07:15,430,,,,43
2026/7/14,07:30,430,,,,50
2026/7/14,07:45,430,,,,48
2026/7/14,08:00,430,,,,43
2026/7/14,08:15,430,,,,83
2026/7/14,08:30,430,,,,123
2026/7/14,08:45,430,,,,134
2026/7/14,09:00,430,,,,138
2026/7/14,09:15,430,,207,,
2026/7/14,09:30,430,,319,,
2026/7/14,09:45,430,,385,,
2026/7/14,10:00,430,,390,,
2026/7/14,10:15,430,,367,,
2026/7/14,10:30,430,,381,,
2026/7/14,10:45,430,,385,,
2026/7/14,11:00,430,,373,,
2026/7/14,11:15,430,,365,,
2026/7/14,11:30,430,,365,,
2026/7/14,11:45,430,,356,,
2026/7/14,12:00,430,,344,,
2026/7/14,12:15,430,,299,,
2026/7/14,12:30,430,,292,,
2026/7/14,12:45,430,,274,,
2026/7/14,13:00,430,,275,,
2026/7/14,13:15,430,,326,,
2026/7/14,13:30,430,,363,,
2026/7/14,13:45,430,,380,,
2026/7/14,14:00,430,,370,,
2026/7/14,14:15,430,,371,,
2026/7/14,14:30,430,,384,,
2026/7/14,14:45,430,,376,,
2026/7/14,15:00,430,,366,,
2026/7/14,15:15,430,,370,,
2026/7/14,15:30,430,,395,,
2026/7/14,15:45,430,,376,,
2026/7/14,16:00,430,,378,,
2026/7/14,16:15,430,360,,,
2026/7/14,16:30,430,346,,,
2026/7/14,16:45,430,361,,,
2026/7/14,17:00,430,360,,,
2026/7/14,17:15,430,324,,,
2026/7/14,17:30,430,282,,,
2026/7/14,17:45,430,271,,,
2026/7/14,18:00,430,311,,,
2026/7/14,18:15,430,351,,,
2026/7/14,18:30,430,357,,,
2026/7/14,18:45,430,342,,,
2026/7/14,19:00,430,338,,,
2026/7/14,19:15,430,342,,,
2026/7/14,19:30,430,346,,,
2026/7/14,19:45,430,338,,,
2026/7/14,20:00,430,309,,,
2026/7/14,20:15,430,325,,,
2026/7/14,20:30,430,315,,,
2026/7/14,20:45,430,294,,,
2026/7/14,21:00,430,269,,,
2026/7/14,21:15,430,318,,,
2026/7/14,21:30,430,314,,,
2026/7/14,21:45,430,299,,,
2026/7/14,22:00,430,294,,,
2026/7/14,22:15,430,,304,,
2026/7/14,22:30,430,,299,,
2026/7/14,22:45,430,,272,,
2026/7/14,23:00,430,,230,,
2026/7/14,23:15,430,,192,,
2026/7/14,23:30,430,,218,,
2026/7/14,23:45,430,,270,,
2026/7/15,00:00,430,,293,,
2026/7/15,00:15,430,,,,242
2026/7/15,00:30,430,,,,187
2026/7/15,00:45,430,,,,170
2026/7/15,01:00,430,,,,149
2026/7/15,01:15,430,,,,142
2026/7/15,01:30,430,,,,77
2026/7/15,01:45,430,,,,69
2026/7/15,02:00,430,,,,69
2026/7/15,02:15,430,,,,67
2026/7/15,02:30,430,,,,67
2026/7/15,02:45,430,,,,69
2026/7/15,03:00,430,,,,69
2026/7/15,03:15,430,,,,67
2026/7/15,03:30,430,,,,61
2026/7/15,03:45,430,,,,56
2026/7/15,04:00,430,,,,53
2026/7/15,04:15,430,,,,32
2026/7/15,04:30,430,,,,30
2026/7/15,04:45,430,,,,30
2026/7/15,05:00,430,,,,32
2026/7/15,05:15,430,,,,32
2026/7/15,05:30,430,,,,36
2026/7/15,05:45,430,,,,37
2026/7/15,06:00,430,,,,36
2026/7/15,06:15,430,,,,36
2026/7/15,06:30,430,,,,35
2026/7/15,06:45,430,,,,32
2026/7/15,07:00,430,,,,32
2026/7/15,07:15,430,,,,33
2026/7/15,07:30,430,,,,36
2026/7/15,07:45,430,,,,37
2026/7/15,08:00,430,,,,44
2026/7/15,08:15,430,,,,49
2026/7/15,08:30,430,,,,109
2026/7/15,08:45,430,,,,119
2026/7/15,09:00,430,,,,135
2026/7/15,09:15,430,,246,,
2026/7/15,09:30,430,,319,,
2026/7/15,09:45,430,,329,,
2026/7/15,10:00,430,,355,,
2026/7/15,10:15,430,,368,,
2026/7/15,10:30,430,,380,,
2026/7/15,10:45,430,,366,,
2026/7/15,11:00,430,,361,,
2026/7/15,11:15,430,,375,,
2026/7/15,11:30,430,,369,,
2026/7/15,11:45,430,,369,,
2026/7/15,12:00,430,,332,,
2026/7/15,12:15,430,,271,,
2026/7/15,12:30,430,,274,,
2026/7/15,12:45,430,,276,,
2026/7/15,13:00,430,,275,,
2026/7/15,13:15,430,,315,,
2026/7/15,13:30,430,,332,,
2026/7/15,13:45,430,,347,,
2026/7/15,14:00,430,,366,,
2026/7/15,14:15,430,,366,,
2026/7/15,14:30,430,,359,,
2026/7/15,14:45,430,,366,,
2026/7/15,15:00,430,,360,,
2026/7/15,15:15,430,,369,,
2026/7/15,15:30,430,,377,,
2026/7/15,15:45,430,,361,,
2026/7/15,16:00,430,,354,,
2026/7/15,16:15,430,367,,,
2026/7/15,16:30,430,345,,,
2026/7/15,16:45,430,348,,,
2026/7/15,17:00,430,332,,,
2026/7/15,17:15,430,320,,,
2026/7/15,17:30,430,294,,,
2026/7/15,17:45,430,280,,,
2026/7/15,18:00,430,321,,,
2026/7/15,18:15,430,352,,,
2026/7/15,18:30,430,353,,,
2026/7/15,18:45,430,350,,,
2026/7/15,19:00,430,343,,,
2026/7/15,19:15,430,334,,,
2026/7/15,19:30,430,334,,,
2026/7/15,19:45,430,314,,,
2026/7/15,20:00,430,317,,,
2026/7/15,20:15,430,328,,,
2026/7/15,20:30,430,314,,,
2026/7/15,20:45,430,294,,,
2026/7/15,21:00,430,299,,,
2026/7/15,21:15,430,288,,,
2026/7/15,21:30,430,266,,,
2026/7/15,21:45,430,270,,,
2026/7/15,22:00,430,288,,,
2026/7/15,22:15,430,,291,,
2026/7/15,22:30,430,,290,,
2026/7/15,22:45,430,,290,,
2026/7/15,23:00,430,,286,,
2026/7/15,23:15,430,,286,,
2026/7/15,23:30,430,,278,,
2026/7/15,23:45,430,,283,,
2026/7/16,00:00,430,,299,,
2026/7/16,00:15,430,,,,269
2026/7/16,00:30,430,,,,197
2026/7/16,00:45,430,,,,139
2026/7/16,01:00,430,,,,136
2026/7/16,01:15,430,,,,96
2026/7/16,01:30,430,,,,82
2026/7/16,01:45,430,,,,80
2026/7/16,02:00,430,,,,75
2026/7/16,02:15,430,,,,74
2026/7/16,02:30,430,,,,74
2026/7/16,02:45,430,,,,74
2026/7/16,03:00,430,,,,78
2026/7/16,03:15,430,,,,74
2026/7/16,03:30,430,,,,70
2026/7/16,03:45,430,,,,50
2026/7/16,04:00,430,,,,42
2026/7/16,04:15,430,,,,38
2026/7/16,04:30,430,,,,32
2026/7/16,04:45,430,,,,30
2026/7/16,05:00,430,,,,30
2026/7/16,05:15,430,,,,32
2026/7/16,05:30,430,,,,32
2026/7/16,05:45,430,,,,29
2026/7/16,06:00,430,,,,30
2026/7/16,06:15,430,,,,32
2026/7/16,06:30,430,,,,34
2026/7/16,06:45,430,,,,34
2026/7/16,07:00,430,,,,35
2026/7/16,07:15,430,,,,34
2026/7/16,07:30,430,,,,35
2026/7/16,07:45,430,,,,59
2026/7/16,08:00,430,,,,55
2026/7/16,08:15,430,,,,55
2026/7/16,08:30,430,,,,120
2026/7/16,08:45,430,,,,135
2026/7/16,09:00,430,,,,151
2026/7/16,09:15,430,,238,,
2026/7/16,09:30,430,,322,,
2026/7/16,09:45,430,,375,,
2026/7/16,10:00,430,,384,,
2026/7/16,10:15,430,,367,,
2026/7/16,10:30,430,,386,,
2026/7/16,10:45,430,,394,,
2026/7/16,11:00,430,,380,,
2026/7/16,11:15,430,,372,,
2026/7/16,11:30,430,,363,,
2026/7/16,11:45,430,,382,,
2026/7/16,12:00,430,,350,,
2026/7/16,12:15,430,,304,,
2026/7/16,12:30,430,,297,,
2026/7/16,12:45,430,,303,,
2026/7/16,13:00,430,,294,,
2026/7/16,13:15,430,,349,,
2026/7/16,13:30,430,,373,,
2026/7/16,13:45,430,,406,,
2026/7/16,14:00,430,,378,,
2026/7/16,14:15,430,,390,,
2026/7/16,14:30,430,,394,,
2026/7/16,14:45,430,,388,,
2026/7/16,15:00,430,,378,,
2026/7/16,15:15,430,,370,,
2026/7/16,15:30,430,,389,,
2026/7/16,15:45,430,,389,,
2026/7/16,16:00,430,,402,,
2026/7/16,16:15,430,354,,,
2026/7/16,16:30,430,359,,,
2026/7/16,16:45,430,366,,,
2026/7/16,17:00,430,357,,,
2026/7/16,17:15,430,311,,,
2026/7/16,17:30,430,295,,,
2026/7/16,17:45,430,322,,,
2026/7/16,18:00,430,334,,,
2026/7/16,18:15,430,346,,,
2026/7/16,18:30,430,327,,,
2026/7/16,18:45,430,351,,,
2026/7/16,19:00,430,354,,,
2026/7/16,19:15,430,347,,,
2026/7/16,19:30,430,326,,,
2026/7/16,19:45,430,312,,,
2026/7/16,20:00,430,318,,,
2026/7/16,20:15,430,315,,,
2026/7/16,20:30,430,286,,,
2026/7/16,20:45,430,285,,,
2026/7/16,21:00,430,294,,,
2026/7/16,21:15,430,304,,,
2026/7/16,21:30,430,301,,,
2026/7/16,21:45,430,304,,,
2026/7/16,22:00,430,299,,,
2026/7/16,22:15,430,,301,,
2026/7/16,22:30,430,,290,,
2026/7/16,22:45,430,,262,,
2026/7/16,23:00,430,,222,,
2026/7/16,23:15,430,,214,,
2026/7/16,23:30,430,,226,,
2026/7/16,23:45,430,,280,,
2026/7/17,00:00,430,,298,,
2026/7/17,00:15,430,,,,242
2026/7/17,00:30,430,,,,182
2026/7/17,00:45,430,,,,131
2026/7/17,01:00,430,,,,80
2026/7/17,01:15,430,,,,74
2026/7/17,01:30,430,,,,77
2026/7/17,01:45,430,,,,74
2026/7/17,02:00,430,,,,72
2026/7/17,02:15,430,,,,74
2026/7/17,02:30,430,,,,77
2026/7/17,02:45,430,,,,72
2026/7/17,03:00,430,,,,72
2026/7/17,03:15,430,,,,70
2026/7/17,03:30,430,,,,72
2026/7/17,03:45,430,,,,72
2026/7/17,04:00,430,,,,58
2026/7/17,04:15,430,,,,34
2026/7/17,04:30,430,,,,32
2026/7/17,04:45,430,,,,30
2026/7/17,05:00,430,,,,30
2026/7/17,05:15,430,,,,34
2026/7/17,05:30,430,,,,34
2026/7/17,05:45,430,,,,35
2026/7/17,06:00,430,,,,34
2026/7/17,06:15,430,,,,55
2026/7/17,06:30,430,,,,48
2026/7/17,06:45,430,,,,41
2026/7/17,07:00,430,,,,34
2026/7/17,07:15,430,,,,33
2026/7/17,07:30,430,,,,33
2026/7/17,07:45,430,,,,41
2026/7/17,08:00,430,,,,47
2026/7/17,08:15,430,,,,52
2026/7/17,08:30,430,,,,95
2026/7/17,08:45,430,,,,125
2026/7/17,09:00,430,,,,152
2026/7/17,09:15,430,,244,,
2026/7/17,09:30,430,,329,,
2026/7/17,09:45,430,,390,,
2026/7/17,10:00,430,,393,,
2026/7/17,10:15,430,,369,,
2026/7/17,10:30,430,,363,,
2026/7/17,10:45,430,,382,,
2026/7/17,11:00,430,,372,,
2026/7/17,11:15,430,,374,,
2026/7/17,11:30,430,,386,,
2026/7/17,11:45,430,,370,,
2026/7/17,12:00,430,,344,,
2026/7/17,12:15,430,,302,,
2026/7/17,12:30,430,,309,,
2026/7/17,12:45,430,,287,,
2026/7/17,13:00,430,,289,,
2026/7/17,13:15,430,,337,,
2026/7/17,13:30,430,,374,,
2026/7/17,13:45,430,,384,,
2026/7/17,14:00,430,,375,,
2026/7/17,14:15,430,,349,,
2026/7/17,14:30,430,,376,,
2026/7/17,14:45,430,,371,,
2026/7/17,15:00,430,,381,,
2026/7/17,15:15,430,,387,,
2026/7/17,15:30,430,,395,,
2026/7/17,15:45,430,,383,,
2026/7/17,16:00,430,,377,,
2026/7/17,16:15,430,381,,,
2026/7/17,16:30,430,375,,,
2026/7/17,16:45,430,372,,,
2026/7/17,17:00,430,376,,,
2026/7/17,17:15,430,306,,,
2026/7/17,17:30,430,277,,,
2026/7/17,17:45,430,282,,,
2026/7/17,18:00,430,317,,,
2026/7/17,18:15,430,353,,,
2026/7/17,18:30,430,359,,,
2026/7/17,18:45,430,335,,,
2026/7/17,19:00,430,330,,,
2026/7/17,19:15,430,331,,,
2026/7/17,19:30,430,339,,,
2026/7/17,19:45,430,330,,,
2026/7/17,20:00,430,325,,,
2026/7/17,20:15,430,328,,,
2026/7/17,20:30,430,317,,,
2026/7/17,20:45,430,307,,,
2026/7/17,21:00,430,312,,,
2026/7/17,21:15,430,310,,,
2026/7/17,21:30,430,302,,,
2026/7/17,21:45,430,291,,,
2026/7/17,22:00,430,306,,,
2026/7/17,22:15,430,,310,,
2026/7/17,22:30,430,,294,,
2026/7/17,22:45,430,,258,,
2026/7/17,23:00,430,,245,,
2026/7/17,23:15,430,,242,,
2026/7/17,23:30,430,,267,,
2026/7/17,23:45,430,,291,,
2026/7/18,00:00,430,,299,,
2026/7/18,00:15,430,,,,275
2026/7/18,00:30,430,,,,205
2026/7/18,00:45,430,,,,136
2026/7/18,01:00,430,,,,82
2026/7/18,01:15,430,,,,80
2026/7/18,01:30,430,,,,78
2026/7/18,01:45,430,,,,80
2026/7/18,02:00,430,,,,85
2026/7/18,02:15,430,,,,82
2026/7/18,02:30,430,,,,69
2026/7/18,02:45,430,,,,70
2026/7/18,03:00,430,,,,70
2026/7/18,03:15,430,,,,70
2026/7/18,03:30,430,,,,70
2026/7/18,03:45,430,,,,67
2026/7/18,04:00,430,,,,59
2026/7/18,04:15,430,,,,48
2026/7/18,04:30,430,,,,43
2026/7/18,04:45,430,,,,35
2026/7/18,05:00,430,,,,32
2026/7/18,05:15,430,,,,32
2026/7/18,05:30,430,,,,34
2026/7/18,05:45,430,,,,30
2026/7/18,06:00,430,,,,31
2026/7/18,06:15,430,,,,36
2026/7/18,06:30,430,,,,35
2026/7/18,06:45,430,,,,31
2026/7/18,07:00,430,,,,33
2026/7/18,07:15,430,,,,33
2026/7/18,07:30,430,,,,32
2026/7/18,07:45,430,,,,34
2026/7/18,08:00,430,,,,40
2026/7/18,08:15,430,,,,45
2026/7/18,08:30,430,,,,63
2026/7/18,08:45,430,,,,114
2026/7/18,09:00,430,,,124,
2026/7/18,09:15,430,,,215,
2026/7/18,09:30,430,,,303,
2026/7/18,09:45,430,,,343,
2026/7/18,10:00,430,,,344,
2026/7/18,10:15,430,,,329,
2026/7/18,10:30,430,,,334,
2026/7/18,10:45,430,,,348,
2026/7/18,11:00,430,,,346,
2026/7/18,11:15,430,,,335,
2026/7/18,11:30,430,,,336,
2026/7/18,11:45,430,,,344,
2026/7/18,12:00,430,,,335,
2026/7/18,12:15,430,,,258,
2026/7/18,12:30,430,,,253,
2026/7/18,12:45,430,,,260,
2026/7/18,13:00,430,,,246,
2026/7/18,13:15,430,,,311,
2026/7/18,13:30,430,,,331,
2026/7/18,13:45,430,,,355,
2026/7/18,14:00,430,,,334,
2026/7/18,14:15,430,,,331,
2026/7/18,14:30,430,,,351,
2026/7/18,14:45,430,,,343,
2026/7/18,15:00,430,,,351,
2026/7/18,15:15,430,,,337,
2026/7/18,15:30,430,,,353,
2026/7/18,15:45,430,,,349,
2026/7/18,16:00,430,,,343,
2026/7/18,16:15,430,,,331,
2026/7/18,16:30,430,,,324,
2026/7/18,16:45,430,,,336,
2026/7/18,17:00,430,,,326,
2026/7/18,17:15,430,,,293,
2026/7/18,17:30,430,,,267,
2026/7/18,17:45,430,,,249,
2026/7/18,18:00,430,,,281,
2026/7/18,18:15,430,,,323,
2026/7/18,18:30,430,,,331,
2026/7/18,18:45,430,,,326,
2026/7/18,19:00,430,,,296,
2026/7/18,19:15,430,,,262,
2026/7/18,19:30,430,,,291,
2026/7/18,19:45,430,,,322,
2026/7/18,20:00,430,,,317,
2026/7/18,20:15,430,,,307,
2026/7/18,20:30,430,,,294,
2026/7/18,20:45,430,,,298,
2026/7/18,21:00,430,,,277,
2026/7/18,21:15,430,,,232,
2026/7/18,21:30,430,,,242,
2026/7/18,21:45,430,,,288,
2026/7/18,22:00,430,,,270,
2026/7/18,22:15,430,,,254,
2026/7/18,22:30,430,,,290,
2026/7/18,22:45,430,,,307,
2026/7/18,23:00,430,,,283,
2026/7/18,23:15,430,,,234,
2026/7/18,23:30,430,,,216,
2026/7/18,23:45,430,,,262,
2026/7/19,00:00,430,,,278,
2026/7/19,00:15,430,,,,224
2026/7/19,00:30,430,,,,158
2026/7/19,00:45,430,,,,136
2026/7/19,01:00,430,,,,128
2026/7/19,01:15,430,,,,130
2026/7/19,01:30,430,,,,109
2026/7/19,01:45,430,,,,75
2026/7/19,02:00,430,,,,72
2026/7/19,02:15,430,,,,75
2026/7/19,02:30,430,,,,74
2026/7/19,02:45,430,,,,74
2026/7/19,03:00,430,,,,69
2026/7/19,03:15,430,,,,61
2026/7/19,03:30,430,,,,59
2026/7/19,03:45,430,,,,56
2026/7/19,04:00,430,,,,46
2026/7/19,04:15,430,,,,32
2026/7/19,04:30,430,,,,32
2026/7/19,04:45,430,,,,30
2026/7/19,05:00,430,,,,32
2026/7/19,05:15,430,,,,30
2026/7/19,05:30,430,,,,31
2026/7/19,05:45,430,,,,28
2026/7/19,06:00,430,,,,30
2026/7/19,06:15,430,,,,28
2026/7/19,06:30,430,,,,29
2026/7/19,06:45,430,,,,30
2026/7/19,07:00,430,,,,32
2026/7/19,07:15,430,,,,29
2026/7/19,07:30,430,,,,30
2026/7/19,07:45,430,,,,29
2026/7/19,08:00,430,,,,33
2026/7/19,08:15,430,,,,59
2026/7/19,08:30,430,,,,81
2026/7/19,08:45,430,,,,78
2026/7/19,09:00,430,,,,70
2026/7/19,09:15,430,,,,80
2026/7/19,09:30,430,,,,77
2026/7/19,09:45,430,,,,77
2026/7/19,10:00,430,,,,81
2026/7/19,10:15,430,,,,82
2026/7/19,10:30,430,,,,80
2026/7/19,10:45,430,,,,110
2026/7/19,11:00,430,,,,142
2026/7/19,11:15,430,,,,171
2026/7/19,11:30,430,,,,216
2026/7/19,11:45,430,,,,284
2026/7/19,12:00,430,,,,277
2026/7/19,12:15,430,,,,248
2026/7/19,12:30,430,,,,232
2026/7/19,12:45,430,,,,234
2026/7/19,13:00,430,,,,262
2026/7/19,13:15,430,,,,297
2026/7/19,13:30,430,,,,285
2026/7/19,13:45,430,,,,263
2026/7/19,14:00,430,,,,238
2026/7/19,14:15,430,,,,247
2026/7/19,14:30,430,,,,266
2026/7/19,14:45,430,,,,277
2026/7/19,15:00,430,,,,282
2026/7/19,15:15,430,,,,286
2026/7/19,15:30,430,,,,278
2026/7/19,15:45,430,,,,274
2026/7/19,16:00,430,,,,284
2026/7/19,16:15,430,,,,278
2026/7/19,16:30,430,,,,276
2026/7/19,16:45,430,,,,238
2026/7/19,17:00,430,,,,169
2026/7/19,17:15,430,,,,109
2026/7/19,17:30,430,,,,75
2026/7/19,17:45,430,,,,73
2026/7/19,18:00,430,,,,71
2026/7/19,18:15,430,,,,63
2026/7/19,18:30,430,,,,52
2026/7/19,18:45,430,,,,50
2026/7/19,19:00,430,,,,48
2026/7/19,19:15,430,,,,48
2026/7/19,19:30,430,,,,50
2026/7/19,19:45,430,,,,50
2026/7/19,20:00,430,,,,48
2026/7/19,20:15,430,,,,51
2026/7/19,20:30,430,,,,50
2026/7/19,20:45,430,,,,50
2026/7/19,21:00,430,,,,48
2026/7/19,21:15,430,,,,37
2026/7/19,21:30,430,,,,26
2026/7/19,21:45,430,,,,24
2026/7/19,22:00,430,,,,26
2026/7/19,22:15,430,,,,26
2026/7/19,22:30,430,,,,24
2026/7/19,22:45,430,,,,24
2026/7/19,23:00,430,,,,22
2026/7/19,23:15,430,,,,22
2026/7/19,23:30,430,,,,24
2026/7/19,23:45,430,,,,24
2026/7/20,00:00,430,,,,22
2026/7/20,00:15,430,,,,24
2026/7/20,00:30,430,,,,24
2026/7/20,00:45,430,,,,24
2026/7/20,01:00,430,,,,24
2026/7/20,01:15,430,,,,22
2026/7/20,01:30,430,,,,24
2026/7/20,01:45,430,,,,24
2026/7/20,02:00,430,,,,22
2026/7/20,02:15,430,,,,24
2026/7/20,02:30,430,,,,22
2026/7/20,02:45,430,,,,24
2026/7/20,03:00,430,,,,26
2026/7/20,03:15,430,,,,27
2026/7/20,03:30,430,,,,27
2026/7/20,03:45,430,,,,30
2026/7/20,04:00,430,,,,27
2026/7/20,04:15,430,,,,29
2026/7/20,04:30,430,,,,29
2026/7/20,04:45,430,,,,29
2026/7/20,05:00,430,,,,27
2026/7/20,05:15,430,,,,30
2026/7/20,05:30,430,,,,32
2026/7/20,05:45,430,,,,30
2026/7/20,06:00,430,,,,30
2026/7/20,06:15,430,,,,50
2026/7/20,06:30,430,,,,49
2026/7/20,06:45,430,,,,50
2026/7/20,07:00,430,,,,71
2026/7/20,07:15,430,,,,68
2026/7/20,07:30,430,,,,66
2026/7/20,07:45,430,,,,58
2026/7/20,08:00,430,,,,47
2026/7/20,08:15,430,,,,74
2026/7/20,08:30,430,,,,96
2026/7/20,08:45,430,,,,156
2026/7/20,09:00,430,,,,154
2026/7/20,09:15,430,,227,,
2026/7/20,09:30,430,,285,,
2026/7/20,09:45,430,,316,,
2026/7/20,10:00,430,,317,,
2026/7/20,10:15,430,,300,,
2026/7/20,10:30,430,,328,,
2026/7/20,10:45,430,,365,,
2026/7/20,11:00,430,,377,,
2026/7/20,11:15,430,,362,,
2026/7/20,11:30,430,,353,,
2026/7/20,11:45,430,,366,,
2026/7/20,12:00,430,,348,,
2026/7/20,12:15,430,,302,,
2026/7/20,12:30,430,,291,,
2026/7/20,12:45,430,,287,,
2026/7/20,13:00,430,,281,,
2026/7/20,13:15,430,,318,,
2026/7/20,13:30,430,,341,,
2026/7/20,13:45,430,,369,,
2026/7/20,14:00,430,,362,,
2026/7/20,14:15,430,,355,,
2026/7/20,14:30,430,,379,,
2026/7/20,14:45,430,,374,,
2026/7/20,15:00,430,,339,,
2026/7/20,15:15,430,,322,,
2026/7/20,15:30,430,,343,,
2026/7/20,15:45,430,,328,,
2026/7/20,16:00,430,,324,,
2026/7/20,16:15,430,338,,,
2026/7/20,16:30,430,328,,,
2026/7/20,16:45,430,321,,,
2026/7/20,17:00,430,332,,,
2026/7/20,17:15,430,300,,,
2026/7/20,17:30,430,229,,,
2026/7/20,17:45,430,248,,,
2026/7/20,18:00,430,307,,,
2026/7/20,18:15,430,340,,,
2026/7/20,18:30,430,332,,,
2026/7/20,18:45,430,327,,,
2026/7/20,19:00,430,317,,,
2026/7/20,19:15,430,339,,,
2026/7/20,19:30,430,325,,,
2026/7/20,19:45,430,317,,,
2026/7/20,20:00,430,310,,,
2026/7/20,20:15,430,301,,,
2026/7/20,20:30,430,318,,,
2026/7/20,20:45,430,310,,,
2026/7/20,21:00,430,296,,,
2026/7/20,21:15,430,290,,,
2026/7/20,21:30,430,309,,,
2026/7/20,21:45,430,307,,,
2026/7/20,22:00,430,294,,,
2026/7/20,22:15,430,,290,,
2026/7/20,22:30,430,,274,,
2026/7/20,22:45,430,,230,,
2026/7/20,23:00,430,,205,,
2026/7/20,23:15,430,,174,,
2026/7/20,23:30,430,,200,,
2026/7/20,23:45,430,,238,,
2026/7/21,00:00,430,,254,,
2026/7/21,00:15,430,,,,224
2026/7/21,00:30,430,,,,194
2026/7/21,00:45,430,,,,142
2026/7/21,01:00,430,,,,91
2026/7/21,01:15,430,,,,78
2026/7/21,01:30,430,,,,75
2026/7/21,01:45,430,,,,74
2026/7/21,02:00,430,,,,70
2026/7/21,02:15,430,,,,70
2026/7/21,02:30,430,,,,70
2026/7/21,02:45,430,,,,69
2026/7/21,03:00,430,,,,70
2026/7/21,03:15,430,,,,66
2026/7/21,03:30,430,,,,56
2026/7/21,03:45,430,,,,58
2026/7/21,04:00,430,,,,50
2026/7/21,04:15,430,,,,34
2026/7/21,04:30,430,,,,34
2026/7/21,04:45,430,,,,34
2026/7/21,05:00,430,,,,35
2026/7/21,05:15,430,,,,32
2026/7/21,05:30,430,,,,32
2026/7/21,05:45,430,,,,33
2026/7/21,06:00,430,,,,31
2026/7/21,06:15,430,,,,34
2026/7/21,06:30,430,,,,35
2026/7/21,06:45,430,,,,35
2026/7/21,07:00,430,,,,35
2026/7/21,07:15,430,,,,35
2026/7/21,07:30,430,,,,36
2026/7/21,07:45,430,,,,40
2026/7/21,08:00,430,,,,45
2026/7/21,08:15,430,,,,50
2026/7/21,08:30,430,,,,96
2026/7/21,08:45,430,,,,134
2026/7/21,09:00,430,,,,150
2026/7/21,09:15,430,,264,,
2026/7/21,09:30,430,,313,,
2026/7/21,09:45,430,,358,,
2026/7/21,10:00,430,,387,,
2026/7/21,10:15,430,,383,,
2026/7/21,10:30,430,,384,,
2026/7/21,10:45,430,,376,,
2026/7/21,11:00,430,,389,,
2026/7/21,11:15,430,,366,,
2026/7/21,11:30,430,,359,,
2026/7/21,11:45,430,,361,,
2026/7/21,12:00,430,,368,,
2026/7/21,12:15,430,,304,,
2026/7/21,12:30,430,,300,,
2026/7/21,12:45,430,,306,,
2026/7/21,13:00,430,,299,,
2026/7/21,13:15,430,,337,,
2026/7/21,13:30,430,,357,,
2026/7/21,13:45,430,,392,,
2026/7/21,14:00,430,,383,,
2026/7/21,14:15,430,,359,,
2026/7/21,14:30,430,,372,,
2026/7/21,14:45,430,,371,,
2026/7/21,15:00,430,,365,,
2026/7/21,15:15,430,,364,,
2026/7/21,15:30,430,,367,,
2026/7/21,15:45,430,,382,,
2026/7/21,16:00,430,,382,,
2026/7/21,16:15,430,356,,,
2026/7/21,16:30,430,353,,,
2026/7/21,16:45,430,357,,,
2026/7/21,17:00,430,365,,,
2026/7/21,17:15,430,321,,,
2026/7/21,17:30,430,278,,,
2026/7/21,17:45,430,307,,,
2026/7/21,18:00,430,339,,,
2026/7/21,18:15,430,348,,,
2026/7/21,18:30,430,337,,,
2026/7/21,18:45,430,344,,,
2026/7/21,19:00,430,328,,,
2026/7/21,19:15,430,326,,,
2026/7/21,19:30,430,334,,,
2026/7/21,19:45,430,328,,,
2026/7/21,20:00,430,322,,,
2026/7/21,20:15,430,293,,,
2026/7/21,20:30,430,299,,,
2026/7/21,20:45,430,301,,,
2026/7/21,21:00,430,293,,,
2026/7/21,21:15,430,283,,,
2026/7/21,21:30,430,293,,,
2026/7/21,21:45,430,309,,,
2026/7/21,22:00,430,302,,,
2026/7/21,22:15,430,,288,,
2026/7/21,22:30,430,,294,,
2026/7/21,22:45,430,,306,,
2026/7/21,23:00,430,,283,,
2026/7/21,23:15,430,,248,,
2026/7/21,23:30,430,,211,,
2026/7/21,23:45,430,,264,,
2026/7/22,00:00,430,,280,,
2026/7/22,00:15,430,,,,221
2026/7/22,00:30,430,,,,149
2026/7/22,00:45,430,,,,78
2026/7/22,01:00,430,,,,74
2026/7/22,01:15,430,,,,74
2026/7/22,01:30,430,,,,72
2026/7/22,01:45,430,,,,69
2026/7/22,02:00,430,,,,67
2026/7/22,02:15,430,,,,67
2026/7/22,02:30,430,,,,64
2026/7/22,02:45,430,,,,54
2026/7/22,03:00,430,,,,56
2026/7/22,03:15,430,,,,56
2026/7/22,03:30,430,,,,54
2026/7/22,03:45,430,,,,54
2026/7/22,04:00,430,,,,30
2026/7/22,04:15,430,,,,30
2026/7/22,04:30,430,,,,29
2026/7/22,04:45,430,,,,30
2026/7/22,05:00,430,,,,30
2026/7/22,05:15,430,,,,30
2026/7/22,05:30,430,,,,29
2026/7/22,05:45,430,,,,31
2026/7/22,06:00,430,,,,33
2026/7/22,06:15,430,,,,36
2026/7/22,06:30,430,,,,55
2026/7/22,06:45,430,,,,45
2026/7/22,07:00,430,,,,40
2026/7/22,07:15,430,,,,32
2026/7/22,07:30,430,,,,30
2026/7/22,07:45,430,,,,34
2026/7/22,08:00,430,,,,42
2026/7/22,08:15,430,,,,51
2026/7/22,08:30,430,,,,60
2026/7/22,08:45,430,,,,125
2026/7/22,09:00,430,,,,129
2026/7/22,09:15,430,,211,,
2026/7/22,09:30,430,,296,,
2026/7/22,09:45,430,,365,,
2026/7/22,10:00,430,,357,,
2026/7/22,10:15,430,,360,,
2026/7/22,10:30,430,,376,,
2026/7/22,10:45,430,,378,,
2026/7/22,11:00,430,,371,,
2026/7/22,11:15,430,,363,,
2026/7/22,11:30,430,,330,,
2026/7/22,11:45,430,,314,,
2026/7/22,12:00,430,,293,,
2026/7/22,12:15,430,,269,,
2026/7/22,12:30,430,,302,,
2026/7/22,12:45,430,,289,,
2026/7/22,13:00,430,,294,,
2026/7/22,13:15,430,,354,,
2026/7/22,13:30,430,,359,,
2026/7/22,13:45,430,,382,,
2026/7/22,14:00,430,,386,,
2026/7/22,14:15,430,,371,,
2026/7/22,14:30,430,,366,,
2026/7/22,14:45,430,,366,,
2026/7/22,15:00,430,,370,,
2026/7/22,15:15,430,,385,,
2026/7/22,15:30,430,,373,,
2026/7/22,15:45,430,,366,,
2026/7/22,16:00,430,,381,,
2026/7/22,16:15,430,368,,,
2026/7/22,16:30,430,346,,,
2026/7/22,16:45,430,357,,,
2026/7/22,17:00,430,350,,,
2026/7/22,17:15,430,323,,,
2026/7/22,17:30,430,259,,,
2026/7/22,17:45,430,281,,,
2026/7/22,18:00,430,318,,,
2026/7/22,18:15,430,339,,,
2026/7/22,18:30,430,338,,,
2026/7/22,18:45,430,344,,,
2026/7/22,19:00,430,351,,,
2026/7/22,19:15,430,328,,,
2026/7/22,19:30,430,323,,,
2026/7/22,19:45,430,309,,,
2026/7/22,20:00,430,336,,,
2026/7/22,20:15,430,315,,,
2026/7/22,20:30,430,309,,,
2026/7/22,20:45,430,310,,,
2026/7/22,21:00,430,330,,,
2026/7/22,21:15,430,320,,,
2026/7/22,21:30,430,296,,,
2026/7/22,21:45,430,294,,,
2026/7/22,22:00,430,299,,,
2026/7/22,22:15,430,,280,,
2026/7/22,22:30,430,,288,,
2026/7/22,22:45,430,,296,,
2026/7/22,23:00,430,,293,,
2026/7/22,23:15,430,,294,,
2026/7/22,23:30,430,,294,,
2026/7/22,23:45,430,,278,,
2026/7/23,00:00,430,,240,,
2026/7/23,00:15,430,,,,198
2026/7/23,00:30,430,,,,146
2026/7/23,00:45,430,,,,82
2026/7/23,01:00,430,,,,80
2026/7/23,01:15,430,,,,78
2026/7/23,01:30,430,,,,75
2026/7/23,01:45,430,,,,74
2026/7/23,02:00,430,,,,72
2026/7/23,02:15,430,,,,74
2026/7/23,02:30,430,,,,72
2026/7/23,02:45,430,,,,83
2026/7/23,03:00,430,,,,75
2026/7/23,03:15,430,,,,74
2026/7/23,03:30,430,,,,70
2026/7/23,03:45,430,,,,58
2026/7/23,04:00,430,,,,34
2026/7/23,04:15,430,,,,34
2026/7/23,04:30,430,,,,30
2026/7/23,04:45,430,,,,32
2026/7/23,05:00,430,,,,32
2026/7/23,05:15,430,,,,30
2026/7/23,05:30,430,,,,32
2026/7/23,05:45,430,,,,31
2026/7/23,06:00,430,,,,33
2026/7/23,06:15,430,,,,37
2026/7/23,06:30,430,,,,37
2026/7/23,06:45,430,,,,36
2026/7/23,07:00,430,,,,34
2026/7/23,07:15,430,,,,34
2026/7/23,07:30,430,,,,37
2026/7/23,07:45,430,,,,37
2026/7/23,08:00,430,,,,44
2026/7/23,08:15,430,,,,53
2026/7/23,08:30,430,,,,84
2026/7/23,08:45,430,,,,143
2026/7/23,09:00,430,,,,174
2026/7/23,09:15,430,,218,,
2026/7/23,09:30,430,,284,,
2026/7/23,09:45,430,,324,,
2026/7/23,10:00,430,,369,,
2026/7/23,10:15,430,,364,,
2026/7/23,10:30,430,,355,,
2026/7/23,10:45,430,,363,,
2026/7/23,11:00,430,,367,,
2026/7/23,11:15,430,,369,,
2026/7/23,11:30,430,,376,,
2026/7/23,11:45,430,,386,,
2026/7/23,12:00,430,,352,,
2026/7/23,12:15,430,,298,,
2026/7/23,12:30,430,,306,,
2026/7/23,12:45,430,,280,,
2026/7/23,13:00,430,,296,,
2026/7/23,13:15,430,,340,,
2026/7/23,13:30,430,,371,,
2026/7/23,13:45,430,,386,,
2026/7/23,14:00,430,,365,,
2026/7/23,14:15,430,,374,,
2026/7/23,14:30,430,,381,,
2026/7/23,14:45,430,,361,,
2026/7/23,15:00,430,,359,,
2026/7/23,15:15,430,,384,,
2026/7/23,15:30,430,,376,,
2026/7/23,15:45,430,,376,,
2026/7/23,16:00,430,,389,,
2026/7/23,16:15,430,381,,,
2026/7/23,16:30,430,357,,,
2026/7/23,16:45,430,344,,,
2026/7/23,17:00,430,362,,,
2026/7/23,17:15,430,324,,,
2026/7/23,17:30,430,275,,,
2026/7/23,17:45,430,289,,,
2026/7/23,18:00,430,320,,,
2026/7/23,18:15,430,346,,,
2026/7/23,18:30,430,349,,,
2026/7/23,18:45,430,336,,,
2026/7/23,19:00,430,347,,,
2026/7/23,19:15,430,336,,,
2026/7/23,19:30,430,320,,,
2026/7/23,19:45,430,315,,,
2026/7/23,20:00,430,330,,,
2026/7/23,20:15,430,306,,,
2026/7/23,20:30,430,294,,,
2026/7/23,20:45,430,298,,,
2026/7/23,21:00,430,306,,,
2026/7/23,21:15,430,309,,,
2026/7/23,21:30,430,294,,,
2026/7/23,21:45,430,312,,,
2026/7/23,22:00,430,318,,,
2026/7/23,22:15,430,,304,,
2026/7/23,22:30,430,,290,,
2026/7/23,22:45,430,,286,,
2026/7/23,23:00,430,,293,,
2026/7/23,23:15,430,,248,,
2026/7/23,23:30,430,,234,,
2026/7/23,23:45,430,,266,,
2026/7/24,00:00,430,,286,,
2026/7/24,00:15,430,,,,226
2026/7/24,00:30,430,,,,157
2026/7/24,00:45,430,,,,96
2026/7/24,01:00,430,,,,80
2026/7/24,01:15,430,,,,72
2026/7/24,01:30,430,,,,72
2026/7/24,01:45,430,,,,70
2026/7/24,02:00,430,,,,69
2026/7/24,02:15,430,,,,69
2026/7/24,02:30,430,,,,69
2026/7/24,02:45,430,,,,67
2026/7/24,03:00,430,,,,66
2026/7/24,03:15,430,,,,75
2026/7/24,03:30,430,,,,66
2026/7/24,03:45,430,,,,56
2026/7/24,04:00,430,,,,54
2026/7/24,04:15,430,,,,35
2026/7/24,04:30,430,,,,30
2026/7/24,04:45,430,,,,30
2026/7/24,05:00,430,,,,30
2026/7/24,05:15,430,,,,30
2026/7/24,05:30,430,,,,32
2026/7/24,05:45,430,,,,32
2026/7/24,06:00,430,,,,33
2026/7/24,06:15,430,,,,35
2026/7/24,06:30,430,,,,37
2026/7/24,06:45,430,,,,36
2026/7/24,07:00,430,,,,36
2026/7/24,07:15,430,,,,35
2026/7/24,07:30,430,,,,36
2026/7/24,07:45,430,,,,40
2026/7/24,08:00,430,,,,47
2026/7/24,08:15,430,,,,51
2026/7/24,08:30,430,,,,105
2026/7/24,08:45,430,,,,139
2026/7/24,09:00,430,,,,147
2026/7/24,09:15,430,,244,,
2026/7/24,09:30,430,,335,,
2026/7/24,09:45,430,,359,,
2026/7/24,10:00,430,,365,,
2026/7/24,10:15,430,,387,,
2026/7/24,10:30,430,,390,,
2026/7/24,10:45,430,,379,,
2026/7/24,11:00,430,,372,,
2026/7/24,11:15,430,,380,,
2026/7/24,11:30,430,,382,,
2026/7/24,11:45,430,,358,,
2026/7/24,12:00,430,,341,,
2026/7/24,12:15,430,,292,,
2026/7/24,12:30,430,,294,,
2026/7/24,12:45,430,,275,,
2026/7/24,13:00,430,,280,,
2026/7/24,13:15,430,,342,,
2026/7/24,13:30,430,,370,,
2026/7/24,13:45,430,,374,,
2026/7/24,14:00,430,,383,,
2026/7/24,14:15,430,,377,,
2026/7/24,14:30,430,,351,,
2026/7/24,14:45,430,,356,,
2026/7/24,15:00,430,,357,,
2026/7/24,15:15,430,,382,,
2026/7/24,15:30,430,,361,,
2026/7/24,15:45,430,,363,,
2026/7/24,16:00,430,,380,,
2026/7/24,16:15,430,365,,,
2026/7/24,16:30,430,349,,,
2026/7/24,16:45,430,352,,,
2026/7/24,17:00,430,366,,,
2026/7/24,17:15,430,329,,,
2026/7/24,17:30,430,288,,,
2026/7/24,17:45,430,288,,,
2026/7/24,18:00,430,310,,,
2026/7/24,18:15,430,334,,,
2026/7/24,18:30,430,344,,,
2026/7/24,18:45,430,334,,,
2026/7/24,19:00,430,327,,,
2026/7/24,19:15,430,330,,,
2026/7/24,19:30,430,333,,,
2026/7/24,19:45,430,302,,,
2026/7/24,20:00,430,286,,,
2026/7/24,20:15,430,323,,,
2026/7/24,20:30,430,294,,,
2026/7/24,20:45,430,286,,,
2026/7/24,21:00,430,299,,,
2026/7/24,21:15,430,306,,,
2026/7/24,21:30,430,270,,,
2026/7/24,21:45,430,288,,,
2026/7/24,22:00,430,310,,,
2026/7/24,22:15,430,,296,,
2026/7/24,22:30,430,,304,,
2026/7/24,22:45,430,,301,,
2026/7/24,23:00,430,,318,,
2026/7/24,23:15,430,,280,,
2026/7/24,23:30,430,,277,,
2026/7/24,23:45,430,,283,,
2026/7/25,00:00,430,,285,,
2026/7/25,00:15,430,,,,232
2026/7/25,00:30,430,,,,190
2026/7/25,00:45,430,,,,171
2026/7/25,01:00,430,,,,98
2026/7/25,01:15,430,,,,80
2026/7/25,01:30,430,,,,75
2026/7/25,01:45,430,,,,72
2026/7/25,02:00,430,,,,72
2026/7/25,02:15,430,,,,70
2026/7/25,02:30,430,,,,72
2026/7/25,02:45,430,,,,72
2026/7/25,03:00,430,,,,70
2026/7/25,03:15,430,,,,59
2026/7/25,03:30,430,,,,61
2026/7/25,03:45,430,,,,58
2026/7/25,04:00,430,,,,58
2026/7/25,04:15,430,,,,35
2026/7/25,04:30,430,,,,35
2026/7/25,04:45,430,,,,34
2026/7/25,05:00,430,,,,32
2026/7/25,05:15,430,,,,30
2026/7/25,05:30,430,,,,32
2026/7/25,05:45,430,,,,31
2026/7/25,06:00,430,,,,31
2026/7/25,06:15,430,,,,33
2026/7/25,06:30,430,,,,35
2026/7/25,06:45,430,,,,35
2026/7/25,07:00,430,,,,37
2026/7/25,07:15,430,,,,39
2026/7/25,07:30,430,,,,33
2026/7/25,07:45,430,,,,36
2026/7/25,08:00,430,,,,42
2026/7/25,08:15,430,,,,48
2026/7/25,08:30,430,,,,57
2026/7/25,08:45,430,,,,123
2026/7/25,09:00,430,,,152,
2026/7/25,09:15,430,,,215,
2026/7/25,09:30,430,,,280,
2026/7/25,09:45,430,,,327,
2026/7/25,10:00,430,,,344,
2026/7/25,10:15,430,,,331,
2026/7/25,10:30,430,,,347,
2026/7/25,10:45,430,,,365,
2026/7/25,11:00,430,,,360,
2026/7/25,11:15,430,,,343,
2026/7/25,11:30,430,,,336,
2026/7/25,11:45,430,,,338,
2026/7/25,12:00,430,,,301,
2026/7/25,12:15,430,,,257,
2026/7/25,12:30,430,,,253,
2026/7/25,12:45,430,,,265,
2026/7/25,13:00,430,,,254,
2026/7/25,13:15,430,,,312,
2026/7/25,13:30,430,,,329,
2026/7/25,13:45,430,,,354,
2026/7/25,14:00,430,,,348,
2026/7/25,14:15,430,,,347,
2026/7/25,14:30,430,,,349,
2026/7/25,14:45,430,,,340,
2026/7/25,15:00,430,,,331,
2026/7/25,15:15,430,,,345,
2026/7/25,15:30,430,,,362,
2026/7/25,15:45,430,,,356,
2026/7/25,16:00,430,,,344,
2026/7/25,16:15,430,,,344,
2026/7/25,16:30,430,,,357,
2026/7/25,16:45,430,,,364,
2026/7/25,17:00,430,,,352,
2026/7/25,17:15,430,,,300,
2026/7/25,17:30,430,,,235,
2026/7/25,17:45,430,,,238,
2026/7/25,18:00,430,,,305,
2026/7/25,18:15,430,,,340,
2026/7/25,18:30,430,,,337,
2026/7/25,18:45,430,,,336,
2026/7/25,19:00,430,,,338,
2026/7/25,19:15,430,,,314,
2026/7/25,19:30,430,,,347,
2026/7/25,19:45,430,,,349,
2026/7/25,20:00,430,,,330,
2026/7/25,20:15,430,,,318,
2026/7/25,20:30,430,,,306,
2026/7/25,20:45,430,,,312,
2026/7/25,21:00,430,,,314,
2026/7/25,21:15,430,,,304,
2026/7/25,21:30,430,,,302,
2026/7/25,21:45,430,,,314,
2026/7/25,22:00,430,,,286,
2026/7/25,22:15,430,,,235,
2026/7/25,22:30,430,,,211,
2026/7/25,22:45,430,,,186,
2026/7/25,23:00,430,,,182,
2026/7/25,23:15,430,,,176,
2026/7/25,23:30,430,,,203,
2026/7/25,23:45,430,,,261,
2026/7/26,00:00,430,,,245,
2026/7/26,00:15,430,,,,198
2026/7/26,00:30,430,,,,128
2026/7/26,00:45,430,,,,82
2026/7/26,01:00,430,,,,82
2026/7/26,01:15,430,,,,80
2026/7/26,01:30,430,,,,75
2026/7/26,01:45,430,,,,75
2026/7/26,02:00,430,,,,69
2026/7/26,02:15,430,,,,59
2026/7/26,02:30,430,,,,58
2026/7/26,02:45,430,,,,59
2026/7/26,03:00,430,,,,59
2026/7/26,03:15,430,,,,58
2026/7/26,03:30,430,,,,58
2026/7/26,03:45,430,,,,70
2026/7/26,04:00,430,,,,69
2026/7/26,04:15,430,,,,46
2026/7/26,04:30,430,,,,30
2026/7/26,04:45,430,,,,29
2026/7/26,05:00,430,,,,29
2026/7/26,05:15,430,,,,30
2026/7/26,05:30,430,,,,29
2026/7/26,05:45,430,,,,27
2026/7/26,06:00,430,,,,27
2026/7/26,06:15,430,,,,31
2026/7/26,06:30,430,,,,34
2026/7/26,06:45,430,,,,33
2026/7/26,07:00,430,,,,29
2026/7/26,07:15,430,,,,29
2026/7/26,07:30,430,,,,31
2026/7/26,07:45,430,,,,34
2026/7/26,08:00,430,,,,34
2026/7/26,08:15,430,,,,39
2026/7/26,08:30,430,,,,61
2026/7/26,08:45,430,,,,67
2026/7/26,09:00,430,,,,80
2026/7/26,09:15,430,,,,79
2026/7/26,09:30,430,,,,75
2026/7/26,09:45,430,,,,76
2026/7/26,10:00,430,,,,86
2026/7/26,10:15,430,,,,87
2026/7/26,10:30,430,,,,95
2026/7/26,10:45,430,,,,85
2026/7/26,11:00,430,,,,153
2026/7/26,11:15,430,,,,198
2026/7/26,11:30,430,,,,255
2026/7/26,11:45,430,,,,316
2026/7/26,12:00,430,,,,296
2026/7/26,12:15,430,,,,274
2026/7/26,12:30,430,,,,246
2026/7/26,12:45,430,,,,267
2026/7/26,13:00,430,,,,257
2026/7/26,13:15,430,,,,269
2026/7/26,13:30,430,,,,283
2026/7/26,13:45,430,,,,311
2026/7/26,14:00,430,,,,298
2026/7/26,14:15,430,,,,295
2026/7/26,14:30,430,,,,299
2026/7/26,14:45,430,,,,307
2026/7/26,15:00,430,,,,296
2026/7/26,15:15,430,,,,302
2026/7/26,15:30,430,,,,307
2026/7/26,15:45,430,,,,278
2026/7/26,16:00,430,,,,264
2026/7/26,16:15,430,,,,222
2026/7/26,16:30,430,,,,214
2026/7/26,16:45,430,,,,209
2026/7/26,17:00,430,,,,138
2026/7/26,17:15,430,,,,92
2026/7/26,17:30,430,,,,97
2026/7/26,17:45,430,,,,80
2026/7/26,18:00,430,,,,82
2026/7/26,18:15,430,,,,85
2026/7/26,18:30,430,,,,55
2026/7/26,18:45,430,,,,53
2026/7/26,19:00,430,,,,53
2026/7/26,19:15,430,,,,51
2026/7/26,19:30,430,,,,54
2026/7/26,19:45,430,,,,53
2026/7/26,20:00,430,,,,56
2026/7/26,20:15,430,,,,54
2026/7/26,20:30,430,,,,54
2026/7/26,20:45,430,,,,53
2026/7/26,21:00,430,,,,50
2026/7/26,21:15,430,,,,43
2026/7/26,21:30,430,,,,24
2026/7/26,21:45,430,,,,26
2026/7/26,22:00,430,,,,27
2026/7/26,22:15,430,,,,26
2026/7/26,22:30,430,,,,26
2026/7/26,22:45,430,,,,22
2026/7/26,23:00,430,,,,24
2026/7/26,23:15,430,,,,26
2026/7/26,23:30,430,,,,24
2026/7/26,23:45,430,,,,22
2026/7/27,00:00,430,,,,22
2026/7/27,00:15,430,,,,26
2026/7/27,00:30,430,,,,22
2026/7/27,00:45,430,,,,24
2026/7/27,01:00,430,,,,22
2026/7/27,01:15,430,,,,22
2026/7/27,01:30,430,,,,24
2026/7/27,01:45,430,,,,27
2026/7/27,02:00,430,,,,42
2026/7/27,02:15,430,,,,34
2026/7/27,02:30,430,,,,27
2026/7/27,02:45,430,,,,26
2026/7/27,03:00,430,,,,27
2026/7/27,03:15,430,,,,27
2026/7/27,03:30,430,,,,30
2026/7/27,03:45,430,,,,27
2026/7/27,04:00,430,,,,29
2026/7/27,04:15,430,,,,27
2026/7/27,04:30,430,,,,30
2026/7/27,04:45,430,,,,29
2026/7/27,05:00,430,,,,29
2026/7/27,05:15,430,,,,30
2026/7/27,05:30,430,,,,32
2026/7/27,05:45,430,,,,30
2026/7/27,06:00,430,,,,31
2026/7/27,06:15,430,,,,30
2026/7/27,06:30,430,,,,52
2026/7/27,06:45,430,,,,53
2026/7/27,07:00,430,,,,52
2026/7/27,07:15,430,,,,51
2026/7/27,07:30,430,,,,42
2026/7/27,07:45,430,,,,41
2026/7/27,08:00,430,,,,45
2026/7/27,08:15,430,,,,61
2026/7/27,08:30,430,,,,103
2026/7/27,08:45,430,,,,162
2026/7/27,09:00,430,,,,159
2026/7/27,09:15,430,,224,,
2026/7/27,09:30,430,,293,,
2026/7/27,09:45,430,,322,,
2026/7/27,10:00,430,,358,,
2026/7/27,10:15,430,,372,,
2026/7/27,10:30,430,,367,,
2026/7/27,10:45,430,,356,,
2026/7/27,11:00,430,,375,,
2026/7/27,11:15,430,,363,,
2026/7/27,11:30,430,,355,,
2026/7/27,11:45,430,,366,,
2026/7/27,12:00,430,,353,,
2026/7/27,12:15,430,,274,,
2026/7/27,12:30,430,,264,,
2026/7/27,12:45,430,,256,,
2026/7/27,13:00,430,,275,,
2026/7/27,13:15,430,,315,,
2026/7/27,13:30,430,,336,,
2026/7/27,13:45,430,,352,,
2026/7/27,14:00,430,,356,,
2026/7/27,14:15,430,,365,,
2026/7/27,14:30,430,,349,,
2026/7/27,14:45,430,,352,,
2026/7/27,15:00,430,,378,,
2026/7/27,15:15,430,,375,,
2026/7/27,15:30,430,,358,,
2026/7/27,15:45,430,,317,,
2026/7/27,16:00,430,,326,,
2026/7/27,16:15,430,341,,,
2026/7/27,16:30,430,336,,,
2026/7/27,16:45,430,329,,,
2026/7/27,17:00,430,317,,,
2026/7/27,17:15,430,296,,,
2026/7/27,17:30,430,289,,,
2026/7/27,17:45,430,262,,,
2026/7/27,18:00,430,297,,,
2026/7/27,18:15,430,322,,,
2026/7/27,18:30,430,325,,,
2026/7/27,18:45,430,294,,,
2026/7/27,19:00,430,285,,,
2026/7/27,19:15,430,291,,,
2026/7/27,19:30,430,325,,,
2026/7/27,19:45,430,318,,,
2026/7/27,20:00,430,307,,,
2026/7/27,20:15,430,317,,,
2026/7/27,20:30,430,315,,,
2026/7/27,20:45,430,261,,,
2026/7/27,21:00,430,235,,,
2026/7/27,21:15,430,259,,,
2026/7/27,21:30,430,312,,,
2026/7/27,21:45,430,314,,,
2026/7/27,22:00,430,307,,,
2026/7/27,22:15,430,,291,,
2026/7/27,22:30,430,,245,,
2026/7/27,22:45,430,,200,,
2026/7/27,23:00,430,,182,,
2026/7/27,23:15,430,,174,,
2026/7/27,23:30,430,,182,,
2026/7/27,23:45,430,,232,,
2026/7/28,00:00,430,,232,,
2026/7/28,00:15,430,,,,192
2026/7/28,00:30,430,,,,157
2026/7/28,00:45,430,,,,85
2026/7/28,01:00,430,,,,86
2026/7/28,01:15,430,,,,80
2026/7/28,01:30,430,,,,77
2026/7/28,01:45,430,,,,62
2026/7/28,02:00,430,,,,61
2026/7/28,02:15,430,,,,59
2026/7/28,02:30,430,,,,59
2026/7/28,02:45,430,,,,59
2026/7/28,03:00,430,,,,59
2026/7/28,03:15,430,,,,61
2026/7/28,03:30,430,,,,59
2026/7/28,03:45,430,,,,59
2026/7/28,04:00,430,,,,56
2026/7/28,04:15,430,,,,32
2026/7/28,04:30,430,,,,29
2026/7/28,04:45,430,,,,29
2026/7/28,05:00,430,,,,30
2026/7/28,05:15,430,,,,29
2026/7/28,05:30,430,,,,29
2026/7/28,05:45,430,,,,30
2026/7/28,06:00,430,,,,33
2026/7/28,06:15,430,,,,31
2026/7/28,06:30,430,,,,37
2026/7/28,06:45,430,,,,35
2026/7/28,07:00,430,,,,32
2026/7/28,07:15,430,,,,31
2026/7/28,07:30,430,,,,33
2026/7/28,07:45,430,,,,39
2026/7/28,08:00,430,,,,42
2026/7/28,08:15,430,,,,102
2026/7/28,08:30,430,,,,132
2026/7/28,08:45,430,,,,140
2026/7/28,09:00,430,,,,147
2026/7/28,09:15,430,,198,,
2026/7/28,09:30,430,,316,,
2026/7/28,09:45,430,,329,,
2026/7/28,10:00,430,,330,,
2026/7/28,10:15,430,,363,,
2026/7/28,10:30,430,,365,,
2026/7/28,10:45,430,,366,,
2026/7/28,11:00,430,,366,,
2026/7/28,11:15,430,,375,,
2026/7/28,11:30,430,,367,,
2026/7/28,11:45,430,,366,,
2026/7/28,12:00,430,,360,,
2026/7/28,12:15,430,,308,,
2026/7/28,12:30,430,,294,,
2026/7/28,12:45,430,,269,,
2026/7/28,13:00,430,,282,,
2026/7/28,13:15,430,,354,,
2026/7/28,13:30,430,,387,,
2026/7/28,13:45,430,,391,,
2026/7/28,14:00,430,,372,,
2026/7/28,14:15,430,,381,,
2026/7/28,14:30,430,,383,,
2026/7/28,14:45,430,,386,,
2026/7/28,15:00,430,,383,,
2026/7/28,15:15,430,,371,,
2026/7/28,15:30,430,,392,,
2026/7/28,15:45,430,,382,,
2026/7/28,16:00,430,,369,,
2026/7/28,16:15,430,344,,,
2026/7/28,16:30,430,325,,,
2026/7/28,16:45,430,364,,,
2026/7/28,17:00,430,349,,,
2026/7/28,17:15,430,296,,,
2026/7/28,17:30,430,260,,,
2026/7/28,17:45,430,274,,,
2026/7/28,18:00,430,323,,,
2026/7/28,18:15,430,346,,,
2026/7/28,18:30,430,349,,,
2026/7/28,18:45,430,351,,,
2026/7/28,19:00,430,357,,,
2026/7/28,19:15,430,341,,,
2026/7/28,19:30,430,323,,,
2026/7/28,19:45,430,312,,,
2026/7/28,20:00,430,334,,,
2026/7/28,20:15,430,323,,,
2026/7/28,20:30,430,317,,,
2026/7/28,20:45,430,320,,,
2026/7/28,21:00,430,331,,,
2026/7/28,21:15,430,315,,,
2026/7/28,21:30,430,314,,,
2026/7/28,21:45,430,310,,,
2026/7/28,22:00,430,314,,,
2026/7/28,22:15,430,,298,,
2026/7/28,22:30,430,,294,,
2026/7/28,22:45,430,,291,,
2026/7/28,23:00,430,,280,,
2026/7/28,23:15,430,,282,,
2026/7/28,23:30,430,,299,,
2026/7/28,23:45,430,,296,,
2026/7/29,00:00,430,,270,,
2026/7/29,00:15,430,,,,221
2026/7/29,00:30,430,,,,174
2026/7/29,00:45,430,,,,168
2026/7/29,01:00,430,,,,165
2026/7/29,01:15,430,,,,134
2026/7/29,01:30,430,,,,78
2026/7/29,01:45,430,,,,75
2026/7/29,02:00,430,,,,75
2026/7/29,02:15,430,,,,75
2026/7/29,02:30,430,,,,74
2026/7/29,02:45,430,,,,70
2026/7/29,03:00,430,,,,70
2026/7/29,03:15,430,,,,69
2026/7/29,03:30,430,,,,62
2026/7/29,03:45,430,,,,58
2026/7/29,04:00,430,,,,58
2026/7/29,04:15,430,,,,35
2026/7/29,04:30,430,,,,32
2026/7/29,04:45,430,,,,30
2026/7/29,05:00,430,,,,30
2026/7/29,05:15,430,,,,32
2026/7/29,05:30,430,,,,34
2026/7/29,05:45,430,,,,32
2026/7/29,06:00,430,,,,31
2026/7/29,06:15,430,,,,32
2026/7/29,06:30,430,,,,34
2026/7/29,06:45,430,,,,38
2026/7/29,07:00,430,,,,34
2026/7/29,07:15,430,,,,32
2026/7/29,07:30,430,,,,36
2026/7/29,07:45,430,,,,39
2026/7/29,08:00,430,,,,43
2026/7/29,08:15,430,,,,49
2026/7/29,08:30,430,,,,111
2026/7/29,08:45,430,,,,124
2026/7/29,09:00,430,,,,124
2026/7/29,09:15,430,,247,,
2026/7/29,09:30,430,,310,,
2026/7/29,09:45,430,,364,,
2026/7/29,10:00,430,,362,,
2026/7/29,10:15,430,,355,,
2026/7/29,10:30,430,,379,,
2026/7/29,10:45,430,,377,,
2026/7/29,11:00,430,,386,,
2026/7/29,11:15,430,,389,,
2026/7/29,11:30,430,,358,,
2026/7/29,11:45,430,,359,,
2026/7/29,12:00,430,,371,,
2026/7/29,12:15,430,,313,,
2026/7/29,12:30,430,,287,,
2026/7/29,12:45,430,,286,,
2026/7/29,13:00,430,,296,,
2026/7/29,13:15,430,,346,,
2026/7/29,13:30,430,,377,,
2026/7/29,13:45,430,,393,,
2026/7/29,14:00,430,,372,,
2026/7/29,14:15,430,,367,,
2026/7/29,14:30,430,,350,,
2026/7/29,14:45,430,,347,,
2026/7/29,15:00,430,,374,,
2026/7/29,15:15,430,,357,,
2026/7/29,15:30,430,,348,,
2026/7/29,15:45,430,,361,,
2026/7/29,16:00,430,,378,,
2026/7/29,16:15,430,361,,,
2026/7/29,16:30,430,343,,,
2026/7/29,16:45,430,354,,,
2026/7/29,17:00,430,344,,,
2026/7/29,17:15,430,322,,,
2026/7/29,17:30,430,269,,,
2026/7/29,17:45,430,290,,,
2026/7/29,18:00,430,315,,,
2026/7/29,18:15,430,326,,,
2026/7/29,18:30,430,337,,,
2026/7/29,18:45,430,362,,,
2026/7/29,19:00,430,349,,,
2026/7/29,19:15,430,322,,,
2026/7/29,19:30,430,318,,,
2026/7/29,19:45,430,322,,,
2026/7/29,20:00,430,330,,,
2026/7/29,20:15,430,322,,,
2026/7/29,20:30,430,306,,,
2026/7/29,20:45,430,267,,,
2026/7/29,21:00,430,258,,,
2026/7/29,21:15,430,267,,,
2026/7/29,21:30,430,296,,,
2026/7/29,21:45,430,290,,,
2026/7/29,22:00,430,296,,,
2026/7/29,22:15,430,,293,,
2026/7/29,22:30,430,,283,,
2026/7/29,22:45,430,,298,,
2026/7/29,23:00,430,,302,,
2026/7/29,23:15,430,,299,,
2026/7/29,23:30,430,,296,,
2026/7/29,23:45,430,,242,,
2026/7/30,00:00,430,,176,,
2026/7/30,00:15,430,,,,162
2026/7/30,00:30,430,,,,152
2026/7/30,00:45,430,,,,158
2026/7/30,01:00,430,,,,141
2026/7/30,01:15,430,,,,139
2026/7/30,01:30,430,,,,83
2026/7/30,01:45,430,,,,77
2026/7/30,02:00,430,,,,74
2026/7/30,02:15,430,,,,78
2026/7/30,02:30,430,,,,86
2026/7/30,02:45,430,,,,75
2026/7/30,03:00,430,,,,72
2026/7/30,03:15,430,,,,72
2026/7/30,03:30,430,,,,70
2026/7/30,03:45,430,,,,70
2026/7/30,04:00,430,,,,64
2026/7/30,04:15,430,,,,37
2026/7/30,04:30,430,,,,30
2026/7/30,04:45,430,,,,32
2026/7/30,05:00,430,,,,32
2026/7/30,05:15,430,,,,32
2026/7/30,05:30,430,,,,34
2026/7/30,05:45,430,,,,32
2026/7/30,06:00,430,,,,34
2026/7/30,06:15,430,,,,34
2026/7/30,06:30,430,,,,36
2026/7/30,06:45,430,,,,39
2026/7/30,07:00,430,,,,36
2026/7/30,07:15,430,,,,35
2026/7/30,07:30,430,,,,34
2026/7/30,07:45,430,,,,38
2026/7/30,08:00,430,,,,44
2026/7/30,08:15,430,,,,72
2026/7/30,08:30,430,,,,123
2026/7/30,08:45,430,,,,131
2026/7/30,09:00,430,,,,134
2026/7/30,09:15,430,,212,,
2026/7/30,09:30,430,,302,,
2026/7/30,09:45,430,,315,,
2026/7/30,10:00,430,,360,,
2026/7/30,10:15,430,,384,,
2026/7/30,10:30,430,,362,,
2026/7/30,10:45,430,,378,,
2026/7/30,11:00,430,,390,,
2026/7/30,11:15,430,,395,,
2026/7/30,11:30,430,,380,,
2026/7/30,11:45,430,,368,,
2026/7/30,12:00,430,,351,,
2026/7/30,12:15,430,,307,,
2026/7/30,12:30,430,,302,,
2026/7/30,12:45,430,,284,,
2026/7/30,13:00,430,,280,,
2026/7/30,13:15,430,,348,,
2026/7/30,13:30,430,,375,,
2026/7/30,13:45,430,,347,,
2026/7/30,14:00,430,,331,,
2026/7/30,14:15,430,,323,,
2026/7/30,14:30,430,,342,,
2026/7/30,14:45,430,,359,,
2026/7/30,15:00,430,,365,,
2026/7/30,15:15,430,,371,,
2026/7/30,15:30,430,,382,,
2026/7/30,15:45,430,,357,,
2026/7/30,16:00,430,,365,,
2026/7/30,16:15,430,359,,,
2026/7/30,16:30,430,367,,,
2026/7/30,16:45,430,359,,,
2026/7/30,17:00,430,364,,,
2026/7/30,17:15,430,319,,,
2026/7/30,17:30,430,283,,,
2026/7/30,17:45,430,282,,,
2026/7/30,18:00,430,311,,,
2026/7/30,18:15,430,331,,,
2026/7/30,18:30,430,346,,,
2026/7/30,18:45,430,339,,,
2026/7/30,19:00,430,347,,,
2026/7/30,19:15,430,344,,,
2026/7/30,19:30,430,325,,,
2026/7/30,19:45,430,309,,,
2026/7/30,20:00,430,323,,,
2026/7/30,20:15,430,331,,,
2026/7/30,20:30,430,320,,,
2026/7/30,20:45,430,298,,,
2026/7/30,21:00,430,299,,,
2026/7/30,21:15,430,309,,,
2026/7/30,21:30,430,312,,,
2026/7/30,21:45,430,304,,,
2026/7/30,22:00,430,296,,,
2026/7/30,22:15,430,,326,,
2026/7/30,22:30,430,,322,,
2026/7/30,22:45,430,,306,,
2026/7/30,23:00,430,,318,,
2026/7/30,23:15,430,,320,,
2026/7/30,23:30,430,,283,,
2026/7/30,23:45,430,,226,,
2026/7/31,00:00,430,,181,,
2026/7/31,00:15,430,,,,174
2026/7/31,00:30,430,,,,181
2026/7/31,00:45,430,,,,160
2026/7/31,01:00,430,,,,157
2026/7/31,01:15,430,,,,122
2026/7/31,01:30,430,,,,75
2026/7/31,01:45,430,,,,74
2026/7/31,02:00,430,,,,70
2026/7/31,02:15,430,,,,72
2026/7/31,02:30,430,,,,69
2026/7/31,02:45,430,,,,61
2026/7/31,03:00,430,,,,58
2026/7/31,03:15,430,,,,59
2026/7/31,03:30,430,,,,58
2026/7/31,03:45,430,,,,58
2026/7/31,04:00,430,,,,58
2026/7/31,04:15,430,,,,35
2026/7/31,04:30,430,,,,32
2026/7/31,04:45,430,,,,34
2026/7/31,05:00,430,,,,32
2026/7/31,05:15,430,,,,32
2026/7/31,05:30,430,,,,34
2026/7/31,05:45,430,,,,32
2026/7/31,06:00,430,,,,35
2026/7/31,06:15,430,,,,36
2026/7/31,06:30,430,,,,35
2026/7/31,06:45,430,,,,37
2026/7/31,07:00,430,,,,35
2026/7/31,07:15,430,,,,34
2026/7/31,07:30,430,,,,37
2026/7/31,07:45,430,,,,51
2026/7/31,08:00,430,,,,62
2026/7/31,08:15,430,,,,94
2026/7/31,08:30,430,,,,118
2026/7/31,08:45,430,,,,136
2026/7/31,09:00,430,,,,149
2026/7/31,09:15,430,,206,,
2026/7/31,09:30,430,,298,,
2026/7/31,09:45,430,,373,,
2026/7/31,10:00,430,,389,,
2026/7/31,10:15,430,,379,,
2026/7/31,10:30,430,,374,,
2026/7/31,10:45,430,,399,,
2026/7/31,11:00,430,,385,,
2026/7/31,11:15,430,,376,,
2026/7/31,11:30,430,,369,,
2026/7/31,11:45,430,,370,,
2026/7/31,12:00,430,,351,,
2026/7/31,12:15,430,,315,,
2026/7/31,12:30,430,,292,,
2026/7/31,12:45,430,,271,,
2026/7/31,13:00,430,,274,,
2026/7/31,13:15,430,,342,,
2026/7/31,13:30,430,,377,,
2026/7/31,13:45,430,,385,,
2026/7/31,14:00,430,,384,,
2026/7/31,14:15,430,,387,,
2026/7/31,14:30,430,,377,,
2026/7/31,14:45,430,,373,,
2026/7/31,15:00,430,,369,,
2026/7/31,15:15,430,,375,,
2026/7/31,15:30,430,,377,,
2026/7/31,15:45,430,,383,,
2026/7/31,16:00,430,,374,,
2026/7/31,16:15,430,365,,,
2026/7/31,16:30,430,344,,,
2026/7/31,16:45,430,365,,,
2026/7/31,17:00,430,359,,,
2026/7/31,17:15,430,317,,,
2026/7/31,17:30,430,292,,,
2026/7/31,17:45,430,292,,,
2026/7/31,18:00,430,330,,,
2026/7/31,18:15,430,350,,,
2026/7/31,18:30,430,336,,,
2026/7/31,18:45,430,355,,,
2026/7/31,19:00,430,358,,,
2026/7/31,19:15,430,349,,,
2026/7/31,19:30,430,330,,,
2026/7/31,19:45,430,342,,,
2026/7/31,20:00,430,346,,,
2026/7/31,20:15,430,320,,,
2026/7/31,20:30,430,323,,,
2026/7/31,20:45,430,314,,,
2026/7/31,21:00,430,322,,,
2026/7/31,21:15,430,306,,,
2026/7/31,21:30,430,296,,,
2026/7/31,21:45,430,304,,,
2026/7/31,22:00,430,315,,,
2026/7/31,22:15,430,,307,,
2026/7/31,22:30,430,,296,,
2026/7/31,22:45,430,,266,,
2026/7/31,23:00,430,,219,,
2026/7/31,23:15,430,,184,,
2026/7/31,23:30,430,,205,,
2026/7/31,23:45,430,,250,,
2026/8/1,00:00,430,,277,,
