年月日,時分,經常,尖峰,半尖峰,週六半尖峰,離峰
2025/1/1,00:15,1350,,,,101
2025/1/1,00:30,1350,,,,107
2025/1/1,00:45,1350,,,,98
2025/1/1,01:00,1350,,,,101
2025/1/1,01:15,1350,,,,96
2025/1/1,01:30,1350,,,,98
2025/1/1,01:45,1350,,,,90
2025/1/1,02:00,1350,,,,94
2025/1/1,02:15,1350,,,,88
2025/1/1,02:30,1350,,,,101
2025/1/1,02:45,1350,,,,96
2025/1/1,03:00,1350,,,,101
2025/1/1,03:15,1350,,,,94
2025/1/1,03:30,1350,,,,88
2025/1/1,03:45,1350,,,,91
2025/1/1,04:00,1350,,,,90
2025/1/1,04:15,1350,,,,93
2025/1/1,04:30,1350,,,,91
2025/1/1,04:45,1350,,,,86
2025/1/1,05:00,1350,,,,75
2025/1/1,05:15,1350,,,,74
2025/1/1,05:30,1350,,,,75
2025/1/1,05:45,1350,,,,72
2025/1/1,06:00,1350,,,,72
2025/1/1,06:15,1350,,,,70
2025/1/1,06:30,1350,,,,69
2025/1/1,06:45,1350,,,,72
2025/1/1,07:00,1350,,,,69
2025/1/1,07:15,1350,,,,80
2025/1/1,07:30,1350,,,,74
2025/1/1,07:45,1350,,,,84
2025/1/1,08:00,1350,,,,87
2025/1/1,08:15,1350,,,,91
2025/1/1,08:30,1350,,,,80
2025/1/1,08:45,1350,,,,88
2025/1/1,09:00,1350,,,,83
2025/1/1,09:15,1350,,,,86
2025/1/1,09:30,1350,,,,85
2025/1/1,09:45,1350,,,,88
2025/1/1,10:00,1350,,,,83
2025/1/1,10:15,1350,,,,84
2025/1/1,10:30,1350,,,,85
2025/1/1,10:45,1350,,,,85
2025/1/1,11:00,1350,,,,91
2025/1/1,11:15,1350,,,,88
2025/1/1,11:30,1350,,,,90
2025/1/1,11:45,1350,,,,84
2025/1/1,12:00,1350,,,,91
2025/1/1,12:15,1350,,,,83
2025/1/1,12:30,1350,,,,89
2025/1/1,12:45,1350,,,,83
2025/1/1,13:00,1350,,,,87
2025/1/1,13:15,1350,,,,87
2025/1/1,13:30,1350,,,,85
2025/1/1,13:45,1350,,,,89
2025/1/1,14:00,1350,,,,84
2025/1/1,14:15,1350,,,,90
2025/1/1,14:30,1350,,,,87
2025/1/1,14:45,1350,,,,90
2025/1/1,15:00,1350,,,,81
2025/1/1,15:15,1350,,,,87
2025/1/1,15:30,1350,,,,79
2025/1/1,15:45,1350,,,,86
2025/1/1,16:00,1350,,,,84
2025/1/1,16:15,1350,,,,88
2025/1/1,16:30,1350,,,,83
2025/1/1,16:45,1350,,,,90
2025/1/1,17:00,1350,,,,81
2025/1/1,17:15,1350,,,,82
2025/1/1,17:30,1350,,,,83
2025/1/1,17:45,1350,,,,80
2025/1/1,18:00,1350,,,,83
2025/1/1,18:15,1350,,,,78
2025/1/1,18:30,1350,,,,85
2025/1/1,18:45,1350,,,,78
2025/1/1,19:00,1350,,,,85
2025/1/1,19:15,1350,,,,66
2025/1/1,19:30,1350,,,,67
2025/1/1,19:45,1350,,,,61
2025/1/1,20:00,1350,,,,67
2025/1/1,20:15,1350,,,,59
2025/1/1,20:30,1350,,,,62
2025/1/1,20:45,1350,,,,62
2025/1/1,21:00,1350,,,,59
2025/1/1,21:15,1350,,,,62
2025/1/1,21:30,1350,,,,58
2025/1/1,21:45,1350,,,,64
2025/1/1,22:00,1350,,,,59
2025/1/1,22:15,1350,,,,62
2025/1/1,22:30,1350,,,,59
2025/1/1,22:45,1350,,,,62
2025/1/1,23:00,1350,,,,54
2025/1/1,23:15,1350,,,,10
2025/1/1,23:30,1350,,,,11
2025/1/1,23:45,1350,,,,10
2025/1/2,00:00,1350,,,,10
2025/1/2,00:15,1350,,,,10
2025/1/2,00:30,1350,,,,10
2025/1/2,00:45,1350,,,,10
2025/1/2,01:00,1350,,,,10
2025/1/2,01:15,1350,,,,11
2025/1/2,01:30,1350,,,,10
2025/1/2,01:45,1350,,,,8
2025/1/2,02:00,1350,,,,11
2025/1/2,02:15,1350,,,,8
2025/1/2,02:30,1350,,,,11
2025/1/2,02:45,1350,,,,10
2025/1/2,03:00,1350,,,,10
2025/1/2,03:15,1350,,,,10
2025/1/2,03:30,1350,,,,10
2025/1/2,03:45,1350,,,,10
2025/1/2,04:00,1350,,,,10
2025/1/2,04:15,1350,,,,11
2025/1/2,04:30,1350,,,,10
2025/1/2,04:45,1350,,,,10
2025/1/2,05:00,1350,,,,10
2025/1/2,05:15,1350,,,,10
2025/1/2,05:30,1350,,,,10
2025/1/2,05:45,1350,,,,11
2025/1/2,06:00,1350,,,,10
2025/1/2,06:15,1350,,10,,
2025/1/2,06:30,1350,,10,,
2025/1/2,06:45,1350,,10,,
2025/1/2,07:00,1350,,10,,
2025/1/2,07:15,1350,,40,,
2025/1/2,07:30,1350,,164,,
2025/1/2,07:45,1350,,224,,
2025/1/2,08:00,1350,,265,,
2025/1/2,08:15,1350,,470,,
2025/1/2,08:30,1350,,684,,
2025/1/2,08:45,1350,,818,,
2025/1/2,09:00,1350,,848,,
2025/1/2,09:15,1350,,805,,
2025/1/2,09:30,1350,,754,,
2025/1/2,09:45,1350,,723,,
2025/1/2,10:00,1350,,738,,
2025/1/2,10:15,1350,,781,,
2025/1/2,10:30,1350,,841,,
2025/1/2,10:45,1350,,827,,
2025/1/2,11:00,1350,,921,,
2025/1/2,11:15,1350,,,,966
2025/1/2,11:30,1350,,,,1013
2025/1/2,11:45,1350,,,,972
2025/1/2,12:00,1350,,,,789
2025/1/2,12:15,1350,,,,474
2025/1/2,12:30,1350,,,,424
2025/1/2,12:45,1350,,,,417
2025/1/2,13:00,1350,,,,771
2025/1/2,13:15,1350,,,,874
2025/1/2,13:30,1350,,,,825
2025/1/2,13:45,1350,,,,856
2025/1/2,14:00,1350,,,,877
2025/1/2,14:15,1350,,899,,
2025/1/2,14:30,1350,,924,,
2025/1/2,14:45,1350,,874,,
2025/1/2,15:00,1350,,785,,
2025/1/2,15:15,1350,,842,,
2025/1/2,15:30,1350,,898,,
2025/1/2,15:45,1350,,860,,
2025/1/2,16:00,1350,,903,,
2025/1/2,16:15,1350,,990,,
2025/1/2,16:30,1350,,992,,
2025/1/2,16:45,1350,,1013,,
2025/1/2,17:00,1350,,846,,
2025/1/2,17:15,1350,,523,,
2025/1/2,17:30,1350,,540,,
2025/1/2,17:45,1350,,880,,
2025/1/2,18:00,1350,,1019,,
2025/1/2,18:15,1350,,963,,
2025/1/2,18:30,1350,,933,,
2025/1/2,18:45,1350,,872,,
2025/1/2,19:00,1350,,838,,
2025/1/2,19:15,1350,,776,,
2025/1/2,19:30,1350,,544,,
2025/1/2,19:45,1350,,466,,
2025/1/2,20:00,1350,,448,,
2025/1/2,20:15,1350,,464,,
2025/1/2,20:30,1350,,430,,
2025/1/2,20:45,1350,,477,,
2025/1/2,21:00,1350,,458,,
2025/1/2,21:15,1350,,427,,
2025/1/2,21:30,1350,,493,,
2025/1/2,21:45,1350,,450,,
2025/1/2,22:00,1350,,448,,
2025/1/2,22:15,1350,,438,,
2025/1/2,22:30,1350,,430,,
2025/1/2,22:45,1350,,464,,
2025/1/2,23:00,1350,,432,,
2025/1/2,23:15,1350,,456,,
2025/1/2,23:30,1350,,446,,
2025/1/2,23:45,1350,,379,,
2025/1/3,00:00,1350,,418,,
2025/1/3,00:15,1350,,,,395
2025/1/3,00:30,1350,,,,398
2025/1/3,00:45,1350,,,,400
2025/1/3,01:00,1350,,,,299
2025/1/3,01:15,1350,,,,182
2025/1/3,01:30,1350,,,,171
2025/1/3,01:45,1350,,,,174
2025/1/3,02:00,1350,,,,149
2025/1/3,02:15,1350,,,,146
2025/1/3,02:30,1350,,,,146
2025/1/3,02:45,1350,,,,130
2025/1/3,03:00,1350,,,,114
2025/1/3,03:15,1350,,,,118
2025/1/3,03:30,1350,,,,109
2025/1/3,03:45,1350,,,,86
2025/1/3,04:00,1350,,,,85
2025/1/3,04:15,1350,,,,85
2025/1/3,04:30,1350,,,,83
2025/1/3,04:45,1350,,,,75
2025/1/3,05:00,1350,,,,77
2025/1/3,05:15,1350,,,,77
2025/1/3,05:30,1350,,,,75
2025/1/3,05:45,1350,,,,75
2025/1/3,06:00,1350,,,,82
2025/1/3,06:15,1350,,99,,
2025/1/3,06:30,1350,,104,,
2025/1/3,06:45,1350,,107,,
2025/1/3,07:00,1350,,102,,
2025/1/3,07:15,1350,,171,,
2025/1/3,07:30,1350,,210,,
2025/1/3,07:45,1350,,237,,
2025/1/3,08:00,1350,,291,,
2025/1/3,08:15,1350,,289,,
2025/1/3,08:30,1350,,292,,
2025/1/3,08:45,1350,,481,,
2025/1/3,09:00,1350,,726,,
2025/1/3,09:15,1350,,875,,
2025/1/3,09:30,1350,,919,,
2025/1/3,09:45,1350,,916,,
2025/1/3,10:00,1350,,836,,
2025/1/3,10:15,1350,,910,,
2025/1/3,10:30,1350,,931,,
2025/1/3,10:45,1350,,939,,
2025/1/3,11:00,1350,,911,,
2025/1/3,11:15,1350,,,,991
2025/1/3,11:30,1350,,,,1013
2025/1/3,11:45,1350,,,,1023
2025/1/3,12:00,1350,,,,864
2025/1/3,12:15,1350,,,,533
2025/1/3,12:30,1350,,,,524
2025/1/3,12:45,1350,,,,565
2025/1/3,13:00,1350,,,,892
2025/1/3,13:15,1350,,,,936
2025/1/3,13:30,1350,,,,1000
2025/1/3,13:45,1350,,,,862
2025/1/3,14:00,1350,,,,778
2025/1/3,14:15,1350,,807,,
2025/1/3,14:30,1350,,848,,
2025/1/3,14:45,1350,,792,,
2025/1/3,15:00,1350,,623,,
2025/1/3,15:15,1350,,744,,
2025/1/3,15:30,1350,,802,,
2025/1/3,15:45,1350,,712,,
2025/1/3,16:00,1350,,740,,
2025/1/3,16:15,1350,,748,,
2025/1/3,16:30,1350,,639,,
2025/1/3,16:45,1350,,609,,
2025/1/3,17:00,1350,,486,,
2025/1/3,17:15,1350,,322,,
2025/1/3,17:30,1350,,384,,
2025/1/3,17:45,1350,,531,,
2025/1/3,18:00,1350,,618,,
2025/1/3,18:15,1350,,626,,
2025/1/3,18:30,1350,,518,,
2025/1/3,18:45,1350,,563,,
2025/1/3,19:00,1350,,589,,
2025/1/3,19:15,1350,,501,,
2025/1/3,19:30,1350,,453,,
2025/1/3,19:45,1350,,462,,
2025/1/3,20:00,1350,,432,,
2025/1/3,20:15,1350,,522,,
2025/1/3,20:30,1350,,523,,
2025/1/3,20:45,1350,,595,,
2025/1/3,21:00,1350,,586,,
2025/1/3,21:15,1350,,531,,
2025/1/3,21:30,1350,,560,,
2025/1/3,21:45,1350,,507,,
2025/1/3,22:00,1350,,506,,
2025/1/3,22:15,1350,,446,,
2025/1/3,22:30,1350,,429,,
2025/1/3,22:45,1350,,424,,
2025/1/3,23:00,1350,,389,,
2025/1/3,23:15,1350,,398,,
2025/1/3,23:30,1350,,261,,
2025/1/3,23:45,1350,,288,,
2025/1/4,00:00,1350,,254,,
2025/1/4,00:15,1350,,,,243
2025/1/4,00:30,1350,,,,170
2025/1/4,00:45,1350,,,,141
2025/1/4,01:00,1350,,,,138
2025/1/4,01:15,1350,,,,117
2025/1/4,01:30,1350,,,,115
2025/1/4,01:45,1350,,,,112
2025/1/4,02:00,1350,,,,115
2025/1/4,02:15,1350,,,,114
2025/1/4,02:30,1350,,,,115
2025/1/4,02:45,1350,,,,117
2025/1/4,03:00,1350,,,,117
2025/1/4,03:15,1350,,,,115
2025/1/4,03:30,1350,,,,117
2025/1/4,03:45,1350,,,,114
2025/1/4,04:00,1350,,,,114
2025/1/4,04:15,1350,,,,112
2025/1/4,04:30,1350,,,,112
2025/1/4,04:45,1350,,,,107
2025/1/4,05:00,1350,,,,107
2025/1/4,05:15,1350,,,,106
2025/1/4,05:30,1350,,,,104
2025/1/4,05:45,1350,,,,114
2025/1/4,06:00,1350,,,,128
2025/1/4,06:15,1350,,,131,
2025/1/4,06:30,1350,,,131,
2025/1/4,06:45,1350,,,128,
2025/1/4,07:00,1350,,,127,
2025/1/4,07:15,1350,,,196,
2025/1/4,07:30,1350,,,209,
2025/1/4,07:45,1350,,,214,
2025/1/4,08:00,1350,,,205,
2025/1/4,08:15,1350,,,264,
2025/1/4,08:30,1350,,,279,
2025/1/4,08:45,1350,,,303,
2025/1/4,09:00,1350,,,332,
2025/1/4,09:15,1350,,,352,
2025/1/4,09:30,1350,,,386,
2025/1/4,09:45,1350,,,397,
2025/1/4,10:00,1350,,,365,
2025/1/4,10:15,1350,,,411,
2025/1/4,10:30,1350,,,516,
2025/1/4,10:45,1350,,,499,
2025/1/4,11:00,1350,,,531,
2025/1/4,11:15,1350,,,,535
2025/1/4,11:30,1350,,,,476
2025/1/4,11:45,1350,,,,517
2025/1/4,12:00,1350,,,,456
2025/1/4,12:15,1350,,,,349
2025/1/4,12:30,1350,,,,351
2025/1/4,12:45,1350,,,,364
2025/1/4,13:00,1350,,,,503
2025/1/4,13:15,1350,,,,588
2025/1/4,13:30,1350,,,,548
2025/1/4,13:45,1350,,,,585
2025/1/4,14:00,1350,,,,572
2025/1/4,14:15,1350,,,481,
2025/1/4,14:30,1350,,,503,
2025/1/4,14:45,1350,,,460,
2025/1/4,15:00,1350,,,394,
2025/1/4,15:15,1350,,,502,
2025/1/4,15:30,1350,,,448,
2025/1/4,15:45,1350,,,439,
2025/1/4,16:00,1350,,,448,
2025/1/4,16:15,1350,,,485,
2025/1/4,16:30,1350,,,506,
2025/1/4,16:45,1350,,,350,
2025/1/4,17:00,1350,,,302,
2025/1/4,17:15,1350,,,269,
2025/1/4,17:30,1350,,,272,
2025/1/4,17:45,1350,,,277,
2025/1/4,18:00,1350,,,253,
2025/1/4,18:15,1350,,,251,
2025/1/4,18:30,1350,,,226,
2025/1/4,18:45,1350,,,222,
2025/1/4,19:00,1350,,,238,
2025/1/4,19:15,1350,,,230,
2025/1/4,19:30,1350,,,179,
2025/1/4,19:45,1350,,,170,
2025/1/4,20:00,1350,,,171,
2025/1/4,20:15,1350,,,160,
2025/1/4,20:30,1350,,,115,
2025/1/4,20:45,1350,,,117,
2025/1/4,21:00,1350,,,117,
2025/1/4,21:15,1350,,,109,
2025/1/4,21:30,1350,,,110,
2025/1/4,21:45,1350,,,107,
2025/1/4,22:00,1350,,,102,
2025/1/4,22:15,1350,,,104,
2025/1/4,22:30,1350,,,106,
2025/1/4,22:45,1350,,,91,
2025/1/4,23:00,1350,,,94,
2025/1/4,23:15,1350,,,90,
2025/1/4,23:30,1350,,,90,
2025/1/4,23:45,1350,,,82,
2025/1/5,00:00,1350,,,85,
2025/1/5,00:15,1350,,,,78
2025/1/5,00:30,1350,,,,82
2025/1/5,00:45,1350,,,,74
2025/1/5,01:00,1350,,,,78
2025/1/5,01:15,1350,,,,77
2025/1/5,01:30,1350,,,,74
2025/1/5,01:45,1350,,,,82
2025/1/5,02:00,1350,,,,77
2025/1/5,02:15,1350,,,,77
2025/1/5,02:30,1350,,,,82
2025/1/5,02:45,1350,,,,77
2025/1/5,03:00,1350,,,,80
2025/1/5,03:15,1350,,,,83
2025/1/5,03:30,1350,,,,78
2025/1/5,03:45,1350,,,,77
2025/1/5,04:00,1350,,,,80
2025/1/5,04:15,1350,,,,77
2025/1/5,04:30,1350,,,,82
2025/1/5,04:45,1350,,,,72
2025/1/5,05:00,1350,,,,77
2025/1/5,05:15,1350,,,,75
2025/1/5,05:30,1350,,,,74
2025/1/5,05:45,1350,,,,77
2025/1/5,06:00,1350,,,,72
2025/1/5,06:15,1350,,,,77
2025/1/5,06:30,1350,,,,78
2025/1/5,06:45,1350,,,,74
2025/1/5,07:00,1350,,,,78
2025/1/5,07:15,1350,,,,73
2025/1/5,07:30,1350,,,,74
2025/1/5,07:45,1350,,,,72
2025/1/5,08:00,1350,,,,62
2025/1/5,08:15,1350,,,,57
2025/1/5,08:30,1350,,,,51
2025/1/5,08:45,1350,,,,60
2025/1/5,09:00,1350,,,,55
2025/1/5,09:15,1350,,,,58
2025/1/5,09:30,1350,,,,51
2025/1/5,09:45,1350,,,,57
2025/1/5,10:00,1350,,,,52
2025/1/5,10:15,1350,,,,53
2025/1/5,10:30,1350,,,,60
2025/1/5,10:45,1350,,,,51
2025/1/5,11:00,1350,,,,55
2025/1/5,11:15,1350,,,,53
2025/1/5,11:30,1350,,,,53
2025/1/5,11:45,1350,,,,54
2025/1/5,12:00,1350,,,,55
2025/1/5,12:15,1350,,,,58
2025/1/5,12:30,1350,,,,61
2025/1/5,12:45,1350,,,,71
2025/1/5,13:00,1350,,,,64
2025/1/5,13:15,1350,,,,65
2025/1/5,13:30,1350,,,,62
2025/1/5,13:45,1350,,,,65
2025/1/5,14:00,1350,,,,61
2025/1/5,14:15,1350,,,,64
2025/1/5,14:30,1350,,,,69
2025/1/5,14:45,1350,,,,62
2025/1/5,15:00,1350,,,,66
2025/1/5,15:15,1350,,,,65
2025/1/5,15:30,1350,,,,65
2025/1/5,15:45,1350,,,,67
2025/1/5,16:00,1350,,,,60
2025/1/5,16:15,1350,,,,62
2025/1/5,16:30,1350,,,,53
2025/1/5,16:45,1350,,,,55
2025/1/5,17:00,1350,,,,61
2025/1/5,17:15,1350,,,,54
2025/1/5,17:30,1350,,,,60
2025/1/5,17:45,1350,,,,54
2025/1/5,18:00,1350,,,,61
2025/1/5,18:15,1350,,,,54
2025/1/5,18:30,1350,,,,58
2025/1/5,18:45,1350,,,,56
2025/1/5,19:00,1350,,,,56
2025/1/5,19:15,1350,,,,61
2025/1/5,19:30,1350,,,,56
2025/1/5,19:45,1350,,,,61
2025/1/5,20:00,1350,,,,54
2025/1/5,20:15,1350,,,,62
2025/1/5,20:30,1350,,,,56
2025/1/5,20:45,1350,,,,62
2025/1/5,21:00,1350,,,,58
2025/1/5,21:15,1350,,,,61
2025/1/5,21:30,1350,,,,58
2025/1/5,21:45,1350,,,,58
2025/1/5,22:00,1350,,,,62
2025/1/5,22:15,1350,,,,56
2025/1/5,22:30,1350,,,,64
2025/1/5,22:45,1350,,,,56
2025/1/5,23:00,1350,,,,59
2025/1/5,23:15,1350,,,,58
2025/1/5,23:30,1350,,,,58
2025/1/5,23:45,1350,,,,54
2025/1/6,00:00,1350,,,,58
2025/1/6,00:15,1350,,,,59
2025/1/6,00:30,1350,,,,58
2025/1/6,00:45,1350,,,,61
2025/1/6,01:00,1350,,,,54
2025/1/6,01:15,1350,,,,62
2025/1/6,01:30,1350,,,,54
2025/1/6,01:45,1350,,,,61
2025/1/6,02:00,1350,,,,56
2025/1/6,02:15,1350,,,,61
2025/1/6,02:30,1350,,,,59
2025/1/6,02:45,1350,,,,59
2025/1/6,03:00,1350,,,,61
2025/1/6,03:15,1350,,,,58
2025/1/6,03:30,1350,,,,64
2025/1/6,03:45,1350,,,,56
2025/1/6,04:00,1350,,,,62
2025/1/6,04:15,1350,,,,58
2025/1/6,04:30,1350,,,,58
2025/1/6,04:45,1350,,,,54
2025/1/6,05:00,1350,,,,56
2025/1/6,05:15,1350,,,,56
2025/1/6,05:30,1350,,,,53
2025/1/6,05:45,1350,,,,58
2025/1/6,06:00,1350,,,,51
2025/1/6,06:15,1350,,58,,
2025/1/6,06:30,1350,,53,,
2025/1/6,06:45,1350,,58,,
2025/1/6,07:00,1350,,54,,
2025/1/6,07:15,1350,,133,,
2025/1/6,07:30,1350,,195,,
2025/1/6,07:45,1350,,223,,
2025/1/6,08:00,1350,,284,,
2025/1/6,08:15,1350,,657,,
2025/1/6,08:30,1350,,915,,
2025/1/6,08:45,1350,,995,,
2025/1/6,09:00,1350,,970,,
2025/1/6,09:15,1350,,979,,
2025/1/6,09:30,1350,,924,,
2025/1/6,09:45,1350,,816,,
2025/1/6,10:00,1350,,750,,
2025/1/6,10:15,1350,,897,,
2025/1/6,10:30,1350,,831,,
2025/1/6,10:45,1350,,710,,
2025/1/6,11:00,1350,,785,,
2025/1/6,11:15,1350,,,,706
2025/1/6,11:30,1350,,,,660
2025/1/6,11:45,1350,,,,669
2025/1/6,12:00,1350,,,,587
2025/1/6,12:15,1350,,,,409
2025/1/6,12:30,1350,,,,410
2025/1/6,12:45,1350,,,,470
2025/1/6,13:00,1350,,,,755
2025/1/6,13:15,1350,,,,866
2025/1/6,13:30,1350,,,,919
2025/1/6,13:45,1350,,,,906
2025/1/6,14:00,1350,,,,903
2025/1/6,14:15,1350,,1020,,
2025/1/6,14:30,1350,,933,,
2025/1/6,14:45,1350,,892,,
2025/1/6,15:00,1350,,862,,
2025/1/6,15:15,1350,,946,,
2025/1/6,15:30,1350,,896,,
2025/1/6,15:45,1350,,904,,
2025/1/6,16:00,1350,,926,,
2025/1/6,16:15,1350,,918,,
2025/1/6,16:30,1350,,919,,
2025/1/6,16:45,1350,,1113,,
2025/1/6,17:00,1350,,1034,,
2025/1/6,17:15,1350,,675,,
2025/1/6,17:30,1350,,636,,
2025/1/6,17:45,1350,,984,,
2025/1/6,18:00,1350,,1067,,
2025/1/6,18:15,1350,,997,,
2025/1/6,18:30,1350,,982,,
2025/1/6,18:45,1350,,958,,
2025/1/6,19:00,1350,,944,,
2025/1/6,19:15,1350,,816,,
2025/1/6,19:30,1350,,590,,
2025/1/6,19:45,1350,,450,,
2025/1/6,20:00,1350,,464,,
2025/1/6,20:15,1350,,378,,
2025/1/6,20:30,1350,,342,,
2025/1/6,20:45,1350,,315,,
2025/1/6,21:00,1350,,341,,
2025/1/6,21:15,1350,,288,,
2025/1/6,21:30,1350,,317,,
2025/1/6,21:45,1350,,304,,
2025/1/6,22:00,1350,,285,,
2025/1/6,22:15,1350,,318,,
2025/1/6,22:30,1350,,262,,
2025/1/6,22:45,1350,,304,,
2025/1/6,23:00,1350,,288,,
2025/1/6,23:15,1350,,250,,
2025/1/6,23:30,1350,,146,,
2025/1/6,23:45,1350,,107,,
2025/1/7,00:00,1350,,107,,
2025/1/7,00:15,1350,,,,107
2025/1/7,00:30,1350,,,,107
2025/1/7,00:45,1350,,,,107
2025/1/7,01:00,1350,,,,107
2025/1/7,01:15,1350,,,,109
2025/1/7,01:30,1350,,,,112
2025/1/7,01:45,1350,,,,107
2025/1/7,02:00,1350,,,,109
2025/1/7,02:15,1350,,,,107
2025/1/7,02:30,1350,,,,109
2025/1/7,02:45,1350,,,,107
2025/1/7,03:00,1350,,,,109
2025/1/7,03:15,1350,,,,109
2025/1/7,03:30,1350,,,,109
2025/1/7,03:45,1350,,,,94
2025/1/7,04:00,1350,,,,93
2025/1/7,04:15,1350,,,,94
2025/1/7,04:30,1350,,,,94
2025/1/7,04:45,1350,,,,90
2025/1/7,05:00,1350,,,,91
2025/1/7,05:15,1350,,,,88
2025/1/7,05:30,1350,,,,90
2025/1/7,05:45,1350,,,,90
2025/1/7,06:00,1350,,,,90
2025/1/7,06:15,1350,,93,,
2025/1/7,06:30,1350,,98,,
2025/1/7,06:45,1350,,90,,
2025/1/7,07:00,1350,,81,,
2025/1/7,07:15,1350,,107,,
2025/1/7,07:30,1350,,150,,
2025/1/7,07:45,1350,,156,,
2025/1/7,08:00,1350,,224,,
2025/1/7,08:15,1350,,502,,
2025/1/7,08:30,1350,,810,,
2025/1/7,08:45,1350,,923,,
2025/1/7,09:00,1350,,921,,
2025/1/7,09:15,1350,,838,,
2025/1/7,09:30,1350,,748,,
2025/1/7,09:45,1350,,666,,
2025/1/7,10:00,1350,,658,,
2025/1/7,10:15,1350,,714,,
2025/1/7,10:30,1350,,631,,
2025/1/7,10:45,1350,,675,,
2025/1/7,11:00,1350,,729,,
2025/1/7,11:15,1350,,,,729
2025/1/7,11:30,1350,,,,634
2025/1/7,11:45,1350,,,,784
2025/1/7,12:00,1350,,,,654
2025/1/7,12:15,1350,,,,248
2025/1/7,12:30,1350,,,,223
2025/1/7,12:45,1350,,,,261
2025/1/7,13:00,1350,,,,693
2025/1/7,13:15,1350,,,,765
2025/1/7,13:30,1350,,,,767
2025/1/7,13:45,1350,,,,743
2025/1/7,14:00,1350,,,,750
2025/1/7,14:15,1350,,748,,
2025/1/7,14:30,1350,,666,,
2025/1/7,14:45,1350,,756,,
2025/1/7,15:00,1350,,682,,
2025/1/7,15:15,1350,,712,,
2025/1/7,15:30,1350,,714,,
2025/1/7,15:45,1350,,743,,
2025/1/7,16:00,1350,,742,,
2025/1/7,16:15,1350,,782,,
2025/1/7,16:30,1350,,797,,
2025/1/7,16:45,1350,,790,,
2025/1/7,17:00,1350,,526,,
2025/1/7,17:15,1350,,182,,
2025/1/7,17:30,1350,,177,,
2025/1/7,17:45,1350,,568,,
2025/1/7,18:00,1350,,747,,
2025/1/7,18:15,1350,,742,,
2025/1/7,18:30,1350,,734,,
2025/1/7,18:45,1350,,726,,
2025/1/7,19:00,1350,,699,,
2025/1/7,19:15,1350,,438,,
2025/1/7,19:30,1350,,197,,
2025/1/7,19:45,1350,,128,,
2025/1/7,20:00,1350,,142,,
2025/1/7,20:15,1350,,154,,
2025/1/7,20:30,1350,,152,,
2025/1/7,20:45,1350,,154,,
2025/1/7,21:00,1350,,162,,
2025/1/7,21:15,1350,,194,,
2025/1/7,21:30,1350,,158,,
2025/1/7,21:45,1350,,158,,
2025/1/7,22:00,1350,,160,,
2025/1/7,22:15,1350,,168,,
2025/1/7,22:30,1350,,214,,
2025/1/7,22:45,1350,,170,,
2025/1/7,23:00,1350,,173,,
2025/1/7,23:15,1350,,168,,
2025/1/7,23:30,1350,,206,,
2025/1/7,23:45,1350,,170,,
2025/1/8,00:00,1350,,162,,
2025/1/8,00:15,1350,,,,165
2025/1/8,00:30,1350,,,,181
2025/1/8,00:45,1350,,,,194
2025/1/8,01:00,1350,,,,160
2025/1/8,01:15,1350,,,,149
2025/1/8,01:30,1350,,,,152
2025/1/8,01:45,1350,,,,178
2025/1/8,02:00,1350,,,,125
2025/1/8,02:15,1350,,,,80
2025/1/8,02:30,1350,,,,78
2025/1/8,02:45,1350,,,,80
2025/1/8,03:00,1350,,,,78
2025/1/8,03:15,1350,,,,80
2025/1/8,03:30,1350,,,,80
2025/1/8,03:45,1350,,,,67
2025/1/8,04:00,1350,,,,66
2025/1/8,04:15,1350,,,,66
2025/1/8,04:30,1350,,,,66
2025/1/8,04:45,1350,,,,62
2025/1/8,05:00,1350,,,,62
2025/1/8,05:15,1350,,,,62
2025/1/8,05:30,1350,,,,64
2025/1/8,05:45,1350,,,,61
2025/1/8,06:00,1350,,,,62
2025/1/8,06:15,1350,,64,,
2025/1/8,06:30,1350,,62,,
2025/1/8,06:45,1350,,62,,
2025/1/8,07:00,1350,,65,,
2025/1/8,07:15,1350,,138,,
2025/1/8,07:30,1350,,207,,
2025/1/8,07:45,1350,,228,,
2025/1/8,08:00,1350,,293,,
2025/1/8,08:15,1350,,670,,
2025/1/8,08:30,1350,,931,,
2025/1/8,08:45,1350,,979,,
2025/1/8,09:00,1350,,1005,,
2025/1/8,09:15,1350,,1013,,
2025/1/8,09:30,1350,,1018,,
2025/1/8,09:45,1350,,1040,,
2025/1/8,10:00,1350,,953,,
2025/1/8,10:15,1350,,1021,,
2025/1/8,10:30,1350,,983,,
2025/1/8,10:45,1350,,1013,,
2025/1/8,11:00,1350,,1030,,
2025/1/8,11:15,1350,,,,962
2025/1/8,11:30,1350,,,,1002
2025/1/8,11:45,1350,,,,971
2025/1/8,12:00,1350,,,,787
2025/1/8,12:15,1350,,,,456
2025/1/8,12:30,1350,,,,438
2025/1/8,12:45,1350,,,,439
2025/1/8,13:00,1350,,,,815
2025/1/8,13:15,1350,,,,949
2025/1/8,13:30,1350,,,,956
2025/1/8,13:45,1350,,,,917
2025/1/8,14:00,1350,,,,915
2025/1/8,14:15,1350,,911,,
2025/1/8,14:30,1350,,907,,
2025/1/8,14:45,1350,,896,,
2025/1/8,15:00,1350,,794,,
2025/1/8,15:15,1350,,928,,
2025/1/8,15:30,1350,,966,,
2025/1/8,15:45,1350,,963,,
2025/1/8,16:00,1350,,940,,
2025/1/8,16:15,1350,,892,,
2025/1/8,16:30,1350,,886,,
2025/1/8,16:45,1350,,863,,
2025/1/8,17:00,1350,,677,,
2025/1/8,17:15,1350,,353,,
2025/1/8,17:30,1350,,369,,
2025/1/8,17:45,1350,,651,,
2025/1/8,18:00,1350,,808,,
2025/1/8,18:15,1350,,856,,
2025/1/8,18:30,1350,,838,,
2025/1/8,18:45,1350,,893,,
2025/1/8,19:00,1350,,893,,
2025/1/8,19:15,1350,,658,,
2025/1/8,19:30,1350,,483,,
2025/1/8,19:45,1350,,443,,
2025/1/8,20:00,1350,,437,,
2025/1/8,20:15,1350,,472,,
2025/1/8,20:30,1350,,534,,
2025/1/8,20:45,1350,,576,,
2025/1/8,21:00,1350,,520,,
2025/1/8,21:15,1350,,517,,
2025/1/8,21:30,1350,,509,,
2025/1/8,21:45,1350,,485,,
2025/1/8,22:00,1350,,464,,
2025/1/8,22:15,1350,,435,,
2025/1/8,22:30,1350,,434,,
2025/1/8,22:45,1350,,451,,
2025/1/8,23:00,1350,,445,,
2025/1/8,23:15,1350,,450,,
2025/1/8,23:30,1350,,421,,
2025/1/8,23:45,1350,,349,,
2025/1/9,00:00,1350,,291,,
2025/1/9,00:15,1350,,,,250
2025/1/9,00:30,1350,,,,198
2025/1/9,00:45,1350,,,,194
2025/1/9,01:00,1350,,,,197
2025/1/9,01:15,1350,,,,186
2025/1/9,01:30,1350,,,,190
2025/1/9,01:45,1350,,,,226
2025/1/9,02:00,1350,,,,174
2025/1/9,02:15,1350,,,,138
2025/1/9,02:30,1350,,,,123
2025/1/9,02:45,1350,,,,125
2025/1/9,03:00,1350,,,,123
2025/1/9,03:15,1350,,,,122
2025/1/9,03:30,1350,,,,122
2025/1/9,03:45,1350,,,,117
2025/1/9,04:00,1350,,,,110
2025/1/9,04:15,1350,,,,112
2025/1/9,04:30,1350,,,,112
2025/1/9,04:45,1350,,,,98
2025/1/9,05:00,1350,,,,98
2025/1/9,05:15,1350,,,,98
2025/1/9,05:30,1350,,,,96
2025/1/9,05:45,1350,,,,85
2025/1/9,06:00,1350,,,,82
2025/1/9,06:15,1350,,99,,
2025/1/9,06:30,1350,,109,,
2025/1/9,06:45,1350,,109,,
2025/1/9,07:00,1350,,112,,
2025/1/9,07:15,1350,,174,,
2025/1/9,07:30,1350,,231,,
2025/1/9,07:45,1350,,233,,
2025/1/9,08:00,1350,,286,,
2025/1/9,08:15,1350,,678,,
2025/1/9,08:30,1350,,782,,
2025/1/9,08:45,1350,,729,,
2025/1/9,09:00,1350,,739,,
2025/1/9,09:15,1350,,834,,
2025/1/9,09:30,1350,,995,,
2025/1/9,09:45,1350,,976,,
2025/1/9,10:00,1350,,777,,
2025/1/9,10:15,1350,,919,,
2025/1/9,10:30,1350,,870,,
2025/1/9,10:45,1350,,763,,
2025/1/9,11:00,1350,,800,,
2025/1/9,11:15,1350,,,,889
2025/1/9,11:30,1350,,,,727
2025/1/9,11:45,1350,,,,708
2025/1/9,12:00,1350,,,,651
2025/1/9,12:15,1350,,,,404
2025/1/9,12:30,1350,,,,398
2025/1/9,12:45,1350,,,,420
2025/1/9,13:00,1350,,,,749
2025/1/9,13:15,1350,,,,815
2025/1/9,13:30,1350,,,,829
2025/1/9,13:45,1350,,,,714
2025/1/9,14:00,1350,,,,771
2025/1/9,14:15,1350,,829,,
2025/1/9,14:30,1350,,811,,
2025/1/9,14:45,1350,,751,,
2025/1/9,15:00,1350,,675,,
2025/1/9,15:15,1350,,803,,
2025/1/9,15:30,1350,,769,,
2025/1/9,15:45,1350,,845,,
2025/1/9,16:00,1350,,843,,
2025/1/9,16:15,1350,,705,,
2025/1/9,16:30,1350,,787,,
2025/1/9,16:45,1350,,837,,
2025/1/9,17:00,1350,,585,,
2025/1/9,17:15,1350,,362,,
2025/1/9,17:30,1350,,375,,
2025/1/9,17:45,1350,,608,,
2025/1/9,18:00,1350,,682,,
2025/1/9,18:15,1350,,733,,
2025/1/9,18:30,1350,,693,,
2025/1/9,18:45,1350,,675,,
2025/1/9,19:00,1350,,725,,
2025/1/9,19:15,1350,,466,,
2025/1/9,19:30,1350,,362,,
2025/1/9,19:45,1350,,323,,
2025/1/9,20:00,1350,,355,,
2025/1/9,20:15,1350,,278,,
2025/1/9,20:30,1350,,256,,
2025/1/9,20:45,1350,,261,,
2025/1/9,21:00,1350,,253,,
2025/1/9,21:15,1350,,264,,
2025/1/9,21:30,1350,,275,,
2025/1/9,21:45,1350,,283,,
2025/1/9,22:00,1350,,307,,
2025/1/9,22:15,1350,,325,,
2025/1/9,22:30,1350,,310,,
2025/1/9,22:45,1350,,278,,
2025/1/9,23:00,1350,,256,,
2025/1/9,23:15,1350,,245,,
2025/1/9,23:30,1350,,230,,
2025/1/9,23:45,1350,,214,,
2025/1/10,00:00,1350,,160,,
2025/1/10,00:15,1350,,,,157
2025/1/10,00:30,1350,,,,152
2025/1/10,00:45,1350,,,,144
2025/1/10,01:00,1350,,,,139
2025/1/10,01:15,1350,,,,133
2025/1/10,01:30,1350,,,,131
2025/1/10,01:45,1350,,,,130
2025/1/10,02:00,1350,,,,131
2025/1/10,02:15,1350,,,,123
2025/1/10,02:30,1350,,,,122
2025/1/10,02:45,1350,,,,123
2025/1/10,03:00,1350,,,,109
2025/1/10,03:15,1350,,,,112
2025/1/10,03:30,1350,,,,109
2025/1/10,03:45,1350,,,,110
2025/1/10,04:00,1350,,,,109
2025/1/10,04:15,1350,,,,110
2025/1/10,04:30,1350,,,,107
2025/1/10,04:45,1350,,,,96
2025/1/10,05:00,1350,,,,94
2025/1/10,05:15,1350,,,,94
2025/1/10,05:30,1350,,,,96
2025/1/10,05:45,1350,,,,115
2025/1/10,06:00,1350,,,,122
2025/1/10,06:15,1350,,122,,
2025/1/10,06:30,1350,,117,,
2025/1/10,06:45,1350,,131,,
2025/1/10,07:00,1350,,186,,
2025/1/10,07:15,1350,,198,,
2025/1/10,07:30,1350,,224,,
2025/1/10,07:45,1350,,231,,
2025/1/10,08:00,1350,,241,,
2025/1/10,08:15,1350,,517,,
2025/1/10,08:30,1350,,789,,
2025/1/10,08:45,1350,,778,,
2025/1/10,09:00,1350,,754,,
2025/1/10,09:15,1350,,724,,
2025/1/10,09:30,1350,,759,,
2025/1/10,09:45,1350,,803,,
2025/1/10,10:00,1350,,733,,
2025/1/10,10:15,1350,,708,,
2025/1/10,10:30,1350,,749,,
2025/1/10,10:45,1350,,813,,
2025/1/10,11:00,1350,,756,,
2025/1/10,11:15,1350,,,,792
2025/1/10,11:30,1350,,,,777
2025/1/10,11:45,1350,,,,753
2025/1/10,12:00,1350,,,,706
2025/1/10,12:15,1350,,,,446
2025/1/10,12:30,1350,,,,472
2025/1/10,12:45,1350,,,,534
2025/1/10,13:00,1350,,,,795
2025/1/10,13:15,1350,,,,877
2025/1/10,13:30,1350,,,,846
2025/1/10,13:45,1350,,,,808
2025/1/10,14:00,1350,,,,929
2025/1/10,14:15,1350,,839,,
2025/1/10,14:30,1350,,849,,
2025/1/10,14:45,1350,,880,,
2025/1/10,15:00,1350,,769,,
2025/1/10,15:15,1350,,840,,
2025/1/10,15:30,1350,,931,,
2025/1/10,15:45,1350,,943,,
2025/1/10,16:00,1350,,917,,
2025/1/10,16:15,1350,,873,,
2025/1/10,16:30,1350,,863,,
2025/1/10,16:45,1350,,762,,
2025/1/10,17:00,1350,,648,,
2025/1/10,17:15,1350,,581,,
2025/1/10,17:30,1350,,621,,
2025/1/10,17:45,1350,,755,,
2025/1/10,18:00,1350,,883,,
2025/1/10,18:15,1350,,883,,
2025/1/10,18:30,1350,,902,,
2025/1/10,18:45,1350,,832,,
2025/1/10,19:00,1350,,779,,
2025/1/10,19:15,1350,,824,,
2025/1/10,19:30,1350,,800,,
2025/1/10,19:45,1350,,643,,
2025/1/10,20:00,1350,,626,,
2025/1/10,20:15,1350,,619,,
2025/1/10,20:30,1350,,472,,
2025/1/10,20:45,1350,,450,,
2025/1/10,21:00,1350,,416,,
2025/1/10,21:15,1350,,330,,
2025/1/10,21:30,1350,,347,,
2025/1/10,21:45,1350,,280,,
2025/1/10,22:00,1350,,349,,
2025/1/10,22:15,1350,,275,,
2025/1/10,22:30,1350,,333,,
2025/1/10,22:45,1350,,288,,
2025/1/10,23:00,1350,,357,,
2025/1/10,23:15,1350,,363,,
2025/1/10,23:30,1350,,314,,
2025/1/10,23:45,1350,,362,,
2025/1/11,00:00,1350,,307,,
2025/1/11,00:15,1350,,,,376
2025/1/11,00:30,1350,,,,306
2025/1/11,00:45,1350,,,,376
2025/1/11,01:00,1350,,,,306
2025/1/11,01:15,1350,,,,365
2025/1/11,01:30,1350,,,,317
2025/1/11,01:45,1350,,,,355
2025/1/11,02:00,1350,,,,294
2025/1/11,02:15,1350,,,,149
2025/1/11,02:30,1350,,,,114
2025/1/11,02:45,1350,,,,112
2025/1/11,03:00,1350,,,,114
2025/1/11,03:15,1350,,,,112
2025/1/11,03:30,1350,,,,112
2025/1/11,03:45,1350,,,,114
2025/1/11,04:00,1350,,,,114
2025/1/11,04:15,1350,,,,112
2025/1/11,04:30,1350,,,,112
2025/1/11,04:45,1350,,,,114
2025/1/11,05:00,1350,,,,110
2025/1/11,05:15,1350,,,,114
2025/1/11,05:30,1350,,,,109
2025/1/11,05:45,1350,,,,117
2025/1/11,06:00,1350,,,,123
2025/1/11,06:15,1350,,,134,
2025/1/11,06:30,1350,,,114,
2025/1/11,06:45,1350,,,125,
2025/1/11,07:00,1350,,,163,
2025/1/11,07:15,1350,,,170,
2025/1/11,07:30,1350,,,175,
2025/1/11,07:45,1350,,,176,
2025/1/11,08:00,1350,,,200,
2025/1/11,08:15,1350,,,309,
2025/1/11,08:30,1350,,,438,
2025/1/11,08:45,1350,,,544,
2025/1/11,09:00,1350,,,456,
2025/1/11,09:15,1350,,,432,
2025/1/11,09:30,1350,,,442,
2025/1/11,09:45,1350,,,426,
2025/1/11,10:00,1350,,,436,
2025/1/11,10:15,1350,,,473,
2025/1/11,10:30,1350,,,431,
2025/1/11,10:45,1350,,,455,
2025/1/11,11:00,1350,,,482,
2025/1/11,11:15,1350,,,,559
2025/1/11,11:30,1350,,,,506
2025/1/11,11:45,1350,,,,455
2025/1/11,12:00,1350,,,,384
2025/1/11,12:15,1350,,,,306
2025/1/11,12:30,1350,,,,259
2025/1/11,12:45,1350,,,,250
2025/1/11,13:00,1350,,,,288
2025/1/11,13:15,1350,,,,313
2025/1/11,13:30,1350,,,,307
2025/1/11,13:45,1350,,,,375
2025/1/11,14:00,1350,,,,338
2025/1/11,14:15,1350,,,368,
2025/1/11,14:30,1350,,,394,
2025/1/11,14:45,1350,,,385,
2025/1/11,15:00,1350,,,290,
2025/1/11,15:15,1350,,,295,
2025/1/11,15:30,1350,,,255,
2025/1/11,15:45,1350,,,253,
2025/1/11,16:00,1350,,,271,
2025/1/11,16:15,1350,,,308,
2025/1/11,16:30,1350,,,247,
2025/1/11,16:45,1350,,,333,
2025/1/11,17:00,1350,,,251,
2025/1/11,17:15,1350,,,171,
2025/1/11,17:30,1350,,,267,
2025/1/11,17:45,1350,,,325,
2025/1/11,18:00,1350,,,192,
2025/1/11,18:15,1350,,,142,
2025/1/11,18:30,1350,,,144,
2025/1/11,18:45,1350,,,150,
2025/1/11,19:00,1350,,,152,
2025/1/11,19:15,1350,,,149,
2025/1/11,19:30,1350,,,142,
2025/1/11,19:45,1350,,,136,
2025/1/11,20:00,1350,,,136,
2025/1/11,20:15,1350,,,139,
2025/1/11,20:30,1350,,,134,
2025/1/11,20:45,1350,,,130,
2025/1/11,21:00,1350,,,126,
2025/1/11,21:15,1350,,,125,
2025/1/11,21:30,1350,,,120,
2025/1/11,21:45,1350,,,117,
2025/1/11,22:00,1350,,,112,
2025/1/11,22:15,1350,,,112,
2025/1/11,22:30,1350,,,106,
2025/1/11,22:45,1350,,,109,
2025/1/11,23:00,1350,,,107,
2025/1/11,23:15,1350,,,107,
2025/1/11,23:30,1350,,,102,
2025/1/11,23:45,1350,,,91,
2025/1/12,00:00,1350,,,93,
2025/1/12,00:15,1350,,,,93
2025/1/12,00:30,1350,,,,94
2025/1/12,00:45,1350,,,,96
2025/1/12,01:00,1350,,,,99
2025/1/12,01:15,1350,,,,96
2025/1/12,01:30,1350,,,,94
2025/1/12,01:45,1350,,,,82
2025/1/12,02:00,1350,,,,82
2025/1/12,02:15,1350,,,,66
2025/1/12,02:30,1350,,,,62
2025/1/12,02:45,1350,,,,64
2025/1/12,03:00,1350,,,,66
2025/1/12,03:15,1350,,,,62
2025/1/12,03:30,1350,,,,64
2025/1/12,03:45,1350,,,,64
2025/1/12,04:00,1350,,,,66
2025/1/12,04:15,1350,,,,70
2025/1/12,04:30,1350,,,,67
2025/1/12,04:45,1350,,,,66
2025/1/12,05:00,1350,,,,62
2025/1/12,05:15,1350,,,,62
2025/1/12,05:30,1350,,,,67
2025/1/12,05:45,1350,,,,69
2025/1/12,06:00,1350,,,,61
2025/1/12,06:15,1350,,,,62
2025/1/12,06:30,1350,,,,62
2025/1/12,06:45,1350,,,,67
2025/1/12,07:00,1350,,,,68
2025/1/12,07:15,1350,,,,61
2025/1/12,07:30,1350,,,,60
2025/1/12,07:45,1350,,,,68
2025/1/12,08:00,1350,,,,66
2025/1/12,08:15,1350,,,,68
2025/1/12,08:30,1350,,,,65
2025/1/12,08:45,1350,,,,64
2025/1/12,09:00,1350,,,,70
2025/1/12,09:15,1350,,,,69
2025/1/12,09:30,1350,,,,70
2025/1/12,09:45,1350,,,,69
2025/1/12,10:00,1350,,,,71
2025/1/12,10:15,1350,,,,73
2025/1/12,10:30,1350,,,,74
2025/1/12,10:45,1350,,,,75
2025/1/12,11:00,1350,,,,77
2025/1/12,11:15,1350,,,,76
2025/1/12,11:30,1350,,,,77
2025/1/12,11:45,1350,,,,76
2025/1/12,12:00,1350,,,,80
2025/1/12,12:15,1350,,,,75
2025/1/12,12:30,1350,,,,71
2025/1/12,12:45,1350,,,,73
2025/1/12,13:00,1350,,,,69
2025/1/12,13:15,1350,,,,75
2025/1/12,13:30,1350,,,,73
2025/1/12,13:45,1350,,,,73
2025/1/12,14:00,1350,,,,77
2025/1/12,14:15,1350,,,,74
2025/1/12,14:30,1350,,,,76
2025/1/12,14:45,1350,,,,73
2025/1/12,15:00,1350,,,,71
2025/1/12,15:15,1350,,,,75
2025/1/12,15:30,1350,,,,70
2025/1/12,15:45,1350,,,,74
2025/1/12,16:00,1350,,,,66
2025/1/12,16:15,1350,,,,72
2025/1/12,16:30,1350,,,,66
2025/1/12,16:45,1350,,,,68
2025/1/12,17:00,1350,,,,69
2025/1/12,17:15,1350,,,,66
2025/1/12,17:30,1350,,,,70
2025/1/12,17:45,1350,,,,64
2025/1/12,18:00,1350,,,,72
2025/1/12,18:15,1350,,,,64
2025/1/12,18:30,1350,,,,69
2025/1/12,18:45,1350,,,,69
2025/1/12,19:00,1350,,,,67
2025/1/12,19:15,1350,,,,67
2025/1/12,19:30,1350,,,,66
2025/1/12,19:45,1350,,,,69
2025/1/12,20:00,1350,,,,64
2025/1/12,20:15,1350,,,,72
2025/1/12,20:30,1350,,,,67
2025/1/12,20:45,1350,,,,66
2025/1/12,21:00,1350,,,,69
2025/1/12,21:15,1350,,,,64
2025/1/12,21:30,1350,,,,69
2025/1/12,21:45,1350,,,,64
2025/1/12,22:00,1350,,,,69
2025/1/12,22:15,1350,,,,66
2025/1/12,22:30,1350,,,,67
2025/1/12,22:45,1350,,,,69
2025/1/12,23:00,1350,,,,66
2025/1/12,23:15,1350,,,,69
2025/1/12,23:30,1350,,,,64
2025/1/12,23:45,1350,,,,70
2025/1/13,00:00,1350,,,,64
2025/1/13,00:15,1350,,,,67
2025/1/13,00:30,1350,,,,66
2025/1/13,00:45,1350,,,,67
2025/1/13,01:00,1350,,,,69
2025/1/13,01:15,1350,,,,64
2025/1/13,01:30,1350,,,,69
2025/1/13,01:45,1350,,,,64
2025/1/13,02:00,1350,,,,72
2025/1/13,02:15,1350,,,,66
2025/1/13,02:30,1350,,,,67
2025/1/13,02:45,1350,,,,67
2025/1/13,03:00,1350,,,,67
2025/1/13,03:15,1350,,,,67
2025/1/13,03:30,1350,,,,64
2025/1/13,03:45,1350,,,,69
2025/1/13,04:00,1350,,,,64
2025/1/13,04:15,1350,,,,69
2025/1/13,04:30,1350,,,,66
2025/1/13,04:45,1350,,,,66
2025/1/13,05:00,1350,,,,69
2025/1/13,05:15,1350,,,,64
2025/1/13,05:30,1350,,,,67
2025/1/13,05:45,1350,,,,64
2025/1/13,06:00,1350,,,,67
2025/1/13,06:15,1350,,62,,
2025/1/13,06:30,1350,,67,,
2025/1/13,06:45,1350,,69,,
2025/1/13,07:00,1350,,68,,
2025/1/13,07:15,1350,,137,,
2025/1/13,07:30,1350,,174,,
2025/1/13,07:45,1350,,199,,
2025/1/13,08:00,1350,,202,,
2025/1/13,08:15,1350,,444,,
2025/1/13,08:30,1350,,574,,
2025/1/13,08:45,1350,,627,,
2025/1/13,09:00,1350,,686,,
2025/1/13,09:15,1350,,837,,
2025/1/13,09:30,1350,,905,,
2025/1/13,09:45,1350,,921,,
2025/1/13,10:00,1350,,748,,
2025/1/13,10:15,1350,,748,,
2025/1/13,10:30,1350,,901,,
2025/1/13,10:45,1350,,889,,
2025/1/13,11:00,1350,,867,,
2025/1/13,11:15,1350,,,,875
2025/1/13,11:30,1350,,,,872
2025/1/13,11:45,1350,,,,750
2025/1/13,12:00,1350,,,,565
2025/1/13,12:15,1350,,,,424
2025/1/13,12:30,1350,,,,408
2025/1/13,12:45,1350,,,,418
2025/1/13,13:00,1350,,,,717
2025/1/13,13:15,1350,,,,837
2025/1/13,13:30,1350,,,,827
2025/1/13,13:45,1350,,,,767
2025/1/13,14:00,1350,,,,838
2025/1/13,14:15,1350,,973,,
2025/1/13,14:30,1350,,997,,
2025/1/13,14:45,1350,,932,,
2025/1/13,15:00,1350,,810,,
2025/1/13,15:15,1350,,901,,
2025/1/13,15:30,1350,,815,,
2025/1/13,15:45,1350,,753,,
2025/1/13,16:00,1350,,751,,
2025/1/13,16:15,1350,,720,,
2025/1/13,16:30,1350,,682,,
2025/1/13,16:45,1350,,706,,
2025/1/13,17:00,1350,,612,,
2025/1/13,17:15,1350,,325,,
2025/1/13,17:30,1350,,421,,
2025/1/13,17:45,1350,,589,,
2025/1/13,18:00,1350,,638,,
2025/1/13,18:15,1350,,653,,
2025/1/13,18:30,1350,,642,,
2025/1/13,18:45,1350,,514,,
2025/1/13,19:00,1350,,456,,
2025/1/13,19:15,1350,,387,,
2025/1/13,19:30,1350,,338,,
2025/1/13,19:45,1350,,370,,
2025/1/13,20:00,1350,,370,,
2025/1/13,20:15,1350,,358,,
2025/1/13,20:30,1350,,294,,
2025/1/13,20:45,1350,,275,,
2025/1/13,21:00,1350,,270,,
2025/1/13,21:15,1350,,294,,
2025/1/13,21:30,1350,,253,,
2025/1/13,21:45,1350,,283,,
2025/1/13,22:00,1350,,262,,
2025/1/13,22:15,1350,,251,,
2025/1/13,22:30,1350,,275,,
2025/1/13,22:45,1350,,242,,
2025/1/13,23:00,1350,,269,,
2025/1/13,23:15,1350,,278,,
2025/1/13,23:30,1350,,256,,
2025/1/13,23:45,1350,,274,,
2025/1/14,00:00,1350,,245,,
2025/1/14,00:15,1350,,,,266
2025/1/14,00:30,1350,,,,262
2025/1/14,00:45,1350,,,,104
2025/1/14,01:00,1350,,,,99
2025/1/14,01:15,1350,,,,98
2025/1/14,01:30,1350,,,,98
2025/1/14,01:45,1350,,,,98
2025/1/14,02:00,1350,,,,99
2025/1/14,02:15,1350,,,,98
2025/1/14,02:30,1350,,,,98
2025/1/14,02:45,1350,,,,101
2025/1/14,03:00,1350,,,,99
2025/1/14,03:15,1350,,,,99
2025/1/14,03:30,1350,,,,98
2025/1/14,03:45,1350,,,,94
2025/1/14,04:00,1350,,,,96
2025/1/14,04:15,1350,,,,96
2025/1/14,04:30,1350,,,,99
2025/1/14,04:45,1350,,,,96
2025/1/14,05:00,1350,,,,99
2025/1/14,05:15,1350,,,,98
2025/1/14,05:30,1350,,,,98
2025/1/14,05:45,1350,,,,98
2025/1/14,06:00,1350,,,,99
2025/1/14,06:15,1350,,96,,
2025/1/14,06:30,1350,,86,,
2025/1/14,06:45,1350,,83,,
2025/1/14,07:00,1350,,84,,
2025/1/14,07:15,1350,,142,,
2025/1/14,07:30,1350,,215,,
2025/1/14,07:45,1350,,237,,
2025/1/14,08:00,1350,,274,,
2025/1/14,08:15,1350,,588,,
2025/1/14,08:30,1350,,779,,
2025/1/14,08:45,1350,,810,,
2025/1/14,09:00,1350,,821,,
2025/1/14,09:15,1350,,770,,
2025/1/14,09:30,1350,,790,,
2025/1/14,09:45,1350,,810,,
2025/1/14,10:00,1350,,770,,
2025/1/14,10:15,1350,,765,,
2025/1/14,10:30,1350,,774,,
2025/1/14,10:45,1350,,812,,
2025/1/14,11:00,1350,,711,,
2025/1/14,11:15,1350,,,,777
2025/1/14,11:30,1350,,,,799
2025/1/14,11:45,1350,,,,667
2025/1/14,12:00,1350,,,,591
2025/1/14,12:15,1350,,,,402
2025/1/14,12:30,1350,,,,394
2025/1/14,12:45,1350,,,,441
2025/1/14,13:00,1350,,,,712
2025/1/14,13:15,1350,,,,945
2025/1/14,13:30,1350,,,,985
2025/1/14,13:45,1350,,,,1036
2025/1/14,14:00,1350,,,,979
2025/1/14,14:15,1350,,1021,,
2025/1/14,14:30,1350,,1030,,
2025/1/14,14:45,1350,,969,,
2025/1/14,15:00,1350,,806,,
2025/1/14,15:15,1350,,848,,
2025/1/14,15:30,1350,,844,,
2025/1/14,15:45,1350,,847,,
2025/1/14,16:00,1350,,853,,
2025/1/14,16:15,1350,,741,,
2025/1/14,16:30,1350,,722,,
2025/1/14,16:45,1350,,603,,
2025/1/14,17:00,1350,,242,,
2025/1/14,17:15,1350,,198,,
2025/1/14,17:30,1350,,191,,
2025/1/14,17:45,1350,,205,,
2025/1/14,18:00,1350,,205,,
2025/1/14,18:15,1350,,206,,
2025/1/14,18:30,1350,,205,,
2025/1/14,18:45,1350,,203,,
2025/1/14,19:00,1350,,198,,
2025/1/14,19:15,1350,,197,,
2025/1/14,19:30,1350,,179,,
2025/1/14,19:45,1350,,166,,
2025/1/14,20:00,1350,,160,,
2025/1/14,20:15,1350,,157,,
2025/1/14,20:30,1350,,152,,
2025/1/14,20:45,1350,,142,,
2025/1/14,21:00,1350,,134,,
2025/1/14,21:15,1350,,134,,
2025/1/14,21:30,1350,,131,,
2025/1/14,21:45,1350,,130,,
2025/1/14,22:00,1350,,131,,
2025/1/14,22:15,1350,,128,,
2025/1/14,22:30,1350,,128,,
2025/1/14,22:45,1350,,125,,
2025/1/14,23:00,1350,,125,,
2025/1/14,23:15,1350,,125,,
2025/1/14,23:30,1350,,123,,
2025/1/14,23:45,1350,,115,,
2025/1/15,00:00,1350,,112,,
2025/1/15,00:15,1350,,,,112
2025/1/15,00:30,1350,,,,112
2025/1/15,00:45,1350,,,,112
2025/1/15,01:00,1350,,,,112
2025/1/15,01:15,1350,,,,114
2025/1/15,01:30,1350,,,,112
2025/1/15,01:45,1350,,,,112
2025/1/15,02:00,1350,,,,114
2025/1/15,02:15,1350,,,,110
2025/1/15,02:30,1350,,,,114
2025/1/15,02:45,1350,,,,114
2025/1/15,03:00,1350,,,,112
2025/1/15,03:15,1350,,,,112
2025/1/15,03:30,1350,,,,110
2025/1/15,03:45,1350,,,,107
2025/1/15,04:00,1350,,,,99
2025/1/15,04:15,1350,,,,93
2025/1/15,04:30,1350,,,,94
2025/1/15,04:45,1350,,,,86
2025/1/15,05:00,1350,,,,104
2025/1/15,05:15,1350,,,,98
2025/1/15,05:30,1350,,,,98
2025/1/15,05:45,1350,,,,96
2025/1/15,06:00,1350,,,,98
2025/1/15,06:15,1350,,96,,
2025/1/15,06:30,1350,,98,,
2025/1/15,06:45,1350,,115,,
2025/1/15,07:00,1350,,126,,
2025/1/15,07:15,1350,,149,,
2025/1/15,07:30,1350,,182,,
2025/1/15,07:45,1350,,200,,
2025/1/15,08:00,1350,,243,,
2025/1/15,08:15,1350,,606,,
2025/1/15,08:30,1350,,806,,
2025/1/15,08:45,1350,,886,,
2025/1/15,09:00,1350,,910,,
2025/1/15,09:15,1350,,819,,
2025/1/15,09:30,1350,,801,,
2025/1/15,09:45,1350,,749,,
2025/1/15,10:00,1350,,669,,
2025/1/15,10:15,1350,,586,,
2025/1/15,10:30,1350,,600,,
2025/1/15,10:45,1350,,671,,
2025/1/15,11:00,1350,,751,,
2025/1/15,11:15,1350,,,,805
2025/1/15,11:30,1350,,,,795
2025/1/15,11:45,1350,,,,769
2025/1/15,12:00,1350,,,,683
2025/1/15,12:15,1350,,,,438
2025/1/15,12:30,1350,,,,425
2025/1/15,12:45,1350,,,,468
2025/1/15,13:00,1350,,,,725
2025/1/15,13:15,1350,,,,782
2025/1/15,13:30,1350,,,,715
2025/1/15,13:45,1350,,,,658
2025/1/15,14:00,1350,,,,706
2025/1/15,14:15,1350,,739,,
2025/1/15,14:30,1350,,668,,
2025/1/15,14:45,1350,,774,,
2025/1/15,15:00,1350,,688,,
2025/1/15,15:15,1350,,742,,
2025/1/15,15:30,1350,,897,,
2025/1/15,15:45,1350,,828,,
2025/1/15,16:00,1350,,831,,
2025/1/15,16:15,1350,,772,,
2025/1/15,16:30,1350,,784,,
2025/1/15,16:45,1350,,824,,
2025/1/15,17:00,1350,,591,,
2025/1/15,17:15,1350,,356,,
2025/1/15,17:30,1350,,386,,
2025/1/15,17:45,1350,,620,,
2025/1/15,18:00,1350,,707,,
2025/1/15,18:15,1350,,685,,
2025/1/15,18:30,1350,,624,,
2025/1/15,18:45,1350,,618,,
2025/1/15,19:00,1350,,579,,
2025/1/15,19:15,1350,,410,,
2025/1/15,19:30,1350,,451,,
2025/1/15,19:45,1350,,362,,
2025/1/15,20:00,1350,,392,,
2025/1/15,20:15,1350,,411,,
2025/1/15,20:30,1350,,243,,
2025/1/15,20:45,1350,,285,,
2025/1/15,21:00,1350,,274,,
2025/1/15,21:15,1350,,280,,
2025/1/15,21:30,1350,,301,,
2025/1/15,21:45,1350,,246,,
2025/1/15,22:00,1350,,291,,
2025/1/15,22:15,1350,,256,,
2025/1/15,22:30,1350,,277,,
2025/1/15,22:45,1350,,285,,
2025/1/15,23:00,1350,,256,,
2025/1/15,23:15,1350,,290,,
2025/1/15,23:30,1350,,261,,
2025/1/15,23:45,1350,,275,,
2025/1/16,00:00,1350,,277,,
2025/1/16,00:15,1350,,,,246
2025/1/16,00:30,1350,,,,283
2025/1/16,00:45,1350,,,,232
2025/1/16,01:00,1350,,,,278
2025/1/16,01:15,1350,,,,250
2025/1/16,01:30,1350,,,,261
2025/1/16,01:45,1350,,,,270
2025/1/16,02:00,1350,,,,248
2025/1/16,02:15,1350,,,,285
2025/1/16,02:30,1350,,,,253
2025/1/16,02:45,1350,,,,264
2025/1/16,03:00,1350,,,,130
2025/1/16,03:15,1350,,,,106
2025/1/16,03:30,1350,,,,106
2025/1/16,03:45,1350,,,,104
2025/1/16,04:00,1350,,,,102
2025/1/16,04:15,1350,,,,106
2025/1/16,04:30,1350,,,,104
2025/1/16,04:45,1350,,,,99
2025/1/16,05:00,1350,,,,110
2025/1/16,05:15,1350,,,,107
2025/1/16,05:30,1350,,,,107
2025/1/16,05:45,1350,,,,104
2025/1/16,06:00,1350,,,,107
2025/1/16,06:15,1350,,107,,
2025/1/16,06:30,1350,,98,,
2025/1/16,06:45,1350,,107,,
2025/1/16,07:00,1350,,189,,
2025/1/16,07:15,1350,,217,,
2025/1/16,07:30,1350,,289,,
2025/1/16,07:45,1350,,311,,
2025/1/16,08:00,1350,,339,,
2025/1/16,08:15,1350,,661,,
2025/1/16,08:30,1350,,883,,
2025/1/16,08:45,1350,,949,,
2025/1/16,09:00,1350,,1042,,
2025/1/16,09:15,1350,,1038,,
2025/1/16,09:30,1350,,977,,
2025/1/16,09:45,1350,,1037,,
2025/1/16,10:00,1350,,884,,
2025/1/16,10:15,1350,,974,,
2025/1/16,10:30,1350,,944,,
2025/1/16,10:45,1350,,925,,
2025/1/16,11:00,1350,,954,,
2025/1/16,11:15,1350,,,,973
2025/1/16,11:30,1350,,,,999
2025/1/16,11:45,1350,,,,1037
2025/1/16,12:00,1350,,,,997
2025/1/16,12:15,1350,,,,775
2025/1/16,12:30,1350,,,,719
2025/1/16,12:45,1350,,,,717
2025/1/16,13:00,1350,,,,928
2025/1/16,13:15,1350,,,,892
2025/1/16,13:30,1350,,,,1024
2025/1/16,13:45,1350,,,,962
2025/1/16,14:00,1350,,,,932
2025/1/16,14:15,1350,,923,,
2025/1/16,14:30,1350,,789,,
2025/1/16,14:45,1350,,906,,
2025/1/16,15:00,1350,,903,,
2025/1/16,15:15,1350,,833,,
2025/1/16,15:30,1350,,909,,
2025/1/16,15:45,1350,,981,,
2025/1/16,16:00,1350,,1069,,
2025/1/16,16:15,1350,,1084,,
2025/1/16,16:30,1350,,1072,,
2025/1/16,16:45,1350,,1041,,
2025/1/16,17:00,1350,,806,,
2025/1/16,17:15,1350,,538,,
2025/1/16,17:30,1350,,561,,
2025/1/16,17:45,1350,,729,,
2025/1/16,18:00,1350,,822,,
2025/1/16,18:15,1350,,885,,
2025/1/16,18:30,1350,,739,,
2025/1/16,18:45,1350,,771,,
2025/1/16,19:00,1350,,792,,
2025/1/16,19:15,1350,,670,,
2025/1/16,19:30,1350,,557,,
2025/1/16,19:45,1350,,382,,
2025/1/16,20:00,1350,,376,,
2025/1/16,20:15,1350,,363,,
2025/1/16,20:30,1350,,344,,
2025/1/16,20:45,1350,,336,,
2025/1/16,21:00,1350,,330,,
2025/1/16,21:15,1350,,318,,
2025/1/16,21:30,1350,,298,,
2025/1/16,21:45,1350,,288,,
2025/1/16,22:00,1350,,254,,
2025/1/16,22:15,1350,,269,,
2025/1/16,22:30,1350,,264,,
2025/1/16,22:45,1350,,166,,
2025/1/16,23:00,1350,,155,,
2025/1/16,23:15,1350,,155,,
2025/1/16,23:30,1350,,158,,
2025/1/16,23:45,1350,,155,,
2025/1/17,00:00,1350,,152,,
2025/1/17,00:15,1350,,,,150
2025/1/17,00:30,1350,,,,142
2025/1/17,00:45,1350,,,,126
2025/1/17,01:00,1350,,,,120
2025/1/17,01:15,1350,,,,120
2025/1/17,01:30,1350,,,,122
2025/1/17,01:45,1350,,,,120
2025/1/17,02:00,1350,,,,118
2025/1/17,02:15,1350,,,,118
2025/1/17,02:30,1350,,,,118
2025/1/17,02:45,1350,,,,117
2025/1/17,03:00,1350,,,,120
2025/1/17,03:15,1350,,,,120
2025/1/17,03:30,1350,,,,118
2025/1/17,03:45,1350,,,,115
2025/1/17,04:00,1350,,,,114
2025/1/17,04:15,1350,,,,118
2025/1/17,04:30,1350,,,,118
2025/1/17,04:45,1350,,,,115
2025/1/17,05:00,1350,,,,118
2025/1/17,05:15,1350,,,,120
2025/1/17,05:30,1350,,,,118
2025/1/17,05:45,1350,,,,118
2025/1/17,06:00,1350,,,,104
2025/1/17,06:15,1350,,123,,
2025/1/17,06:30,1350,,126,,
2025/1/17,06:45,1350,,128,,
2025/1/17,07:00,1350,,180,,
2025/1/17,07:15,1350,,260,,
2025/1/17,07:30,1350,,304,,
2025/1/17,07:45,1350,,312,,
2025/1/17,08:00,1350,,323,,
2025/1/17,08:15,1350,,631,,
2025/1/17,08:30,1350,,841,,
2025/1/17,08:45,1350,,933,,
2025/1/17,09:00,1350,,1024,,
2025/1/17,09:15,1350,,1015,,
2025/1/17,09:30,1350,,993,,
2025/1/17,09:45,1350,,917,,
2025/1/17,10:00,1350,,854,,
2025/1/17,10:15,1350,,977,,
2025/1/17,10:30,1350,,889,,
2025/1/17,10:45,1350,,803,,
2025/1/17,11:00,1350,,681,,
2025/1/17,11:15,1350,,,,802
2025/1/17,11:30,1350,,,,957
2025/1/17,11:45,1350,,,,947
2025/1/17,12:00,1350,,,,852
2025/1/17,12:15,1350,,,,560
2025/1/17,12:30,1350,,,,556
2025/1/17,12:45,1350,,,,574
2025/1/17,13:00,1350,,,,930
2025/1/17,13:15,1350,,,,952
2025/1/17,13:30,1350,,,,897
2025/1/17,13:45,1350,,,,910
2025/1/17,14:00,1350,,,,725
2025/1/17,14:15,1350,,646,,
2025/1/17,14:30,1350,,731,,
2025/1/17,14:45,1350,,765,,
2025/1/17,15:00,1350,,625,,
2025/1/17,15:15,1350,,804,,
2025/1/17,15:30,1350,,813,,
2025/1/17,15:45,1350,,819,,
2025/1/17,16:00,1350,,779,,
2025/1/17,16:15,1350,,758,,
2025/1/17,16:30,1350,,750,,
2025/1/17,16:45,1350,,560,,
2025/1/17,17:00,1350,,379,,
2025/1/17,17:15,1350,,266,,
2025/1/17,17:30,1350,,300,,
2025/1/17,17:45,1350,,459,,
2025/1/17,18:00,1350,,517,,
2025/1/17,18:15,1350,,528,,
2025/1/17,18:30,1350,,462,,
2025/1/17,18:45,1350,,483,,
2025/1/17,19:00,1350,,515,,
2025/1/17,19:15,1350,,461,,
2025/1/17,19:30,1350,,397,,
2025/1/17,19:45,1350,,440,,
2025/1/17,20:00,1350,,430,,
2025/1/17,20:15,1350,,346,,
2025/1/17,20:30,1350,,408,,
2025/1/17,20:45,1350,,330,,
2025/1/17,21:00,1350,,222,,
2025/1/17,21:15,1350,,219,,
2025/1/17,21:30,1350,,275,,
2025/1/17,21:45,1350,,256,,
2025/1/17,22:00,1350,,219,,
2025/1/17,22:15,1350,,229,,
2025/1/17,22:30,1350,,299,,
2025/1/17,22:45,1350,,221,,
2025/1/17,23:00,1350,,214,,
2025/1/17,23:15,1350,,123,,
2025/1/17,23:30,1350,,122,,
2025/1/17,23:45,1350,,112,,
2025/1/18,00:00,1350,,110,,
2025/1/18,00:15,1350,,,,112
2025/1/18,00:30,1350,,,,110
2025/1/18,00:45,1350,,,,110
2025/1/18,01:00,1350,,,,114
2025/1/18,01:15,1350,,,,110
2025/1/18,01:30,1350,,,,112
2025/1/18,01:45,1350,,,,109
2025/1/18,02:00,1350,,,,112
2025/1/18,02:15,1350,,,,112
2025/1/18,02:30,1350,,,,110
2025/1/18,02:45,1350,,,,110
2025/1/18,03:00,1350,,,,110
2025/1/18,03:15,1350,,,,112
2025/1/18,03:30,1350,,,,109
2025/1/18,03:45,1350,,,,109
2025/1/18,04:00,1350,,,,106
2025/1/18,04:15,1350,,,,110
2025/1/18,04:30,1350,,,,109
2025/1/18,04:45,1350,,,,110
2025/1/18,05:00,1350,,,,109
2025/1/18,05:15,1350,,,,109
2025/1/18,05:30,1350,,,,110
2025/1/18,05:45,1350,,,,110
2025/1/18,06:00,1350,,,,107
2025/1/18,06:15,1350,,,110,
2025/1/18,06:30,1350,,,110,
2025/1/18,06:45,1350,,,115,
2025/1/18,07:00,1350,,,128,
2025/1/18,07:15,1350,,,134,
2025/1/18,07:30,1350,,,124,
2025/1/18,07:45,1350,,,119,
2025/1/18,08:00,1350,,,130,
2025/1/18,08:15,1350,,,136,
2025/1/18,08:30,1350,,,131,
2025/1/18,08:45,1350,,,161,
2025/1/18,09:00,1350,,,158,
2025/1/18,09:15,1350,,,157,
2025/1/18,09:30,1350,,,163,
2025/1/18,09:45,1350,,,168,
2025/1/18,10:00,1350,,,160,
2025/1/18,10:15,1350,,,160,
2025/1/18,10:30,1350,,,153,
2025/1/18,10:45,1350,,,160,
2025/1/18,11:00,1350,,,154,
2025/1/18,11:15,1350,,,,158
2025/1/18,11:30,1350,,,,169
2025/1/18,11:45,1350,,,,162
2025/1/18,12:00,1350,,,,160
2025/1/18,12:15,1350,,,,152
2025/1/18,12:30,1350,,,,137
2025/1/18,12:45,1350,,,,131
2025/1/18,13:00,1350,,,,142
2025/1/18,13:15,1350,,,,144
2025/1/18,13:30,1350,,,,138
2025/1/18,13:45,1350,,,,136
2025/1/18,14:00,1350,,,,137
2025/1/18,14:15,1350,,,130,
2025/1/18,14:30,1350,,,118,
2025/1/18,14:45,1350,,,119,
2025/1/18,15:00,1350,,,117,
2025/1/18,15:15,1350,,,116,
2025/1/18,15:30,1350,,,122,
2025/1/18,15:45,1350,,,125,
2025/1/18,16:00,1350,,,108,
2025/1/18,16:15,1350,,,116,
2025/1/18,16:30,1350,,,111,
2025/1/18,16:45,1350,,,109,
2025/1/18,17:00,1350,,,110,
2025/1/18,17:15,1350,,,109,
2025/1/18,17:30,1350,,,105,
2025/1/18,17:45,1350,,,110,
2025/1/18,18:00,1350,,,109,
2025/1/18,18:15,1350,,,102,
2025/1/18,18:30,1350,,,110,
2025/1/18,18:45,1350,,,107,
2025/1/18,19:00,1350,,,104,
2025/1/18,19:15,1350,,,110,
2025/1/18,19:30,1350,,,104,
2025/1/18,19:45,1350,,,102,
2025/1/18,20:00,1350,,,110,
2025/1/18,20:15,1350,,,101,
2025/1/18,20:30,1350,,,106,
2025/1/18,20:45,1350,,,104,
2025/1/18,21:00,1350,,,104,
2025/1/18,21:15,1350,,,104,
2025/1/18,21:30,1350,,,94,
2025/1/18,21:45,1350,,,98,
2025/1/18,22:00,1350,,,91,
2025/1/18,22:15,1350,,,96,
2025/1/18,22:30,1350,,,91,
2025/1/18,22:45,1350,,,96,
2025/1/18,23:00,1350,,,98,
2025/1/18,23:15,1350,,,93,
2025/1/18,23:30,1350,,,96,
2025/1/18,23:45,1350,,,93,
2025/1/19,00:00,1350,,,93,
2025/1/19,00:15,1350,,,,83
2025/1/19,00:30,1350,,,,86
2025/1/19,00:45,1350,,,,85
2025/1/19,01:00,1350,,,,85
2025/1/19,01:15,1350,,,,74
2025/1/19,01:30,1350,,,,70
2025/1/19,01:45,1350,,,,62
2025/1/19,02:00,1350,,,,66
2025/1/19,02:15,1350,,,,62
2025/1/19,02:30,1350,,,,66
2025/1/19,02:45,1350,,,,64
2025/1/19,03:00,1350,,,,66
2025/1/19,03:15,1350,,,,58
2025/1/19,03:30,1350,,,,59
2025/1/19,03:45,1350,,,,56
2025/1/19,04:00,1350,,,,58
2025/1/19,04:15,1350,,,,56
2025/1/19,04:30,1350,,,,56
2025/1/19,04:45,1350,,,,59
2025/1/19,05:00,1350,,,,54
2025/1/19,05:15,1350,,,,59
2025/1/19,05:30,1350,,,,53
2025/1/19,05:45,1350,,,,59
2025/1/19,06:00,1350,,,,54
2025/1/19,06:15,1350,,,,58
2025/1/19,06:30,1350,,,,59
2025/1/19,06:45,1350,,,,56
2025/1/19,07:00,1350,,,,59
2025/1/19,07:15,1350,,,,57
2025/1/19,07:30,1350,,,,56
2025/1/19,07:45,1350,,,,58
2025/1/19,08:00,1350,,,,60
2025/1/19,08:15,1350,,,,59
2025/1/19,08:30,1350,,,,59
2025/1/19,08:45,1350,,,,64
2025/1/19,09:00,1350,,,,60
2025/1/19,09:15,1350,,,,65
2025/1/19,09:30,1350,,,,59
2025/1/19,09:45,1350,,,,65
2025/1/19,10:00,1350,,,,56
2025/1/19,10:15,1350,,,,66
2025/1/19,10:30,1350,,,,61
2025/1/19,10:45,1350,,,,65
2025/1/19,11:00,1350,,,,59
2025/1/19,11:15,1350,,,,61
2025/1/19,11:30,1350,,,,59
2025/1/19,11:45,1350,,,,60
2025/1/19,12:00,1350,,,,60
2025/1/19,12:15,1350,,,,67
2025/1/19,12:30,1350,,,,59
2025/1/19,12:45,1350,,,,61
2025/1/19,13:00,1350,,,,59
2025/1/19,13:15,1350,,,,65
2025/1/19,13:30,1350,,,,58
2025/1/19,13:45,1350,,,,68
2025/1/19,14:00,1350,,,,58
2025/1/19,14:15,1350,,,,63
2025/1/19,14:30,1350,,,,66
2025/1/19,14:45,1350,,,,60
2025/1/19,15:00,1350,,,,62
2025/1/19,15:15,1350,,,,59
2025/1/19,15:30,1350,,,,60
2025/1/19,15:45,1350,,,,60
2025/1/19,16:00,1350,,,,55
2025/1/19,16:15,1350,,,,63
2025/1/19,16:30,1350,,,,56
2025/1/19,16:45,1350,,,,61
2025/1/19,17:00,1350,,,,57
2025/1/19,17:15,1350,,,,57
2025/1/19,17:30,1350,,,,58
2025/1/19,17:45,1350,,,,59
2025/1/19,18:00,1350,,,,58
2025/1/19,18:15,1350,,,,59
2025/1/19,18:30,1350,,,,58
2025/1/19,18:45,1350,,,,59
2025/1/19,19:00,1350,,,,61
2025/1/19,19:15,1350,,,,56
2025/1/19,19:30,1350,,,,62
2025/1/19,19:45,1350,,,,58
2025/1/19,20:00,1350,,,,62
2025/1/19,20:15,1350,,,,58
2025/1/19,20:30,1350,,,,62
2025/1/19,20:45,1350,,,,56
2025/1/19,21:00,1350,,,,61
2025/1/19,21:15,1350,,,,56
2025/1/19,21:30,1350,,,,61
2025/1/19,21:45,1350,,,,59
2025/1/19,22:00,1350,,,,58
2025/1/19,22:15,1350,,,,56
2025/1/19,22:30,1350,,,,61
2025/1/19,22:45,1350,,,,59
2025/1/19,23:00,1350,,,,59
2025/1/19,23:15,1350,,,,61
2025/1/19,23:30,1350,,,,54
2025/1/19,23:45,1350,,,,59
2025/1/20,00:00,1350,,,,54
2025/1/20,00:15,1350,,,,61
2025/1/20,00:30,1350,,,,56
2025/1/20,00:45,1350,,,,56
2025/1/20,01:00,1350,,,,59
2025/1/20,01:15,1350,,,,54
2025/1/20,01:30,1350,,,,59
2025/1/20,01:45,1350,,,,56
2025/1/20,02:00,1350,,,,59
2025/1/20,02:15,1350,,,,59
2025/1/20,02:30,1350,,,,58
2025/1/20,02:45,1350,,,,59
2025/1/20,03:00,1350,,,,54
2025/1/20,03:15,1350,,,,61
2025/1/20,03:30,1350,,,,54
2025/1/20,03:45,1350,,,,61
2025/1/20,04:00,1350,,,,54
2025/1/20,04:15,1350,,,,59
2025/1/20,04:30,1350,,,,58
2025/1/20,04:45,1350,,,,58
2025/1/20,05:00,1350,,,,58
2025/1/20,05:15,1350,,,,54
2025/1/20,05:30,1350,,,,59
2025/1/20,05:45,1350,,,,54
2025/1/20,06:00,1350,,,,59
2025/1/20,06:15,1350,,53,,
2025/1/20,06:30,1350,,59,,
2025/1/20,06:45,1350,,62,,
2025/1/20,07:00,1350,,69,,
2025/1/20,07:15,1350,,129,,
2025/1/20,07:30,1350,,190,,
2025/1/20,07:45,1350,,209,,
2025/1/20,08:00,1350,,277,,
2025/1/20,08:15,1350,,497,,
2025/1/20,08:30,1350,,619,,
2025/1/20,08:45,1350,,589,,
2025/1/20,09:00,1350,,606,,
2025/1/20,09:15,1350,,680,,
2025/1/20,09:30,1350,,603,,
2025/1/20,09:45,1350,,653,,
2025/1/20,10:00,1350,,518,,
2025/1/20,10:15,1350,,560,,
2025/1/20,10:30,1350,,671,,
2025/1/20,10:45,1350,,601,,
2025/1/20,11:00,1350,,639,,
2025/1/20,11:15,1350,,,,654
2025/1/20,11:30,1350,,,,626
2025/1/20,11:45,1350,,,,644
2025/1/20,12:00,1350,,,,466
2025/1/20,12:15,1350,,,,318
2025/1/20,12:30,1350,,,,277
2025/1/20,12:45,1350,,,,306
2025/1/20,13:00,1350,,,,557
2025/1/20,13:15,1350,,,,638
2025/1/20,13:30,1350,,,,657
2025/1/20,13:45,1350,,,,660
2025/1/20,14:00,1350,,,,735
2025/1/20,14:15,1350,,702,,
2025/1/20,14:30,1350,,778,,
2025/1/20,14:45,1350,,714,,
2025/1/20,15:00,1350,,695,,
2025/1/20,15:15,1350,,707,,
2025/1/20,15:30,1350,,690,,
2025/1/20,15:45,1350,,694,,
2025/1/20,16:00,1350,,607,,
2025/1/20,16:15,1350,,707,,
2025/1/20,16:30,1350,,642,,
2025/1/20,16:45,1350,,687,,
2025/1/20,17:00,1350,,606,,
2025/1/20,17:15,1350,,411,,
2025/1/20,17:30,1350,,390,,
2025/1/20,17:45,1350,,462,,
2025/1/20,18:00,1350,,445,,
2025/1/20,18:15,1350,,454,,
2025/1/20,18:30,1350,,331,,
2025/1/20,18:45,1350,,293,,
2025/1/20,19:00,1350,,274,,
2025/1/20,19:15,1350,,270,,
2025/1/20,19:30,1350,,235,,
2025/1/20,19:45,1350,,187,,
2025/1/20,20:00,1350,,176,,
2025/1/20,20:15,1350,,170,,
2025/1/20,20:30,1350,,166,,
2025/1/20,20:45,1350,,160,,
2025/1/20,21:00,1350,,157,,
2025/1/20,21:15,1350,,158,,
2025/1/20,21:30,1350,,152,,
2025/1/20,21:45,1350,,133,,
2025/1/20,22:00,1350,,125,,
2025/1/20,22:15,1350,,123,,
2025/1/20,22:30,1350,,122,,
2025/1/20,22:45,1350,,123,,
2025/1/20,23:00,1350,,125,,
2025/1/20,23:15,1350,,125,,
2025/1/20,23:30,1350,,123,,
2025/1/20,23:45,1350,,117,,
2025/1/21,00:00,1350,,117,,
2025/1/21,00:15,1350,,,,120
2025/1/21,00:30,1350,,,,120
2025/1/21,00:45,1350,,,,118
2025/1/21,01:00,1350,,,,120
2025/1/21,01:15,1350,,,,118
2025/1/21,01:30,1350,,,,118
2025/1/21,01:45,1350,,,,118
2025/1/21,02:00,1350,,,,118
2025/1/21,02:15,1350,,,,120
2025/1/21,02:30,1350,,,,120
2025/1/21,02:45,1350,,,,118
2025/1/21,03:00,1350,,,,120
2025/1/21,03:15,1350,,,,120
2025/1/21,03:30,1350,,,,118
2025/1/21,03:45,1350,,,,115
2025/1/21,04:00,1350,,,,115
2025/1/21,04:15,1350,,,,118
2025/1/21,04:30,1350,,,,117
2025/1/21,04:45,1350,,,,118
2025/1/21,05:00,1350,,,,120
2025/1/21,05:15,1350,,,,118
2025/1/21,05:30,1350,,,,118
2025/1/21,05:45,1350,,,,117
2025/1/21,06:00,1350,,,,104
2025/1/21,06:15,1350,,102,,
2025/1/21,06:30,1350,,102,,
2025/1/21,06:45,1350,,104,,
2025/1/21,07:00,1350,,103,,
2025/1/21,07:15,1350,,142,,
2025/1/21,07:30,1350,,222,,
2025/1/21,07:45,1350,,239,,
2025/1/21,08:00,1350,,285,,
2025/1/21,08:15,1350,,451,,
2025/1/21,08:30,1350,,625,,
2025/1/21,08:45,1350,,717,,
2025/1/21,09:00,1350,,762,,
2025/1/21,09:15,1350,,734,,
2025/1/21,09:30,1350,,772,,
2025/1/21,09:45,1350,,872,,
2025/1/21,10:00,1350,,791,,
2025/1/21,10:15,1350,,871,,
2025/1/21,10:30,1350,,893,,
2025/1/21,10:45,1350,,872,,
2025/1/21,11:00,1350,,869,,
2025/1/21,11:15,1350,,,,783
2025/1/21,11:30,1350,,,,875
2025/1/21,11:45,1350,,,,872
2025/1/21,12:00,1350,,,,696
2025/1/21,12:15,1350,,,,449
2025/1/21,12:30,1350,,,,442
2025/1/21,12:45,1350,,,,464
2025/1/21,13:00,1350,,,,712
2025/1/21,13:15,1350,,,,785
2025/1/21,13:30,1350,,,,783
2025/1/21,13:45,1350,,,,812
2025/1/21,14:00,1350,,,,734
2025/1/21,14:15,1350,,741,,
2025/1/21,14:30,1350,,783,,
2025/1/21,14:45,1350,,838,,
2025/1/21,15:00,1350,,735,,
2025/1/21,15:15,1350,,802,,
2025/1/21,15:30,1350,,845,,
2025/1/21,15:45,1350,,810,,
2025/1/21,16:00,1350,,835,,
2025/1/21,16:15,1350,,895,,
2025/1/21,16:30,1350,,835,,
2025/1/21,16:45,1350,,747,,
2025/1/21,17:00,1350,,627,,
2025/1/21,17:15,1350,,437,,
2025/1/21,17:30,1350,,387,,
2025/1/21,17:45,1350,,339,,
2025/1/21,18:00,1350,,296,,
2025/1/21,18:15,1350,,274,,
2025/1/21,18:30,1350,,275,,
2025/1/21,18:45,1350,,230,,
2025/1/21,19:00,1350,,227,,
2025/1/21,19:15,1350,,211,,
2025/1/21,19:30,1350,,182,,
2025/1/21,19:45,1350,,192,,
2025/1/21,20:00,1350,,187,,
2025/1/21,20:15,1350,,179,,
2025/1/21,20:30,1350,,174,,
2025/1/21,20:45,1350,,178,,
2025/1/21,21:00,1350,,168,,
2025/1/21,21:15,1350,,166,,
2025/1/21,21:30,1350,,165,,
2025/1/21,21:45,1350,,152,,
2025/1/21,22:00,1350,,158,,
2025/1/21,22:15,1350,,147,,
2025/1/21,22:30,1350,,155,,
2025/1/21,22:45,1350,,154,,
2025/1/21,23:00,1350,,160,,
2025/1/21,23:15,1350,,149,,
2025/1/21,23:30,1350,,154,,
2025/1/21,23:45,1350,,141,,
2025/1/22,00:00,1350,,141,,
2025/1/22,00:15,1350,,,,144
2025/1/22,00:30,1350,,,,142
2025/1/22,00:45,1350,,,,141
2025/1/22,01:00,1350,,,,139
2025/1/22,01:15,1350,,,,138
2025/1/22,01:30,1350,,,,125
2025/1/22,01:45,1350,,,,134
2025/1/22,02:00,1350,,,,130
2025/1/22,02:15,1350,,,,136
2025/1/22,02:30,1350,,,,131
2025/1/22,02:45,1350,,,,131
2025/1/22,03:00,1350,,,,134
2025/1/22,03:15,1350,,,,128
2025/1/22,03:30,1350,,,,134
2025/1/22,03:45,1350,,,,126
2025/1/22,04:00,1350,,,,133
2025/1/22,04:15,1350,,,,125
2025/1/22,04:30,1350,,,,134
2025/1/22,04:45,1350,,,,131
2025/1/22,05:00,1350,,,,131
2025/1/22,05:15,1350,,,,130
2025/1/22,05:30,1350,,,,134
2025/1/22,05:45,1350,,,,128
2025/1/22,06:00,1350,,,,131
2025/1/22,06:15,1350,,131,,
2025/1/22,06:30,1350,,130,,
2025/1/22,06:45,1350,,130,,
2025/1/22,07:00,1350,,123,,
2025/1/22,07:15,1350,,133,,
2025/1/22,07:30,1350,,154,,
2025/1/22,07:45,1350,,163,,
2025/1/22,08:00,1350,,199,,
2025/1/22,08:15,1350,,281,,
2025/1/22,08:30,1350,,299,,
2025/1/22,08:45,1350,,304,,
2025/1/22,09:00,1350,,333,,
2025/1/22,09:15,1350,,315,,
2025/1/22,09:30,1350,,326,,
2025/1/22,09:45,1350,,331,,
2025/1/22,10:00,1350,,354,,
2025/1/22,10:15,1350,,364,,
2025/1/22,10:30,1350,,377,,
2025/1/22,10:45,1350,,393,,
2025/1/22,11:00,1350,,477,,
2025/1/22,11:15,1350,,,,496
2025/1/22,11:30,1350,,,,537
2025/1/22,11:45,1350,,,,552
2025/1/22,12:00,1350,,,,449
2025/1/22,12:15,1350,,,,281
2025/1/22,12:30,1350,,,,237
2025/1/22,12:45,1350,,,,270
2025/1/22,13:00,1350,,,,508
2025/1/22,13:15,1350,,,,607
2025/1/22,13:30,1350,,,,541
2025/1/22,13:45,1350,,,,479
2025/1/22,14:00,1350,,,,380
2025/1/22,14:15,1350,,346,,
2025/1/22,14:30,1350,,342,,
2025/1/22,14:45,1350,,335,,
2025/1/22,15:00,1350,,329,,
2025/1/22,15:15,1350,,366,,
2025/1/22,15:30,1350,,344,,
2025/1/22,15:45,1350,,403,,
2025/1/22,16:00,1350,,460,,
2025/1/22,16:15,1350,,420,,
2025/1/22,16:30,1350,,381,,
2025/1/22,16:45,1350,,316,,
2025/1/22,17:00,1350,,238,,
2025/1/22,17:15,1350,,158,,
2025/1/22,17:30,1350,,145,,
2025/1/22,17:45,1350,,195,,
2025/1/22,18:00,1350,,205,,
2025/1/22,18:15,1350,,232,,
2025/1/22,18:30,1350,,283,,
2025/1/22,18:45,1350,,222,,
2025/1/22,19:00,1350,,206,,
2025/1/22,19:15,1350,,181,,
2025/1/22,19:30,1350,,122,,
2025/1/22,19:45,1350,,110,,
2025/1/22,20:00,1350,,115,,
2025/1/22,20:15,1350,,114,,
2025/1/22,20:30,1350,,107,,
2025/1/22,20:45,1350,,109,,
2025/1/22,21:00,1350,,107,,
2025/1/22,21:15,1350,,106,,
2025/1/22,21:30,1350,,104,,
2025/1/22,21:45,1350,,102,,
2025/1/22,22:00,1350,,102,,
2025/1/22,22:15,1350,,102,,
2025/1/22,22:30,1350,,99,,
2025/1/22,22:45,1350,,101,,
2025/1/22,23:00,1350,,101,,
2025/1/22,23:15,1350,,101,,
2025/1/22,23:30,1350,,98,,
2025/1/22,23:45,1350,,93,,
2025/1/23,00:00,1350,,90,,
2025/1/23,00:15,1350,,,,93
2025/1/23,00:30,1350,,,,91
2025/1/23,00:45,1350,,,,88
2025/1/23,01:00,1350,,,,91
2025/1/23,01:15,1350,,,,90
2025/1/23,01:30,1350,,,,90
2025/1/23,01:45,1350,,,,88
2025/1/23,02:00,1350,,,,90
2025/1/23,02:15,1350,,,,91
2025/1/23,02:30,1350,,,,90
2025/1/23,02:45,1350,,,,90
2025/1/23,03:00,1350,,,,90
2025/1/23,03:15,1350,,,,88
2025/1/23,03:30,1350,,,,90
2025/1/23,03:45,1350,,,,88
2025/1/23,04:00,1350,,,,88
2025/1/23,04:15,1350,,,,88
2025/1/23,04:30,1350,,,,88
2025/1/23,04:45,1350,,,,88
2025/1/23,05:00,1350,,,,91
2025/1/23,05:15,1350,,,,91
2025/1/23,05:30,1350,,,,86
2025/1/23,05:45,1350,,,,90
2025/1/23,06:00,1350,,,,86
2025/1/23,06:15,1350,,90,,
2025/1/23,06:30,1350,,88,,
2025/1/23,06:45,1350,,91,,
2025/1/23,07:00,1350,,93,,
2025/1/23,07:15,1350,,89,,
2025/1/23,07:30,1350,,85,,
2025/1/23,07:45,1350,,108,,
2025/1/23,08:00,1350,,149,,
2025/1/23,08:15,1350,,273,,
2025/1/23,08:30,1350,,315,,
2025/1/23,08:45,1350,,311,,
2025/1/23,09:00,1350,,301,,
2025/1/23,09:15,1350,,330,,
2025/1/23,09:30,1350,,332,,
2025/1/23,09:45,1350,,339,,
2025/1/23,10:00,1350,,370,,
2025/1/23,10:15,1350,,405,,
2025/1/23,10:30,1350,,412,,
2025/1/23,10:45,1350,,552,,
2025/1/23,11:00,1350,,551,,
2025/1/23,11:15,1350,,,,580
2025/1/23,11:30,1350,,,,490
2025/1/23,11:45,1350,,,,410
2025/1/23,12:00,1350,,,,361
2025/1/23,12:15,1350,,,,313
2025/1/23,12:30,1350,,,,271
2025/1/23,12:45,1350,,,,271
2025/1/23,13:00,1350,,,,311
2025/1/23,13:15,1350,,,,324
2025/1/23,13:30,1350,,,,322
2025/1/23,13:45,1350,,,,336
2025/1/23,14:00,1350,,,,366
2025/1/23,14:15,1350,,376,,
2025/1/23,14:30,1350,,359,,
2025/1/23,14:45,1350,,338,,
2025/1/23,15:00,1350,,330,,
2025/1/23,15:15,1350,,330,,
2025/1/23,15:30,1350,,336,,
2025/1/23,15:45,1350,,341,,
2025/1/23,16:00,1350,,331,,
2025/1/23,16:15,1350,,338,,
2025/1/23,16:30,1350,,335,,
2025/1/23,16:45,1350,,335,,
2025/1/23,17:00,1350,,323,,
2025/1/23,17:15,1350,,302,,
2025/1/23,17:30,1350,,299,,
2025/1/23,17:45,1350,,292,,
2025/1/23,18:00,1350,,259,,
2025/1/23,18:15,1350,,301,,
2025/1/23,18:30,1350,,290,,
2025/1/23,18:45,1350,,262,,
2025/1/23,19:00,1350,,246,,
2025/1/23,19:15,1350,,219,,
2025/1/23,19:30,1350,,197,,
2025/1/23,19:45,1350,,186,,
2025/1/23,20:00,1350,,187,,
2025/1/23,20:15,1350,,186,,
2025/1/23,20:30,1350,,192,,
2025/1/23,20:45,1350,,170,,
2025/1/23,21:00,1350,,142,,
2025/1/23,21:15,1350,,146,,
2025/1/23,21:30,1350,,141,,
2025/1/23,21:45,1350,,122,,
2025/1/23,22:00,1350,,118,,
2025/1/23,22:15,1350,,118,,
2025/1/23,22:30,1350,,118,,
2025/1/23,22:45,1350,,115,,
2025/1/23,23:00,1350,,114,,
2025/1/23,23:15,1350,,112,,
2025/1/23,23:30,1350,,114,,
2025/1/23,23:45,1350,,112,,
2025/1/24,00:00,1350,,114,,
2025/1/24,00:15,1350,,,,114
2025/1/24,00:30,1350,,,,112
2025/1/24,00:45,1350,,,,112
2025/1/24,01:00,1350,,,,109
2025/1/24,01:15,1350,,,,109
2025/1/24,01:30,1350,,,,107
2025/1/24,01:45,1350,,,,104
2025/1/24,02:00,1350,,,,107
2025/1/24,02:15,1350,,,,106
2025/1/24,02:30,1350,,,,104
2025/1/24,02:45,1350,,,,106
2025/1/24,03:00,1350,,,,106
2025/1/24,03:15,1350,,,,104
2025/1/24,03:30,1350,,,,106
2025/1/24,03:45,1350,,,,104
2025/1/24,04:00,1350,,,,104
2025/1/24,04:15,1350,,,,157
2025/1/24,04:30,1350,,,,179
2025/1/24,04:45,1350,,,,197
2025/1/24,05:00,1350,,,,200
2025/1/24,05:15,1350,,,,219
2025/1/24,05:30,1350,,,,221
2025/1/24,05:45,1350,,,,234
2025/1/24,06:00,1350,,,,237
2025/1/24,06:15,1350,,238,,
2025/1/24,06:30,1350,,251,,
2025/1/24,06:45,1350,,256,,
2025/1/24,07:00,1350,,259,,
2025/1/24,07:15,1350,,255,,
2025/1/24,07:30,1350,,240,,
2025/1/24,07:45,1350,,239,,
2025/1/24,08:00,1350,,265,,
2025/1/24,08:15,1350,,311,,
2025/1/24,08:30,1350,,340,,
2025/1/24,08:45,1350,,313,,
2025/1/24,09:00,1350,,286,,
2025/1/24,09:15,1350,,299,,
2025/1/24,09:30,1350,,309,,
2025/1/24,09:45,1350,,314,,
2025/1/24,10:00,1350,,303,,
2025/1/24,10:15,1350,,313,,
2025/1/24,10:30,1350,,311,,
2025/1/24,10:45,1350,,268,,
2025/1/24,11:00,1350,,262,,
2025/1/24,11:15,1350,,,,292
2025/1/24,11:30,1350,,,,286
2025/1/24,11:45,1350,,,,270
2025/1/24,12:00,1350,,,,271
2025/1/24,12:15,1350,,,,247
2025/1/24,12:30,1350,,,,237
2025/1/24,12:45,1350,,,,225
2025/1/24,13:00,1350,,,,227
2025/1/24,13:15,1350,,,,237
2025/1/24,13:30,1350,,,,225
2025/1/24,13:45,1350,,,,201
2025/1/24,14:00,1350,,,,200
2025/1/24,14:15,1350,,196,,
2025/1/24,14:30,1350,,155,,
2025/1/24,14:45,1350,,135,,
2025/1/24,15:00,1350,,133,,
2025/1/24,15:15,1350,,139,,
2025/1/24,15:30,1350,,173,,
2025/1/24,15:45,1350,,148,,
2025/1/24,16:00,1350,,148,,
2025/1/24,16:15,1350,,135,,
2025/1/24,16:30,1350,,130,,
2025/1/24,16:45,1350,,121,,
2025/1/24,17:00,1350,,116,,
2025/1/24,17:15,1350,,75,,
2025/1/24,17:30,1350,,69,,
2025/1/24,17:45,1350,,65,,
2025/1/24,18:00,1350,,64,,
2025/1/24,18:15,1350,,61,,
2025/1/24,18:30,1350,,62,,
2025/1/24,18:45,1350,,61,,
2025/1/24,19:00,1350,,59,,
2025/1/24,19:15,1350,,59,,
2025/1/24,19:30,1350,,56,,
2025/1/24,19:45,1350,,54,,
2025/1/24,20:00,1350,,56,,
2025/1/24,20:15,1350,,54,,
2025/1/24,20:30,1350,,53,,
2025/1/24,20:45,1350,,53,,
2025/1/24,21:00,1350,,53,,
2025/1/24,21:15,1350,,53,,
2025/1/24,21:30,1350,,53,,
2025/1/24,21:45,1350,,56,,
2025/1/24,22:00,1350,,54,,
2025/1/24,22:15,1350,,62,,
2025/1/24,22:30,1350,,59,,
2025/1/24,22:45,1350,,53,,
2025/1/24,23:00,1350,,62,,
2025/1/24,23:15,1350,,61,,
2025/1/24,23:30,1350,,56,,
2025/1/24,23:45,1350,,61,,
2025/1/25,00:00,1350,,53,,
2025/1/25,00:15,1350,,,,59
2025/1/25,00:30,1350,,,,56
2025/1/25,00:45,1350,,,,54
2025/1/25,01:00,1350,,,,62
2025/1/25,01:15,1350,,,,53
2025/1/25,01:30,1350,,,,61
2025/1/25,01:45,1350,,,,54
2025/1/25,02:00,1350,,,,59
2025/1/25,02:15,1350,,,,58
2025/1/25,02:30,1350,,,,61
2025/1/25,02:45,1350,,,,56
2025/1/25,03:00,1350,,,,58
2025/1/25,03:15,1350,,,,58
2025/1/25,03:30,1350,,,,56
2025/1/25,03:45,1350,,,,58
2025/1/25,04:00,1350,,,,56
2025/1/25,04:15,1350,,,,59
2025/1/25,04:30,1350,,,,54
2025/1/25,04:45,1350,,,,61
2025/1/25,05:00,1350,,,,45
2025/1/25,05:15,1350,,,,46
2025/1/25,05:30,1350,,,,38
2025/1/25,05:45,1350,,,,43
2025/1/25,06:00,1350,,,,37
2025/1/25,06:15,1350,,,45,
2025/1/25,06:30,1350,,,40,
2025/1/25,06:45,1350,,,46,
2025/1/25,07:00,1350,,,43,
2025/1/25,07:15,1350,,,52,
2025/1/25,07:30,1350,,,61,
2025/1/25,07:45,1350,,,68,
2025/1/25,08:00,1350,,,74,
2025/1/25,08:15,1350,,,75,
2025/1/25,08:30,1350,,,77,
2025/1/25,08:45,1350,,,71,
2025/1/25,09:00,1350,,,68,
2025/1/25,09:15,1350,,,94,
2025/1/25,09:30,1350,,,79,
2025/1/25,09:45,1350,,,87,
2025/1/25,10:00,1350,,,80,
2025/1/25,10:15,1350,,,88,
2025/1/25,10:30,1350,,,88,
2025/1/25,10:45,1350,,,78,
2025/1/25,11:00,1350,,,62,
2025/1/25,11:15,1350,,,,71
2025/1/25,11:30,1350,,,,76
2025/1/25,11:45,1350,,,,76
2025/1/25,12:00,1350,,,,84
2025/1/25,12:15,1350,,,,66
2025/1/25,12:30,1350,,,,66
2025/1/25,12:45,1350,,,,62
2025/1/25,13:00,1350,,,,65
2025/1/25,13:15,1350,,,,69
2025/1/25,13:30,1350,,,,75
2025/1/25,13:45,1350,,,,79
2025/1/25,14:00,1350,,,,79
2025/1/25,14:15,1350,,,85,
2025/1/25,14:30,1350,,,79,
2025/1/25,14:45,1350,,,69,
2025/1/25,15:00,1350,,,69,
2025/1/25,15:15,1350,,,63,
2025/1/25,15:30,1350,,,59,
2025/1/25,15:45,1350,,,56,
2025/1/25,16:00,1350,,,56,
2025/1/25,16:15,1350,,,50,
2025/1/25,16:30,1350,,,52,
2025/1/25,16:45,1350,,,47,
2025/1/25,17:00,1350,,,46,
2025/1/25,17:15,1350,,,48,
2025/1/25,17:30,1350,,,45,
2025/1/25,17:45,1350,,,44,
2025/1/25,18:00,1350,,,48,
2025/1/25,18:15,1350,,,46,
2025/1/25,18:30,1350,,,46,
2025/1/25,18:45,1350,,,43,
2025/1/25,19:00,1350,,,48,
2025/1/25,19:15,1350,,,42,
2025/1/25,19:30,1350,,,43,
2025/1/25,19:45,1350,,,40,
2025/1/25,20:00,1350,,,45,
2025/1/25,20:15,1350,,,42,
2025/1/25,20:30,1350,,,40,
2025/1/25,20:45,1350,,,43,
2025/1/25,21:00,1350,,,40,
2025/1/25,21:15,1350,,,38,
2025/1/25,21:30,1350,,,45,
2025/1/25,21:45,1350,,,42,
2025/1/25,22:00,1350,,,40,
2025/1/25,22:15,1350,,,43,
2025/1/25,22:30,1350,,,42,
2025/1/25,22:45,1350,,,42,
2025/1/25,23:00,1350,,,48,
2025/1/25,23:15,1350,,,40,
2025/1/25,23:30,1350,,,43,
2025/1/25,23:45,1350,,,43,
2025/1/26,00:00,1350,,,42,
2025/1/26,00:15,1350,,,,43
2025/1/26,00:30,1350,,,,38
2025/1/26,00:45,1350,,,,45
2025/1/26,01:00,1350,,,,40
2025/1/26,01:15,1350,,,,43
2025/1/26,01:30,1350,,,,42
2025/1/26,01:45,1350,,,,42
2025/1/26,02:00,1350,,,,43
2025/1/26,02:15,1350,,,,42
2025/1/26,02:30,1350,,,,45
2025/1/26,02:45,1350,,,,40
2025/1/26,03:00,1350,,,,43
2025/1/26,03:15,1350,,,,40
2025/1/26,03:30,1350,,,,43
2025/1/26,03:45,1350,,,,40
2025/1/26,04:00,1350,,,,43
2025/1/26,04:15,1350,,,,38
2025/1/26,04:30,1350,,,,45
2025/1/26,04:45,1350,,,,38
2025/1/26,05:00,1350,,,,48
2025/1/26,05:15,1350,,,,42
2025/1/26,05:30,1350,,,,45
2025/1/26,05:45,1350,,,,38
2025/1/26,06:00,1350,,,,45
2025/1/26,06:15,1350,,,,37
2025/1/26,06:30,1350,,,,45
2025/1/26,06:45,1350,,,,42
2025/1/26,07:00,1350,,,,46
2025/1/26,07:15,1350,,,,38
2025/1/26,07:30,1350,,,,41
2025/1/26,07:45,1350,,,,38
2025/1/26,08:00,1350,,,,43
2025/1/26,08:15,1350,,,,45
2025/1/26,08:30,1350,,,,49
2025/1/26,08:45,1350,,,,42
2025/1/26,09:00,1350,,,,48
2025/1/26,09:15,1350,,,,47
2025/1/26,09:30,1350,,,,47
2025/1/26,09:45,1350,,,,44
2025/1/26,10:00,1350,,,,46
2025/1/26,10:15,1350,,,,45
2025/1/26,10:30,1350,,,,45
2025/1/26,10:45,1350,,,,46
2025/1/26,11:00,1350,,,,43
2025/1/26,11:15,1350,,,,47
2025/1/26,11:30,1350,,,,43
2025/1/26,11:45,1350,,,,50
2025/1/26,12:00,1350,,,,42
2025/1/26,12:15,1350,,,,47
2025/1/26,12:30,1350,,,,40
2025/1/26,12:45,1350,,,,43
2025/1/26,13:00,1350,,,,44
2025/1/26,13:15,1350,,,,44
2025/1/26,13:30,1350,,,,49
2025/1/26,13:45,1350,,,,40
2025/1/26,14:00,1350,,,,47
2025/1/26,14:15,1350,,,,44
2025/1/26,14:30,1350,,,,47
2025/1/26,14:45,1350,,,,46
2025/1/26,15:00,1350,,,,44
2025/1/26,15:15,1350,,,,45
2025/1/26,15:30,1350,,,,41
2025/1/26,15:45,1350,,,,49
2025/1/26,16:00,1350,,,,42
2025/1/26,16:15,1350,,,,48
2025/1/26,16:30,1350,,,,43
2025/1/26,16:45,1350,,,,48
2025/1/26,17:00,1350,,,,46
2025/1/26,17:15,1350,,,,44
2025/1/26,17:30,1350,,,,46
2025/1/26,17:45,1350,,,,40
2025/1/26,18:00,1350,,,,45
2025/1/26,18:15,1350,,,,40
2025/1/26,18:30,1350,,,,43
2025/1/26,18:45,1350,,,,40
2025/1/26,19:00,1350,,,,45
2025/1/26,19:15,1350,,,,38
2025/1/26,19:30,1350,,,,45
2025/1/26,19:45,1350,,,,40
2025/1/26,20:00,1350,,,,45
2025/1/26,20:15,1350,,,,42
2025/1/26,20:30,1350,,,,43
2025/1/26,20:45,1350,,,,43
2025/1/26,21:00,1350,,,,42
2025/1/26,21:15,1350,,,,43
2025/1/26,21:30,1350,,,,40
2025/1/26,21:45,1350,,,,43
2025/1/26,22:00,1350,,,,38
2025/1/26,22:15,1350,,,,45
2025/1/26,22:30,1350,,,,38
2025/1/26,22:45,1350,,,,45
2025/1/26,23:00,1350,,,,42
2025/1/26,23:15,1350,,,,43
2025/1/26,23:30,1350,,,,45
2025/1/26,23:45,1350,,,,40
2025/1/27,00:00,1350,,,,43
2025/1/27,00:15,1350,,,,38
2025/1/27,00:30,1350,,,,45
2025/1/27,00:45,1350,,,,42
2025/1/27,01:00,1350,,,,43
2025/1/27,01:15,1350,,,,38
2025/1/27,01:30,1350,,,,45
2025/1/27,01:45,1350,,,,38
2025/1/27,02:00,1350,,,,42
2025/1/27,02:15,1350,,,,43
2025/1/27,02:30,1350,,,,38
2025/1/27,02:45,1350,,,,43
2025/1/27,03:00,1350,,,,40
2025/1/27,03:15,1350,,,,43
2025/1/27,03:30,1350,,,,38
2025/1/27,03:45,1350,,,,45
2025/1/27,04:00,1350,,,,40
2025/1/27,04:15,1350,,,,42
2025/1/27,04:30,1350,,,,45
2025/1/27,04:45,1350,,,,40
2025/1/27,05:00,1350,,,,46
2025/1/27,05:15,1350,,,,43
2025/1/27,05:30,1350,,,,43
2025/1/27,05:45,1350,,,,42
2025/1/27,06:00,1350,,,,40
2025/1/27,06:15,1350,,43,,
2025/1/27,06:30,1350,,40,,
2025/1/27,06:45,1350,,46,,
2025/1/27,07:00,1350,,42,,
2025/1/27,07:15,1350,,40,,
2025/1/27,07:30,1350,,43,,
2025/1/27,07:45,1350,,36,,
2025/1/27,08:00,1350,,45,,
2025/1/27,08:15,1350,,43,,
2025/1/27,08:30,1350,,48,,
2025/1/27,08:45,1350,,48,,
2025/1/27,09:00,1350,,45,,
2025/1/27,09:15,1350,,51,,
2025/1/27,09:30,1350,,47,,
2025/1/27,09:45,1350,,44,,
2025/1/27,10:00,1350,,49,,
2025/1/27,10:15,1350,,45,,
2025/1/27,10:30,1350,,47,,
2025/1/27,10:45,1350,,45,,
2025/1/27,11:00,1350,,47,,
2025/1/27,11:15,1350,,,,47
2025/1/27,11:30,1350,,,,42
2025/1/27,11:45,1350,,,,48
2025/1/27,12:00,1350,,,,45
2025/1/27,12:15,1350,,,,46
2025/1/27,12:30,1350,,,,43
2025/1/27,12:45,1350,,,,40
2025/1/27,13:00,1350,,,,45
2025/1/27,13:15,1350,,,,45
2025/1/27,13:30,1350,,,,48
2025/1/27,13:45,1350,,,,49
2025/1/27,14:00,1350,,,,43
2025/1/27,14:15,1350,,49,,
2025/1/27,14:30,1350,,46,,
2025/1/27,14:45,1350,,48,,
2025/1/27,15:00,1350,,47,,
2025/1/27,15:15,1350,,41,,
2025/1/27,15:30,1350,,48,,
2025/1/27,15:45,1350,,42,,
2025/1/27,16:00,1350,,46,,
2025/1/27,16:15,1350,,45,,
2025/1/27,16:30,1350,,46,,
2025/1/27,16:45,1350,,47,,
2025/1/27,17:00,1350,,42,,
2025/1/27,17:15,1350,,46,,
2025/1/27,17:30,1350,,40,,
2025/1/27,17:45,1350,,45,,
2025/1/27,18:00,1350,,43,,
2025/1/27,18:15,1350,,42,,
2025/1/27,18:30,1350,,43,,
2025/1/27,18:45,1350,,40,,
2025/1/27,19:00,1350,,45,,
2025/1/27,19:15,1350,,40,,
2025/1/27,19:30,1350,,43,,
2025/1/27,19:45,1350,,45,,
2025/1/27,20:00,1350,,43,,
2025/1/27,20:15,1350,,46,,
2025/1/27,20:30,1350,,38,,
2025/1/27,20:45,1350,,45,,
2025/1/27,21:00,1350,,40,,
2025/1/27,21:15,1350,,42,,
2025/1/27,21:30,1350,,43,,
2025/1/27,21:45,1350,,38,,
2025/1/27,22:00,1350,,43,,
2025/1/27,22:15,1350,,38,,
2025/1/27,22:30,1350,,43,,
2025/1/27,22:45,1350,,43,,
2025/1/27,23:00,1350,,42,,
2025/1/27,23:15,1350,,46,,
2025/1/27,23:30,1350,,40,,
2025/1/27,23:45,1350,,43,,
2025/1/28,00:00,1350,,45,,
2025/1/28,00:15,1350,,,,40
2025/1/28,00:30,1350,,,,43
2025/1/28,00:45,1350,,,,40
2025/1/28,01:00,1350,,,,43
2025/1/28,01:15,1350,,,,42
2025/1/28,01:30,1350,,,,42
2025/1/28,01:45,1350,,,,42
2025/1/28,02:00,1350,,,,40
2025/1/28,02:15,1350,,,,46
2025/1/28,02:30,1350,,,,42
2025/1/28,02:45,1350,,,,40
2025/1/28,03:00,1350,,,,45
2025/1/28,03:15,1350,,,,40
2025/1/28,03:30,1350,,,,43
2025/1/28,03:45,1350,,,,40
2025/1/28,04:00,1350,,,,45
2025/1/28,04:15,1350,,,,45
2025/1/28,04:30,1350,,,,38
2025/1/28,04:45,1350,,,,43
2025/1/28,05:00,1350,,,,45
2025/1/28,05:15,1350,,,,46
2025/1/28,05:30,1350,,,,43
2025/1/28,05:45,1350,,,,38
2025/1/28,06:00,1350,,,,43
2025/1/28,06:15,1350,,,,40
2025/1/28,06:30,1350,,,,45
2025/1/28,06:45,1350,,,,47
2025/1/28,07:00,1350,,,,41
2025/1/28,07:15,1350,,,,46
2025/1/28,07:30,1350,,,,53
2025/1/28,07:45,1350,,,,75
2025/1/28,08:00,1350,,,,74
2025/1/28,08:15,1350,,,,77
2025/1/28,08:30,1350,,,,79
2025/1/28,08:45,1350,,,,75
2025/1/28,09:00,1350,,,,77
2025/1/28,09:15,1350,,,,80
2025/1/28,09:30,1350,,,,74
2025/1/28,09:45,1350,,,,76
2025/1/28,10:00,1350,,,,71
2025/1/28,10:15,1350,,,,80
2025/1/28,10:30,1350,,,,77
2025/1/28,10:45,1350,,,,78
2025/1/28,11:00,1350,,,,77
2025/1/28,11:15,1350,,,,75
2025/1/28,11:30,1350,,,,84
2025/1/28,11:45,1350,,,,77
2025/1/28,12:00,1350,,,,71
2025/1/28,12:15,1350,,,,71
2025/1/28,12:30,1350,,,,69
2025/1/28,12:45,1350,,,,70
2025/1/28,13:00,1350,,,,74
2025/1/28,13:15,1350,,,,77
2025/1/28,13:30,1350,,,,73
2025/1/28,13:45,1350,,,,73
2025/1/28,14:00,1350,,,,72
2025/1/28,14:15,1350,,,,73
2025/1/28,14:30,1350,,,,73
2025/1/28,14:45,1350,,,,74
2025/1/28,15:00,1350,,,,79
2025/1/28,15:15,1350,,,,75
2025/1/28,15:30,1350,,,,75
2025/1/28,15:45,1350,,,,73
2025/1/28,16:00,1350,,,,47
2025/1/28,16:15,1350,,,,45
2025/1/28,16:30,1350,,,,44
2025/1/28,16:45,1350,,,,45
2025/1/28,17:00,1350,,,,42
2025/1/28,17:15,1350,,,,44
2025/1/28,17:30,1350,,,,42
2025/1/28,17:45,1350,,,,43
2025/1/28,18:00,1350,,,,42
2025/1/28,18:15,1350,,,,43
2025/1/28,18:30,1350,,,,40
2025/1/28,18:45,1350,,,,40
2025/1/28,19:00,1350,,,,37
2025/1/28,19:15,1350,,,,35
2025/1/28,19:30,1350,,,,37
2025/1/28,19:45,1350,,,,37
2025/1/28,20:00,1350,,,,37
2025/1/28,20:15,1350,,,,37
2025/1/28,20:30,1350,,,,37
2025/1/28,20:45,1350,,,,35
2025/1/28,21:00,1350,,,,37
2025/1/28,21:15,1350,,,,35
2025/1/28,21:30,1350,,,,35
2025/1/28,21:45,1350,,,,35
2025/1/28,22:00,1350,,,,35
2025/1/28,22:15,1350,,,,38
2025/1/28,22:30,1350,,,,35
2025/1/28,22:45,1350,,,,37
2025/1/28,23:00,1350,,,,42
2025/1/28,23:15,1350,,,,45
2025/1/28,23:30,1350,,,,40
2025/1/28,23:45,1350,,,,42
2025/1/29,00:00,1350,,,,40
2025/1/29,00:15,1350,,,,40
2025/1/29,00:30,1350,,,,40
2025/1/29,00:45,1350,,,,42
2025/1/29,01:00,1350,,,,40
2025/1/29,01:15,1350,,,,42
2025/1/29,01:30,1350,,,,40
2025/1/29,01:45,1350,,,,40
2025/1/29,02:00,1350,,,,43
2025/1/29,02:15,1350,,,,43
2025/1/29,02:30,1350,,,,42
2025/1/29,02:45,1350,,,,42
2025/1/29,03:00,1350,,,,35
2025/1/29,03:15,1350,,,,37
2025/1/29,03:30,1350,,,,35
2025/1/29,03:45,1350,,,,37
2025/1/29,04:00,1350,,,,37
2025/1/29,04:15,1350,,,,35
2025/1/29,04:30,1350,,,,37
2025/1/29,04:45,1350,,,,37
2025/1/29,05:00,1350,,,,38
2025/1/29,05:15,1350,,,,38
2025/1/29,05:30,1350,,,,37
2025/1/29,05:45,1350,,,,37
2025/1/29,06:00,1350,,,,35
2025/1/29,06:15,1350,,,,37
2025/1/29,06:30,1350,,,,37
2025/1/29,06:45,1350,,,,40
2025/1/29,07:00,1350,,,,42
2025/1/29,07:15,1350,,,,39
2025/1/29,07:30,1350,,,,40
2025/1/29,07:45,1350,,,,42
2025/1/29,08:00,1350,,,,41
2025/1/29,08:15,1350,,,,44
2025/1/29,08:30,1350,,,,48
2025/1/29,08:45,1350,,,,46
2025/1/29,09:00,1350,,,,46
2025/1/29,09:15,1350,,,,45
2025/1/29,09:30,1350,,,,47
2025/1/29,09:45,1350,,,,45
2025/1/29,10:00,1350,,,,47
2025/1/29,10:15,1350,,,,48
2025/1/29,10:30,1350,,,,48
2025/1/29,10:45,1350,,,,46
2025/1/29,11:00,1350,,,,42
2025/1/29,11:15,1350,,,,44
2025/1/29,11:30,1350,,,,42
2025/1/29,11:45,1350,,,,44
2025/1/29,12:00,1350,,,,44
2025/1/29,12:15,1350,,,,43
2025/1/29,12:30,1350,,,,38
2025/1/29,12:45,1350,,,,41
2025/1/29,13:00,1350,,,,41
2025/1/29,13:15,1350,,,,43
2025/1/29,13:30,1350,,,,42
2025/1/29,13:45,1350,,,,42
2025/1/29,14:00,1350,,,,42
2025/1/29,14:15,1350,,,,45
2025/1/29,14:30,1350,,,,41
2025/1/29,14:45,1350,,,,41
2025/1/29,15:00,1350,,,,47
2025/1/29,15:15,1350,,,,45
2025/1/29,15:30,1350,,,,44
2025/1/29,15:45,1350,,,,44
2025/1/29,16:00,1350,,,,44
2025/1/29,16:15,1350,,,,43
2025/1/29,16:30,1350,,,,46
2025/1/29,16:45,1350,,,,44
2025/1/29,17:00,1350,,,,43
2025/1/29,17:15,1350,,,,41
2025/1/29,17:30,1350,,,,44
2025/1/29,17:45,1350,,,,41
2025/1/29,18:00,1350,,,,42
2025/1/29,18:15,1350,,,,42
2025/1/29,18:30,1350,,,,40
2025/1/29,18:45,1350,,,,40
2025/1/29,19:00,1350,,,,35
2025/1/29,19:15,1350,,,,35
2025/1/29,19:30,1350,,,,37
2025/1/29,19:45,1350,,,,37
2025/1/29,20:00,1350,,,,35
2025/1/29,20:15,1350,,,,37
2025/1/29,20:30,1350,,,,35
2025/1/29,20:45,1350,,,,35
2025/1/29,21:00,1350,,,,35
2025/1/29,21:15,1350,,,,35
2025/1/29,21:30,1350,,,,35
2025/1/29,21:45,1350,,,,34
2025/1/29,22:00,1350,,,,38
2025/1/29,22:15,1350,,,,34
2025/1/29,22:30,1350,,,,34
2025/1/29,22:45,1350,,,,37
2025/1/29,23:00,1350,,,,42
2025/1/29,23:15,1350,,,,42
2025/1/29,23:30,1350,,,,40
2025/1/29,23:45,1350,,,,40
2025/1/30,00:00,1350,,,,40
2025/1/30,00:15,1350,,,,40
2025/1/30,00:30,1350,,,,40
2025/1/30,00:45,1350,,,,38
2025/1/30,01:00,1350,,,,40
2025/1/30,01:15,1350,,,,40
2025/1/30,01:30,1350,,,,40
2025/1/30,01:45,1350,,,,40
2025/1/30,02:00,1350,,,,42
2025/1/30,02:15,1350,,,,42
2025/1/30,02:30,1350,,,,40
2025/1/30,02:45,1350,,,,42
2025/1/30,03:00,1350,,,,35
2025/1/30,03:15,1350,,,,35
2025/1/30,03:30,1350,,,,35
2025/1/30,03:45,1350,,,,37
2025/1/30,04:00,1350,,,,35
2025/1/30,04:15,1350,,,,35
2025/1/30,04:30,1350,,,,37
2025/1/30,04:45,1350,,,,35
2025/1/30,05:00,1350,,,,40
2025/1/30,05:15,1350,,,,38
2025/1/30,05:30,1350,,,,35
2025/1/30,05:45,1350,,,,37
2025/1/30,06:00,1350,,,,35
2025/1/30,06:15,1350,,,,35
2025/1/30,06:30,1350,,,,37
2025/1/30,06:45,1350,,,,40
2025/1/30,07:00,1350,,,,42
2025/1/30,07:15,1350,,,,39
2025/1/30,07:30,1350,,,,38
2025/1/30,07:45,1350,,,,39
2025/1/30,08:00,1350,,,,42
2025/1/30,08:15,1350,,,,45
2025/1/30,08:30,1350,,,,47
2025/1/30,08:45,1350,,,,46
2025/1/30,09:00,1350,,,,46
2025/1/30,09:15,1350,,,,46
2025/1/30,09:30,1350,,,,43
2025/1/30,09:45,1350,,,,44
2025/1/30,10:00,1350,,,,45
2025/1/30,10:15,1350,,,,46
2025/1/30,10:30,1350,,,,47
2025/1/30,10:45,1350,,,,47
2025/1/30,11:00,1350,,,,40
2025/1/30,11:15,1350,,,,41
2025/1/30,11:30,1350,,,,44
2025/1/30,11:45,1350,,,,43
2025/1/30,12:00,1350,,,,45
2025/1/30,12:15,1350,,,,42
2025/1/30,12:30,1350,,,,38
2025/1/30,12:45,1350,,,,40
2025/1/30,13:00,1350,,,,40
2025/1/30,13:15,1350,,,,44
2025/1/30,13:30,1350,,,,42
2025/1/30,13:45,1350,,,,40
2025/1/30,14:00,1350,,,,42
2025/1/30,14:15,1350,,,,41
2025/1/30,14:30,1350,,,,42
2025/1/30,14:45,1350,,,,45
2025/1/30,15:00,1350,,,,45
2025/1/30,15:15,1350,,,,45
2025/1/30,15:30,1350,,,,43
2025/1/30,15:45,1350,,,,45
2025/1/30,16:00,1350,,,,42
2025/1/30,16:15,1350,,,,44
2025/1/30,16:30,1350,,,,45
2025/1/30,16:45,1350,,,,44
2025/1/30,17:00,1350,,,,42
2025/1/30,17:15,1350,,,,43
2025/1/30,17:30,1350,,,,42
2025/1/30,17:45,1350,,,,39
2025/1/30,18:00,1350,,,,42
2025/1/30,18:15,1350,,,,40
2025/1/30,18:30,1350,,,,40
2025/1/30,18:45,1350,,,,42
2025/1/30,19:00,1350,,,,35
2025/1/30,19:15,1350,,,,35
2025/1/30,19:30,1350,,,,35
2025/1/30,19:45,1350,,,,37
2025/1/30,20:00,1350,,,,37
2025/1/30,20:15,1350,,,,37
2025/1/30,20:30,1350,,,,37
2025/1/30,20:45,1350,,,,35
2025/1/30,21:00,1350,,,,37
2025/1/30,21:15,1350,,,,35
2025/1/30,21:30,1350,,,,37
2025/1/30,21:45,1350,,,,35
2025/1/30,22:00,1350,,,,37
2025/1/30,22:15,1350,,,,35
2025/1/30,22:30,1350,,,,37
2025/1/30,22:45,1350,,,,40
2025/1/30,23:00,1350,,,,42
2025/1/30,23:15,1350,,,,43
2025/1/30,23:30,1350,,,,42
2025/1/30,23:45,1350,,,,38
2025/1/31,00:00,1350,,,,40
2025/1/31,00:15,1350,,,,40
2025/1/31,00:30,1350,,,,40
2025/1/31,00:45,1350,,,,40
2025/1/31,01:00,1350,,,,42
2025/1/31,01:15,1350,,,,40
2025/1/31,01:30,1350,,,,40
2025/1/31,01:45,1350,,,,40
2025/1/31,02:00,1350,,,,42
2025/1/31,02:15,1350,,,,42
2025/1/31,02:30,1350,,,,42
2025/1/31,02:45,1350,,,,42
2025/1/31,03:00,1350,,,,37
2025/1/31,03:15,1350,,,,35
2025/1/31,03:30,1350,,,,37
2025/1/31,03:45,1350,,,,35
2025/1/31,04:00,1350,,,,35
2025/1/31,04:15,1350,,,,37
2025/1/31,04:30,1350,,,,35
2025/1/31,04:45,1350,,,,37
2025/1/31,05:00,1350,,,,38
2025/1/31,05:15,1350,,,,38
2025/1/31,05:30,1350,,,,35
2025/1/31,05:45,1350,,,,35
2025/1/31,06:00,1350,,,,35
2025/1/31,06:15,1350,,,,37
2025/1/31,06:30,1350,,,,37
2025/1/31,06:45,1350,,,,40
2025/1/31,07:00,1350,,,,43
2025/1/31,07:15,1350,,,,39
2025/1/31,07:30,1350,,,,39
2025/1/31,07:45,1350,,,,39
2025/1/31,08:00,1350,,,,41
2025/1/31,08:15,1350,,,,43
2025/1/31,08:30,1350,,,,45
2025/1/31,08:45,1350,,,,44
2025/1/31,09:00,1350,,,,44
2025/1/31,09:15,1350,,,,45
2025/1/31,09:30,1350,,,,43
2025/1/31,09:45,1350,,,,42
2025/1/31,10:00,1350,,,,45
2025/1/31,10:15,1350,,,,42
2025/1/31,10:30,1350,,,,45
2025/1/31,10:45,1350,,,,43
2025/1/31,11:00,1350,,,,37
2025/1/31,11:15,1350,,,,39
2025/1/31,11:30,1350,,,,39
2025/1/31,11:45,1350,,,,39
2025/1/31,12:00,1350,,,,40
2025/1/31,12:15,1350,,,,38
2025/1/31,12:30,1350,,,,34
2025/1/31,12:45,1350,,,,35
2025/1/31,13:00,1350,,,,36
2025/1/31,13:15,1350,,,,39
2025/1/31,13:30,1350,,,,38
2025/1/31,13:45,1350,,,,37
2025/1/31,14:00,1350,,,,38
2025/1/31,14:15,1350,,,,39
2025/1/31,14:30,1350,,,,40
2025/1/31,14:45,1350,,,,41
2025/1/31,15:00,1350,,,,46
2025/1/31,15:15,1350,,,,41
2025/1/31,15:30,1350,,,,44
2025/1/31,15:45,1350,,,,43
2025/1/31,16:00,1350,,,,43
2025/1/31,16:15,1350,,,,45
2025/1/31,16:30,1350,,,,44
2025/1/31,16:45,1350,,,,43
2025/1/31,17:00,1350,,,,43
2025/1/31,17:15,1350,,,,43
2025/1/31,17:30,1350,,,,42
2025/1/31,17:45,1350,,,,41
2025/1/31,18:00,1350,,,,42
2025/1/31,18:15,1350,,,,40
2025/1/31,18:30,1350,,,,42
2025/1/31,18:45,1350,,,,42
2025/1/31,19:00,1350,,,,35
2025/1/31,19:15,1350,,,,37
2025/1/31,19:30,1350,,,,37
2025/1/31,19:45,1350,,,,38
2025/1/31,20:00,1350,,,,37
2025/1/31,20:15,1350,,,,38
2025/1/31,20:30,1350,,,,37
2025/1/31,20:45,1350,,,,37
2025/1/31,21:00,1350,,,,37
2025/1/31,21:15,1350,,,,37
2025/1/31,21:30,1350,,,,35
2025/1/31,21:45,1350,,,,37
2025/1/31,22:00,1350,,,,37
2025/1/31,22:15,1350,,,,35
2025/1/31,22:30,1350,,,,37
2025/1/31,22:45,1350,,,,37
2025/1/31,23:00,1350,,,,43
2025/1/31,23:15,1350,,,,42
2025/1/31,23:30,1350,,,,40
2025/1/31,23:45,1350,,,,40
2025/2/1,00:00,1350,,,,38
2025/2/1,00:15,1350,,,,40
2025/2/1,00:30,1350,,,,40
2025/2/1,00:45,1350,,,,42
2025/2/1,01:00,1350,,,,42
2025/2/1,01:15,1350,,,,40
2025/2/1,01:30,1350,,,,42
2025/2/1,01:45,1350,,,,40
2025/2/1,02:00,1350,,,,42
2025/2/1,02:15,1350,,,,42
2025/2/1,02:30,1350,,,,42
2025/2/1,02:45,1350,,,,40
2025/2/1,03:00,1350,,,,38
2025/2/1,03:15,1350,,,,37
2025/2/1,03:30,1350,,,,35
2025/2/1,03:45,1350,,,,37
2025/2/1,04:00,1350,,,,35
2025/2/1,04:15,1350,,,,37
2025/2/1,04:30,1350,,,,35
2025/2/1,04:45,1350,,,,37
2025/2/1,05:00,1350,,,,38
2025/2/1,05:15,1350,,,,38
2025/2/1,05:30,1350,,,,35
2025/2/1,05:45,1350,,,,35
2025/2/1,06:00,1350,,,,37
2025/2/1,06:15,1350,,,,35
2025/2/1,06:30,1350,,,,37
2025/2/1,06:45,1350,,,,54
2025/2/1,07:00,1350,,,,71
2025/2/1,07:15,1350,,,,94
2025/2/1,07:30,1350,,,,115
2025/2/1,07:45,1350,,,,132
2025/2/1,08:00,1350,,,,123
2025/2/1,08:15,1350,,,,131
2025/2/1,08:30,1350,,,,163
2025/2/1,08:45,1350,,,,243
2025/2/1,09:00,1350,,,,196
2025/2/1,09:15,1350,,,,149
2025/2/1,09:30,1350,,,,144
2025/2/1,09:45,1350,,,,142
2025/2/1,10:00,1350,,,,149
2025/2/1,10:15,1350,,,,164
2025/2/1,10:30,1350,,,,179
2025/2/1,10:45,1350,,,,152
2025/2/1,11:00,1350,,,,145
2025/2/1,11:15,1350,,,,177
2025/2/1,11:30,1350,,,,216
2025/2/1,11:45,1350,,,,225
2025/2/1,12:00,1350,,,,196
2025/2/1,12:15,1350,,,,145
2025/2/1,12:30,1350,,,,131
2025/2/1,12:45,1350,,,,132
2025/2/1,13:00,1350,,,,136
2025/2/1,13:15,1350,,,,177
2025/2/1,13:30,1350,,,,158
2025/2/1,13:45,1350,,,,135
2025/2/1,14:00,1350,,,,139
2025/2/1,14:15,1350,,,,148
2025/2/1,14:30,1350,,,,140
2025/2/1,14:45,1350,,,,133
2025/2/1,15:00,1350,,,,138
2025/2/1,15:15,1350,,,,213
2025/2/1,15:30,1350,,,,201
2025/2/1,15:45,1350,,,,135
2025/2/1,16:00,1350,,,,123
2025/2/1,16:15,1350,,,,82
2025/2/1,16:30,1350,,,,66
2025/2/1,16:45,1350,,,,70
2025/2/1,17:00,1350,,,,69
2025/2/1,17:15,1350,,,,68
2025/2/1,17:30,1350,,,,66
2025/2/1,17:45,1350,,,,67
2025/2/1,18:00,1350,,,,69
2025/2/1,18:15,1350,,,,66
2025/2/1,18:30,1350,,,,64
2025/2/1,18:45,1350,,,,64
2025/2/1,19:00,1350,,,,61
2025/2/1,19:15,1350,,,,61
2025/2/1,19:30,1350,,,,61
2025/2/1,19:45,1350,,,,62
2025/2/1,20:00,1350,,,,61
2025/2/1,20:15,1350,,,,62
2025/2/1,20:30,1350,,,,62
2025/2/1,20:45,1350,,,,61
2025/2/1,21:00,1350,,,,62
2025/2/1,21:15,1350,,,,61
2025/2/1,21:30,1350,,,,61
2025/2/1,21:45,1350,,,,62
2025/2/1,22:00,1350,,,,62
2025/2/1,22:15,1350,,,,62
2025/2/1,22:30,1350,,,,62
2025/2/1,22:45,1350,,,,62
2025/2/1,23:00,1350,,,,67
2025/2/1,23:15,1350,,,,66
2025/2/1,23:30,1350,,,,67
2025/2/1,23:45,1350,,,,64
2025/2/2,00:00,1350,,,,62
2025/2/2,00:15,1350,,,,56
2025/2/2,00:30,1350,,,,54
2025/2/2,00:45,1350,,,,56
2025/2/2,01:00,1350,,,,56
2025/2/2,01:15,1350,,,,51
2025/2/2,01:30,1350,,,,48
2025/2/2,01:45,1350,,,,46
2025/2/2,02:00,1350,,,,48
2025/2/2,02:15,1350,,,,46
2025/2/2,02:30,1350,,,,50
2025/2/2,02:45,1350,,,,45
2025/2/2,03:00,1350,,,,43
2025/2/2,03:15,1350,,,,45
2025/2/2,03:30,1350,,,,42
2025/2/2,03:45,1350,,,,43
2025/2/2,04:00,1350,,,,42
2025/2/2,04:15,1350,,,,40
2025/2/2,04:30,1350,,,,45
2025/2/2,04:45,1350,,,,42
2025/2/2,05:00,1350,,,,46
2025/2/2,05:15,1350,,,,43
2025/2/2,05:30,1350,,,,40
2025/2/2,05:45,1350,,,,43
2025/2/2,06:00,1350,,,,42
2025/2/2,06:15,1350,,,,40
2025/2/2,06:30,1350,,,,45
2025/2/2,06:45,1350,,,,42
2025/2/2,07:00,1350,,,,51
2025/2/2,07:15,1350,,,,42
2025/2/2,07:30,1350,,,,45
2025/2/2,07:45,1350,,,,49
2025/2/2,08:00,1350,,,,49
2025/2/2,08:15,1350,,,,54
2025/2/2,08:30,1350,,,,76
2025/2/2,08:45,1350,,,,94
2025/2/2,09:00,1350,,,,96
2025/2/2,09:15,1350,,,,94
2025/2/2,09:30,1350,,,,97
2025/2/2,09:45,1350,,,,91
2025/2/2,10:00,1350,,,,55
2025/2/2,10:15,1350,,,,54
2025/2/2,10:30,1350,,,,54
2025/2/2,10:45,1350,,,,51
2025/2/2,11:00,1350,,,,47
2025/2/2,11:15,1350,,,,48
2025/2/2,11:30,1350,,,,51
2025/2/2,11:45,1350,,,,51
2025/2/2,12:00,1350,,,,48
2025/2/2,12:15,1350,,,,47
2025/2/2,12:30,1350,,,,50
2025/2/2,12:45,1350,,,,47
2025/2/2,13:00,1350,,,,50
2025/2/2,13:15,1350,,,,55
2025/2/2,13:30,1350,,,,55
2025/2/2,13:45,1350,,,,48
2025/2/2,14:00,1350,,,,46
2025/2/2,14:15,1350,,,,53
2025/2/2,14:30,1350,,,,45
2025/2/2,14:45,1350,,,,47
2025/2/2,15:00,1350,,,,54
2025/2/2,15:15,1350,,,,49
2025/2/2,15:30,1350,,,,48
2025/2/2,15:45,1350,,,,50
2025/2/2,16:00,1350,,,,46
2025/2/2,16:15,1350,,,,53
2025/2/2,16:30,1350,,,,49
2025/2/2,16:45,1350,,,,54
2025/2/2,17:00,1350,,,,48
2025/2/2,17:15,1350,,,,47
2025/2/2,17:30,1350,,,,51
2025/2/2,17:45,1350,,,,46
2025/2/2,18:00,1350,,,,46
2025/2/2,18:15,1350,,,,50
2025/2/2,18:30,1350,,,,45
2025/2/2,18:45,1350,,,,46
2025/2/2,19:00,1350,,,,46
2025/2/2,19:15,1350,,,,40
2025/2/2,19:30,1350,,,,45
2025/2/2,19:45,1350,,,,42
2025/2/2,20:00,1350,,,,46
2025/2/2,20:15,1350,,,,42
2025/2/2,20:30,1350,,,,45
2025/2/2,20:45,1350,,,,40
2025/2/2,21:00,1350,,,,46
2025/2/2,21:15,1350,,,,38
2025/2/2,21:30,1350,,,,45
2025/2/2,21:45,1350,,,,42
2025/2/2,22:00,1350,,,,43
2025/2/2,22:15,1350,,,,42
2025/2/2,22:30,1350,,,,42
2025/2/2,22:45,1350,,,,45
2025/2/2,23:00,1350,,,,45
2025/2/2,23:15,1350,,,,51
2025/2/2,23:30,1350,,,,45
2025/2/2,23:45,1350,,,,48
2025/2/3,00:00,1350,,,,42
2025/2/3,00:15,1350,,,,46
2025/2/3,00:30,1350,,,,46
2025/2/3,00:45,1350,,,,48
2025/2/3,01:00,1350,,,,43
2025/2/3,01:15,1350,,,,48
2025/2/3,01:30,1350,,,,45
2025/2/3,01:45,1350,,,,43
2025/2/3,02:00,1350,,,,48
2025/2/3,02:15,1350,,,,48
2025/2/3,02:30,1350,,,,45
2025/2/3,02:45,1350,,,,45
2025/2/3,03:00,1350,,,,43
2025/2/3,03:15,1350,,,,40
2025/2/3,03:30,1350,,,,42
2025/2/3,03:45,1350,,,,42
2025/2/3,04:00,1350,,,,43
2025/2/3,04:15,1350,,,,40
2025/2/3,04:30,1350,,,,43
2025/2/3,04:45,1350,,,,40
2025/2/3,05:00,1350,,,,46
2025/2/3,05:15,1350,,,,43
2025/2/3,05:30,1350,,,,38
2025/2/3,05:45,1350,,,,43
2025/2/3,06:00,1350,,,,40
2025/2/3,06:15,1350,,43,,
2025/2/3,06:30,1350,,45,,
2025/2/3,06:45,1350,,46,,
2025/2/3,07:00,1350,,80,,
2025/2/3,07:15,1350,,87,,
2025/2/3,07:30,1350,,102,,
2025/2/3,07:45,1350,,139,,
2025/2/3,08:00,1350,,148,,
2025/2/3,08:15,1350,,185,,
2025/2/3,08:30,1350,,173,,
2025/2/3,08:45,1350,,173,,
2025/2/3,09:00,1350,,260,,
2025/2/3,09:15,1350,,439,,
2025/2/3,09:30,1350,,524,,
2025/2/3,09:45,1350,,516,,
2025/2/3,10:00,1350,,584,,
2025/2/3,10:15,1350,,741,,
2025/2/3,10:30,1350,,594,,
2025/2/3,10:45,1350,,670,,
2025/2/3,11:00,1350,,718,,
2025/2/3,11:15,1350,,,,758
2025/2/3,11:30,1350,,,,780
2025/2/3,11:45,1350,,,,705
2025/2/3,12:00,1350,,,,581
2025/2/3,12:15,1350,,,,237
2025/2/3,12:30,1350,,,,222
2025/2/3,12:45,1350,,,,252
2025/2/3,13:00,1350,,,,627
2025/2/3,13:15,1350,,,,748
2025/2/3,13:30,1350,,,,838
2025/2/3,13:45,1350,,,,822
2025/2/3,14:00,1350,,,,799
2025/2/3,14:15,1350,,768,,
2025/2/3,14:30,1350,,834,,
2025/2/3,14:45,1350,,755,,
2025/2/3,15:00,1350,,704,,
2025/2/3,15:15,1350,,702,,
2025/2/3,15:30,1350,,726,,
2025/2/3,15:45,1350,,761,,
2025/2/3,16:00,1350,,667,,
2025/2/3,16:15,1350,,605,,
2025/2/3,16:30,1350,,623,,
2025/2/3,16:45,1350,,618,,
2025/2/3,17:00,1350,,459,,
2025/2/3,17:15,1350,,158,,
2025/2/3,17:30,1350,,172,,
2025/2/3,17:45,1350,,399,,
2025/2/3,18:00,1350,,480,,
2025/2/3,18:15,1350,,498,,
2025/2/3,18:30,1350,,442,,
2025/2/3,18:45,1350,,437,,
2025/2/3,19:00,1350,,493,,
2025/2/3,19:15,1350,,422,,
2025/2/3,19:30,1350,,310,,
2025/2/3,19:45,1350,,320,,
2025/2/3,20:00,1350,,346,,
2025/2/3,20:15,1350,,277,,
2025/2/3,20:30,1350,,131,,
2025/2/3,20:45,1350,,205,,
2025/2/3,21:00,1350,,245,,
2025/2/3,21:15,1350,,192,,
2025/2/3,21:30,1350,,245,,
2025/2/3,21:45,1350,,203,,
2025/2/3,22:00,1350,,214,,
2025/2/3,22:15,1350,,229,,
2025/2/3,22:30,1350,,198,,
2025/2/3,22:45,1350,,242,,
2025/2/3,23:00,1350,,197,,
2025/2/3,23:15,1350,,235,,
2025/2/3,23:30,1350,,208,,
2025/2/3,23:45,1350,,200,,
2025/2/4,00:00,1350,,227,,
2025/2/4,00:15,1350,,,,190
2025/2/4,00:30,1350,,,,235
2025/2/4,00:45,1350,,,,187
2025/2/4,01:00,1350,,,,224
2025/2/4,01:15,1350,,,,195
2025/2/4,01:30,1350,,,,107
2025/2/4,01:45,1350,,,,88
2025/2/4,02:00,1350,,,,91
2025/2/4,02:15,1350,,,,90
2025/2/4,02:30,1350,,,,90
2025/2/4,02:45,1350,,,,90
2025/2/4,03:00,1350,,,,88
2025/2/4,03:15,1350,,,,90
2025/2/4,03:30,1350,,,,88
2025/2/4,03:45,1350,,,,90
2025/2/4,04:00,1350,,,,88
2025/2/4,04:15,1350,,,,88
2025/2/4,04:30,1350,,,,88
2025/2/4,04:45,1350,,,,78
2025/2/4,05:00,1350,,,,82
2025/2/4,05:15,1350,,,,78
2025/2/4,05:30,1350,,,,77
2025/2/4,05:45,1350,,,,77
2025/2/4,06:00,1350,,,,74
2025/2/4,06:15,1350,,77,,
2025/2/4,06:30,1350,,77,,
2025/2/4,06:45,1350,,82,,
2025/2/4,07:00,1350,,72,,
2025/2/4,07:15,1350,,132,,
2025/2/4,07:30,1350,,193,,
2025/2/4,07:45,1350,,217,,
2025/2/4,08:00,1350,,282,,
2025/2/4,08:15,1350,,664,,
2025/2/4,08:30,1350,,914,,
2025/2/4,08:45,1350,,998,,
2025/2/4,09:00,1350,,989,,
2025/2/4,09:15,1350,,1002,,
2025/2/4,09:30,1350,,1046,,
2025/2/4,09:45,1350,,1046,,
2025/2/4,10:00,1350,,917,,
2025/2/4,10:15,1350,,945,,
2025/2/4,10:30,1350,,1026,,
2025/2/4,10:45,1350,,943,,
2025/2/4,11:00,1350,,999,,
2025/2/4,11:15,1350,,,,1007
2025/2/4,11:30,1350,,,,963
2025/2/4,11:45,1350,,,,987
2025/2/4,12:00,1350,,,,816
2025/2/4,12:15,1350,,,,476
2025/2/4,12:30,1350,,,,456
2025/2/4,12:45,1350,,,,457
2025/2/4,13:00,1350,,,,846
2025/2/4,13:15,1350,,,,914
2025/2/4,13:30,1350,,,,868
2025/2/4,13:45,1350,,,,780
2025/2/4,14:00,1350,,,,768
2025/2/4,14:15,1350,,656,,
2025/2/4,14:30,1350,,725,,
2025/2/4,14:45,1350,,752,,
2025/2/4,15:00,1350,,671,,
2025/2/4,15:15,1350,,726,,
2025/2/4,15:30,1350,,728,,
2025/2/4,15:45,1350,,753,,
2025/2/4,16:00,1350,,744,,
2025/2/4,16:15,1350,,742,,
2025/2/4,16:30,1350,,767,,
2025/2/4,16:45,1350,,619,,
2025/2/4,17:00,1350,,249,,
2025/2/4,17:15,1350,,188,,
2025/2/4,17:30,1350,,249,,
2025/2/4,17:45,1350,,337,,
2025/2/4,18:00,1350,,403,,
2025/2/4,18:15,1350,,325,,
2025/2/4,18:30,1350,,365,,
2025/2/4,18:45,1350,,274,,
2025/2/4,19:00,1350,,245,,
2025/2/4,19:15,1350,,296,,
2025/2/4,19:30,1350,,237,,
2025/2/4,19:45,1350,,211,,
2025/2/4,20:00,1350,,272,,
2025/2/4,20:15,1350,,235,,
2025/2/4,20:30,1350,,211,,
2025/2/4,20:45,1350,,270,,
2025/2/4,21:00,1350,,235,,
2025/2/4,21:15,1350,,214,,
2025/2/4,21:30,1350,,254,,
2025/2/4,21:45,1350,,232,,
2025/2/4,22:00,1350,,202,,
2025/2/4,22:15,1350,,256,,
2025/2/4,22:30,1350,,230,,
2025/2/4,22:45,1350,,211,,
2025/2/4,23:00,1350,,259,,
2025/2/4,23:15,1350,,227,,
2025/2/4,23:30,1350,,130,,
2025/2/4,23:45,1350,,102,,
2025/2/5,00:00,1350,,106,,
2025/2/5,00:15,1350,,,,101
2025/2/5,00:30,1350,,,,109
2025/2/5,00:45,1350,,,,102
2025/2/5,01:00,1350,,,,106
2025/2/5,01:15,1350,,,,101
2025/2/5,01:30,1350,,,,106
2025/2/5,01:45,1350,,,,104
2025/2/5,02:00,1350,,,,101
2025/2/5,02:15,1350,,,,110
2025/2/5,02:30,1350,,,,102
2025/2/5,02:45,1350,,,,106
2025/2/5,03:00,1350,,,,102
2025/2/5,03:15,1350,,,,107
2025/2/5,03:30,1350,,,,98
2025/2/5,03:45,1350,,,,101
2025/2/5,04:00,1350,,,,98
2025/2/5,04:15,1350,,,,102
2025/2/5,04:30,1350,,,,101
2025/2/5,04:45,1350,,,,91
2025/2/5,05:00,1350,,,,88
2025/2/5,05:15,1350,,,,94
2025/2/5,05:30,1350,,,,88
2025/2/5,05:45,1350,,,,88
2025/2/5,06:00,1350,,,,85
2025/2/5,06:15,1350,,88,,
2025/2/5,06:30,1350,,90,,
2025/2/5,06:45,1350,,92,,
2025/2/5,07:00,1350,,94,,
2025/2/5,07:15,1350,,129,,
2025/2/5,07:30,1350,,202,,
2025/2/5,07:45,1350,,220,,
2025/2/5,08:00,1350,,294,,
2025/2/5,08:15,1350,,588,,
2025/2/5,08:30,1350,,701,,
2025/2/5,08:45,1350,,766,,
2025/2/5,09:00,1350,,803,,
2025/2/5,09:15,1350,,817,,
2025/2/5,09:30,1350,,784,,
2025/2/5,09:45,1350,,853,,
2025/2/5,10:00,1350,,795,,
2025/2/5,10:15,1350,,861,,
2025/2/5,10:30,1350,,887,,
2025/2/5,10:45,1350,,907,,
2025/2/5,11:00,1350,,920,,
2025/2/5,11:15,1350,,,,874
2025/2/5,11:30,1350,,,,881
2025/2/5,11:45,1350,,,,874
2025/2/5,12:00,1350,,,,720
2025/2/5,12:15,1350,,,,448
2025/2/5,12:30,1350,,,,436
2025/2/5,12:45,1350,,,,474
2025/2/5,13:00,1350,,,,844
2025/2/5,13:15,1350,,,,879
2025/2/5,13:30,1350,,,,830
2025/2/5,13:45,1350,,,,822
2025/2/5,14:00,1350,,,,824
2025/2/5,14:15,1350,,762,,
2025/2/5,14:30,1350,,821,,
2025/2/5,14:45,1350,,799,,
2025/2/5,15:00,1350,,762,,
2025/2/5,15:15,1350,,821,,
2025/2/5,15:30,1350,,904,,
2025/2/5,15:45,1350,,886,,
2025/2/5,16:00,1350,,878,,
2025/2/5,16:15,1350,,864,,
2025/2/5,16:30,1350,,805,,
2025/2/5,16:45,1350,,735,,
2025/2/5,17:00,1350,,443,,
2025/2/5,17:15,1350,,272,,
2025/2/5,17:30,1350,,270,,
2025/2/5,17:45,1350,,349,,
2025/2/5,18:00,1350,,398,,
2025/2/5,18:15,1350,,413,,
2025/2/5,18:30,1350,,357,,
2025/2/5,18:45,1350,,413,,
2025/2/5,19:00,1350,,338,,
2025/2/5,19:15,1350,,370,,
2025/2/5,19:30,1350,,229,,
2025/2/5,19:45,1350,,122,,
2025/2/5,20:00,1350,,120,,
2025/2/5,20:15,1350,,120,,
2025/2/5,20:30,1350,,120,,
2025/2/5,20:45,1350,,115,,
2025/2/5,21:00,1350,,114,,
2025/2/5,21:15,1350,,114,,
2025/2/5,21:30,1350,,117,,
2025/2/5,21:45,1350,,117,,
2025/2/5,22:00,1350,,117,,
2025/2/5,22:15,1350,,118,,
2025/2/5,22:30,1350,,117,,
2025/2/5,22:45,1350,,115,,
2025/2/5,23:00,1350,,114,,
2025/2/5,23:15,1350,,109,,
2025/2/5,23:30,1350,,109,,
2025/2/5,23:45,1350,,104,,
2025/2/6,00:00,1350,,101,,
2025/2/6,00:15,1350,,,,101
2025/2/6,00:30,1350,,,,102
2025/2/6,00:45,1350,,,,101
2025/2/6,01:00,1350,,,,101
2025/2/6,01:15,1350,,,,102
2025/2/6,01:30,1350,,,,104
2025/2/6,01:45,1350,,,,98
2025/2/6,02:00,1350,,,,101
2025/2/6,02:15,1350,,,,99
2025/2/6,02:30,1350,,,,99
2025/2/6,02:45,1350,,,,98
2025/2/6,03:00,1350,,,,96
2025/2/6,03:15,1350,,,,96
2025/2/6,03:30,1350,,,,96
2025/2/6,03:45,1350,,,,93
2025/2/6,04:00,1350,,,,94
2025/2/6,04:15,1350,,,,94
2025/2/6,04:30,1350,,,,93
2025/2/6,04:45,1350,,,,85
2025/2/6,05:00,1350,,,,88
2025/2/6,05:15,1350,,,,85
2025/2/6,05:30,1350,,,,82
2025/2/6,05:45,1350,,,,66
2025/2/6,06:00,1350,,,,66
2025/2/6,06:15,1350,,66,,
2025/2/6,06:30,1350,,70,,
2025/2/6,06:45,1350,,69,,
2025/2/6,07:00,1350,,70,,
2025/2/6,07:15,1350,,136,,
2025/2/6,07:30,1350,,188,,
2025/2/6,07:45,1350,,215,,
2025/2/6,08:00,1350,,287,,
2025/2/6,08:15,1350,,659,,
2025/2/6,08:30,1350,,939,,
2025/2/6,08:45,1350,,921,,
2025/2/6,09:00,1350,,873,,
2025/2/6,09:15,1350,,898,,
2025/2/6,09:30,1350,,875,,
2025/2/6,09:45,1350,,948,,
2025/2/6,10:00,1350,,883,,
2025/2/6,10:15,1350,,912,,
2025/2/6,10:30,1350,,911,,
2025/2/6,10:45,1350,,950,,
2025/2/6,11:00,1350,,952,,
2025/2/6,11:15,1350,,,,848
2025/2/6,11:30,1350,,,,965
2025/2/6,11:45,1350,,,,933
2025/2/6,12:00,1350,,,,741
2025/2/6,12:15,1350,,,,423
2025/2/6,12:30,1350,,,,370
2025/2/6,12:45,1350,,,,410
2025/2/6,13:00,1350,,,,748
2025/2/6,13:15,1350,,,,810
2025/2/6,13:30,1350,,,,796
2025/2/6,13:45,1350,,,,800
2025/2/6,14:00,1350,,,,726
2025/2/6,14:15,1350,,786,,
2025/2/6,14:30,1350,,749,,
2025/2/6,14:45,1350,,759,,
2025/2/6,15:00,1350,,570,,
2025/2/6,15:15,1350,,720,,
2025/2/6,15:30,1350,,748,,
2025/2/6,15:45,1350,,741,,
2025/2/6,16:00,1350,,671,,
2025/2/6,16:15,1350,,723,,
2025/2/6,16:30,1350,,757,,
2025/2/6,16:45,1350,,702,,
2025/2/6,17:00,1350,,445,,
2025/2/6,17:15,1350,,292,,
2025/2/6,17:30,1350,,290,,
2025/2/6,17:45,1350,,318,,
2025/2/6,18:00,1350,,314,,
2025/2/6,18:15,1350,,310,,
2025/2/6,18:30,1350,,354,,
2025/2/6,18:45,1350,,280,,
2025/2/6,19:00,1350,,286,,
2025/2/6,19:15,1350,,267,,
2025/2/6,19:30,1350,,174,,
2025/2/6,19:45,1350,,123,,
2025/2/6,20:00,1350,,125,,
2025/2/6,20:15,1350,,123,,
2025/2/6,20:30,1350,,128,,
2025/2/6,20:45,1350,,122,,
2025/2/6,21:00,1350,,122,,
2025/2/6,21:15,1350,,123,,
2025/2/6,21:30,1350,,123,,
2025/2/6,21:45,1350,,117,,
2025/2/6,22:00,1350,,118,,
2025/2/6,22:15,1350,,112,,
2025/2/6,22:30,1350,,115,,
2025/2/6,22:45,1350,,118,,
2025/2/6,23:00,1350,,118,,
2025/2/6,23:15,1350,,112,,
2025/2/6,23:30,1350,,109,,
2025/2/6,23:45,1350,,101,,
2025/2/7,00:00,1350,,98,,
2025/2/7,00:15,1350,,,,101
2025/2/7,00:30,1350,,,,99
2025/2/7,00:45,1350,,,,101
2025/2/7,01:00,1350,,,,102
2025/2/7,01:15,1350,,,,101
2025/2/7,01:30,1350,,,,99
2025/2/7,01:45,1350,,,,99
2025/2/7,02:00,1350,,,,99
2025/2/7,02:15,1350,,,,96
2025/2/7,02:30,1350,,,,96
2025/2/7,02:45,1350,,,,94
2025/2/7,03:00,1350,,,,96
2025/2/7,03:15,1350,,,,94
2025/2/7,03:30,1350,,,,96
2025/2/7,03:45,1350,,,,94
2025/2/7,04:00,1350,,,,94
2025/2/7,04:15,1350,,,,94
2025/2/7,04:30,1350,,,,93
2025/2/7,04:45,1350,,,,82
2025/2/7,05:00,1350,,,,85
2025/2/7,05:15,1350,,,,85
2025/2/7,05:30,1350,,,,82
2025/2/7,05:45,1350,,,,82
2025/2/7,06:00,1350,,,,82
2025/2/7,06:15,1350,,75,,
2025/2/7,06:30,1350,,67,,
2025/2/7,06:45,1350,,69,,
2025/2/7,07:00,1350,,73,,
2025/2/7,07:15,1350,,136,,
2025/2/7,07:30,1350,,190,,
2025/2/7,07:45,1350,,212,,
2025/2/7,08:00,1350,,284,,
2025/2/7,08:15,1350,,616,,
2025/2/7,08:30,1350,,872,,
2025/2/7,08:45,1350,,905,,
2025/2/7,09:00,1350,,843,,
2025/2/7,09:15,1350,,842,,
2025/2/7,09:30,1350,,833,,
2025/2/7,09:45,1350,,808,,
2025/2/7,10:00,1350,,728,,
2025/2/7,10:15,1350,,782,,
2025/2/7,10:30,1350,,725,,
2025/2/7,10:45,1350,,755,,
2025/2/7,11:00,1350,,822,,
2025/2/7,11:15,1350,,,,703
2025/2/7,11:30,1350,,,,796
2025/2/7,11:45,1350,,,,847
2025/2/7,12:00,1350,,,,674
2025/2/7,12:15,1350,,,,435
2025/2/7,12:30,1350,,,,384
2025/2/7,12:45,1350,,,,409
2025/2/7,13:00,1350,,,,570
2025/2/7,13:15,1350,,,,617
2025/2/7,13:30,1350,,,,660
2025/2/7,13:45,1350,,,,591
2025/2/7,14:00,1350,,,,627
2025/2/7,14:15,1350,,600,,
2025/2/7,14:30,1350,,576,,
2025/2/7,14:45,1350,,624,,
2025/2/7,15:00,1350,,512,,
2025/2/7,15:15,1350,,552,,
2025/2/7,15:30,1350,,723,,
2025/2/7,15:45,1350,,702,,
2025/2/7,16:00,1350,,632,,
2025/2/7,16:15,1350,,639,,
2025/2/7,16:30,1350,,673,,
2025/2/7,16:45,1350,,476,,
2025/2/7,17:00,1350,,314,,
2025/2/7,17:15,1350,,266,,
2025/2/7,17:30,1350,,261,,
2025/2/7,17:45,1350,,275,,
2025/2/7,18:00,1350,,247,,
2025/2/7,18:15,1350,,237,,
2025/2/7,18:30,1350,,240,,
2025/2/7,18:45,1350,,221,,
2025/2/7,19:00,1350,,211,,
2025/2/7,19:15,1350,,160,,
2025/2/7,19:30,1350,,130,,
2025/2/7,19:45,1350,,118,,
2025/2/7,20:00,1350,,120,,
2025/2/7,20:15,1350,,118,,
2025/2/7,20:30,1350,,120,,
2025/2/7,20:45,1350,,112,,
2025/2/7,21:00,1350,,114,,
2025/2/7,21:15,1350,,107,,
2025/2/7,21:30,1350,,107,,
2025/2/7,21:45,1350,,106,,
2025/2/7,22:00,1350,,144,,
2025/2/7,22:15,1350,,147,,
2025/2/7,22:30,1350,,182,,
2025/2/7,22:45,1350,,146,,
2025/2/7,23:00,1350,,160,,
2025/2/7,23:15,1350,,166,,
2025/2/7,23:30,1350,,178,,
2025/2/7,23:45,1350,,211,,
2025/2/8,00:00,1350,,181,,
2025/2/8,00:15,1350,,,,154
2025/2/8,00:30,1350,,,,107
2025/2/8,00:45,1350,,,,112
2025/2/8,01:00,1350,,,,106
2025/2/8,01:15,1350,,,,112
2025/2/8,01:30,1350,,,,104
2025/2/8,01:45,1350,,,,104
2025/2/8,02:00,1350,,,,98
2025/2/8,02:15,1350,,,,106
2025/2/8,02:30,1350,,,,96
2025/2/8,02:45,1350,,,,101
2025/2/8,03:00,1350,,,,96
2025/2/8,03:15,1350,,,,102
2025/2/8,03:30,1350,,,,96
2025/2/8,03:45,1350,,,,101
2025/2/8,04:00,1350,,,,93
2025/2/8,04:15,1350,,,,93
2025/2/8,04:30,1350,,,,93
2025/2/8,04:45,1350,,,,90
2025/2/8,05:00,1350,,,,99
2025/2/8,05:15,1350,,,,99
2025/2/8,05:30,1350,,,,98
2025/2/8,05:45,1350,,,,86
2025/2/8,06:00,1350,,,,77
2025/2/8,06:15,1350,,,75,
2025/2/8,06:30,1350,,,80,
2025/2/8,06:45,1350,,,82,
2025/2/8,07:00,1350,,,80,
2025/2/8,07:15,1350,,,84,
2025/2/8,07:30,1350,,,75,
2025/2/8,07:45,1350,,,81,
2025/2/8,08:00,1350,,,78,
2025/2/8,08:15,1350,,,87,
2025/2/8,08:30,1350,,,88,
2025/2/8,08:45,1350,,,70,
2025/2/8,09:00,1350,,,81,
2025/2/8,09:15,1350,,,96,
2025/2/8,09:30,1350,,,95,
2025/2/8,09:45,1350,,,90,
2025/2/8,10:00,1350,,,84,
2025/2/8,10:15,1350,,,87,
2025/2/8,10:30,1350,,,86,
2025/2/8,10:45,1350,,,93,
2025/2/8,11:00,1350,,,95,
2025/2/8,11:15,1350,,,,96
2025/2/8,11:30,1350,,,,97
2025/2/8,11:45,1350,,,,87
2025/2/8,12:00,1350,,,,83
2025/2/8,12:15,1350,,,,73
2025/2/8,12:30,1350,,,,69
2025/2/8,12:45,1350,,,,68
2025/2/8,13:00,1350,,,,76
2025/2/8,13:15,1350,,,,80
2025/2/8,13:30,1350,,,,76
2025/2/8,13:45,1350,,,,78
2025/2/8,14:00,1350,,,,73
2025/2/8,14:15,1350,,,100,
2025/2/8,14:30,1350,,,69,
2025/2/8,14:45,1350,,,77,
2025/2/8,15:00,1350,,,84,
2025/2/8,15:15,1350,,,78,
2025/2/8,15:30,1350,,,77,
2025/2/8,15:45,1350,,,65,
2025/2/8,16:00,1350,,,78,
2025/2/8,16:15,1350,,,73,
2025/2/8,16:30,1350,,,69,
2025/2/8,16:45,1350,,,76,
2025/2/8,17:00,1350,,,71,
2025/2/8,17:15,1350,,,74,
2025/2/8,17:30,1350,,,65,
2025/2/8,17:45,1350,,,64,
2025/2/8,18:00,1350,,,69,
2025/2/8,18:15,1350,,,62,
2025/2/8,18:30,1350,,,66,
2025/2/8,18:45,1350,,,67,
2025/2/8,19:00,1350,,,72,
2025/2/8,19:15,1350,,,70,
2025/2/8,19:30,1350,,,62,
2025/2/8,19:45,1350,,,66,
2025/2/8,20:00,1350,,,66,
2025/2/8,20:15,1350,,,69,
2025/2/8,20:30,1350,,,66,
2025/2/8,20:45,1350,,,67,
2025/2/8,21:00,1350,,,72,
2025/2/8,21:15,1350,,,69,
2025/2/8,21:30,1350,,,64,
2025/2/8,21:45,1350,,,54,
2025/2/8,22:00,1350,,,56,
2025/2/8,22:15,1350,,,54,
2025/2/8,22:30,1350,,,54,
2025/2/8,22:45,1350,,,64,
2025/2/8,23:00,1350,,,62,
2025/2/8,23:15,1350,,,61,
2025/2/8,23:30,1350,,,51,
2025/2/8,23:45,1350,,,56,
2025/2/9,00:00,1350,,,58,
2025/2/9,00:15,1350,,,,53
2025/2/9,00:30,1350,,,,59
2025/2/9,00:45,1350,,,,61
2025/2/9,01:00,1350,,,,61
2025/2/9,01:15,1350,,,,56
2025/2/9,01:30,1350,,,,56
2025/2/9,01:45,1350,,,,53
2025/2/9,02:00,1350,,,,58
2025/2/9,02:15,1350,,,,59
2025/2/9,02:30,1350,,,,62
2025/2/9,02:45,1350,,,,66
2025/2/9,03:00,1350,,,,64
2025/2/9,03:15,1350,,,,53
2025/2/9,03:30,1350,,,,56
2025/2/9,03:45,1350,,,,54
2025/2/9,04:00,1350,,,,53
2025/2/9,04:15,1350,,,,59
2025/2/9,04:30,1350,,,,58
2025/2/9,04:45,1350,,,,62
2025/2/9,05:00,1350,,,,66
2025/2/9,05:15,1350,,,,56
2025/2/9,05:30,1350,,,,54
2025/2/9,05:45,1350,,,,51
2025/2/9,06:00,1350,,,,56
2025/2/9,06:15,1350,,,,59
2025/2/9,06:30,1350,,,,61
2025/2/9,06:45,1350,,,,64
2025/2/9,07:00,1350,,,,59
2025/2/9,07:15,1350,,,,55
2025/2/9,07:30,1350,,,,52
2025/2/9,07:45,1350,,,,55
2025/2/9,08:00,1350,,,,60
2025/2/9,08:15,1350,,,,68
2025/2/9,08:30,1350,,,,62
2025/2/9,08:45,1350,,,,66
2025/2/9,09:00,1350,,,,59
2025/2/9,09:15,1350,,,,61
2025/2/9,09:30,1350,,,,59
2025/2/9,09:45,1350,,,,55
2025/2/9,10:00,1350,,,,62
2025/2/9,10:15,1350,,,,65
2025/2/9,10:30,1350,,,,67
2025/2/9,10:45,1350,,,,66
2025/2/9,11:00,1350,,,,61
2025/2/9,11:15,1350,,,,62
2025/2/9,11:30,1350,,,,61
2025/2/9,11:45,1350,,,,67
2025/2/9,12:00,1350,,,,65
2025/2/9,12:15,1350,,,,62
2025/2/9,12:30,1350,,,,63
2025/2/9,12:45,1350,,,,56
2025/2/9,13:00,1350,,,,64
2025/2/9,13:15,1350,,,,66
2025/2/9,13:30,1350,,,,57
2025/2/9,13:45,1350,,,,60
2025/2/9,14:00,1350,,,,57
2025/2/9,14:15,1350,,,,70
2025/2/9,14:30,1350,,,,67
2025/2/9,14:45,1350,,,,62
2025/2/9,15:00,1350,,,,59
2025/2/9,15:15,1350,,,,57
2025/2/9,15:30,1350,,,,61
2025/2/9,15:45,1350,,,,55
2025/2/9,16:00,1350,,,,64
2025/2/9,16:15,1350,,,,65
2025/2/9,16:30,1350,,,,64
2025/2/9,16:45,1350,,,,63
2025/2/9,17:00,1350,,,,54
2025/2/9,17:15,1350,,,,62
2025/2/9,17:30,1350,,,,57
2025/2/9,17:45,1350,,,,61
2025/2/9,18:00,1350,,,,66
2025/2/9,18:15,1350,,,,62
2025/2/9,18:30,1350,,,,64
2025/2/9,18:45,1350,,,,53
2025/2/9,19:00,1350,,,,58
2025/2/9,19:15,1350,,,,53
2025/2/9,19:30,1350,,,,59
2025/2/9,19:45,1350,,,,59
2025/2/9,20:00,1350,,,,61
2025/2/9,20:15,1350,,,,66
2025/2/9,20:30,1350,,,,58
2025/2/9,20:45,1350,,,,54
2025/2/9,21:00,1350,,,,58
2025/2/9,21:15,1350,,,,53
2025/2/9,21:30,1350,,,,59
2025/2/9,21:45,1350,,,,56
2025/2/9,22:00,1350,,,,64
2025/2/9,22:15,1350,,,,64
2025/2/9,22:30,1350,,,,56
2025/2/9,22:45,1350,,,,58
2025/2/9,23:00,1350,,,,56
2025/2/9,23:15,1350,,,,61
2025/2/9,23:30,1350,,,,58
2025/2/9,23:45,1350,,,,62
2025/2/10,00:00,1350,,,,61
2025/2/10,00:15,1350,,,,58
2025/2/10,00:30,1350,,,,58
2025/2/10,00:45,1350,,,,58
2025/2/10,01:00,1350,,,,53
2025/2/10,01:15,1350,,,,56
2025/2/10,01:30,1350,,,,54
2025/2/10,01:45,1350,,,,64
2025/2/10,02:00,1350,,,,61
2025/2/10,02:15,1350,,,,59
2025/2/10,02:30,1350,,,,56
2025/2/10,02:45,1350,,,,53
2025/2/10,03:00,1350,,,,58
2025/2/10,03:15,1350,,,,54
2025/2/10,03:30,1350,,,,59
2025/2/10,03:45,1350,,,,62
2025/2/10,04:00,1350,,,,59
2025/2/10,04:15,1350,,,,59
2025/2/10,04:30,1350,,,,58
2025/2/10,04:45,1350,,,,54
2025/2/10,05:00,1350,,,,59
2025/2/10,05:15,1350,,,,61
2025/2/10,05:30,1350,,,,56
2025/2/10,05:45,1350,,,,62
2025/2/10,06:00,1350,,,,58
2025/2/10,06:15,1350,,53,,
2025/2/10,06:30,1350,,56,,
2025/2/10,06:45,1350,,78,,
2025/2/10,07:00,1350,,87,,
2025/2/10,07:15,1350,,151,,
2025/2/10,07:30,1350,,203,,
2025/2/10,07:45,1350,,222,,
2025/2/10,08:00,1350,,239,,
2025/2/10,08:15,1350,,486,,
2025/2/10,08:30,1350,,564,,
2025/2/10,08:45,1350,,594,,
2025/2/10,09:00,1350,,562,,
2025/2/10,09:15,1350,,504,,
2025/2/10,09:30,1350,,518,,
2025/2/10,09:45,1350,,517,,
2025/2/10,10:00,1350,,476,,
2025/2/10,10:15,1350,,530,,
2025/2/10,10:30,1350,,532,,
2025/2/10,10:45,1350,,536,,
2025/2/10,11:00,1350,,556,,
2025/2/10,11:15,1350,,,,556
2025/2/10,11:30,1350,,,,620
2025/2/10,11:45,1350,,,,621
2025/2/10,12:00,1350,,,,502
2025/2/10,12:15,1350,,,,397
2025/2/10,12:30,1350,,,,394
2025/2/10,12:45,1350,,,,402
2025/2/10,13:00,1350,,,,576
2025/2/10,13:15,1350,,,,635
2025/2/10,13:30,1350,,,,647
2025/2/10,13:45,1350,,,,724
2025/2/10,14:00,1350,,,,671
2025/2/10,14:15,1350,,621,,
2025/2/10,14:30,1350,,650,,
2025/2/10,14:45,1350,,551,,
2025/2/10,15:00,1350,,488,,
2025/2/10,15:15,1350,,628,,
2025/2/10,15:30,1350,,660,,
2025/2/10,15:45,1350,,541,,
2025/2/10,16:00,1350,,575,,
2025/2/10,16:15,1350,,520,,
2025/2/10,16:30,1350,,455,,
2025/2/10,16:45,1350,,420,,
2025/2/10,17:00,1350,,228,,
2025/2/10,17:15,1350,,170,,
2025/2/10,17:30,1350,,192,,
2025/2/10,17:45,1350,,230,,
2025/2/10,18:00,1350,,219,,
2025/2/10,18:15,1350,,341,,
2025/2/10,18:30,1350,,285,,
2025/2/10,18:45,1350,,264,,
2025/2/10,19:00,1350,,291,,
2025/2/10,19:15,1350,,307,,
2025/2/10,19:30,1350,,184,,
2025/2/10,19:45,1350,,147,,
2025/2/10,20:00,1350,,139,,
2025/2/10,20:15,1350,,134,,
2025/2/10,20:30,1350,,120,,
2025/2/10,20:45,1350,,142,,
2025/2/10,21:00,1350,,142,,
2025/2/10,21:15,1350,,115,,
2025/2/10,21:30,1350,,117,,
2025/2/10,21:45,1350,,112,,
2025/2/10,22:00,1350,,114,,
2025/2/10,22:15,1350,,114,,
2025/2/10,22:30,1350,,117,,
2025/2/10,22:45,1350,,149,,
2025/2/10,23:00,1350,,141,,
2025/2/10,23:15,1350,,138,,
2025/2/10,23:30,1350,,162,,
2025/2/10,23:45,1350,,173,,
2025/2/11,00:00,1350,,138,,
2025/2/11,00:15,1350,,,,146
2025/2/11,00:30,1350,,,,139
2025/2/11,00:45,1350,,,,107
2025/2/11,01:00,1350,,,,107
2025/2/11,01:15,1350,,,,106
2025/2/11,01:30,1350,,,,99
2025/2/11,01:45,1350,,,,104
2025/2/11,02:00,1350,,,,98
2025/2/11,02:15,1350,,,,99
2025/2/11,02:30,1350,,,,99
2025/2/11,02:45,1350,,,,99
2025/2/11,03:00,1350,,,,96
2025/2/11,03:15,1350,,,,101
2025/2/11,03:30,1350,,,,98
2025/2/11,03:45,1350,,,,88
2025/2/11,04:00,1350,,,,86
2025/2/11,04:15,1350,,,,85
2025/2/11,04:30,1350,,,,88
2025/2/11,04:45,1350,,,,86
2025/2/11,05:00,1350,,,,91
2025/2/11,05:15,1350,,,,91
2025/2/11,05:30,1350,,,,86
2025/2/11,05:45,1350,,,,85
2025/2/11,06:00,1350,,,,85
2025/2/11,06:15,1350,,86,,
2025/2/11,06:30,1350,,88,,
2025/2/11,06:45,1350,,90,,
2025/2/11,07:00,1350,,98,,
2025/2/11,07:15,1350,,242,,
2025/2/11,07:30,1350,,313,,
2025/2/11,07:45,1350,,328,,
2025/2/11,08:00,1350,,363,,
2025/2/11,08:15,1350,,556,,
2025/2/11,08:30,1350,,813,,
2025/2/11,08:45,1350,,895,,
2025/2/11,09:00,1350,,881,,
2025/2/11,09:15,1350,,934,,
2025/2/11,09:30,1350,,931,,
2025/2/11,09:45,1350,,887,,
2025/2/11,10:00,1350,,714,,
2025/2/11,10:15,1350,,849,,
2025/2/11,10:30,1350,,864,,
2025/2/11,10:45,1350,,860,,
2025/2/11,11:00,1350,,1012,,
2025/2/11,11:15,1350,,,,1092
2025/2/11,11:30,1350,,,,1129
2025/2/11,11:45,1350,,,,1095
2025/2/11,12:00,1350,,,,856
2025/2/11,12:15,1350,,,,668
2025/2/11,12:30,1350,,,,607
2025/2/11,12:45,1350,,,,565
2025/2/11,13:00,1350,,,,718
2025/2/11,13:15,1350,,,,821
2025/2/11,13:30,1350,,,,973
2025/2/11,13:45,1350,,,,949
2025/2/11,14:00,1350,,,,891
2025/2/11,14:15,1350,,908,,
2025/2/11,14:30,1350,,975,,
2025/2/11,14:45,1350,,973,,
2025/2/11,15:00,1350,,864,,
2025/2/11,15:15,1350,,961,,
2025/2/11,15:30,1350,,932,,
2025/2/11,15:45,1350,,821,,
2025/2/11,16:00,1350,,873,,
2025/2/11,16:15,1350,,913,,
2025/2/11,16:30,1350,,829,,
2025/2/11,16:45,1350,,820,,
2025/2/11,17:00,1350,,597,,
2025/2/11,17:15,1350,,391,,
2025/2/11,17:30,1350,,409,,
2025/2/11,17:45,1350,,384,,
2025/2/11,18:00,1350,,442,,
2025/2/11,18:15,1350,,443,,
2025/2/11,18:30,1350,,390,,
2025/2/11,18:45,1350,,429,,
2025/2/11,19:00,1350,,418,,
2025/2/11,19:15,1350,,256,,
2025/2/11,19:30,1350,,174,,
2025/2/11,19:45,1350,,138,,
2025/2/11,20:00,1350,,144,,
2025/2/11,20:15,1350,,146,,
2025/2/11,20:30,1350,,150,,
2025/2/11,20:45,1350,,134,,
2025/2/11,21:00,1350,,136,,
2025/2/11,21:15,1350,,136,,
2025/2/11,21:30,1350,,136,,
2025/2/11,21:45,1350,,136,,
2025/2/11,22:00,1350,,189,,
2025/2/11,22:15,1350,,158,,
2025/2/11,22:30,1350,,146,,
2025/2/11,22:45,1350,,146,,
2025/2/11,23:00,1350,,142,,
2025/2/11,23:15,1350,,130,,
2025/2/11,23:30,1350,,125,,
2025/2/11,23:45,1350,,106,,
2025/2/12,00:00,1350,,106,,
2025/2/12,00:15,1350,,,,110
2025/2/12,00:30,1350,,,,107
2025/2/12,00:45,1350,,,,110
2025/2/12,01:00,1350,,,,109
2025/2/12,01:15,1350,,,,106
2025/2/12,01:30,1350,,,,107
2025/2/12,01:45,1350,,,,107
2025/2/12,02:00,1350,,,,107
2025/2/12,02:15,1350,,,,109
2025/2/12,02:30,1350,,,,109
2025/2/12,02:45,1350,,,,102
2025/2/12,03:00,1350,,,,101
2025/2/12,03:15,1350,,,,101
2025/2/12,03:30,1350,,,,102
2025/2/12,03:45,1350,,,,90
2025/2/12,04:00,1350,,,,91
2025/2/12,04:15,1350,,,,90
2025/2/12,04:30,1350,,,,90
2025/2/12,04:45,1350,,,,88
2025/2/12,05:00,1350,,,,94
2025/2/12,05:15,1350,,,,91
2025/2/12,05:30,1350,,,,91
2025/2/12,05:45,1350,,,,86
2025/2/12,06:00,1350,,,,86
2025/2/12,06:15,1350,,70,,
2025/2/12,06:30,1350,,77,,
2025/2/12,06:45,1350,,125,,
2025/2/12,07:00,1350,,139,,
2025/2/12,07:15,1350,,199,,
2025/2/12,07:30,1350,,256,,
2025/2/12,07:45,1350,,272,,
2025/2/12,08:00,1350,,325,,
2025/2/12,08:15,1350,,533,,
2025/2/12,08:30,1350,,726,,
2025/2/12,08:45,1350,,767,,
2025/2/12,09:00,1350,,855,,
2025/2/12,09:15,1350,,884,,
2025/2/12,09:30,1350,,833,,
2025/2/12,09:45,1350,,841,,
2025/2/12,10:00,1350,,729,,
2025/2/12,10:15,1350,,845,,
2025/2/12,10:30,1350,,982,,
2025/2/12,10:45,1350,,967,,
2025/2/12,11:00,1350,,895,,
2025/2/12,11:15,1350,,,,825
2025/2/12,11:30,1350,,,,821
2025/2/12,11:45,1350,,,,697
2025/2/12,12:00,1350,,,,537
2025/2/12,12:15,1350,,,,454
2025/2/12,12:30,1350,,,,454
2025/2/12,12:45,1350,,,,488
2025/2/12,13:00,1350,,,,731
2025/2/12,13:15,1350,,,,890
2025/2/12,13:30,1350,,,,964
2025/2/12,13:45,1350,,,,1047
2025/2/12,14:00,1350,,,,1074
2025/2/12,14:15,1350,,1032,,
2025/2/12,14:30,1350,,843,,
2025/2/12,14:45,1350,,782,,
2025/2/12,15:00,1350,,707,,
2025/2/12,15:15,1350,,653,,
2025/2/12,15:30,1350,,801,,
2025/2/12,15:45,1350,,887,,
2025/2/12,16:00,1350,,851,,
2025/2/12,16:15,1350,,839,,
2025/2/12,16:30,1350,,801,,
2025/2/12,16:45,1350,,702,,
2025/2/12,17:00,1350,,632,,
2025/2/12,17:15,1350,,417,,
2025/2/12,17:30,1350,,384,,
2025/2/12,17:45,1350,,462,,
2025/2/12,18:00,1350,,518,,
2025/2/12,18:15,1350,,554,,
2025/2/12,18:30,1350,,467,,
2025/2/12,18:45,1350,,432,,
2025/2/12,19:00,1350,,586,,
2025/2/12,19:15,1350,,566,,
2025/2/12,19:30,1350,,360,,
2025/2/12,19:45,1350,,298,,
2025/2/12,20:00,1350,,272,,
2025/2/12,20:15,1350,,296,,
2025/2/12,20:30,1350,,264,,
2025/2/12,20:45,1350,,262,,
2025/2/12,21:00,1350,,267,,
2025/2/12,21:15,1350,,224,,
2025/2/12,21:30,1350,,258,,
2025/2/12,21:45,1350,,251,,
2025/2/12,22:00,1350,,229,,
2025/2/12,22:15,1350,,256,,
2025/2/12,22:30,1350,,232,,
2025/2/12,22:45,1350,,243,,
2025/2/12,23:00,1350,,261,,
2025/2/12,23:15,1350,,222,,
2025/2/12,23:30,1350,,250,,
2025/2/12,23:45,1350,,245,,
2025/2/13,00:00,1350,,221,,
2025/2/13,00:15,1350,,,,259
2025/2/13,00:30,1350,,,,102
2025/2/13,00:45,1350,,,,94
2025/2/13,01:00,1350,,,,96
2025/2/13,01:15,1350,,,,98
2025/2/13,01:30,1350,,,,96
2025/2/13,01:45,1350,,,,88
2025/2/13,02:00,1350,,,,88
2025/2/13,02:15,1350,,,,91
2025/2/13,02:30,1350,,,,83
2025/2/13,02:45,1350,,,,82
2025/2/13,03:00,1350,,,,83
2025/2/13,03:15,1350,,,,80
2025/2/13,03:30,1350,,,,83
2025/2/13,03:45,1350,,,,72
2025/2/13,04:00,1350,,,,72
2025/2/13,04:15,1350,,,,69
2025/2/13,04:30,1350,,,,70
2025/2/13,04:45,1350,,,,70
2025/2/13,05:00,1350,,,,75
2025/2/13,05:15,1350,,,,75
2025/2/13,05:30,1350,,,,72
2025/2/13,05:45,1350,,,,69
2025/2/13,06:00,1350,,,,70
2025/2/13,06:15,1350,,72,,
2025/2/13,06:30,1350,,75,,
2025/2/13,06:45,1350,,82,,
2025/2/13,07:00,1350,,125,,
2025/2/13,07:15,1350,,182,,
2025/2/13,07:30,1350,,252,,
2025/2/13,07:45,1350,,270,,
2025/2/13,08:00,1350,,322,,
2025/2/13,08:15,1350,,442,,
2025/2/13,08:30,1350,,638,,
2025/2/13,08:45,1350,,811,,
2025/2/13,09:00,1350,,884,,
2025/2/13,09:15,1350,,875,,
2025/2/13,09:30,1350,,917,,
2025/2/13,09:45,1350,,969,,
2025/2/13,10:00,1350,,847,,
2025/2/13,10:15,1350,,828,,
2025/2/13,10:30,1350,,925,,
2025/2/13,10:45,1350,,909,,
2025/2/13,11:00,1350,,901,,
2025/2/13,11:15,1350,,,,782
2025/2/13,11:30,1350,,,,839
2025/2/13,11:45,1350,,,,839
2025/2/13,12:00,1350,,,,672
2025/2/13,12:15,1350,,,,475
2025/2/13,12:30,1350,,,,500
2025/2/13,12:45,1350,,,,544
2025/2/13,13:00,1350,,,,723
2025/2/13,13:15,1350,,,,755
2025/2/13,13:30,1350,,,,810
2025/2/13,13:45,1350,,,,728
2025/2/13,14:00,1350,,,,743
2025/2/13,14:15,1350,,887,,
2025/2/13,14:30,1350,,963,,
2025/2/13,14:45,1350,,922,,
2025/2/13,15:00,1350,,861,,
2025/2/13,15:15,1350,,941,,
2025/2/13,15:30,1350,,1023,,
2025/2/13,15:45,1350,,1019,,
2025/2/13,16:00,1350,,1032,,
2025/2/13,16:15,1350,,1007,,
2025/2/13,16:30,1350,,901,,
2025/2/13,16:45,1350,,949,,
2025/2/13,17:00,1350,,832,,
2025/2/13,17:15,1350,,628,,
2025/2/13,17:30,1350,,627,,
2025/2/13,17:45,1350,,746,,
2025/2/13,18:00,1350,,678,,
2025/2/13,18:15,1350,,714,,
2025/2/13,18:30,1350,,696,,
2025/2/13,18:45,1350,,621,,
2025/2/13,19:00,1350,,598,,
2025/2/13,19:15,1350,,613,,
2025/2/13,19:30,1350,,392,,
2025/2/13,19:45,1350,,240,,
2025/2/13,20:00,1350,,227,,
2025/2/13,20:15,1350,,222,,
2025/2/13,20:30,1350,,208,,
2025/2/13,20:45,1350,,253,,
2025/2/13,21:00,1350,,259,,
2025/2/13,21:15,1350,,291,,
2025/2/13,21:30,1350,,261,,
2025/2/13,21:45,1350,,208,,
2025/2/13,22:00,1350,,176,,
2025/2/13,22:15,1350,,170,,
2025/2/13,22:30,1350,,251,,
2025/2/13,22:45,1350,,322,,
2025/2/13,23:00,1350,,269,,
2025/2/13,23:15,1350,,262,,
2025/2/13,23:30,1350,,270,,
2025/2/13,23:45,1350,,158,,
2025/2/14,00:00,1350,,136,,
2025/2/14,00:15,1350,,,,133
2025/2/14,00:30,1350,,,,136
2025/2/14,00:45,1350,,,,131
2025/2/14,01:00,1350,,,,133
2025/2/14,01:15,1350,,,,139
2025/2/14,01:30,1350,,,,138
2025/2/14,01:45,1350,,,,133
2025/2/14,02:00,1350,,,,130
2025/2/14,02:15,1350,,,,136
2025/2/14,02:30,1350,,,,133
2025/2/14,02:45,1350,,,,131
2025/2/14,03:00,1350,,,,125
2025/2/14,03:15,1350,,,,126
2025/2/14,03:30,1350,,,,123
2025/2/14,03:45,1350,,,,122
2025/2/14,04:00,1350,,,,120
2025/2/14,04:15,1350,,,,136
2025/2/14,04:30,1350,,,,178
2025/2/14,04:45,1350,,,,190
2025/2/14,05:00,1350,,,,221
2025/2/14,05:15,1350,,,,224
2025/2/14,05:30,1350,,,,243
2025/2/14,05:45,1350,,,,245
2025/2/14,06:00,1350,,,,246
2025/2/14,06:15,1350,,243,,
2025/2/14,06:30,1350,,242,,
2025/2/14,06:45,1350,,251,,
2025/2/14,07:00,1350,,248,,
2025/2/14,07:15,1350,,245,,
2025/2/14,07:30,1350,,246,,
2025/2/14,07:45,1350,,249,,
2025/2/14,08:00,1350,,266,,
2025/2/14,08:15,1350,,267,,
2025/2/14,08:30,1350,,269,,
2025/2/14,08:45,1350,,281,,
2025/2/14,09:00,1350,,291,,
2025/2/14,09:15,1350,,301,,
2025/2/14,09:30,1350,,318,,
2025/2/14,09:45,1350,,340,,
2025/2/14,10:00,1350,,315,,
2025/2/14,10:15,1350,,302,,
2025/2/14,10:30,1350,,322,,
2025/2/14,10:45,1350,,325,,
2025/2/14,11:00,1350,,323,,
2025/2/14,11:15,1350,,,,327
2025/2/14,11:30,1350,,,,324
2025/2/14,11:45,1350,,,,328
2025/2/14,12:00,1350,,,,328
2025/2/14,12:15,1350,,,,314
2025/2/14,12:30,1350,,,,301
2025/2/14,12:45,1350,,,,303
2025/2/14,13:00,1350,,,,308
2025/2/14,13:15,1350,,,,318
2025/2/14,13:30,1350,,,,321
2025/2/14,13:45,1350,,,,335
2025/2/14,14:00,1350,,,,358
2025/2/14,14:15,1350,,354,,
2025/2/14,14:30,1350,,314,,
2025/2/14,14:45,1350,,324,,
2025/2/14,15:00,1350,,313,,
2025/2/14,15:15,1350,,320,,
2025/2/14,15:30,1350,,295,,
2025/2/14,15:45,1350,,279,,
2025/2/14,16:00,1350,,247,,
2025/2/14,16:15,1350,,238,,
2025/2/14,16:30,1350,,231,,
2025/2/14,16:45,1350,,228,,
2025/2/14,17:00,1350,,190,,
2025/2/14,17:15,1350,,149,,
2025/2/14,17:30,1350,,135,,
2025/2/14,17:45,1350,,138,,
2025/2/14,18:00,1350,,144,,
2025/2/14,18:15,1350,,142,,
2025/2/14,18:30,1350,,142,,
2025/2/14,18:45,1350,,134,,
2025/2/14,19:00,1350,,123,,
2025/2/14,19:15,1350,,144,,
2025/2/14,19:30,1350,,106,,
2025/2/14,19:45,1350,,91,,
2025/2/14,20:00,1350,,86,,
2025/2/14,20:15,1350,,85,,
2025/2/14,20:30,1350,,88,,
2025/2/14,20:45,1350,,77,,
2025/2/14,21:00,1350,,78,,
2025/2/14,21:15,1350,,80,,
2025/2/14,21:30,1350,,74,,
2025/2/14,21:45,1350,,77,,
2025/2/14,22:00,1350,,85,,
2025/2/14,22:15,1350,,77,,
2025/2/14,22:30,1350,,82,,
2025/2/14,22:45,1350,,78,,
2025/2/14,23:00,1350,,72,,
2025/2/14,23:15,1350,,78,,
2025/2/14,23:30,1350,,74,,
2025/2/14,23:45,1350,,74,,
2025/2/15,00:00,1350,,80,,
2025/2/15,00:15,1350,,,,77
2025/2/15,00:30,1350,,,,80
2025/2/15,00:45,1350,,,,77
2025/2/15,01:00,1350,,,,74
2025/2/15,01:15,1350,,,,77
2025/2/15,01:30,1350,,,,72
2025/2/15,01:45,1350,,,,72
2025/2/15,02:00,1350,,,,78
2025/2/15,02:15,1350,,,,77
2025/2/15,02:30,1350,,,,86
2025/2/15,02:45,1350,,,,77
2025/2/15,03:00,1350,,,,77
2025/2/15,03:15,1350,,,,74
2025/2/15,03:30,1350,,,,75
2025/2/15,03:45,1350,,,,70
2025/2/15,04:00,1350,,,,58
2025/2/15,04:15,1350,,,,59
2025/2/15,04:30,1350,,,,64
2025/2/15,04:45,1350,,,,66
2025/2/15,05:00,1350,,,,67
2025/2/15,05:15,1350,,,,59
2025/2/15,05:30,1350,,,,61
2025/2/15,05:45,1350,,,,56
2025/2/15,06:00,1350,,,,61
2025/2/15,06:15,1350,,,56,
2025/2/15,06:30,1350,,,62,
2025/2/15,06:45,1350,,,67,
2025/2/15,07:00,1350,,,70,
2025/2/15,07:15,1350,,,58,
2025/2/15,07:30,1350,,,58,
2025/2/15,07:45,1350,,,58,
2025/2/15,08:00,1350,,,59,
2025/2/15,08:15,1350,,,66,
2025/2/15,08:30,1350,,,66,
2025/2/15,08:45,1350,,,73,
2025/2/15,09:00,1350,,,69,
2025/2/15,09:15,1350,,,75,
2025/2/15,09:30,1350,,,65,
2025/2/15,09:45,1350,,,63,
2025/2/15,10:00,1350,,,61,
2025/2/15,10:15,1350,,,66,
2025/2/15,10:30,1350,,,67,
2025/2/15,10:45,1350,,,64,
2025/2/15,11:00,1350,,,74,
2025/2/15,11:15,1350,,,,70
2025/2/15,11:30,1350,,,,79
2025/2/15,11:45,1350,,,,114
2025/2/15,12:00,1350,,,,81
2025/2/15,12:15,1350,,,,78
2025/2/15,12:30,1350,,,,74
2025/2/15,12:45,1350,,,,71
2025/2/15,13:00,1350,,,,89
2025/2/15,13:15,1350,,,,103
2025/2/15,13:30,1350,,,,107
2025/2/15,13:45,1350,,,,101
2025/2/15,14:00,1350,,,,95
2025/2/15,14:15,1350,,,99,
2025/2/15,14:30,1350,,,102,
2025/2/15,14:45,1350,,,93,
2025/2/15,15:00,1350,,,91,
2025/2/15,15:15,1350,,,86,
2025/2/15,15:30,1350,,,81,
2025/2/15,15:45,1350,,,82,
2025/2/15,16:00,1350,,,98,
2025/2/15,16:15,1350,,,81,
2025/2/15,16:30,1350,,,66,
2025/2/15,16:45,1350,,,65,
2025/2/15,17:00,1350,,,61,
2025/2/15,17:15,1350,,,63,
2025/2/15,17:30,1350,,,67,
2025/2/15,17:45,1350,,,64,
2025/2/15,18:00,1350,,,72,
2025/2/15,18:15,1350,,,59,
2025/2/15,18:30,1350,,,59,
2025/2/15,18:45,1350,,,61,
2025/2/15,19:00,1350,,,59,
2025/2/15,19:15,1350,,,61,
2025/2/15,19:30,1350,,,61,
2025/2/15,19:45,1350,,,69,
2025/2/15,20:00,1350,,,64,
2025/2/15,20:15,1350,,,69,
2025/2/15,20:30,1350,,,59,
2025/2/15,20:45,1350,,,61,
2025/2/15,21:00,1350,,,59,
2025/2/15,21:15,1350,,,61,
2025/2/15,21:30,1350,,,54,
2025/2/15,21:45,1350,,,54,
2025/2/15,22:00,1350,,,61,
2025/2/15,22:15,1350,,,54,
2025/2/15,22:30,1350,,,59,
2025/2/15,22:45,1350,,,53,
2025/2/15,23:00,1350,,,56,
2025/2/15,23:15,1350,,,50,
2025/2/15,23:30,1350,,,53,
2025/2/15,23:45,1350,,,48,
2025/2/16,00:00,1350,,,56,
2025/2/16,00:15,1350,,,,56
2025/2/16,00:30,1350,,,,58
2025/2/16,00:45,1350,,,,54
2025/2/16,01:00,1350,,,,53
2025/2/16,01:15,1350,,,,53
2025/2/16,01:30,1350,,,,50
2025/2/16,01:45,1350,,,,53
2025/2/16,02:00,1350,,,,48
2025/2/16,02:15,1350,,,,58
2025/2/16,02:30,1350,,,,56
2025/2/16,02:45,1350,,,,59
2025/2/16,03:00,1350,,,,56
2025/2/16,03:15,1350,,,,53
2025/2/16,03:30,1350,,,,53
2025/2/16,03:45,1350,,,,51
2025/2/16,04:00,1350,,,,51
2025/2/16,04:15,1350,,,,51
2025/2/16,04:30,1350,,,,53
2025/2/16,04:45,1350,,,,56
2025/2/16,05:00,1350,,,,62
2025/2/16,05:15,1350,,,,58
2025/2/16,05:30,1350,,,,53
2025/2/16,05:45,1350,,,,48
2025/2/16,06:00,1350,,,,54
2025/2/16,06:15,1350,,,,50
2025/2/16,06:30,1350,,,,53
2025/2/16,06:45,1350,,,,53
2025/2/16,07:00,1350,,,,61
2025/2/16,07:15,1350,,,,57
2025/2/16,07:30,1350,,,,55
2025/2/16,07:45,1350,,,,51
2025/2/16,08:00,1350,,,,51
2025/2/16,08:15,1350,,,,58
2025/2/16,08:30,1350,,,,53
2025/2/16,08:45,1350,,,,58
2025/2/16,09:00,1350,,,,53
2025/2/16,09:15,1350,,,,61
2025/2/16,09:30,1350,,,,60
2025/2/16,09:45,1350,,,,62
2025/2/16,10:00,1350,,,,57
2025/2/16,10:15,1350,,,,56
2025/2/16,10:30,1350,,,,57
2025/2/16,10:45,1350,,,,59
2025/2/16,11:00,1350,,,,58
2025/2/16,11:15,1350,,,,59
2025/2/16,11:30,1350,,,,62
2025/2/16,11:45,1350,,,,68
2025/2/16,12:00,1350,,,,68
2025/2/16,12:15,1350,,,,61
2025/2/16,12:30,1350,,,,59
2025/2/16,12:45,1350,,,,53
2025/2/16,13:00,1350,,,,61
2025/2/16,13:15,1350,,,,57
2025/2/16,13:30,1350,,,,63
2025/2/16,13:45,1350,,,,55
2025/2/16,14:00,1350,,,,68
2025/2/16,14:15,1350,,,,65
2025/2/16,14:30,1350,,,,65
2025/2/16,14:45,1350,,,,60
2025/2/16,15:00,1350,,,,60
2025/2/16,15:15,1350,,,,56
2025/2/16,15:30,1350,,,,55
2025/2/16,15:45,1350,,,,54
2025/2/16,16:00,1350,,,,55
2025/2/16,16:15,1350,,,,62
2025/2/16,16:30,1350,,,,59
2025/2/16,16:45,1350,,,,64
2025/2/16,17:00,1350,,,,55
2025/2/16,17:15,1350,,,,59
2025/2/16,17:30,1350,,,,53
2025/2/16,17:45,1350,,,,54
2025/2/16,18:00,1350,,,,47
2025/2/16,18:15,1350,,,,58
2025/2/16,18:30,1350,,,,50
2025/2/16,18:45,1350,,,,53
2025/2/16,19:00,1350,,,,51
2025/2/16,19:15,1350,,,,53
2025/2/16,19:30,1350,,,,53
2025/2/16,19:45,1350,,,,62
2025/2/16,20:00,1350,,,,58
2025/2/16,20:15,1350,,,,64
2025/2/16,20:30,1350,,,,58
2025/2/16,20:45,1350,,,,59
2025/2/16,21:00,1350,,,,51
2025/2/16,21:15,1350,,,,54
2025/2/16,21:30,1350,,,,53
2025/2/16,21:45,1350,,,,54
2025/2/16,22:00,1350,,,,51
2025/2/16,22:15,1350,,,,51
2025/2/16,22:30,1350,,,,61
2025/2/16,22:45,1350,,,,56
2025/2/16,23:00,1350,,,,62
2025/2/16,23:15,1350,,,,51
2025/2/16,23:30,1350,,,,54
2025/2/16,23:45,1350,,,,50
2025/2/17,00:00,1350,,,,53
2025/2/17,00:15,1350,,,,50
2025/2/17,00:30,1350,,,,53
2025/2/17,00:45,1350,,,,53
2025/2/17,01:00,1350,,,,56
2025/2/17,01:15,1350,,,,59
2025/2/17,01:30,1350,,,,54
2025/2/17,01:45,1350,,,,53
2025/2/17,02:00,1350,,,,51
2025/2/17,02:15,1350,,,,56
2025/2/17,02:30,1350,,,,51
2025/2/17,02:45,1350,,,,51
2025/2/17,03:00,1350,,,,51
2025/2/17,03:15,1350,,,,54
2025/2/17,03:30,1350,,,,61
2025/2/17,03:45,1350,,,,54
2025/2/17,04:00,1350,,,,56
2025/2/17,04:15,1350,,,,48
2025/2/17,04:30,1350,,,,54
2025/2/17,04:45,1350,,,,50
2025/2/17,05:00,1350,,,,56
2025/2/17,05:15,1350,,,,53
2025/2/17,05:30,1350,,,,53
2025/2/17,05:45,1350,,,,53
2025/2/17,06:00,1350,,,,59
2025/2/17,06:15,1350,,56,,
2025/2/17,06:30,1350,,53,,
2025/2/17,06:45,1350,,60,,
2025/2/17,07:00,1350,,81,,
2025/2/17,07:15,1350,,94,,
2025/2/17,07:30,1350,,101,,
2025/2/17,07:45,1350,,117,,
2025/2/17,08:00,1350,,185,,
2025/2/17,08:15,1350,,557,,
2025/2/17,08:30,1350,,870,,
2025/2/17,08:45,1350,,915,,
2025/2/17,09:00,1350,,902,,
2025/2/17,09:15,1350,,903,,
2025/2/17,09:30,1350,,965,,
2025/2/17,09:45,1350,,842,,
2025/2/17,10:00,1350,,774,,
2025/2/17,10:15,1350,,849,,
2025/2/17,10:30,1350,,894,,
2025/2/17,10:45,1350,,908,,
2025/2/17,11:00,1350,,897,,
2025/2/17,11:15,1350,,,,860
2025/2/17,11:30,1350,,,,916
2025/2/17,11:45,1350,,,,931
2025/2/17,12:00,1350,,,,775
2025/2/17,12:15,1350,,,,429
2025/2/17,12:30,1350,,,,381
2025/2/17,12:45,1350,,,,403
2025/2/17,13:00,1350,,,,803
2025/2/17,13:15,1350,,,,848
2025/2/17,13:30,1350,,,,870
2025/2/17,13:45,1350,,,,748
2025/2/17,14:00,1350,,,,621
2025/2/17,14:15,1350,,565,,
2025/2/17,14:30,1350,,513,,
2025/2/17,14:45,1350,,517,,
2025/2/17,15:00,1350,,405,,
2025/2/17,15:15,1350,,506,,
2025/2/17,15:30,1350,,631,,
2025/2/17,15:45,1350,,667,,
2025/2/17,16:00,1350,,532,,
2025/2/17,16:15,1350,,622,,
2025/2/17,16:30,1350,,826,,
2025/2/17,16:45,1350,,761,,
2025/2/17,17:00,1350,,535,,
2025/2/17,17:15,1350,,345,,
2025/2/17,17:30,1350,,420,,
2025/2/17,17:45,1350,,640,,
2025/2/17,18:00,1350,,750,,
2025/2/17,18:15,1350,,760,,
2025/2/17,18:30,1350,,696,,
2025/2/17,18:45,1350,,693,,
2025/2/17,19:00,1350,,677,,
2025/2/17,19:15,1350,,565,,
2025/2/17,19:30,1350,,445,,
2025/2/17,19:45,1350,,261,,
2025/2/17,20:00,1350,,266,,
2025/2/17,20:15,1350,,288,,
2025/2/17,20:30,1350,,258,,
2025/2/17,20:45,1350,,288,,
2025/2/17,21:00,1350,,277,,
2025/2/17,21:15,1350,,245,,
2025/2/17,21:30,1350,,270,,
2025/2/17,21:45,1350,,248,,
2025/2/17,22:00,1350,,251,,
2025/2/17,22:15,1350,,278,,
2025/2/17,22:30,1350,,242,,
2025/2/17,22:45,1350,,272,,
2025/2/17,23:00,1350,,270,,
2025/2/17,23:15,1350,,245,,
2025/2/17,23:30,1350,,278,,
2025/2/17,23:45,1350,,243,,
2025/2/18,00:00,1350,,264,,
2025/2/18,00:15,1350,,,,310
2025/2/18,00:30,1350,,,,216
2025/2/18,00:45,1350,,,,194
2025/2/18,01:00,1350,,,,187
2025/2/18,01:15,1350,,,,216
2025/2/18,01:30,1350,,,,114
2025/2/18,01:45,1350,,,,109
2025/2/18,02:00,1350,,,,110
2025/2/18,02:15,1350,,,,112
2025/2/18,02:30,1350,,,,109
2025/2/18,02:45,1350,,,,110
2025/2/18,03:00,1350,,,,109
2025/2/18,03:15,1350,,,,115
2025/2/18,03:30,1350,,,,110
2025/2/18,03:45,1350,,,,96
2025/2/18,04:00,1350,,,,99
2025/2/18,04:15,1350,,,,248
2025/2/18,04:30,1350,,,,298
2025/2/18,04:45,1350,,,,296
2025/2/18,05:00,1350,,,,291
2025/2/18,05:15,1350,,,,302
2025/2/18,05:30,1350,,,,294
2025/2/18,05:45,1350,,,,301
2025/2/18,06:00,1350,,,,307
2025/2/18,06:15,1350,,304,,
2025/2/18,06:30,1350,,314,,
2025/2/18,06:45,1350,,341,,
2025/2/18,07:00,1350,,328,,
2025/2/18,07:15,1350,,258,,
2025/2/18,07:30,1350,,261,,
2025/2/18,07:45,1350,,261,,
2025/2/18,08:00,1350,,301,,
2025/2/18,08:15,1350,,508,,
2025/2/18,08:30,1350,,833,,
2025/2/18,08:45,1350,,804,,
2025/2/18,09:00,1350,,941,,
2025/2/18,09:15,1350,,917,,
2025/2/18,09:30,1350,,899,,
2025/2/18,09:45,1350,,994,,
2025/2/18,10:00,1350,,901,,
2025/2/18,10:15,1350,,1042,,
2025/2/18,10:30,1350,,1172,,
2025/2/18,10:45,1350,,1161,,
2025/2/18,11:00,1350,,1181,,
2025/2/18,11:15,1350,,,,1128
2025/2/18,11:30,1350,,,,1113
2025/2/18,11:45,1350,,,,1099
2025/2/18,12:00,1350,,,,832
2025/2/18,12:15,1350,,,,471
2025/2/18,12:30,1350,,,,459
2025/2/18,12:45,1350,,,,501
2025/2/18,13:00,1350,,,,988
2025/2/18,13:15,1350,,,,1133
2025/2/18,13:30,1350,,,,1162
2025/2/18,13:45,1350,,,,1174
2025/2/18,14:00,1350,,,,1075
2025/2/18,14:15,1350,,1118,,
2025/2/18,14:30,1350,,1113,,
2025/2/18,14:45,1350,,1128,,
2025/2/18,15:00,1350,,1003,,
2025/2/18,15:15,1350,,1052,,
2025/2/18,15:30,1350,,1070,,
2025/2/18,15:45,1350,,1047,,
2025/2/18,16:00,1350,,1018,,
2025/2/18,16:15,1350,,1016,,
2025/2/18,16:30,1350,,980,,
2025/2/18,16:45,1350,,973,,
2025/2/18,17:00,1350,,754,,
2025/2/18,17:15,1350,,455,,
2025/2/18,17:30,1350,,509,,
2025/2/18,17:45,1350,,815,,
2025/2/18,18:00,1350,,876,,
2025/2/18,18:15,1350,,843,,
2025/2/18,18:30,1350,,805,,
2025/2/18,18:45,1350,,749,,
2025/2/18,19:00,1350,,682,,
2025/2/18,19:15,1350,,666,,
2025/2/18,19:30,1350,,406,,
2025/2/18,19:45,1350,,318,,
2025/2/18,20:00,1350,,307,,
2025/2/18,20:15,1350,,338,,
2025/2/18,20:30,1350,,302,,
2025/2/18,20:45,1350,,317,,
2025/2/18,21:00,1350,,336,,
2025/2/18,21:15,1350,,288,,
2025/2/18,21:30,1350,,333,,
2025/2/18,21:45,1350,,310,,
2025/2/18,22:00,1350,,315,,
2025/2/18,22:15,1350,,334,,
2025/2/18,22:30,1350,,294,,
2025/2/18,22:45,1350,,330,,
2025/2/18,23:00,1350,,320,,
2025/2/18,23:15,1350,,309,,
2025/2/18,23:30,1350,,336,,
2025/2/18,23:45,1350,,291,,
2025/2/19,00:00,1350,,314,,
2025/2/19,00:15,1350,,,,312
2025/2/19,00:30,1350,,,,280
2025/2/19,00:45,1350,,,,262
2025/2/19,01:00,1350,,,,147
2025/2/19,01:15,1350,,,,147
2025/2/19,01:30,1350,,,,147
2025/2/19,01:45,1350,,,,146
2025/2/19,02:00,1350,,,,144
2025/2/19,02:15,1350,,,,144
2025/2/19,02:30,1350,,,,142
2025/2/19,02:45,1350,,,,141
2025/2/19,03:00,1350,,,,142
2025/2/19,03:15,1350,,,,138
2025/2/19,03:30,1350,,,,138
2025/2/19,03:45,1350,,,,123
2025/2/19,04:00,1350,,,,123
2025/2/19,04:15,1350,,,,251
2025/2/19,04:30,1350,,,,280
2025/2/19,04:45,1350,,,,285
2025/2/19,05:00,1350,,,,285
2025/2/19,05:15,1350,,,,299
2025/2/19,05:30,1350,,,,301
2025/2/19,05:45,1350,,,,307
2025/2/19,06:00,1350,,,,306
2025/2/19,06:15,1350,,299,,
2025/2/19,06:30,1350,,302,,
2025/2/19,06:45,1350,,319,,
2025/2/19,07:00,1350,,329,,
2025/2/19,07:15,1350,,277,,
2025/2/19,07:30,1350,,263,,
2025/2/19,07:45,1350,,275,,
2025/2/19,08:00,1350,,317,,
2025/2/19,08:15,1350,,628,,
2025/2/19,08:30,1350,,777,,
2025/2/19,08:45,1350,,866,,
2025/2/19,09:00,1350,,949,,
2025/2/19,09:15,1350,,1017,,
2025/2/19,09:30,1350,,1078,,
2025/2/19,09:45,1350,,1030,,
2025/2/19,10:00,1350,,1011,,
2025/2/19,10:15,1350,,1050,,
2025/2/19,10:30,1350,,1051,,
2025/2/19,10:45,1350,,989,,
2025/2/19,11:00,1350,,934,,
2025/2/19,11:15,1350,,,,933
2025/2/19,11:30,1350,,,,996
2025/2/19,11:45,1350,,,,956
2025/2/19,12:00,1350,,,,824
2025/2/19,12:15,1350,,,,576
2025/2/19,12:30,1350,,,,502
2025/2/19,12:45,1350,,,,481
2025/2/19,13:00,1350,,,,761
2025/2/19,13:15,1350,,,,844
2025/2/19,13:30,1350,,,,912
2025/2/19,13:45,1350,,,,855
2025/2/19,14:00,1350,,,,791
2025/2/19,14:15,1350,,788,,
2025/2/19,14:30,1350,,724,,
2025/2/19,14:45,1350,,828,,
2025/2/19,15:00,1350,,871,,
2025/2/19,15:15,1350,,903,,
2025/2/19,15:30,1350,,907,,
2025/2/19,15:45,1350,,900,,
2025/2/19,16:00,1350,,845,,
2025/2/19,16:15,1350,,845,,
2025/2/19,16:30,1350,,855,,
2025/2/19,16:45,1350,,831,,
2025/2/19,17:00,1350,,701,,
2025/2/19,17:15,1350,,487,,
2025/2/19,17:30,1350,,513,,
2025/2/19,17:45,1350,,638,,
2025/2/19,18:00,1350,,693,,
2025/2/19,18:15,1350,,677,,
2025/2/19,18:30,1350,,646,,
2025/2/19,18:45,1350,,634,,
2025/2/19,19:00,1350,,579,,
2025/2/19,19:15,1350,,541,,
2025/2/19,19:30,1350,,301,,
2025/2/19,19:45,1350,,317,,
2025/2/19,20:00,1350,,296,,
2025/2/19,20:15,1350,,331,,
2025/2/19,20:30,1350,,302,,
2025/2/19,20:45,1350,,286,,
2025/2/19,21:00,1350,,306,,
2025/2/19,21:15,1350,,243,,
2025/2/19,21:30,1350,,288,,
2025/2/19,21:45,1350,,280,,
2025/2/19,22:00,1350,,187,,
2025/2/19,22:15,1350,,122,,
2025/2/19,22:30,1350,,126,,
2025/2/19,22:45,1350,,133,,
2025/2/19,23:00,1350,,133,,
2025/2/19,23:15,1350,,136,,
2025/2/19,23:30,1350,,133,,
2025/2/19,23:45,1350,,123,,
2025/2/20,00:00,1350,,130,,
2025/2/20,00:15,1350,,,,126
2025/2/20,00:30,1350,,,,118
2025/2/20,00:45,1350,,,,118
2025/2/20,01:00,1350,,,,120
2025/2/20,01:15,1350,,,,117
2025/2/20,01:30,1350,,,,114
2025/2/20,01:45,1350,,,,117
2025/2/20,02:00,1350,,,,114
2025/2/20,02:15,1350,,,,117
2025/2/20,02:30,1350,,,,112
2025/2/20,02:45,1350,,,,114
2025/2/20,03:00,1350,,,,110
2025/2/20,03:15,1350,,,,114
2025/2/20,03:30,1350,,,,110
2025/2/20,03:45,1350,,,,96
2025/2/20,04:00,1350,,,,99
2025/2/20,04:15,1350,,,,96
2025/2/20,04:30,1350,,,,99
2025/2/20,04:45,1350,,,,136
2025/2/20,05:00,1350,,,,197
2025/2/20,05:15,1350,,,,208
2025/2/20,05:30,1350,,,,230
2025/2/20,05:45,1350,,,,237
2025/2/20,06:00,1350,,,,248
2025/2/20,06:15,1350,,256,,
2025/2/20,06:30,1350,,258,,
2025/2/20,06:45,1350,,256,,
2025/2/20,07:00,1350,,275,,
2025/2/20,07:15,1350,,286,,
2025/2/20,07:30,1350,,322,,
2025/2/20,07:45,1350,,335,,
2025/2/20,08:00,1350,,383,,
2025/2/20,08:15,1350,,694,,
2025/2/20,08:30,1350,,783,,
2025/2/20,08:45,1350,,789,,
2025/2/20,09:00,1350,,716,,
2025/2/20,09:15,1350,,719,,
2025/2/20,09:30,1350,,739,,
2025/2/20,09:45,1350,,683,,
2025/2/20,10:00,1350,,701,,
2025/2/20,10:15,1350,,682,,
2025/2/20,10:30,1350,,689,,
2025/2/20,10:45,1350,,750,,
2025/2/20,11:00,1350,,749,,
2025/2/20,11:15,1350,,,,890
2025/2/20,11:30,1350,,,,949
2025/2/20,11:45,1350,,,,962
2025/2/20,12:00,1350,,,,825
2025/2/20,12:15,1350,,,,550
2025/2/20,12:30,1350,,,,520
2025/2/20,12:45,1350,,,,517
2025/2/20,13:00,1350,,,,814
2025/2/20,13:15,1350,,,,939
2025/2/20,13:30,1350,,,,865
2025/2/20,13:45,1350,,,,741
2025/2/20,14:00,1350,,,,618
2025/2/20,14:15,1350,,697,,
2025/2/20,14:30,1350,,848,,
2025/2/20,14:45,1350,,760,,
2025/2/20,15:00,1350,,740,,
2025/2/20,15:15,1350,,805,,
2025/2/20,15:30,1350,,892,,
2025/2/20,15:45,1350,,902,,
2025/2/20,16:00,1350,,793,,
2025/2/20,16:15,1350,,745,,
2025/2/20,16:30,1350,,778,,
2025/2/20,16:45,1350,,849,,
2025/2/20,17:00,1350,,644,,
2025/2/20,17:15,1350,,479,,
2025/2/20,17:30,1350,,489,,
2025/2/20,17:45,1350,,509,,
2025/2/20,18:00,1350,,645,,
2025/2/20,18:15,1350,,757,,
2025/2/20,18:30,1350,,757,,
2025/2/20,18:45,1350,,710,,
2025/2/20,19:00,1350,,634,,
2025/2/20,19:15,1350,,558,,
2025/2/20,19:30,1350,,418,,
2025/2/20,19:45,1350,,310,,
2025/2/20,20:00,1350,,430,,
2025/2/20,20:15,1350,,477,,
2025/2/20,20:30,1350,,365,,
2025/2/20,20:45,1350,,363,,
2025/2/20,21:00,1350,,315,,
2025/2/20,21:15,1350,,296,,
2025/2/20,21:30,1350,,334,,
2025/2/20,21:45,1350,,270,,
2025/2/20,22:00,1350,,264,,
2025/2/20,22:15,1350,,154,,
2025/2/20,22:30,1350,,168,,
2025/2/20,22:45,1350,,162,,
2025/2/20,23:00,1350,,152,,
2025/2/20,23:15,1350,,150,,
2025/2/20,23:30,1350,,125,,
2025/2/20,23:45,1350,,102,,
2025/2/21,00:00,1350,,106,,
2025/2/21,00:15,1350,,,,107
2025/2/21,00:30,1350,,,,102
2025/2/21,00:45,1350,,,,104
2025/2/21,01:00,1350,,,,104
2025/2/21,01:15,1350,,,,106
2025/2/21,01:30,1350,,,,107
2025/2/21,01:45,1350,,,,104
2025/2/21,02:00,1350,,,,104
2025/2/21,02:15,1350,,,,102
2025/2/21,02:30,1350,,,,102
2025/2/21,02:45,1350,,,,98
2025/2/21,03:00,1350,,,,101
2025/2/21,03:15,1350,,,,101
2025/2/21,03:30,1350,,,,99
2025/2/21,03:45,1350,,,,88
2025/2/21,04:00,1350,,,,91
2025/2/21,04:15,1350,,,,88
2025/2/21,04:30,1350,,,,88
2025/2/21,04:45,1350,,,,128
2025/2/21,05:00,1350,,,,184
2025/2/21,05:15,1350,,,,195
2025/2/21,05:30,1350,,,,219
2025/2/21,05:45,1350,,,,226
2025/2/21,06:00,1350,,,,238
2025/2/21,06:15,1350,,245,,
2025/2/21,06:30,1350,,248,,
2025/2/21,06:45,1350,,244,,
2025/2/21,07:00,1350,,236,,
2025/2/21,07:15,1350,,236,,
2025/2/21,07:30,1350,,233,,
2025/2/21,07:45,1350,,236,,
2025/2/21,08:00,1350,,253,,
2025/2/21,08:15,1350,,288,,
2025/2/21,08:30,1350,,277,,
2025/2/21,08:45,1350,,275,,
2025/2/21,09:00,1350,,273,,
2025/2/21,09:15,1350,,266,,
2025/2/21,09:30,1350,,271,,
2025/2/21,09:45,1350,,271,,
2025/2/21,10:00,1350,,278,,
2025/2/21,10:15,1350,,318,,
2025/2/21,10:30,1350,,353,,
2025/2/21,10:45,1350,,372,,
2025/2/21,11:00,1350,,328,,
2025/2/21,11:15,1350,,,,358
2025/2/21,11:30,1350,,,,407
2025/2/21,11:45,1350,,,,449
2025/2/21,12:00,1350,,,,486
2025/2/21,12:15,1350,,,,500
2025/2/21,12:30,1350,,,,492
2025/2/21,12:45,1350,,,,451
2025/2/21,13:00,1350,,,,418
2025/2/21,13:15,1350,,,,416
2025/2/21,13:30,1350,,,,394
2025/2/21,13:45,1350,,,,354
2025/2/21,14:00,1350,,,,308
2025/2/21,14:15,1350,,290,,
2025/2/21,14:30,1350,,284,,
2025/2/21,14:45,1350,,268,,
2025/2/21,15:00,1350,,238,,
2025/2/21,15:15,1350,,203,,
2025/2/21,15:30,1350,,205,,
2025/2/21,15:45,1350,,198,,
2025/2/21,16:00,1350,,197,,
2025/2/21,16:15,1350,,197,,
2025/2/21,16:30,1350,,176,,
2025/2/21,16:45,1350,,139,,
2025/2/21,17:00,1350,,139,,
2025/2/21,17:15,1350,,132,,
2025/2/21,17:30,1350,,120,,
2025/2/21,17:45,1350,,122,,
2025/2/21,18:00,1350,,126,,
2025/2/21,18:15,1350,,118,,
2025/2/21,18:30,1350,,109,,
2025/2/21,18:45,1350,,110,,
2025/2/21,19:00,1350,,93,,
2025/2/21,19:15,1350,,82,,
2025/2/21,19:30,1350,,85,,
2025/2/21,19:45,1350,,83,,
2025/2/21,20:00,1350,,82,,
2025/2/21,20:15,1350,,77,,
2025/2/21,20:30,1350,,75,,
2025/2/21,20:45,1350,,77,,
2025/2/21,21:00,1350,,74,,
2025/2/21,21:15,1350,,72,,
2025/2/21,21:30,1350,,74,,
2025/2/21,21:45,1350,,69,,
2025/2/21,22:00,1350,,67,,
2025/2/21,22:15,1350,,64,,
2025/2/21,22:30,1350,,70,,
2025/2/21,22:45,1350,,64,,
2025/2/21,23:00,1350,,72,,
2025/2/21,23:15,1350,,67,,
2025/2/21,23:30,1350,,70,,
2025/2/21,23:45,1350,,64,,
2025/2/22,00:00,1350,,67,,
2025/2/22,00:15,1350,,,,69
2025/2/22,00:30,1350,,,,64
2025/2/22,00:45,1350,,,,72
2025/2/22,01:00,1350,,,,64
2025/2/22,01:15,1350,,,,69
2025/2/22,01:30,1350,,,,64
2025/2/22,01:45,1350,,,,69
2025/2/22,02:00,1350,,,,66
2025/2/22,02:15,1350,,,,72
2025/2/22,02:30,1350,,,,64
2025/2/22,02:45,1350,,,,69
2025/2/22,03:00,1350,,,,64
2025/2/22,03:15,1350,,,,70
2025/2/22,03:30,1350,,,,66
2025/2/22,03:45,1350,,,,70
2025/2/22,04:00,1350,,,,64
2025/2/22,04:15,1350,,,,67
2025/2/22,04:30,1350,,,,66
2025/2/22,04:45,1350,,,,69
2025/2/22,05:00,1350,,,,69
2025/2/22,05:15,1350,,,,72
2025/2/22,05:30,1350,,,,66
2025/2/22,05:45,1350,,,,66
2025/2/22,06:00,1350,,,,66
2025/2/22,06:15,1350,,,66,
2025/2/22,06:30,1350,,,69,
2025/2/22,06:45,1350,,,71,
2025/2/22,07:00,1350,,,67,
2025/2/22,07:15,1350,,,64,
2025/2/22,07:30,1350,,,60,
2025/2/22,07:45,1350,,,48,
2025/2/22,08:00,1350,,,55,
2025/2/22,08:15,1350,,,70,
2025/2/22,08:30,1350,,,68,
2025/2/22,08:45,1350,,,83,
2025/2/22,09:00,1350,,,75,
2025/2/22,09:15,1350,,,62,
2025/2/22,09:30,1350,,,70,
2025/2/22,09:45,1350,,,80,
2025/2/22,10:00,1350,,,82,
2025/2/22,10:15,1350,,,75,
2025/2/22,10:30,1350,,,70,
2025/2/22,10:45,1350,,,69,
2025/2/22,11:00,1350,,,71,
2025/2/22,11:15,1350,,,,70
2025/2/22,11:30,1350,,,,72
2025/2/22,11:45,1350,,,,67
2025/2/22,12:00,1350,,,,72
2025/2/22,12:15,1350,,,,67
2025/2/22,12:30,1350,,,,62
2025/2/22,12:45,1350,,,,61
2025/2/22,13:00,1350,,,,67
2025/2/22,13:15,1350,,,,69
2025/2/22,13:30,1350,,,,71
2025/2/22,13:45,1350,,,,67
2025/2/22,14:00,1350,,,,68
2025/2/22,14:15,1350,,,66,
2025/2/22,14:30,1350,,,66,
2025/2/22,14:45,1350,,,68,
2025/2/22,15:00,1350,,,67,
2025/2/22,15:15,1350,,,69,
2025/2/22,15:30,1350,,,60,
2025/2/22,15:45,1350,,,67,
2025/2/22,16:00,1350,,,58,
2025/2/22,16:15,1350,,,67,
2025/2/22,16:30,1350,,,62,
2025/2/22,16:45,1350,,,62,
2025/2/22,17:00,1350,,,60,
2025/2/22,17:15,1350,,,63,
2025/2/22,17:30,1350,,,57,
2025/2/22,17:45,1350,,,62,
2025/2/22,18:00,1350,,,58,
2025/2/22,18:15,1350,,,64,
2025/2/22,18:30,1350,,,54,
2025/2/22,18:45,1350,,,62,
2025/2/22,19:00,1350,,,54,
2025/2/22,19:15,1350,,,61,
2025/2/22,19:30,1350,,,61,
2025/2/22,19:45,1350,,,58,
2025/2/22,20:00,1350,,,59,
2025/2/22,20:15,1350,,,59,
2025/2/22,20:30,1350,,,58,
2025/2/22,20:45,1350,,,56,
2025/2/22,21:00,1350,,,64,
2025/2/22,21:15,1350,,,54,
2025/2/22,21:30,1350,,,59,
2025/2/22,21:45,1350,,,48,
2025/2/22,22:00,1350,,,54,
2025/2/22,22:15,1350,,,48,
2025/2/22,22:30,1350,,,56,
2025/2/22,22:45,1350,,,50,
2025/2/22,23:00,1350,,,53,
2025/2/22,23:15,1350,,,51,
2025/2/22,23:30,1350,,,51,
2025/2/22,23:45,1350,,,51,
2025/2/23,00:00,1350,,,51,
2025/2/23,00:15,1350,,,,53
2025/2/23,00:30,1350,,,,48
2025/2/23,00:45,1350,,,,53
2025/2/23,01:00,1350,,,,48
2025/2/23,01:15,1350,,,,53
2025/2/23,01:30,1350,,,,50
2025/2/23,01:45,1350,,,,51
2025/2/23,02:00,1350,,,,50
2025/2/23,02:15,1350,,,,51
2025/2/23,02:30,1350,,,,53
2025/2/23,02:45,1350,,,,50
2025/2/23,03:00,1350,,,,54
2025/2/23,03:15,1350,,,,50
2025/2/23,03:30,1350,,,,51
2025/2/23,03:45,1350,,,,48
2025/2/23,04:00,1350,,,,54
2025/2/23,04:15,1350,,,,51
2025/2/23,04:30,1350,,,,53
2025/2/23,04:45,1350,,,,46
2025/2/23,05:00,1350,,,,56
2025/2/23,05:15,1350,,,,53
2025/2/23,05:30,1350,,,,51
2025/2/23,05:45,1350,,,,51
2025/2/23,06:00,1350,,,,48
2025/2/23,06:15,1350,,,,53
2025/2/23,06:30,1350,,,,48
2025/2/23,06:45,1350,,,,58
2025/2/23,07:00,1350,,,,50
2025/2/23,07:15,1350,,,,51
2025/2/23,07:30,1350,,,,47
2025/2/23,07:45,1350,,,,53
2025/2/23,08:00,1350,,,,47
2025/2/23,08:15,1350,,,,58
2025/2/23,08:30,1350,,,,53
2025/2/23,08:45,1350,,,,55
2025/2/23,09:00,1350,,,,56
2025/2/23,09:15,1350,,,,54
2025/2/23,09:30,1350,,,,55
2025/2/23,09:45,1350,,,,54
2025/2/23,10:00,1350,,,,54
2025/2/23,10:15,1350,,,,50
2025/2/23,10:30,1350,,,,57
2025/2/23,10:45,1350,,,,51
2025/2/23,11:00,1350,,,,56
2025/2/23,11:15,1350,,,,54
2025/2/23,11:30,1350,,,,54
2025/2/23,11:45,1350,,,,56
2025/2/23,12:00,1350,,,,53
2025/2/23,12:15,1350,,,,54
2025/2/23,12:30,1350,,,,48
2025/2/23,12:45,1350,,,,53
2025/2/23,13:00,1350,,,,48
2025/2/23,13:15,1350,,,,55
2025/2/23,13:30,1350,,,,53
2025/2/23,13:45,1350,,,,56
2025/2/23,14:00,1350,,,,55
2025/2/23,14:15,1350,,,,61
2025/2/23,14:30,1350,,,,55
2025/2/23,14:45,1350,,,,50
2025/2/23,15:00,1350,,,,55
2025/2/23,15:15,1350,,,,56
2025/2/23,15:30,1350,,,,51
2025/2/23,15:45,1350,,,,52
2025/2/23,16:00,1350,,,,48
2025/2/23,16:15,1350,,,,53
2025/2/23,16:30,1350,,,,50
2025/2/23,16:45,1350,,,,57
2025/2/23,17:00,1350,,,,48
2025/2/23,17:15,1350,,,,52
2025/2/23,17:30,1350,,,,49
2025/2/23,17:45,1350,,,,51
2025/2/23,18:00,1350,,,,47
2025/2/23,18:15,1350,,,,53
2025/2/23,18:30,1350,,,,46
2025/2/23,18:45,1350,,,,50
2025/2/23,19:00,1350,,,,50
2025/2/23,19:15,1350,,,,50
2025/2/23,19:30,1350,,,,51
2025/2/23,19:45,1350,,,,50
2025/2/23,20:00,1350,,,,50
2025/2/23,20:15,1350,,,,50
2025/2/23,20:30,1350,,,,53
2025/2/23,20:45,1350,,,,46
2025/2/23,21:00,1350,,,,53
2025/2/23,21:15,1350,,,,45
2025/2/23,21:30,1350,,,,53
2025/2/23,21:45,1350,,,,46
2025/2/23,22:00,1350,,,,51
2025/2/23,22:15,1350,,,,50
2025/2/23,22:30,1350,,,,51
2025/2/23,22:45,1350,,,,48
2025/2/23,23:00,1350,,,,53
2025/2/23,23:15,1350,,,,51
2025/2/23,23:30,1350,,,,50
2025/2/23,23:45,1350,,,,53
2025/2/24,00:00,1350,,,,46
2025/2/24,00:15,1350,,,,51
2025/2/24,00:30,1350,,,,46
2025/2/24,00:45,1350,,,,51
2025/2/24,01:00,1350,,,,46
2025/2/24,01:15,1350,,,,51
2025/2/24,01:30,1350,,,,45
2025/2/24,01:45,1350,,,,51
2025/2/24,02:00,1350,,,,48
2025/2/24,02:15,1350,,,,50
2025/2/24,02:30,1350,,,,51
2025/2/24,02:45,1350,,,,48
2025/2/24,03:00,1350,,,,50
2025/2/24,03:15,1350,,,,46
2025/2/24,03:30,1350,,,,50
2025/2/24,03:45,1350,,,,48
2025/2/24,04:00,1350,,,,51
2025/2/24,04:15,1350,,,,50
2025/2/24,04:30,1350,,,,45
2025/2/24,04:45,1350,,,,51
2025/2/24,05:00,1350,,,,48
2025/2/24,05:15,1350,,,,53
2025/2/24,05:30,1350,,,,48
2025/2/24,05:45,1350,,,,48
2025/2/24,06:00,1350,,,,48
2025/2/24,06:15,1350,,45,,
2025/2/24,06:30,1350,,51,,
2025/2/24,06:45,1350,,71,,
2025/2/24,07:00,1350,,80,,
2025/2/24,07:15,1350,,101,,
2025/2/24,07:30,1350,,127,,
2025/2/24,07:45,1350,,136,,
2025/2/24,08:00,1350,,204,,
2025/2/24,08:15,1350,,389,,
2025/2/24,08:30,1350,,594,,
2025/2/24,08:45,1350,,637,,
2025/2/24,09:00,1350,,585,,
2025/2/24,09:15,1350,,656,,
2025/2/24,09:30,1350,,735,,
2025/2/24,09:45,1350,,725,,
2025/2/24,10:00,1350,,560,,
2025/2/24,10:15,1350,,681,,
2025/2/24,10:30,1350,,693,,
2025/2/24,10:45,1350,,724,,
2025/2/24,11:00,1350,,712,,
2025/2/24,11:15,1350,,,,613
2025/2/24,11:30,1350,,,,400
2025/2/24,11:45,1350,,,,481
2025/2/24,12:00,1350,,,,509
2025/2/24,12:15,1350,,,,265
2025/2/24,12:30,1350,,,,231
2025/2/24,12:45,1350,,,,239
2025/2/24,13:00,1350,,,,373
2025/2/24,13:15,1350,,,,429
2025/2/24,13:30,1350,,,,609
2025/2/24,13:45,1350,,,,704
2025/2/24,14:00,1350,,,,774
2025/2/24,14:15,1350,,794,,
2025/2/24,14:30,1350,,601,,
2025/2/24,14:45,1350,,612,,
2025/2/24,15:00,1350,,640,,
2025/2/24,15:15,1350,,611,,
2025/2/24,15:30,1350,,769,,
2025/2/24,15:45,1350,,730,,
2025/2/24,16:00,1350,,642,,
2025/2/24,16:15,1350,,569,,
2025/2/24,16:30,1350,,479,,
2025/2/24,16:45,1350,,479,,
2025/2/24,17:00,1350,,407,,
2025/2/24,17:15,1350,,350,,
2025/2/24,17:30,1350,,359,,
2025/2/24,17:45,1350,,406,,
2025/2/24,18:00,1350,,539,,
2025/2/24,18:15,1350,,552,,
2025/2/24,18:30,1350,,458,,
2025/2/24,18:45,1350,,478,,
2025/2/24,19:00,1350,,467,,
2025/2/24,19:15,1350,,349,,
2025/2/24,19:30,1350,,341,,
2025/2/24,19:45,1350,,259,,
2025/2/24,20:00,1350,,309,,
2025/2/24,20:15,1350,,291,,
2025/2/24,20:30,1350,,250,,
2025/2/24,20:45,1350,,317,,
2025/2/24,21:00,1350,,240,,
2025/2/24,21:15,1350,,283,,
2025/2/24,21:30,1350,,290,,
2025/2/24,21:45,1350,,242,,
2025/2/24,22:00,1350,,307,,
2025/2/24,22:15,1350,,224,,
2025/2/24,22:30,1350,,168,,
2025/2/24,22:45,1350,,152,,
2025/2/24,23:00,1350,,114,,
2025/2/24,23:15,1350,,115,,
2025/2/24,23:30,1350,,110,,
2025/2/24,23:45,1350,,130,,
2025/2/25,00:00,1350,,112,,
2025/2/25,00:15,1350,,,,109
2025/2/25,00:30,1350,,,,102
2025/2/25,00:45,1350,,,,104
2025/2/25,01:00,1350,,,,102
2025/2/25,01:15,1350,,,,101
2025/2/25,01:30,1350,,,,101
2025/2/25,01:45,1350,,,,99
2025/2/25,02:00,1350,,,,99
2025/2/25,02:15,1350,,,,102
2025/2/25,02:30,1350,,,,99
2025/2/25,02:45,1350,,,,98
2025/2/25,03:00,1350,,,,98
2025/2/25,03:15,1350,,,,96
2025/2/25,03:30,1350,,,,99
2025/2/25,03:45,1350,,,,85
2025/2/25,04:00,1350,,,,86
2025/2/25,04:15,1350,,,,85
2025/2/25,04:30,1350,,,,85
2025/2/25,04:45,1350,,,,85
2025/2/25,05:00,1350,,,,93
2025/2/25,05:15,1350,,,,149
2025/2/25,05:30,1350,,,,146
2025/2/25,05:45,1350,,,,141
2025/2/25,06:00,1350,,,,126
2025/2/25,06:15,1350,,123,,
2025/2/25,06:30,1350,,130,,
2025/2/25,06:45,1350,,116,,
2025/2/25,07:00,1350,,105,,
2025/2/25,07:15,1350,,161,,
2025/2/25,07:30,1350,,213,,
2025/2/25,07:45,1350,,223,,
2025/2/25,08:00,1350,,274,,
2025/2/25,08:15,1350,,490,,
2025/2/25,08:30,1350,,669,,
2025/2/25,08:45,1350,,714,,
2025/2/25,09:00,1350,,781,,
2025/2/25,09:15,1350,,841,,
2025/2/25,09:30,1350,,738,,
2025/2/25,09:45,1350,,731,,
2025/2/25,10:00,1350,,713,,
2025/2/25,10:15,1350,,823,,
2025/2/25,10:30,1350,,882,,
2025/2/25,10:45,1350,,669,,
2025/2/25,11:00,1350,,620,,
2025/2/25,11:15,1350,,,,612
2025/2/25,11:30,1350,,,,665
2025/2/25,11:45,1350,,,,592
2025/2/25,12:00,1350,,,,511
2025/2/25,12:15,1350,,,,438
2025/2/25,12:30,1350,,,,399
2025/2/25,12:45,1350,,,,396
2025/2/25,13:00,1350,,,,489
2025/2/25,13:15,1350,,,,511
2025/2/25,13:30,1350,,,,550
2025/2/25,13:45,1350,,,,472
2025/2/25,14:00,1350,,,,467
2025/2/25,14:15,1350,,532,,
2025/2/25,14:30,1350,,421,,
2025/2/25,14:45,1350,,416,,
2025/2/25,15:00,1350,,432,,
2025/2/25,15:15,1350,,526,,
2025/2/25,15:30,1350,,734,,
2025/2/25,15:45,1350,,700,,
2025/2/25,16:00,1350,,607,,
2025/2/25,16:15,1350,,733,,
2025/2/25,16:30,1350,,772,,
2025/2/25,16:45,1350,,660,,
2025/2/25,17:00,1350,,541,,
2025/2/25,17:15,1350,,357,,
2025/2/25,17:30,1350,,336,,
2025/2/25,17:45,1350,,405,,
2025/2/25,18:00,1350,,507,,
2025/2/25,18:15,1350,,416,,
2025/2/25,18:30,1350,,349,,
2025/2/25,18:45,1350,,435,,
2025/2/25,19:00,1350,,469,,
2025/2/25,19:15,1350,,374,,
2025/2/25,19:30,1350,,232,,
2025/2/25,19:45,1350,,154,,
2025/2/25,20:00,1350,,160,,
2025/2/25,20:15,1350,,157,,
2025/2/25,20:30,1350,,149,,
2025/2/25,20:45,1350,,141,,
2025/2/25,21:00,1350,,141,,
2025/2/25,21:15,1350,,194,,
2025/2/25,21:30,1350,,296,,
2025/2/25,21:45,1350,,176,,
2025/2/25,22:00,1350,,208,,
2025/2/25,22:15,1350,,274,,
2025/2/25,22:30,1350,,157,,
2025/2/25,22:45,1350,,176,,
2025/2/25,23:00,1350,,163,,
2025/2/25,23:15,1350,,109,,
2025/2/25,23:30,1350,,109,,
2025/2/25,23:45,1350,,106,,
2025/2/26,00:00,1350,,102,,
2025/2/26,00:15,1350,,,,114
2025/2/26,00:30,1350,,,,112
2025/2/26,00:45,1350,,,,112
2025/2/26,01:00,1350,,,,109
2025/2/26,01:15,1350,,,,106
2025/2/26,01:30,1350,,,,101
2025/2/26,01:45,1350,,,,102
2025/2/26,02:00,1350,,,,101
2025/2/26,02:15,1350,,,,102
2025/2/26,02:30,1350,,,,101
2025/2/26,02:45,1350,,,,101
2025/2/26,03:00,1350,,,,98
2025/2/26,03:15,1350,,,,101
2025/2/26,03:30,1350,,,,98
2025/2/26,03:45,1350,,,,162
2025/2/26,04:00,1350,,,,182
2025/2/26,04:15,1350,,,,176
2025/2/26,04:30,1350,,,,165
2025/2/26,04:45,1350,,,,160
2025/2/26,05:00,1350,,,,160
2025/2/26,05:15,1350,,,,157
2025/2/26,05:30,1350,,,,157
2025/2/26,05:45,1350,,,,154
2025/2/26,06:00,1350,,,,147
2025/2/26,06:15,1350,,146,,
2025/2/26,06:30,1350,,144,,
2025/2/26,06:45,1350,,139,,
2025/2/26,07:00,1350,,143,,
2025/2/26,07:15,1350,,107,,
2025/2/26,07:30,1350,,110,,
2025/2/26,07:45,1350,,140,,
2025/2/26,08:00,1350,,198,,
2025/2/26,08:15,1350,,469,,
2025/2/26,08:30,1350,,741,,
2025/2/26,08:45,1350,,834,,
2025/2/26,09:00,1350,,912,,
2025/2/26,09:15,1350,,956,,
2025/2/26,09:30,1350,,903,,
2025/2/26,09:45,1350,,886,,
2025/2/26,10:00,1350,,851,,
2025/2/26,10:15,1350,,884,,
2025/2/26,10:30,1350,,920,,
2025/2/26,10:45,1350,,903,,
2025/2/26,11:00,1350,,910,,
2025/2/26,11:15,1350,,,,866
2025/2/26,11:30,1350,,,,833
2025/2/26,11:45,1350,,,,877
2025/2/26,12:00,1350,,,,764
2025/2/26,12:15,1350,,,,507
2025/2/26,12:30,1350,,,,497
2025/2/26,12:45,1350,,,,491
2025/2/26,13:00,1350,,,,578
2025/2/26,13:15,1350,,,,569
2025/2/26,13:30,1350,,,,597
2025/2/26,13:45,1350,,,,545
2025/2/26,14:00,1350,,,,563
2025/2/26,14:15,1350,,709,,
2025/2/26,14:30,1350,,768,,
2025/2/26,14:45,1350,,793,,
2025/2/26,15:00,1350,,812,,
2025/2/26,15:15,1350,,889,,
2025/2/26,15:30,1350,,819,,
2025/2/26,15:45,1350,,787,,
2025/2/26,16:00,1350,,791,,
2025/2/26,16:15,1350,,736,,
2025/2/26,16:30,1350,,677,,
2025/2/26,16:45,1350,,600,,
2025/2/26,17:00,1350,,582,,
2025/2/26,17:15,1350,,412,,
2025/2/26,17:30,1350,,375,,
2025/2/26,17:45,1350,,594,,
2025/2/26,18:00,1350,,644,,
2025/2/26,18:15,1350,,637,,
2025/2/26,18:30,1350,,659,,
2025/2/26,18:45,1350,,622,,
2025/2/26,19:00,1350,,629,,
2025/2/26,19:15,1350,,571,,
2025/2/26,19:30,1350,,358,,
2025/2/26,19:45,1350,,286,,
2025/2/26,20:00,1350,,269,,
2025/2/26,20:15,1350,,301,,
2025/2/26,20:30,1350,,269,,
2025/2/26,20:45,1350,,270,,
2025/2/26,21:00,1350,,288,,
2025/2/26,21:15,1350,,246,,
2025/2/26,21:30,1350,,275,,
2025/2/26,21:45,1350,,266,,
2025/2/26,22:00,1350,,254,,
2025/2/26,22:15,1350,,275,,
2025/2/26,22:30,1350,,245,,
2025/2/26,22:45,1350,,262,,
2025/2/26,23:00,1350,,272,,
2025/2/26,23:15,1350,,248,,
2025/2/26,23:30,1350,,274,,
2025/2/26,23:45,1350,,224,,
2025/2/27,00:00,1350,,218,,
2025/2/27,00:15,1350,,,,99
2025/2/27,00:30,1350,,,,86
2025/2/27,00:45,1350,,,,96
2025/2/27,01:00,1350,,,,88
2025/2/27,01:15,1350,,,,91
2025/2/27,01:30,1350,,,,93
2025/2/27,01:45,1350,,,,88
2025/2/27,02:00,1350,,,,91
2025/2/27,02:15,1350,,,,88
2025/2/27,02:30,1350,,,,90
2025/2/27,02:45,1350,,,,83
2025/2/27,03:00,1350,,,,115
2025/2/27,03:15,1350,,,,114
2025/2/27,03:30,1350,,,,112
2025/2/27,03:45,1350,,,,102
2025/2/27,04:00,1350,,,,99
2025/2/27,04:15,1350,,,,98
2025/2/27,04:30,1350,,,,96
2025/2/27,04:45,1350,,,,96
2025/2/27,05:00,1350,,,,101
2025/2/27,05:15,1350,,,,96
2025/2/27,05:30,1350,,,,98
2025/2/27,05:45,1350,,,,91
2025/2/27,06:00,1350,,,,98
2025/2/27,06:15,1350,,94,,
2025/2/27,06:30,1350,,98,,
2025/2/27,06:45,1350,,105,,
2025/2/27,07:00,1350,,126,,
2025/2/27,07:15,1350,,125,,
2025/2/27,07:30,1350,,133,,
2025/2/27,07:45,1350,,156,,
2025/2/27,08:00,1350,,174,,
2025/2/27,08:15,1350,,222,,
2025/2/27,08:30,1350,,245,,
2025/2/27,08:45,1350,,276,,
2025/2/27,09:00,1350,,325,,
2025/2/27,09:15,1350,,372,,
2025/2/27,09:30,1350,,358,,
2025/2/27,09:45,1350,,349,,
2025/2/27,10:00,1350,,316,,
2025/2/27,10:15,1350,,320,,
2025/2/27,10:30,1350,,303,,
2025/2/27,10:45,1350,,333,,
2025/2/27,11:00,1350,,352,,
2025/2/27,11:15,1350,,,,358
2025/2/27,11:30,1350,,,,343
2025/2/27,11:45,1350,,,,332
2025/2/27,12:00,1350,,,,316
2025/2/27,12:15,1350,,,,269
2025/2/27,12:30,1350,,,,250
2025/2/27,12:45,1350,,,,236
2025/2/27,13:00,1350,,,,228
2025/2/27,13:15,1350,,,,235
2025/2/27,13:30,1350,,,,270
2025/2/27,13:45,1350,,,,288
2025/2/27,14:00,1350,,,,303
2025/2/27,14:15,1350,,325,,
2025/2/27,14:30,1350,,339,,
2025/2/27,14:45,1350,,330,,
2025/2/27,15:00,1350,,283,,
2025/2/27,15:15,1350,,304,,
2025/2/27,15:30,1350,,294,,
2025/2/27,15:45,1350,,274,,
2025/2/27,16:00,1350,,247,,
2025/2/27,16:15,1350,,231,,
2025/2/27,16:30,1350,,214,,
2025/2/27,16:45,1350,,173,,
2025/2/27,17:00,1350,,150,,
2025/2/27,17:15,1350,,128,,
2025/2/27,17:30,1350,,119,,
2025/2/27,17:45,1350,,103,,
2025/2/27,18:00,1350,,96,,
2025/2/27,18:15,1350,,100,,
2025/2/27,18:30,1350,,101,,
2025/2/27,18:45,1350,,82,,
2025/2/27,19:00,1350,,78,,
2025/2/27,19:15,1350,,72,,
2025/2/27,19:30,1350,,69,,
2025/2/27,19:45,1350,,67,,
2025/2/27,20:00,1350,,59,,
2025/2/27,20:15,1350,,64,,
2025/2/27,20:30,1350,,59,,
2025/2/27,20:45,1350,,62,,
2025/2/27,21:00,1350,,62,,
2025/2/27,21:15,1350,,56,,
2025/2/27,21:30,1350,,62,,
2025/2/27,21:45,1350,,45,,
2025/2/27,22:00,1350,,50,,
2025/2/27,22:15,1350,,45,,
2025/2/27,22:30,1350,,45,,
2025/2/27,22:45,1350,,53,,
2025/2/27,23:00,1350,,45,,
2025/2/27,23:15,1350,,48,,
2025/2/27,23:30,1350,,48,,
2025/2/27,23:45,1350,,43,,
2025/2/28,00:00,1350,,46,,
2025/2/28,00:15,1350,,,,64
2025/2/28,00:30,1350,,,,59
2025/2/28,00:45,1350,,,,51
2025/2/28,01:00,1350,,,,59
2025/2/28,01:15,1350,,,,54
2025/2/28,01:30,1350,,,,54
2025/2/28,01:45,1350,,,,59
2025/2/28,02:00,1350,,,,53
2025/2/28,02:15,1350,,,,59
2025/2/28,02:30,1350,,,,54
2025/2/28,02:45,1350,,,,56
2025/2/28,03:00,1350,,,,54
2025/2/28,03:15,1350,,,,59
2025/2/28,03:30,1350,,,,56
2025/2/28,03:45,1350,,,,58
2025/2/28,04:00,1350,,,,53
2025/2/28,04:15,1350,,,,56
2025/2/28,04:30,1350,,,,54
2025/2/28,04:45,1350,,,,58
2025/2/28,05:00,1350,,,,58
2025/2/28,05:15,1350,,,,61
2025/2/28,05:30,1350,,,,51
2025/2/28,05:45,1350,,,,54
2025/2/28,06:00,1350,,,,56
2025/2/28,06:15,1350,,,,53
2025/2/28,06:30,1350,,,,60
2025/2/28,06:45,1350,,,,55
2025/2/28,07:00,1350,,,,58
2025/2/28,07:15,1350,,,,51
2025/2/28,07:30,1350,,,,59
2025/2/28,07:45,1350,,,,52
2025/2/28,08:00,1350,,,,62
2025/2/28,08:15,1350,,,,61
2025/2/28,08:30,1350,,,,67
2025/2/28,08:45,1350,,,,62
2025/2/28,09:00,1350,,,,69
2025/2/28,09:15,1350,,,,64
2025/2/28,09:30,1350,,,,70
2025/2/28,09:45,1350,,,,65
2025/2/28,10:00,1350,,,,71
2025/2/28,10:15,1350,,,,67
2025/2/28,10:30,1350,,,,71
2025/2/28,10:45,1350,,,,73
2025/2/28,11:00,1350,,,,67
2025/2/28,11:15,1350,,,,75
2025/2/28,11:30,1350,,,,70
2025/2/28,11:45,1350,,,,72
2025/2/28,12:00,1350,,,,73
2025/2/28,12:15,1350,,,,66
2025/2/28,12:30,1350,,,,65
2025/2/28,12:45,1350,,,,59
2025/2/28,13:00,1350,,,,72
2025/2/28,13:15,1350,,,,69
2025/2/28,13:30,1350,,,,71
2025/2/28,13:45,1350,,,,68
2025/2/28,14:00,1350,,,,65
2025/2/28,14:15,1350,,,,66
2025/2/28,14:30,1350,,,,71
2025/2/28,14:45,1350,,,,65
2025/2/28,15:00,1350,,,,70
2025/2/28,15:15,1350,,,,61
2025/2/28,15:30,1350,,,,70
2025/2/28,15:45,1350,,,,59
2025/2/28,16:00,1350,,,,64
2025/2/28,16:15,1350,,,,67
2025/2/28,16:30,1350,,,,65
2025/2/28,16:45,1350,,,,64
2025/2/28,17:00,1350,,,,63
2025/2/28,17:15,1350,,,,51
2025/2/28,17:30,1350,,,,54
2025/2/28,17:45,1350,,,,50
2025/2/28,18:00,1350,,,,50
2025/2/28,18:15,1350,,,,55
2025/2/28,18:30,1350,,,,46
2025/2/28,18:45,1350,,,,53
2025/2/28,19:00,1350,,,,48
2025/2/28,19:15,1350,,,,53
2025/2/28,19:30,1350,,,,48
2025/2/28,19:45,1350,,,,51
2025/2/28,20:00,1350,,,,54
2025/2/28,20:15,1350,,,,50
2025/2/28,20:30,1350,,,,53
2025/2/28,20:45,1350,,,,50
2025/2/28,21:00,1350,,,,50
2025/2/28,21:15,1350,,,,50
2025/2/28,21:30,1350,,,,51
2025/2/28,21:45,1350,,,,53
2025/2/28,22:00,1350,,,,46
2025/2/28,22:15,1350,,,,53
2025/2/28,22:30,1350,,,,46
2025/2/28,22:45,1350,,,,53
2025/2/28,23:00,1350,,,,48
2025/2/28,23:15,1350,,,,56
2025/2/28,23:30,1350,,,,48
2025/2/28,23:45,1350,,,,51
2025/3/1,00:00,1350,,,,50
2025/3/1,00:15,1350,,,,46
2025/3/1,00:30,1350,,,,51
2025/3/1,00:45,1350,,,,46
2025/3/1,01:00,1350,,,,54
2025/3/1,01:15,1350,,,,45
2025/3/1,01:30,1350,,,,53
2025/3/1,01:45,1350,,,,45
2025/3/1,02:00,1350,,,,53
2025/3/1,02:15,1350,,,,50
2025/3/1,02:30,1350,,,,54
2025/3/1,02:45,1350,,,,48
2025/3/1,03:00,1350,,,,53
2025/3/1,03:15,1350,,,,50
2025/3/1,03:30,1350,,,,53
2025/3/1,03:45,1350,,,,50
2025/3/1,04:00,1350,,,,50
2025/3/1,04:15,1350,,,,53
2025/3/1,04:30,1350,,,,48
2025/3/1,04:45,1350,,,,54
2025/3/1,05:00,1350,,,,51
2025/3/1,05:15,1350,,,,54
2025/3/1,05:30,1350,,,,48
2025/3/1,05:45,1350,,,,51
2025/3/1,06:00,1350,,,,50
2025/3/1,06:15,1350,,,48,
2025/3/1,06:30,1350,,,53,
2025/3/1,06:45,1350,,,49,
2025/3/1,07:00,1350,,,54,
2025/3/1,07:15,1350,,,46,
2025/3/1,07:30,1350,,,55,
2025/3/1,07:45,1350,,,45,
2025/3/1,08:00,1350,,,57,
2025/3/1,08:15,1350,,,72,
2025/3/1,08:30,1350,,,66,
2025/3/1,08:45,1350,,,66,
2025/3/1,09:00,1350,,,66,
2025/3/1,09:15,1350,,,69,
2025/3/1,09:30,1350,,,69,
2025/3/1,09:45,1350,,,70,
2025/3/1,10:00,1350,,,62,
2025/3/1,10:15,1350,,,74,
2025/3/1,10:30,1350,,,65,
2025/3/1,10:45,1350,,,71,
2025/3/1,11:00,1350,,,67,
2025/3/1,11:15,1350,,,,80
2025/3/1,11:30,1350,,,,98
2025/3/1,11:45,1350,,,,74
2025/3/1,12:00,1350,,,,70
2025/3/1,12:15,1350,,,,69
2025/3/1,12:30,1350,,,,61
2025/3/1,12:45,1350,,,,65
2025/3/1,13:00,1350,,,,67
2025/3/1,13:15,1350,,,,66
2025/3/1,13:30,1350,,,,71
2025/3/1,13:45,1350,,,,63
2025/3/1,14:00,1350,,,,72
2025/3/1,14:15,1350,,,63,
2025/3/1,14:30,1350,,,74,
2025/3/1,14:45,1350,,,65,
2025/3/1,15:00,1350,,,71,
2025/3/1,15:15,1350,,,62,
2025/3/1,15:30,1350,,,65,
2025/3/1,15:45,1350,,,67,
2025/3/1,16:00,1350,,,62,
2025/3/1,16:15,1350,,,65,
2025/3/1,16:30,1350,,,68,
2025/3/1,16:45,1350,,,60,
2025/3/1,17:00,1350,,,61,
2025/3/1,17:15,1350,,,65,
2025/3/1,17:30,1350,,,61,
2025/3/1,17:45,1350,,,56,
2025/3/1,18:00,1350,,,65,
2025/3/1,18:15,1350,,,59,
2025/3/1,18:30,1350,,,58,
2025/3/1,18:45,1350,,,64,
2025/3/1,19:00,1350,,,56,
2025/3/1,19:15,1350,,,56,
2025/3/1,19:30,1350,,,61,
2025/3/1,19:45,1350,,,53,
2025/3/1,20:00,1350,,,62,
2025/3/1,20:15,1350,,,59,
2025/3/1,20:30,1350,,,54,
2025/3/1,20:45,1350,,,61,
2025/3/1,21:00,1350,,,53,
2025/3/1,21:15,1350,,,59,
2025/3/1,21:30,1350,,,58,
2025/3/1,21:45,1350,,,51,
2025/3/1,22:00,1350,,,53,
2025/3/1,22:15,1350,,,46,
2025/3/1,22:30,1350,,,54,
2025/3/1,22:45,1350,,,48,
2025/3/1,23:00,1350,,,53,
2025/3/1,23:15,1350,,,54,
2025/3/1,23:30,1350,,,50,
2025/3/1,23:45,1350,,,46,
2025/3/2,00:00,1350,,,53,
2025/3/2,00:15,1350,,,,46
2025/3/2,00:30,1350,,,,53
2025/3/2,00:45,1350,,,,48
2025/3/2,01:00,1350,,,,50
2025/3/2,01:15,1350,,,,51
2025/3/2,01:30,1350,,,,46
2025/3/2,01:45,1350,,,,53
2025/3/2,02:00,1350,,,,48
2025/3/2,02:15,1350,,,,54
2025/3/2,02:30,1350,,,,48
2025/3/2,02:45,1350,,,,53
2025/3/2,03:00,1350,,,,45
2025/3/2,03:15,1350,,,,54
2025/3/2,03:30,1350,,,,50
2025/3/2,03:45,1350,,,,50
2025/3/2,04:00,1350,,,,51
2025/3/2,04:15,1350,,,,46
2025/3/2,04:30,1350,,,,53
2025/3/2,04:45,1350,,,,46
2025/3/2,05:00,1350,,,,56
2025/3/2,05:15,1350,,,,51
2025/3/2,05:30,1350,,,,51
2025/3/2,05:45,1350,,,,48
2025/3/2,06:00,1350,,,,50
2025/3/2,06:15,1350,,,,56
2025/3/2,06:30,1350,,,,90
2025/3/2,06:45,1350,,,,55
2025/3/2,07:00,1350,,,,48
2025/3/2,07:15,1350,,,,52
2025/3/2,07:30,1350,,,,46
2025/3/2,07:45,1350,,,,53
2025/3/2,08:00,1350,,,,46
2025/3/2,08:15,1350,,,,59
2025/3/2,08:30,1350,,,,53
2025/3/2,08:45,1350,,,,56
2025/3/2,09:00,1350,,,,52
2025/3/2,09:15,1350,,,,55
2025/3/2,09:30,1350,,,,57
2025/3/2,09:45,1350,,,,53
2025/3/2,10:00,1350,,,,57
2025/3/2,10:15,1350,,,,57
2025/3/2,10:30,1350,,,,60
2025/3/2,10:45,1350,,,,57
2025/3/2,11:00,1350,,,,60
2025/3/2,11:15,1350,,,,56
2025/3/2,11:30,1350,,,,60
2025/3/2,11:45,1350,,,,62
2025/3/2,12:00,1350,,,,61
2025/3/2,12:15,1350,,,,60
2025/3/2,12:30,1350,,,,61
2025/3/2,12:45,1350,,,,58
2025/3/2,13:00,1350,,,,57
2025/3/2,13:15,1350,,,,62
2025/3/2,13:30,1350,,,,60
2025/3/2,13:45,1350,,,,58
2025/3/2,14:00,1350,,,,58
2025/3/2,14:15,1350,,,,61
2025/3/2,14:30,1350,,,,54
2025/3/2,14:45,1350,,,,61
2025/3/2,15:00,1350,,,,62
2025/3/2,15:15,1350,,,,55
2025/3/2,15:30,1350,,,,57
2025/3/2,15:45,1350,,,,51
2025/3/2,16:00,1350,,,,57
2025/3/2,16:15,1350,,,,54
2025/3/2,16:30,1350,,,,57
2025/3/2,16:45,1350,,,,54
2025/3/2,17:00,1350,,,,54
2025/3/2,17:15,1350,,,,54
2025/3/2,17:30,1350,,,,58
2025/3/2,17:45,1350,,,,50
2025/3/2,18:00,1350,,,,55
2025/3/2,18:15,1350,,,,51
2025/3/2,18:30,1350,,,,51
2025/3/2,18:45,1350,,,,56
2025/3/2,19:00,1350,,,,48
2025/3/2,19:15,1350,,,,56
2025/3/2,19:30,1350,,,,50
2025/3/2,19:45,1350,,,,56
2025/3/2,20:00,1350,,,,48
2025/3/2,20:15,1350,,,,56
2025/3/2,20:30,1350,,,,51
2025/3/2,20:45,1350,,,,53
2025/3/2,21:00,1350,,,,54
2025/3/2,21:15,1350,,,,46
2025/3/2,21:30,1350,,,,54
2025/3/2,21:45,1350,,,,51
2025/3/2,22:00,1350,,,,50
2025/3/2,22:15,1350,,,,54
2025/3/2,22:30,1350,,,,50
2025/3/2,22:45,1350,,,,50
2025/3/2,23:00,1350,,,,53
2025/3/2,23:15,1350,,,,53
2025/3/2,23:30,1350,,,,50
2025/3/2,23:45,1350,,,,54
2025/3/3,00:00,1350,,,,46
2025/3/3,00:15,1350,,,,48
2025/3/3,00:30,1350,,,,51
2025/3/3,00:45,1350,,,,48
2025/3/3,01:00,1350,,,,50
2025/3/3,01:15,1350,,,,53
2025/3/3,01:30,1350,,,,48
2025/3/3,01:45,1350,,,,48
2025/3/3,02:00,1350,,,,53
2025/3/3,02:15,1350,,,,51
2025/3/3,02:30,1350,,,,53
2025/3/3,02:45,1350,,,,48
2025/3/3,03:00,1350,,,,53
2025/3/3,03:15,1350,,,,48
2025/3/3,03:30,1350,,,,48
2025/3/3,03:45,1350,,,,53
2025/3/3,04:00,1350,,,,50
2025/3/3,04:15,1350,,,,51
2025/3/3,04:30,1350,,,,48
2025/3/3,04:45,1350,,,,53
2025/3/3,05:00,1350,,,,48
2025/3/3,05:15,1350,,,,56
2025/3/3,05:30,1350,,,,46
2025/3/3,05:45,1350,,,,51
2025/3/3,06:00,1350,,,,46
2025/3/3,06:15,1350,,53,,
2025/3/3,06:30,1350,,46,,
2025/3/3,06:45,1350,,64,,
2025/3/3,07:00,1350,,76,,
2025/3/3,07:15,1350,,119,,
2025/3/3,07:30,1350,,142,,
2025/3/3,07:45,1350,,160,,
2025/3/3,08:00,1350,,184,,
2025/3/3,08:15,1350,,483,,
2025/3/3,08:30,1350,,744,,
2025/3/3,08:45,1350,,774,,
2025/3/3,09:00,1350,,786,,
2025/3/3,09:15,1350,,755,,
2025/3/3,09:30,1350,,784,,
2025/3/3,09:45,1350,,759,,
2025/3/3,10:00,1350,,672,,
2025/3/3,10:15,1350,,733,,
2025/3/3,10:30,1350,,639,,
2025/3/3,10:45,1350,,672,,
2025/3/3,11:00,1350,,688,,
2025/3/3,11:15,1350,,,,746
2025/3/3,11:30,1350,,,,717
2025/3/3,11:45,1350,,,,720
2025/3/3,12:00,1350,,,,598
2025/3/3,12:15,1350,,,,334
2025/3/3,12:30,1350,,,,322
2025/3/3,12:45,1350,,,,331
2025/3/3,13:00,1350,,,,697
2025/3/3,13:15,1350,,,,768
2025/3/3,13:30,1350,,,,822
2025/3/3,13:45,1350,,,,873
2025/3/3,14:00,1350,,,,905
2025/3/3,14:15,1350,,891,,
2025/3/3,14:30,1350,,896,,
2025/3/3,14:45,1350,,963,,
2025/3/3,15:00,1350,,895,,
2025/3/3,15:15,1350,,911,,
2025/3/3,15:30,1350,,974,,
2025/3/3,15:45,1350,,1010,,
2025/3/3,16:00,1350,,1017,,
2025/3/3,16:15,1350,,952,,
2025/3/3,16:30,1350,,899,,
2025/3/3,16:45,1350,,904,,
2025/3/3,17:00,1350,,684,,
2025/3/3,17:15,1350,,381,,
2025/3/3,17:30,1350,,375,,
2025/3/3,17:45,1350,,640,,
2025/3/3,18:00,1350,,776,,
2025/3/3,18:15,1350,,782,,
2025/3/3,18:30,1350,,696,,
2025/3/3,18:45,1350,,653,,
2025/3/3,19:00,1350,,598,,
2025/3/3,19:15,1350,,518,,
2025/3/3,19:30,1350,,354,,
2025/3/3,19:45,1350,,374,,
2025/3/3,20:00,1350,,400,,
2025/3/3,20:15,1350,,333,,
2025/3/3,20:30,1350,,264,,
2025/3/3,20:45,1350,,190,,
2025/3/3,21:00,1350,,283,,
2025/3/3,21:15,1350,,330,,
2025/3/3,21:30,1350,,304,,
2025/3/3,21:45,1350,,286,,
2025/3/3,22:00,1350,,299,,
2025/3/3,22:15,1350,,246,,
2025/3/3,22:30,1350,,170,,
2025/3/3,22:45,1350,,134,,
2025/3/3,23:00,1350,,190,,
2025/3/3,23:15,1350,,179,,
2025/3/3,23:30,1350,,131,,
2025/3/3,23:45,1350,,245,,
2025/3/4,00:00,1350,,208,,
2025/3/4,00:15,1350,,,,126
2025/3/4,00:30,1350,,,,120
2025/3/4,00:45,1350,,,,118
2025/3/4,01:00,1350,,,,117
2025/3/4,01:15,1350,,,,118
2025/3/4,01:30,1350,,,,118
2025/3/4,01:45,1350,,,,110
2025/3/4,02:00,1350,,,,115
2025/3/4,02:15,1350,,,,115
2025/3/4,02:30,1350,,,,112
2025/3/4,02:45,1350,,,,106
2025/3/4,03:00,1350,,,,154
2025/3/4,03:15,1350,,,,202
2025/3/4,03:30,1350,,,,200
2025/3/4,03:45,1350,,,,182
2025/3/4,04:00,1350,,,,171
2025/3/4,04:15,1350,,,,170
2025/3/4,04:30,1350,,,,168
2025/3/4,04:45,1350,,,,160
2025/3/4,05:00,1350,,,,158
2025/3/4,05:15,1350,,,,157
2025/3/4,05:30,1350,,,,155
2025/3/4,05:45,1350,,,,157
2025/3/4,06:00,1350,,,,155
2025/3/4,06:15,1350,,152,,
2025/3/4,06:30,1350,,155,,
2025/3/4,06:45,1350,,158,,
2025/3/4,07:00,1350,,157,,
2025/3/4,07:15,1350,,223,,
2025/3/4,07:30,1350,,264,,
2025/3/4,07:45,1350,,290,,
2025/3/4,08:00,1350,,349,,
2025/3/4,08:15,1350,,396,,
2025/3/4,08:30,1350,,398,,
2025/3/4,08:45,1350,,411,,
2025/3/4,09:00,1350,,668,,
2025/3/4,09:15,1350,,872,,
2025/3/4,09:30,1350,,1028,,
2025/3/4,09:45,1350,,1021,,
2025/3/4,10:00,1350,,950,,
2025/3/4,10:15,1350,,1004,,
2025/3/4,10:30,1350,,1052,,
2025/3/4,10:45,1350,,982,,
2025/3/4,11:00,1350,,1018,,
2025/3/4,11:15,1350,,,,1059
2025/3/4,11:30,1350,,,,1080
2025/3/4,11:45,1350,,,,855
2025/3/4,12:00,1350,,,,810
2025/3/4,12:15,1350,,,,526
2025/3/4,12:30,1350,,,,461
2025/3/4,12:45,1350,,,,481
2025/3/4,13:00,1350,,,,827
2025/3/4,13:15,1350,,,,913
2025/3/4,13:30,1350,,,,982
2025/3/4,13:45,1350,,,,1036
2025/3/4,14:00,1350,,,,1022
2025/3/4,14:15,1350,,1111,,
2025/3/4,14:30,1350,,1113,,
2025/3/4,14:45,1350,,1094,,
2025/3/4,15:00,1350,,1009,,
2025/3/4,15:15,1350,,1036,,
2025/3/4,15:30,1350,,1105,,
2025/3/4,15:45,1350,,1075,,
2025/3/4,16:00,1350,,1062,,
2025/3/4,16:15,1350,,919,,
2025/3/4,16:30,1350,,972,,
2025/3/4,16:45,1350,,959,,
2025/3/4,17:00,1350,,847,,
2025/3/4,17:15,1350,,555,,
2025/3/4,17:30,1350,,494,,
2025/3/4,17:45,1350,,691,,
2025/3/4,18:00,1350,,781,,
2025/3/4,18:15,1350,,842,,
2025/3/4,18:30,1350,,805,,
2025/3/4,18:45,1350,,725,,
2025/3/4,19:00,1350,,718,,
2025/3/4,19:15,1350,,678,,
2025/3/4,19:30,1350,,454,,
2025/3/4,19:45,1350,,333,,
2025/3/4,20:00,1350,,344,,
2025/3/4,20:15,1350,,350,,
2025/3/4,20:30,1350,,299,,
2025/3/4,20:45,1350,,342,,
2025/3/4,21:00,1350,,274,,
2025/3/4,21:15,1350,,330,,
2025/3/4,21:30,1350,,277,,
2025/3/4,21:45,1350,,293,,
2025/3/4,22:00,1350,,286,,
2025/3/4,22:15,1350,,269,,
2025/3/4,22:30,1350,,317,,
2025/3/4,22:45,1350,,253,,
2025/3/4,23:00,1350,,214,,
2025/3/4,23:15,1350,,150,,
2025/3/4,23:30,1350,,154,,
2025/3/4,23:45,1350,,149,,
2025/3/5,00:00,1350,,149,,
2025/3/5,00:15,1350,,,,150
2025/3/5,00:30,1350,,,,142
2025/3/5,00:45,1350,,,,138
2025/3/5,01:00,1350,,,,134
2025/3/5,01:15,1350,,,,134
2025/3/5,01:30,1350,,,,134
2025/3/5,01:45,1350,,,,128
2025/3/5,02:00,1350,,,,131
2025/3/5,02:15,1350,,,,131
2025/3/5,02:30,1350,,,,128
2025/3/5,02:45,1350,,,,123
2025/3/5,03:00,1350,,,,166
2025/3/5,03:15,1350,,,,216
2025/3/5,03:30,1350,,,,210
2025/3/5,03:45,1350,,,,195
2025/3/5,04:00,1350,,,,186
2025/3/5,04:15,1350,,,,173
2025/3/5,04:30,1350,,,,173
2025/3/5,04:45,1350,,,,171
2025/3/5,05:00,1350,,,,171
2025/3/5,05:15,1350,,,,170
2025/3/5,05:30,1350,,,,170
2025/3/5,05:45,1350,,,,166
2025/3/5,06:00,1350,,,,166
2025/3/5,06:15,1350,,168,,
2025/3/5,06:30,1350,,170,,
2025/3/5,06:45,1350,,176,,
2025/3/5,07:00,1350,,195,,
2025/3/5,07:15,1350,,200,,
2025/3/5,07:30,1350,,208,,
2025/3/5,07:45,1350,,243,,
2025/3/5,08:00,1350,,255,,
2025/3/5,08:15,1350,,568,,
2025/3/5,08:30,1350,,829,,
2025/3/5,08:45,1350,,898,,
2025/3/5,09:00,1350,,809,,
2025/3/5,09:15,1350,,777,,
2025/3/5,09:30,1350,,880,,
2025/3/5,09:45,1350,,845,,
2025/3/5,10:00,1350,,741,,
2025/3/5,10:15,1350,,786,,
2025/3/5,10:30,1350,,801,,
2025/3/5,10:45,1350,,730,,
2025/3/5,11:00,1350,,694,,
2025/3/5,11:15,1350,,,,847
2025/3/5,11:30,1350,,,,866
2025/3/5,11:45,1350,,,,813
2025/3/5,12:00,1350,,,,737
2025/3/5,12:15,1350,,,,445
2025/3/5,12:30,1350,,,,450
2025/3/5,12:45,1350,,,,479
2025/3/5,13:00,1350,,,,874
2025/3/5,13:15,1350,,,,1016
2025/3/5,13:30,1350,,,,1039
2025/3/5,13:45,1350,,,,1053
2025/3/5,14:00,1350,,,,1047
2025/3/5,14:15,1350,,1050,,
2025/3/5,14:30,1350,,1064,,
2025/3/5,14:45,1350,,1024,,
2025/3/5,15:00,1350,,969,,
2025/3/5,15:15,1350,,954,,
2025/3/5,15:30,1350,,974,,
2025/3/5,15:45,1350,,871,,
2025/3/5,16:00,1350,,787,,
2025/3/5,16:15,1350,,723,,
2025/3/5,16:30,1350,,789,,
2025/3/5,16:45,1350,,803,,
2025/3/5,17:00,1350,,664,,
2025/3/5,17:15,1350,,325,,
2025/3/5,17:30,1350,,298,,
2025/3/5,17:45,1350,,538,,
2025/3/5,18:00,1350,,661,,
2025/3/5,18:15,1350,,765,,
2025/3/5,18:30,1350,,742,,
2025/3/5,18:45,1350,,736,,
2025/3/5,19:00,1350,,733,,
2025/3/5,19:15,1350,,656,,
2025/3/5,19:30,1350,,549,,
2025/3/5,19:45,1350,,379,,
2025/3/5,20:00,1350,,459,,
2025/3/5,20:15,1350,,398,,
2025/3/5,20:30,1350,,443,,
2025/3/5,20:45,1350,,418,,
2025/3/5,21:00,1350,,408,,
2025/3/5,21:15,1350,,371,,
2025/3/5,21:30,1350,,336,,
2025/3/5,21:45,1350,,333,,
2025/3/5,22:00,1350,,357,,
2025/3/5,22:15,1350,,290,,
2025/3/5,22:30,1350,,325,,
2025/3/5,22:45,1350,,315,,
2025/3/5,23:00,1350,,304,,
2025/3/5,23:15,1350,,333,,
2025/3/5,23:30,1350,,288,,
2025/3/5,23:45,1350,,315,,
2025/3/6,00:00,1350,,312,,
2025/3/6,00:15,1350,,,,298
2025/3/6,00:30,1350,,,,326
2025/3/6,00:45,1350,,,,302
2025/3/6,01:00,1350,,,,314
2025/3/6,01:15,1350,,,,333
2025/3/6,01:30,1350,,,,226
2025/3/6,01:45,1350,,,,170
2025/3/6,02:00,1350,,,,155
2025/3/6,02:15,1350,,,,157
2025/3/6,02:30,1350,,,,152
2025/3/6,02:45,1350,,,,238
2025/3/6,03:00,1350,,,,240
2025/3/6,03:15,1350,,,,242
2025/3/6,03:30,1350,,,,235
2025/3/6,03:45,1350,,,,227
2025/3/6,04:00,1350,,,,219
2025/3/6,04:15,1350,,,,216
2025/3/6,04:30,1350,,,,210
2025/3/6,04:45,1350,,,,206
2025/3/6,05:00,1350,,,,210
2025/3/6,05:15,1350,,,,210
2025/3/6,05:30,1350,,,,203
2025/3/6,05:45,1350,,,,206
2025/3/6,06:00,1350,,,,208
2025/3/6,06:15,1350,,203,,
2025/3/6,06:30,1350,,206,,
2025/3/6,06:45,1350,,215,,
2025/3/6,07:00,1350,,227,,
2025/3/6,07:15,1350,,207,,
2025/3/6,07:30,1350,,280,,
2025/3/6,07:45,1350,,303,,
2025/3/6,08:00,1350,,333,,
2025/3/6,08:15,1350,,620,,
2025/3/6,08:30,1350,,895,,
2025/3/6,08:45,1350,,902,,
2025/3/6,09:00,1350,,830,,
2025/3/6,09:15,1350,,843,,
2025/3/6,09:30,1350,,916,,
2025/3/6,09:45,1350,,910,,
2025/3/6,10:00,1350,,942,,
2025/3/6,10:15,1350,,1047,,
2025/3/6,10:30,1350,,1044,,
2025/3/6,10:45,1350,,1090,,
2025/3/6,11:00,1350,,1011,,
2025/3/6,11:15,1350,,,,984
2025/3/6,11:30,1350,,,,948
2025/3/6,11:45,1350,,,,867
2025/3/6,12:00,1350,,,,681
2025/3/6,12:15,1350,,,,377
2025/3/6,12:30,1350,,,,347
2025/3/6,12:45,1350,,,,403
2025/3/6,13:00,1350,,,,786
2025/3/6,13:15,1350,,,,848
2025/3/6,13:30,1350,,,,886
2025/3/6,13:45,1350,,,,920
2025/3/6,14:00,1350,,,,974
2025/3/6,14:15,1350,,1017,,
2025/3/6,14:30,1350,,1015,,
2025/3/6,14:45,1350,,1016,,
2025/3/6,15:00,1350,,890,,
2025/3/6,15:15,1350,,923,,
2025/3/6,15:30,1350,,896,,
2025/3/6,15:45,1350,,914,,
2025/3/6,16:00,1350,,911,,
2025/3/6,16:15,1350,,817,,
2025/3/6,16:30,1350,,842,,
2025/3/6,16:45,1350,,778,,
2025/3/6,17:00,1350,,656,,
2025/3/6,17:15,1350,,479,,
2025/3/6,17:30,1350,,538,,
2025/3/6,17:45,1350,,689,,
2025/3/6,18:00,1350,,691,,
2025/3/6,18:15,1350,,797,,
2025/3/6,18:30,1350,,768,,
2025/3/6,18:45,1350,,742,,
2025/3/6,19:00,1350,,645,,
2025/3/6,19:15,1350,,549,,
2025/3/6,19:30,1350,,550,,
2025/3/6,19:45,1350,,458,,
2025/3/6,20:00,1350,,419,,
2025/3/6,20:15,1350,,485,,
2025/3/6,20:30,1350,,341,,
2025/3/6,20:45,1350,,354,,
2025/3/6,21:00,1350,,318,,
2025/3/6,21:15,1350,,339,,
2025/3/6,21:30,1350,,318,,
2025/3/6,21:45,1350,,288,,
2025/3/6,22:00,1350,,317,,
2025/3/6,22:15,1350,,269,,
2025/3/6,22:30,1350,,302,,
2025/3/6,22:45,1350,,302,,
2025/3/6,23:00,1350,,275,,
2025/3/6,23:15,1350,,320,,
2025/3/6,23:30,1350,,272,,
2025/3/6,23:45,1350,,158,,
2025/3/7,00:00,1350,,128,,
2025/3/7,00:15,1350,,,,126
2025/3/7,00:30,1350,,,,126
2025/3/7,00:45,1350,,,,126
2025/3/7,01:00,1350,,,,128
2025/3/7,01:15,1350,,,,123
2025/3/7,01:30,1350,,,,128
2025/3/7,01:45,1350,,,,125
2025/3/7,02:00,1350,,,,128
2025/3/7,02:15,1350,,,,131
2025/3/7,02:30,1350,,,,131
2025/3/7,02:45,1350,,,,125
2025/3/7,03:00,1350,,,,126
2025/3/7,03:15,1350,,,,126
2025/3/7,03:30,1350,,,,123
2025/3/7,03:45,1350,,,,122
2025/3/7,04:00,1350,,,,197
2025/3/7,04:15,1350,,,,214
2025/3/7,04:30,1350,,,,224
2025/3/7,04:45,1350,,,,240
2025/3/7,05:00,1350,,,,246
2025/3/7,05:15,1350,,,,259
2025/3/7,05:30,1350,,,,259
2025/3/7,05:45,1350,,,,264
2025/3/7,06:00,1350,,,,259
2025/3/7,06:15,1350,,256,,
2025/3/7,06:30,1350,,254,,
2025/3/7,06:45,1350,,263,,
2025/3/7,07:00,1350,,260,,
2025/3/7,07:15,1350,,262,,
2025/3/7,07:30,1350,,264,,
2025/3/7,07:45,1350,,271,,
2025/3/7,08:00,1350,,301,,
2025/3/7,08:15,1350,,675,,
2025/3/7,08:30,1350,,949,,
2025/3/7,08:45,1350,,1019,,
2025/3/7,09:00,1350,,949,,
2025/3/7,09:15,1350,,932,,
2025/3/7,09:30,1350,,912,,
2025/3/7,09:45,1350,,922,,
2025/3/7,10:00,1350,,844,,
2025/3/7,10:15,1350,,784,,
2025/3/7,10:30,1350,,923,,
2025/3/7,10:45,1350,,888,,
2025/3/7,11:00,1350,,817,,
2025/3/7,11:15,1350,,,,794
2025/3/7,11:30,1350,,,,870
2025/3/7,11:45,1350,,,,898
2025/3/7,12:00,1350,,,,717
2025/3/7,12:15,1350,,,,557
2025/3/7,12:30,1350,,,,542
2025/3/7,12:45,1350,,,,553
2025/3/7,13:00,1350,,,,810
2025/3/7,13:15,1350,,,,761
2025/3/7,13:30,1350,,,,805
2025/3/7,13:45,1350,,,,794
2025/3/7,14:00,1350,,,,884
2025/3/7,14:15,1350,,708,,
2025/3/7,14:30,1350,,708,,
2025/3/7,14:45,1350,,797,,
2025/3/7,15:00,1350,,744,,
2025/3/7,15:15,1350,,660,,
2025/3/7,15:30,1350,,638,,
2025/3/7,15:45,1350,,538,,
2025/3/7,16:00,1350,,458,,
2025/3/7,16:15,1350,,455,,
2025/3/7,16:30,1350,,568,,
2025/3/7,16:45,1350,,537,,
2025/3/7,17:00,1350,,423,,
2025/3/7,17:15,1350,,319,,
2025/3/7,17:30,1350,,296,,
2025/3/7,17:45,1350,,357,,
2025/3/7,18:00,1350,,378,,
2025/3/7,18:15,1350,,403,,
2025/3/7,18:30,1350,,373,,
2025/3/7,18:45,1350,,304,,
2025/3/7,19:00,1350,,328,,
2025/3/7,19:15,1350,,387,,
2025/3/7,19:30,1350,,331,,
2025/3/7,19:45,1350,,253,,
2025/3/7,20:00,1350,,259,,
2025/3/7,20:15,1350,,424,,
2025/3/7,20:30,1350,,341,,
2025/3/7,20:45,1350,,373,,
2025/3/7,21:00,1350,,302,,
2025/3/7,21:15,1350,,334,,
2025/3/7,21:30,1350,,312,,
2025/3/7,21:45,1350,,248,,
2025/3/7,22:00,1350,,286,,
2025/3/7,22:15,1350,,278,,
2025/3/7,22:30,1350,,262,,
2025/3/7,22:45,1350,,294,,
2025/3/7,23:00,1350,,261,,
2025/3/7,23:15,1350,,288,,
2025/3/7,23:30,1350,,290,,
2025/3/7,23:45,1350,,266,,
2025/3/8,00:00,1350,,309,,
2025/3/8,00:15,1350,,,,246
2025/3/8,00:30,1350,,,,198
2025/3/8,00:45,1350,,,,123
2025/3/8,01:00,1350,,,,110
2025/3/8,01:15,1350,,,,117
2025/3/8,01:30,1350,,,,109
2025/3/8,01:45,1350,,,,110
2025/3/8,02:00,1350,,,,114
2025/3/8,02:15,1350,,,,109
2025/3/8,02:30,1350,,,,109
2025/3/8,02:45,1350,,,,106
2025/3/8,03:00,1350,,,,110
2025/3/8,03:15,1350,,,,102
2025/3/8,03:30,1350,,,,107
2025/3/8,03:45,1350,,,,109
2025/3/8,04:00,1350,,,,106
2025/3/8,04:15,1350,,,,107
2025/3/8,04:30,1350,,,,99
2025/3/8,04:45,1350,,,,110
2025/3/8,05:00,1350,,,,106
2025/3/8,05:15,1350,,,,115
2025/3/8,05:30,1350,,,,101
2025/3/8,05:45,1350,,,,107
2025/3/8,06:00,1350,,,,104
2025/3/8,06:15,1350,,,102,
2025/3/8,06:30,1350,,,112,
2025/3/8,06:45,1350,,,104,
2025/3/8,07:00,1350,,,111,
2025/3/8,07:15,1350,,,101,
2025/3/8,07:30,1350,,,105,
2025/3/8,07:45,1350,,,104,
2025/3/8,08:00,1350,,,113,
2025/3/8,08:15,1350,,,235,
2025/3/8,08:30,1350,,,313,
2025/3/8,08:45,1350,,,424,
2025/3/8,09:00,1350,,,402,
2025/3/8,09:15,1350,,,482,
2025/3/8,09:30,1350,,,447,
2025/3/8,09:45,1350,,,412,
2025/3/8,10:00,1350,,,397,
2025/3/8,10:15,1350,,,403,
2025/3/8,10:30,1350,,,459,
2025/3/8,10:45,1350,,,472,
2025/3/8,11:00,1350,,,347,
2025/3/8,11:15,1350,,,,383
2025/3/8,11:30,1350,,,,339
2025/3/8,11:45,1350,,,,387
2025/3/8,12:00,1350,,,,343
2025/3/8,12:15,1350,,,,177
2025/3/8,12:30,1350,,,,127
2025/3/8,12:45,1350,,,,151
2025/3/8,13:00,1350,,,,234
2025/3/8,13:15,1350,,,,335
2025/3/8,13:30,1350,,,,452
2025/3/8,13:45,1350,,,,465
2025/3/8,14:00,1350,,,,242
2025/3/8,14:15,1350,,,254,
2025/3/8,14:30,1350,,,210,
2025/3/8,14:45,1350,,,248,
2025/3/8,15:00,1350,,,231,
2025/3/8,15:15,1350,,,266,
2025/3/8,15:30,1350,,,255,
2025/3/8,15:45,1350,,,207,
2025/3/8,16:00,1350,,,308,
2025/3/8,16:15,1350,,,240,
2025/3/8,16:30,1350,,,271,
2025/3/8,16:45,1350,,,283,
2025/3/8,17:00,1350,,,142,
2025/3/8,17:15,1350,,,165,
2025/3/8,17:30,1350,,,250,
2025/3/8,17:45,1350,,,248,
2025/3/8,18:00,1350,,,288,
2025/3/8,18:15,1350,,,231,
2025/3/8,18:30,1350,,,282,
2025/3/8,18:45,1350,,,242,
2025/3/8,19:00,1350,,,270,
2025/3/8,19:15,1350,,,280,
2025/3/8,19:30,1350,,,253,
2025/3/8,19:45,1350,,,259,
2025/3/8,20:00,1350,,,237,
2025/3/8,20:15,1350,,,258,
2025/3/8,20:30,1350,,,254,
2025/3/8,20:45,1350,,,227,
2025/3/8,21:00,1350,,,274,
2025/3/8,21:15,1350,,,229,
2025/3/8,21:30,1350,,,253,
2025/3/8,21:45,1350,,,251,
2025/3/8,22:00,1350,,,234,
2025/3/8,22:15,1350,,,267,
2025/3/8,22:30,1350,,,237,
2025/3/8,22:45,1350,,,238,
2025/3/8,23:00,1350,,,114,
2025/3/8,23:15,1350,,,80,
2025/3/8,23:30,1350,,,75,
2025/3/8,23:45,1350,,,80,
2025/3/9,00:00,1350,,,72,
2025/3/9,00:15,1350,,,,99
2025/3/9,00:30,1350,,,,80
2025/3/9,00:45,1350,,,,85
2025/3/9,01:00,1350,,,,78
2025/3/9,01:15,1350,,,,82
2025/3/9,01:30,1350,,,,77
2025/3/9,01:45,1350,,,,67
2025/3/9,02:00,1350,,,,69
2025/3/9,02:15,1350,,,,69
2025/3/9,02:30,1350,,,,67
2025/3/9,02:45,1350,,,,66
2025/3/9,03:00,1350,,,,69
2025/3/9,03:15,1350,,,,66
2025/3/9,03:30,1350,,,,64
2025/3/9,03:45,1350,,,,59
2025/3/9,04:00,1350,,,,62
2025/3/9,04:15,1350,,,,56
2025/3/9,04:30,1350,,,,62
2025/3/9,04:45,1350,,,,59
2025/3/9,05:00,1350,,,,62
2025/3/9,05:15,1350,,,,61
2025/3/9,05:30,1350,,,,62
2025/3/9,05:45,1350,,,,56
2025/3/9,06:00,1350,,,,61
2025/3/9,06:15,1350,,,,56
2025/3/9,06:30,1350,,,,63
2025/3/9,06:45,1350,,,,63
2025/3/9,07:00,1350,,,,61
2025/3/9,07:15,1350,,,,57
2025/3/9,07:30,1350,,,,59
2025/3/9,07:45,1350,,,,58
2025/3/9,08:00,1350,,,,60
2025/3/9,08:15,1350,,,,67
2025/3/9,08:30,1350,,,,63
2025/3/9,08:45,1350,,,,66
2025/3/9,09:00,1350,,,,61
2025/3/9,09:15,1350,,,,69
2025/3/9,09:30,1350,,,,63
2025/3/9,09:45,1350,,,,68
2025/3/9,10:00,1350,,,,63
2025/3/9,10:15,1350,,,,69
2025/3/9,10:30,1350,,,,68
2025/3/9,10:45,1350,,,,68
2025/3/9,11:00,1350,,,,70
2025/3/9,11:15,1350,,,,68
2025/3/9,11:30,1350,,,,72
2025/3/9,11:45,1350,,,,69
2025/3/9,12:00,1350,,,,71
2025/3/9,12:15,1350,,,,66
2025/3/9,12:30,1350,,,,61
2025/3/9,12:45,1350,,,,68
2025/3/9,13:00,1350,,,,67
2025/3/9,13:15,1350,,,,69
2025/3/9,13:30,1350,,,,69
2025/3/9,13:45,1350,,,,64
2025/3/9,14:00,1350,,,,70
2025/3/9,14:15,1350,,,,65
2025/3/9,14:30,1350,,,,71
2025/3/9,14:45,1350,,,,64
2025/3/9,15:00,1350,,,,66
2025/3/9,15:15,1350,,,,61
2025/3/9,15:30,1350,,,,67
2025/3/9,15:45,1350,,,,61
2025/3/9,16:00,1350,,,,64
2025/3/9,16:15,1350,,,,64
2025/3/9,16:30,1350,,,,63
2025/3/9,16:45,1350,,,,61
2025/3/9,17:00,1350,,,,60
2025/3/9,17:15,1350,,,,63
2025/3/9,17:30,1350,,,,60
2025/3/9,17:45,1350,,,,62
2025/3/9,18:00,1350,,,,59
2025/3/9,18:15,1350,,,,60
2025/3/9,18:30,1350,,,,61
2025/3/9,18:45,1350,,,,54
2025/3/9,19:00,1350,,,,62
2025/3/9,19:15,1350,,,,58
2025/3/9,19:30,1350,,,,64
2025/3/9,19:45,1350,,,,56
2025/3/9,20:00,1350,,,,66
2025/3/9,20:15,1350,,,,58
2025/3/9,20:30,1350,,,,62
2025/3/9,20:45,1350,,,,58
2025/3/9,21:00,1350,,,,62
2025/3/9,21:15,1350,,,,59
2025/3/9,21:30,1350,,,,61
2025/3/9,21:45,1350,,,,59
2025/3/9,22:00,1350,,,,59
2025/3/9,22:15,1350,,,,59
2025/3/9,22:30,1350,,,,59
2025/3/9,22:45,1350,,,,61
2025/3/9,23:00,1350,,,,59
2025/3/9,23:15,1350,,,,62
2025/3/9,23:30,1350,,,,58
2025/3/9,23:45,1350,,,,61
2025/3/10,00:00,1350,,,,61
2025/3/10,00:15,1350,,,,58
2025/3/10,00:30,1350,,,,61
2025/3/10,00:45,1350,,,,54
2025/3/10,01:00,1350,,,,62
2025/3/10,01:15,1350,,,,56
2025/3/10,01:30,1350,,,,61
2025/3/10,01:45,1350,,,,58
2025/3/10,02:00,1350,,,,59
2025/3/10,02:15,1350,,,,61
2025/3/10,02:30,1350,,,,59
2025/3/10,02:45,1350,,,,59
2025/3/10,03:00,1350,,,,59
2025/3/10,03:15,1350,,,,64
2025/3/10,03:30,1350,,,,54
2025/3/10,03:45,1350,,,,64
2025/3/10,04:00,1350,,,,54
2025/3/10,04:15,1350,,,,62
2025/3/10,04:30,1350,,,,58
2025/3/10,04:45,1350,,,,62
2025/3/10,05:00,1350,,,,59
2025/3/10,05:15,1350,,,,62
2025/3/10,05:30,1350,,,,59
2025/3/10,05:45,1350,,,,61
2025/3/10,06:00,1350,,,,54
2025/3/10,06:15,1350,,62,,
2025/3/10,06:30,1350,,57,,
2025/3/10,06:45,1350,,64,,
2025/3/10,07:00,1350,,67,,
2025/3/10,07:15,1350,,107,,
2025/3/10,07:30,1350,,172,,
2025/3/10,07:45,1350,,185,,
2025/3/10,08:00,1350,,208,,
2025/3/10,08:15,1350,,588,,
2025/3/10,08:30,1350,,868,,
2025/3/10,08:45,1350,,902,,
2025/3/10,09:00,1350,,849,,
2025/3/10,09:15,1350,,836,,
2025/3/10,09:30,1350,,759,,
2025/3/10,09:45,1350,,866,,
2025/3/10,10:00,1350,,878,,
2025/3/10,10:15,1350,,946,,
2025/3/10,10:30,1350,,923,,
2025/3/10,10:45,1350,,1036,,
2025/3/10,11:00,1350,,994,,
2025/3/10,11:15,1350,,,,972
2025/3/10,11:30,1350,,,,1008
2025/3/10,11:45,1350,,,,1019
2025/3/10,12:00,1350,,,,837
2025/3/10,12:15,1350,,,,484
2025/3/10,12:30,1350,,,,472
2025/3/10,12:45,1350,,,,507
2025/3/10,13:00,1350,,,,891
2025/3/10,13:15,1350,,,,1022
2025/3/10,13:30,1350,,,,998
2025/3/10,13:45,1350,,,,1000
2025/3/10,14:00,1350,,,,937
2025/3/10,14:15,1350,,864,,
2025/3/10,14:30,1350,,919,,
2025/3/10,14:45,1350,,910,,
2025/3/10,15:00,1350,,799,,
2025/3/10,15:15,1350,,857,,
2025/3/10,15:30,1350,,885,,
2025/3/10,15:45,1350,,880,,
2025/3/10,16:00,1350,,854,,
2025/3/10,16:15,1350,,831,,
2025/3/10,16:30,1350,,805,,
2025/3/10,16:45,1350,,730,,
2025/3/10,17:00,1350,,510,,
2025/3/10,17:15,1350,,426,,
2025/3/10,17:30,1350,,537,,
2025/3/10,17:45,1350,,676,,
2025/3/10,18:00,1350,,706,,
2025/3/10,18:15,1350,,551,,
2025/3/10,18:30,1350,,592,,
2025/3/10,18:45,1350,,595,,
2025/3/10,19:00,1350,,538,,
2025/3/10,19:15,1350,,542,,
2025/3/10,19:30,1350,,446,,
2025/3/10,19:45,1350,,349,,
2025/3/10,20:00,1350,,416,,
2025/3/10,20:15,1350,,355,,
2025/3/10,20:30,1350,,283,,
2025/3/10,20:45,1350,,266,,
2025/3/10,21:00,1350,,293,,
2025/3/10,21:15,1350,,246,,
2025/3/10,21:30,1350,,283,,
2025/3/10,21:45,1350,,278,,
2025/3/10,22:00,1350,,259,,
2025/3/10,22:15,1350,,293,,
2025/3/10,22:30,1350,,261,,
2025/3/10,22:45,1350,,266,,
2025/3/10,23:00,1350,,277,,
2025/3/10,23:15,1350,,237,,
2025/3/10,23:30,1350,,269,,
2025/3/10,23:45,1350,,250,,
2025/3/11,00:00,1350,,262,,
2025/3/11,00:15,1350,,,,298
2025/3/11,00:30,1350,,,,245
2025/3/11,00:45,1350,,,,278
2025/3/11,01:00,1350,,,,250
2025/3/11,01:15,1350,,,,258
2025/3/11,01:30,1350,,,,157
2025/3/11,01:45,1350,,,,88
2025/3/11,02:00,1350,,,,90
2025/3/11,02:15,1350,,,,80
2025/3/11,02:30,1350,,,,109
2025/3/11,02:45,1350,,,,147
2025/3/11,03:00,1350,,,,150
2025/3/11,03:15,1350,,,,146
2025/3/11,03:30,1350,,,,149
2025/3/11,03:45,1350,,,,134
2025/3/11,04:00,1350,,,,130
2025/3/11,04:15,1350,,,,128
2025/3/11,04:30,1350,,,,118
2025/3/11,04:45,1350,,,,117
2025/3/11,05:00,1350,,,,125
2025/3/11,05:15,1350,,,,120
2025/3/11,05:30,1350,,,,115
2025/3/11,05:45,1350,,,,118
2025/3/11,06:00,1350,,,,114
2025/3/11,06:15,1350,,118,,
2025/3/11,06:30,1350,,116,,
2025/3/11,06:45,1350,,125,,
2025/3/11,07:00,1350,,142,,
2025/3/11,07:15,1350,,118,,
2025/3/11,07:30,1350,,138,,
2025/3/11,07:45,1350,,169,,
2025/3/11,08:00,1350,,224,,
2025/3/11,08:15,1350,,414,,
2025/3/11,08:30,1350,,526,,
2025/3/11,08:45,1350,,637,,
2025/3/11,09:00,1350,,699,,
2025/3/11,09:15,1350,,596,,
2025/3/11,09:30,1350,,678,,
2025/3/11,09:45,1350,,711,,
2025/3/11,10:00,1350,,641,,
2025/3/11,10:15,1350,,768,,
2025/3/11,10:30,1350,,805,,
2025/3/11,10:45,1350,,796,,
2025/3/11,11:00,1350,,869,,
2025/3/11,11:15,1350,,,,733
2025/3/11,11:30,1350,,,,719
2025/3/11,11:45,1350,,,,757
2025/3/11,12:00,1350,,,,643
2025/3/11,12:15,1350,,,,489
2025/3/11,12:30,1350,,,,472
2025/3/11,12:45,1350,,,,460
2025/3/11,13:00,1350,,,,620
2025/3/11,13:15,1350,,,,709
2025/3/11,13:30,1350,,,,690
2025/3/11,13:45,1350,,,,737
2025/3/11,14:00,1350,,,,808
2025/3/11,14:15,1350,,777,,
2025/3/11,14:30,1350,,842,,
2025/3/11,14:45,1350,,767,,
2025/3/11,15:00,1350,,652,,
2025/3/11,15:15,1350,,670,,
2025/3/11,15:30,1350,,765,,
2025/3/11,15:45,1350,,624,,
2025/3/11,16:00,1350,,690,,
2025/3/11,16:15,1350,,772,,
2025/3/11,16:30,1350,,815,,
2025/3/11,16:45,1350,,799,,
2025/3/11,17:00,1350,,729,,
2025/3/11,17:15,1350,,465,,
2025/3/11,17:30,1350,,562,,
2025/3/11,17:45,1350,,725,,
2025/3/11,18:00,1350,,815,,
2025/3/11,18:15,1350,,776,,
2025/3/11,18:30,1350,,685,,
2025/3/11,18:45,1350,,587,,
2025/3/11,19:00,1350,,600,,
2025/3/11,19:15,1350,,547,,
2025/3/11,19:30,1350,,448,,
2025/3/11,19:45,1350,,451,,
2025/3/11,20:00,1350,,488,,
2025/3/11,20:15,1350,,398,,
2025/3/11,20:30,1350,,326,,
2025/3/11,20:45,1350,,269,,
2025/3/11,21:00,1350,,294,,
2025/3/11,21:15,1350,,251,,
2025/3/11,21:30,1350,,256,,
2025/3/11,21:45,1350,,275,,
2025/3/11,22:00,1350,,235,,
2025/3/11,22:15,1350,,277,,
2025/3/11,22:30,1350,,267,,
2025/3/11,22:45,1350,,259,,
2025/3/11,23:00,1350,,283,,
2025/3/11,23:15,1350,,256,,
2025/3/11,23:30,1350,,270,,
2025/3/11,23:45,1350,,274,,
2025/3/12,00:00,1350,,245,,
2025/3/12,00:15,1350,,,,262
2025/3/12,00:30,1350,,,,237
2025/3/12,00:45,1350,,,,248
2025/3/12,01:00,1350,,,,261
2025/3/12,01:15,1350,,,,218
2025/3/12,01:30,1350,,,,210
2025/3/12,01:45,1350,,,,93
2025/3/12,02:00,1350,,,,91
2025/3/12,02:15,1350,,,,93
2025/3/12,02:30,1350,,,,86
2025/3/12,02:45,1350,,,,170
2025/3/12,03:00,1350,,,,208
2025/3/12,03:15,1350,,,,195
2025/3/12,03:30,1350,,,,178
2025/3/12,03:45,1350,,,,157
2025/3/12,04:00,1350,,,,150
2025/3/12,04:15,1350,,,,142
2025/3/12,04:30,1350,,,,139
2025/3/12,04:45,1350,,,,136
2025/3/12,05:00,1350,,,,139
2025/3/12,05:15,1350,,,,136
2025/3/12,05:30,1350,,,,136
2025/3/12,05:45,1350,,,,133
2025/3/12,06:00,1350,,,,134
2025/3/12,06:15,1350,,136,,
2025/3/12,06:30,1350,,137,,
2025/3/12,06:45,1350,,137,,
2025/3/12,07:00,1350,,132,,
2025/3/12,07:15,1350,,143,,
2025/3/12,07:30,1350,,195,,
2025/3/12,07:45,1350,,220,,
2025/3/12,08:00,1350,,276,,
2025/3/12,08:15,1350,,630,,
2025/3/12,08:30,1350,,885,,
2025/3/12,08:45,1350,,880,,
2025/3/12,09:00,1350,,858,,
2025/3/12,09:15,1350,,851,,
2025/3/12,09:30,1350,,808,,
2025/3/12,09:45,1350,,818,,
2025/3/12,10:00,1350,,859,,
2025/3/12,10:15,1350,,955,,
2025/3/12,10:30,1350,,1045,,
2025/3/12,10:45,1350,,1060,,
2025/3/12,11:00,1350,,1128,,
2025/3/12,11:15,1350,,,,1066
2025/3/12,11:30,1350,,,,1006
2025/3/12,11:45,1350,,,,1003
2025/3/12,12:00,1350,,,,801
2025/3/12,12:15,1350,,,,472
2025/3/12,12:30,1350,,,,443
2025/3/12,12:45,1350,,,,481
2025/3/12,13:00,1350,,,,918
2025/3/12,13:15,1350,,,,1009
2025/3/12,13:30,1350,,,,967
2025/3/12,13:45,1350,,,,1031
2025/3/12,14:00,1350,,,,950
2025/3/12,14:15,1350,,882,,
2025/3/12,14:30,1350,,829,,
2025/3/12,14:45,1350,,902,,
2025/3/12,15:00,1350,,815,,
2025/3/12,15:15,1350,,867,,
2025/3/12,15:30,1350,,929,,
2025/3/12,15:45,1350,,826,,
2025/3/12,16:00,1350,,885,,
2025/3/12,16:15,1350,,804,,
2025/3/12,16:30,1350,,774,,
2025/3/12,16:45,1350,,787,,
2025/3/12,17:00,1350,,545,,
2025/3/12,17:15,1350,,488,,
2025/3/12,17:30,1350,,479,,
2025/3/12,17:45,1350,,518,,
2025/3/12,18:00,1350,,509,,
2025/3/12,18:15,1350,,447,,
2025/3/12,18:30,1350,,400,,
2025/3/12,18:45,1350,,413,,
2025/3/12,19:00,1350,,483,,
2025/3/12,19:15,1350,,418,,
2025/3/12,19:30,1350,,366,,
2025/3/12,19:45,1350,,347,,
2025/3/12,20:00,1350,,379,,
2025/3/12,20:15,1350,,378,,
2025/3/12,20:30,1350,,360,,
2025/3/12,20:45,1350,,350,,
2025/3/12,21:00,1350,,323,,
2025/3/12,21:15,1350,,370,,
2025/3/12,21:30,1350,,325,,
2025/3/12,21:45,1350,,344,,
2025/3/12,22:00,1350,,341,,
2025/3/12,22:15,1350,,283,,
2025/3/12,22:30,1350,,325,,
2025/3/12,22:45,1350,,285,,
2025/3/12,23:00,1350,,282,,
2025/3/12,23:15,1350,,302,,
2025/3/12,23:30,1350,,261,,
2025/3/12,23:45,1350,,302,,
2025/3/13,00:00,1350,,269,,
2025/3/13,00:15,1350,,,,278
2025/3/13,00:30,1350,,,,286
2025/3/13,00:45,1350,,,,256
2025/3/13,01:00,1350,,,,293
2025/3/13,01:15,1350,,,,266
2025/3/13,01:30,1350,,,,272
2025/3/13,01:45,1350,,,,288
2025/3/13,02:00,1350,,,,136
2025/3/13,02:15,1350,,,,118
2025/3/13,02:30,1350,,,,139
2025/3/13,02:45,1350,,,,208
2025/3/13,03:00,1350,,,,203
2025/3/13,03:15,1350,,,,190
2025/3/13,03:30,1350,,,,173
2025/3/13,03:45,1350,,,,163
2025/3/13,04:00,1350,,,,158
2025/3/13,04:15,1350,,,,152
2025/3/13,04:30,1350,,,,152
2025/3/13,04:45,1350,,,,136
2025/3/13,05:00,1350,,,,142
2025/3/13,05:15,1350,,,,141
2025/3/13,05:30,1350,,,,138
2025/3/13,05:45,1350,,,,138
2025/3/13,06:00,1350,,,,136
2025/3/13,06:15,1350,,138,,
2025/3/13,06:30,1350,,137,,
2025/3/13,06:45,1350,,148,,
2025/3/13,07:00,1350,,151,,
2025/3/13,07:15,1350,,191,,
2025/3/13,07:30,1350,,283,,
2025/3/13,07:45,1350,,290,,
2025/3/13,08:00,1350,,362,,
2025/3/13,08:15,1350,,641,,
2025/3/13,08:30,1350,,816,,
2025/3/13,08:45,1350,,847,,
2025/3/13,09:00,1350,,804,,
2025/3/13,09:15,1350,,821,,
2025/3/13,09:30,1350,,846,,
2025/3/13,09:45,1350,,791,,
2025/3/13,10:00,1350,,767,,
2025/3/13,10:15,1350,,883,,
2025/3/13,10:30,1350,,949,,
2025/3/13,10:45,1350,,1069,,
2025/3/13,11:00,1350,,1088,,
2025/3/13,11:15,1350,,,,1107
2025/3/13,11:30,1350,,,,1085
2025/3/13,11:45,1350,,,,1125
2025/3/13,12:00,1350,,,,933
2025/3/13,12:15,1350,,,,621
2025/3/13,12:30,1350,,,,626
2025/3/13,12:45,1350,,,,659
2025/3/13,13:00,1350,,,,1038
2025/3/13,13:15,1350,,,,1098
2025/3/13,13:30,1350,,,,1073
2025/3/13,13:45,1350,,,,997
2025/3/13,14:00,1350,,,,900
2025/3/13,14:15,1350,,918,,
2025/3/13,14:30,1350,,891,,
2025/3/13,14:45,1350,,810,,
2025/3/13,15:00,1350,,862,,
2025/3/13,15:15,1350,,916,,
2025/3/13,15:30,1350,,930,,
2025/3/13,15:45,1350,,948,,
2025/3/13,16:00,1350,,834,,
2025/3/13,16:15,1350,,841,,
2025/3/13,16:30,1350,,887,,
2025/3/13,16:45,1350,,943,,
2025/3/13,17:00,1350,,780,,
2025/3/13,17:15,1350,,572,,
2025/3/13,17:30,1350,,587,,
2025/3/13,17:45,1350,,741,,
2025/3/13,18:00,1350,,837,,
2025/3/13,18:15,1350,,819,,
2025/3/13,18:30,1350,,736,,
2025/3/13,18:45,1350,,682,,
2025/3/13,19:00,1350,,691,,
2025/3/13,19:15,1350,,464,,
2025/3/13,19:30,1350,,366,,
2025/3/13,19:45,1350,,430,,
2025/3/13,20:00,1350,,445,,
2025/3/13,20:15,1350,,320,,
2025/3/13,20:30,1350,,163,,
2025/3/13,20:45,1350,,133,,
2025/3/13,21:00,1350,,130,,
2025/3/13,21:15,1350,,178,,
2025/3/13,21:30,1350,,283,,
2025/3/13,21:45,1350,,238,,
2025/3/13,22:00,1350,,266,,
2025/3/13,22:15,1350,,242,,
2025/3/13,22:30,1350,,272,,
2025/3/13,22:45,1350,,250,,
2025/3/13,23:00,1350,,234,,
2025/3/13,23:15,1350,,272,,
2025/3/13,23:30,1350,,243,,
2025/3/13,23:45,1350,,270,,
2025/3/14,00:00,1350,,270,,
2025/3/14,00:15,1350,,,,259
2025/3/14,00:30,1350,,,,278
2025/3/14,00:45,1350,,,,240
2025/3/14,01:00,1350,,,,261
2025/3/14,01:15,1350,,,,158
2025/3/14,01:30,1350,,,,83
2025/3/14,01:45,1350,,,,66
2025/3/14,02:00,1350,,,,66
2025/3/14,02:15,1350,,,,66
2025/3/14,02:30,1350,,,,62
2025/3/14,02:45,1350,,,,66
2025/3/14,03:00,1350,,,,64
2025/3/14,03:15,1350,,,,66
2025/3/14,03:30,1350,,,,64
2025/3/14,03:45,1350,,,,64
2025/3/14,04:00,1350,,,,64
2025/3/14,04:15,1350,,,,62
2025/3/14,04:30,1350,,,,64
2025/3/14,04:45,1350,,,,67
2025/3/14,05:00,1350,,,,66
2025/3/14,05:15,1350,,,,69
2025/3/14,05:30,1350,,,,62
2025/3/14,05:45,1350,,,,61
2025/3/14,06:00,1350,,,,66
2025/3/14,06:15,1350,,64,,
2025/3/14,06:30,1350,,67,,
2025/3/14,06:45,1350,,65,,
2025/3/14,07:00,1350,,85,,
2025/3/14,07:15,1350,,87,,
2025/3/14,07:30,1350,,91,,
2025/3/14,07:45,1350,,96,,
2025/3/14,08:00,1350,,145,,
2025/3/14,08:15,1350,,382,,
2025/3/14,08:30,1350,,578,,
2025/3/14,08:45,1350,,672,,
2025/3/14,09:00,1350,,597,,
2025/3/14,09:15,1350,,650,,
2025/3/14,09:30,1350,,673,,
2025/3/14,09:45,1350,,616,,
2025/3/14,10:00,1350,,588,,
2025/3/14,10:15,1350,,650,,
2025/3/14,10:30,1350,,623,,
2025/3/14,10:45,1350,,699,,
2025/3/14,11:00,1350,,763,,
2025/3/14,11:15,1350,,,,757
2025/3/14,11:30,1350,,,,792
2025/3/14,11:45,1350,,,,831
2025/3/14,12:00,1350,,,,673
2025/3/14,12:15,1350,,,,487
2025/3/14,12:30,1350,,,,478
2025/3/14,12:45,1350,,,,485
2025/3/14,13:00,1350,,,,671
2025/3/14,13:15,1350,,,,743
2025/3/14,13:30,1350,,,,731
2025/3/14,13:45,1350,,,,884
2025/3/14,14:00,1350,,,,930
2025/3/14,14:15,1350,,924,,
2025/3/14,14:30,1350,,836,,
2025/3/14,14:45,1350,,853,,
2025/3/14,15:00,1350,,813,,
2025/3/14,15:15,1350,,764,,
2025/3/14,15:30,1350,,851,,
2025/3/14,15:45,1350,,911,,
2025/3/14,16:00,1350,,931,,
2025/3/14,16:15,1350,,925,,
2025/3/14,16:30,1350,,887,,
2025/3/14,16:45,1350,,855,,
2025/3/14,17:00,1350,,531,,
2025/3/14,17:15,1350,,411,,
2025/3/14,17:30,1350,,401,,
2025/3/14,17:45,1350,,504,,
2025/3/14,18:00,1350,,489,,
2025/3/14,18:15,1350,,407,,
2025/3/14,18:30,1350,,328,,
2025/3/14,18:45,1350,,282,,
2025/3/14,19:00,1350,,280,,
2025/3/14,19:15,1350,,222,,
2025/3/14,19:30,1350,,122,,
2025/3/14,19:45,1350,,117,,
2025/3/14,20:00,1350,,120,,
2025/3/14,20:15,1350,,99,,
2025/3/14,20:30,1350,,96,,
2025/3/14,20:45,1350,,96,,
2025/3/14,21:00,1350,,91,,
2025/3/14,21:15,1350,,93,,
2025/3/14,21:30,1350,,85,,
2025/3/14,21:45,1350,,88,,
2025/3/14,22:00,1350,,85,,
2025/3/14,22:15,1350,,80,,
2025/3/14,22:30,1350,,90,,
2025/3/14,22:45,1350,,83,,
2025/3/14,23:00,1350,,80,,
2025/3/14,23:15,1350,,88,,
2025/3/14,23:30,1350,,77,,
2025/3/14,23:45,1350,,72,,
2025/3/15,00:00,1350,,82,,
2025/3/15,00:15,1350,,,,72
2025/3/15,00:30,1350,,,,74
2025/3/15,00:45,1350,,,,74
2025/3/15,01:00,1350,,,,75
2025/3/15,01:15,1350,,,,67
2025/3/15,01:30,1350,,,,77
2025/3/15,01:45,1350,,,,58
2025/3/15,02:00,1350,,,,61
2025/3/15,02:15,1350,,,,64
2025/3/15,02:30,1350,,,,59
2025/3/15,02:45,1350,,,,64
2025/3/15,03:00,1350,,,,59
2025/3/15,03:15,1350,,,,62
2025/3/15,03:30,1350,,,,61
2025/3/15,03:45,1350,,,,56
2025/3/15,04:00,1350,,,,67
2025/3/15,04:15,1350,,,,58
2025/3/15,04:30,1350,,,,61
2025/3/15,04:45,1350,,,,62
2025/3/15,05:00,1350,,,,58
2025/3/15,05:15,1350,,,,67
2025/3/15,05:30,1350,,,,62
2025/3/15,05:45,1350,,,,59
2025/3/15,06:00,1350,,,,59
2025/3/15,06:15,1350,,,62,
2025/3/15,06:30,1350,,,64,
2025/3/15,06:45,1350,,,64,
2025/3/15,07:00,1350,,,90,
2025/3/15,07:15,1350,,,81,
2025/3/15,07:30,1350,,,86,
2025/3/15,07:45,1350,,,86,
2025/3/15,08:00,1350,,,92,
2025/3/15,08:15,1350,,,180,
2025/3/15,08:30,1350,,,183,
2025/3/15,08:45,1350,,,215,
2025/3/15,09:00,1350,,,272,
2025/3/15,09:15,1350,,,308,
2025/3/15,09:30,1350,,,277,
2025/3/15,09:45,1350,,,285,
2025/3/15,10:00,1350,,,186,
2025/3/15,10:15,1350,,,198,
2025/3/15,10:30,1350,,,244,
2025/3/15,10:45,1350,,,294,
2025/3/15,11:00,1350,,,241,
2025/3/15,11:15,1350,,,,281
2025/3/15,11:30,1350,,,,197
2025/3/15,11:45,1350,,,,198
2025/3/15,12:00,1350,,,,161
2025/3/15,12:15,1350,,,,135
2025/3/15,12:30,1350,,,,128
2025/3/15,12:45,1350,,,,141
2025/3/15,13:00,1350,,,,258
2025/3/15,13:15,1350,,,,246
2025/3/15,13:30,1350,,,,228
2025/3/15,13:45,1350,,,,265
2025/3/15,14:00,1350,,,,289
2025/3/15,14:15,1350,,,191,
2025/3/15,14:30,1350,,,216,
2025/3/15,14:45,1350,,,268,
2025/3/15,15:00,1350,,,175,
2025/3/15,15:15,1350,,,243,
2025/3/15,15:30,1350,,,230,
2025/3/15,15:45,1350,,,226,
2025/3/15,16:00,1350,,,160,
2025/3/15,16:15,1350,,,223,
2025/3/15,16:30,1350,,,126,
2025/3/15,16:45,1350,,,95,
2025/3/15,17:00,1350,,,87,
2025/3/15,17:15,1350,,,85,
2025/3/15,17:30,1350,,,86,
2025/3/15,17:45,1350,,,83,
2025/3/15,18:00,1350,,,79,
2025/3/15,18:15,1350,,,85,
2025/3/15,18:30,1350,,,78,
2025/3/15,18:45,1350,,,82,
2025/3/15,19:00,1350,,,85,
2025/3/15,19:15,1350,,,77,
2025/3/15,19:30,1350,,,80,
2025/3/15,19:45,1350,,,70,
2025/3/15,20:00,1350,,,85,
2025/3/15,20:15,1350,,,80,
2025/3/15,20:30,1350,,,77,
2025/3/15,20:45,1350,,,82,
2025/3/15,21:00,1350,,,78,
2025/3/15,21:15,1350,,,75,
2025/3/15,21:30,1350,,,88,
2025/3/15,21:45,1350,,,69,
2025/3/15,22:00,1350,,,74,
2025/3/15,22:15,1350,,,72,
2025/3/15,22:30,1350,,,70,
2025/3/15,22:45,1350,,,74,
2025/3/15,23:00,1350,,,78,
2025/3/15,23:15,1350,,,70,
2025/3/15,23:30,1350,,,77,
2025/3/15,23:45,1350,,,67,
2025/3/16,00:00,1350,,,75,
2025/3/16,00:15,1350,,,,70
2025/3/16,00:30,1350,,,,75
2025/3/16,00:45,1350,,,,66
2025/3/16,01:00,1350,,,,70
2025/3/16,01:15,1350,,,,67
2025/3/16,01:30,1350,,,,70
2025/3/16,01:45,1350,,,,62
2025/3/16,02:00,1350,,,,58
2025/3/16,02:15,1350,,,,56
2025/3/16,02:30,1350,,,,56
2025/3/16,02:45,1350,,,,54
2025/3/16,03:00,1350,,,,53
2025/3/16,03:15,1350,,,,59
2025/3/16,03:30,1350,,,,54
2025/3/16,03:45,1350,,,,56
2025/3/16,04:00,1350,,,,53
2025/3/16,04:15,1350,,,,59
2025/3/16,04:30,1350,,,,51
2025/3/16,04:45,1350,,,,58
2025/3/16,05:00,1350,,,,56
2025/3/16,05:15,1350,,,,61
2025/3/16,05:30,1350,,,,51
2025/3/16,05:45,1350,,,,53
2025/3/16,06:00,1350,,,,58
2025/3/16,06:15,1350,,,,53
2025/3/16,06:30,1350,,,,56
2025/3/16,06:45,1350,,,,55
2025/3/16,07:00,1350,,,,56
2025/3/16,07:15,1350,,,,53
2025/3/16,07:30,1350,,,,53
2025/3/16,07:45,1350,,,,53
2025/3/16,08:00,1350,,,,54
2025/3/16,08:15,1350,,,,58
2025/3/16,08:30,1350,,,,27
2025/3/16,08:45,1350,,,,0
2025/3/16,09:00,1350,,,,0
2025/3/16,09:15,1350,,,,0
2025/3/16,09:30,1350,,,,0
2025/3/16,09:45,1350,,,,0
2025/3/16,10:00,1350,,,,0
2025/3/16,10:15,1350,,,,0
2025/3/16,10:30,1350,,,,0
2025/3/16,10:45,1350,,,,0
2025/3/16,11:00,1350,,,,0
2025/3/16,11:15,1350,,,,0
2025/3/16,11:30,1350,,,,0
2025/3/16,11:45,1350,,,,0
2025/3/16,12:00,1350,,,,0
2025/3/16,12:15,1350,,,,0
2025/3/16,12:30,1350,,,,0
2025/3/16,12:45,1350,,,,2
2025/3/16,13:00,1350,,,,63
2025/3/16,13:15,1350,,,,71
2025/3/16,13:30,1350,,,,64
2025/3/16,13:45,1350,,,,63
2025/3/16,14:00,1350,,,,64
2025/3/16,14:15,1350,,,,64
2025/3/16,14:30,1350,,,,63
2025/3/16,14:45,1350,,,,63
2025/3/16,15:00,1350,,,,64
2025/3/16,15:15,1350,,,,64
2025/3/16,15:30,1350,,,,61
2025/3/16,15:45,1350,,,,63
2025/3/16,16:00,1350,,,,62
2025/3/16,16:15,1350,,,,61
2025/3/16,16:30,1350,,,,62
2025/3/16,16:45,1350,,,,59
2025/3/16,17:00,1350,,,,51
2025/3/16,17:15,1350,,,,57
2025/3/16,17:30,1350,,,,63
2025/3/16,17:45,1350,,,,55
2025/3/16,18:00,1350,,,,59
2025/3/16,18:15,1350,,,,60
2025/3/16,18:30,1350,,,,54
2025/3/16,18:45,1350,,,,59
2025/3/16,19:00,1350,,,,61
2025/3/16,19:15,1350,,,,58
2025/3/16,19:30,1350,,,,61
2025/3/16,19:45,1350,,,,58
2025/3/16,20:00,1350,,,,61
2025/3/16,20:15,1350,,,,58
2025/3/16,20:30,1350,,,,58
2025/3/16,20:45,1350,,,,62
2025/3/16,21:00,1350,,,,56
2025/3/16,21:15,1350,,,,59
2025/3/16,21:30,1350,,,,58
2025/3/16,21:45,1350,,,,59
2025/3/16,22:00,1350,,,,59
2025/3/16,22:15,1350,,,,54
2025/3/16,22:30,1350,,,,59
2025/3/16,22:45,1350,,,,53
2025/3/16,23:00,1350,,,,58
2025/3/16,23:15,1350,,,,54
2025/3/16,23:30,1350,,,,54
2025/3/16,23:45,1350,,,,54
2025/3/17,00:00,1350,,,,56
2025/3/17,00:15,1350,,,,56
2025/3/17,00:30,1350,,,,56
2025/3/17,00:45,1350,,,,58
2025/3/17,01:00,1350,,,,54
2025/3/17,01:15,1350,,,,56
2025/3/17,01:30,1350,,,,51
2025/3/17,01:45,1350,,,,58
2025/3/17,02:00,1350,,,,53
2025/3/17,02:15,1350,,,,54
2025/3/17,02:30,1350,,,,56
2025/3/17,02:45,1350,,,,53
2025/3/17,03:00,1350,,,,54
2025/3/17,03:15,1350,,,,53
2025/3/17,03:30,1350,,,,59
2025/3/17,03:45,1350,,,,53
2025/3/17,04:00,1350,,,,56
2025/3/17,04:15,1350,,,,54
2025/3/17,04:30,1350,,,,53
2025/3/17,04:45,1350,,,,54
2025/3/17,05:00,1350,,,,53
2025/3/17,05:15,1350,,,,54
2025/3/17,05:30,1350,,,,48
2025/3/17,05:45,1350,,,,54
2025/3/17,06:00,1350,,,,53
2025/3/17,06:15,1350,,53,,
2025/3/17,06:30,1350,,53,,
2025/3/17,06:45,1350,,62,,
2025/3/17,07:00,1350,,81,,
2025/3/17,07:15,1350,,139,,
2025/3/17,07:30,1350,,192,,
2025/3/17,07:45,1350,,208,,
2025/3/17,08:00,1350,,228,,
2025/3/17,08:15,1350,,575,,
2025/3/17,08:30,1350,,793,,
2025/3/17,08:45,1350,,919,,
2025/3/17,09:00,1350,,968,,
2025/3/17,09:15,1350,,991,,
2025/3/17,09:30,1350,,1032,,
2025/3/17,09:45,1350,,929,,
2025/3/17,10:00,1350,,795,,
2025/3/17,10:15,1350,,909,,
2025/3/17,10:30,1350,,969,,
2025/3/17,10:45,1350,,938,,
2025/3/17,11:00,1350,,850,,
2025/3/17,11:15,1350,,,,821
2025/3/17,11:30,1350,,,,847
2025/3/17,11:45,1350,,,,823
2025/3/17,12:00,1350,,,,660
2025/3/17,12:15,1350,,,,404
2025/3/17,12:30,1350,,,,392
2025/3/17,12:45,1350,,,,405
2025/3/17,13:00,1350,,,,765
2025/3/17,13:15,1350,,,,863
2025/3/17,13:30,1350,,,,878
2025/3/17,13:45,1350,,,,858
2025/3/17,14:00,1350,,,,867
2025/3/17,14:15,1350,,870,,
2025/3/17,14:30,1350,,884,,
2025/3/17,14:45,1350,,892,,
2025/3/17,15:00,1350,,791,,
2025/3/17,15:15,1350,,839,,
2025/3/17,15:30,1350,,907,,
2025/3/17,15:45,1350,,986,,
2025/3/17,16:00,1350,,976,,
2025/3/17,16:15,1350,,963,,
2025/3/17,16:30,1350,,973,,
2025/3/17,16:45,1350,,941,,
2025/3/17,17:00,1350,,749,,
2025/3/17,17:15,1350,,425,,
2025/3/17,17:30,1350,,432,,
2025/3/17,17:45,1350,,644,,
2025/3/17,18:00,1350,,749,,
2025/3/17,18:15,1350,,774,,
2025/3/17,18:30,1350,,741,,
2025/3/17,18:45,1350,,651,,
2025/3/17,19:00,1350,,653,,
2025/3/17,19:15,1350,,458,,
2025/3/17,19:30,1350,,205,,
2025/3/17,19:45,1350,,198,,
2025/3/17,20:00,1350,,194,,
2025/3/17,20:15,1350,,186,,
2025/3/17,20:30,1350,,187,,
2025/3/17,20:45,1350,,173,,
2025/3/17,21:00,1350,,178,,
2025/3/17,21:15,1350,,178,,
2025/3/17,21:30,1350,,174,,
2025/3/17,21:45,1350,,163,,
2025/3/17,22:00,1350,,166,,
2025/3/17,22:15,1350,,195,,
2025/3/17,22:30,1350,,178,,
2025/3/17,22:45,1350,,162,,
2025/3/17,23:00,1350,,158,,
2025/3/17,23:15,1350,,158,,
2025/3/17,23:30,1350,,152,,
2025/3/17,23:45,1350,,155,,
2025/3/18,00:00,1350,,142,,
2025/3/18,00:15,1350,,,,146
2025/3/18,00:30,1350,,,,155
2025/3/18,00:45,1350,,,,110
2025/3/18,01:00,1350,,,,96
2025/3/18,01:15,1350,,,,94
2025/3/18,01:30,1350,,,,94
2025/3/18,01:45,1350,,,,80
2025/3/18,02:00,1350,,,,82
2025/3/18,02:15,1350,,,,86
2025/3/18,02:30,1350,,,,77
2025/3/18,02:45,1350,,,,77
2025/3/18,03:00,1350,,,,74
2025/3/18,03:15,1350,,,,78
2025/3/18,03:30,1350,,,,75
2025/3/18,03:45,1350,,,,82
2025/3/18,04:00,1350,,,,85
2025/3/18,04:15,1350,,,,86
2025/3/18,04:30,1350,,,,83
2025/3/18,04:45,1350,,,,83
2025/3/18,05:00,1350,,,,85
2025/3/18,05:15,1350,,,,85
2025/3/18,05:30,1350,,,,83
2025/3/18,05:45,1350,,,,85
2025/3/18,06:00,1350,,,,85
2025/3/18,06:15,1350,,83,,
2025/3/18,06:30,1350,,87,,
2025/3/18,06:45,1350,,86,,
2025/3/18,07:00,1350,,91,,
2025/3/18,07:15,1350,,120,,
2025/3/18,07:30,1350,,160,,
2025/3/18,07:45,1350,,173,,
2025/3/18,08:00,1350,,225,,
2025/3/18,08:15,1350,,550,,
2025/3/18,08:30,1350,,716,,
2025/3/18,08:45,1350,,791,,
2025/3/18,09:00,1350,,723,,
2025/3/18,09:15,1350,,747,,
2025/3/18,09:30,1350,,778,,
2025/3/18,09:45,1350,,810,,
2025/3/18,10:00,1350,,677,,
2025/3/18,10:15,1350,,773,,
2025/3/18,10:30,1350,,775,,
2025/3/18,10:45,1350,,758,,
2025/3/18,11:00,1350,,751,,
2025/3/18,11:15,1350,,,,709
2025/3/18,11:30,1350,,,,712
2025/3/18,11:45,1350,,,,719
2025/3/18,12:00,1350,,,,498
2025/3/18,12:15,1350,,,,227
2025/3/18,12:30,1350,,,,220
2025/3/18,12:45,1350,,,,268
2025/3/18,13:00,1350,,,,583
2025/3/18,13:15,1350,,,,646
2025/3/18,13:30,1350,,,,665
2025/3/18,13:45,1350,,,,650
2025/3/18,14:00,1350,,,,710
2025/3/18,14:15,1350,,726,,
2025/3/18,14:30,1350,,794,,
2025/3/18,14:45,1350,,847,,
2025/3/18,15:00,1350,,778,,
2025/3/18,15:15,1350,,846,,
2025/3/18,15:30,1350,,905,,
2025/3/18,15:45,1350,,896,,
2025/3/18,16:00,1350,,850,,
2025/3/18,16:15,1350,,862,,
2025/3/18,16:30,1350,,933,,
2025/3/18,16:45,1350,,967,,
2025/3/18,17:00,1350,,782,,
2025/3/18,17:15,1350,,462,,
2025/3/18,17:30,1350,,451,,
2025/3/18,17:45,1350,,781,,
2025/3/18,18:00,1350,,896,,
2025/3/18,18:15,1350,,917,,
2025/3/18,18:30,1350,,973,,
2025/3/18,18:45,1350,,974,,
2025/3/18,19:00,1350,,978,,
2025/3/18,19:15,1350,,733,,
2025/3/18,19:30,1350,,488,,
2025/3/18,19:45,1350,,451,,
2025/3/18,20:00,1350,,456,,
2025/3/18,20:15,1350,,451,,
2025/3/18,20:30,1350,,461,,
2025/3/18,20:45,1350,,416,,
2025/3/18,21:00,1350,,397,,
2025/3/18,21:15,1350,,368,,
2025/3/18,21:30,1350,,346,,
2025/3/18,21:45,1350,,307,,
2025/3/18,22:00,1350,,272,,
2025/3/18,22:15,1350,,280,,
2025/3/18,22:30,1350,,275,,
2025/3/18,22:45,1350,,275,,
2025/3/18,23:00,1350,,275,,
2025/3/18,23:15,1350,,278,,
2025/3/18,23:30,1350,,275,,
2025/3/18,23:45,1350,,269,,
2025/3/19,00:00,1350,,272,,
2025/3/19,00:15,1350,,,,254
2025/3/19,00:30,1350,,,,254
2025/3/19,00:45,1350,,,,240
2025/3/19,01:00,1350,,,,229
2025/3/19,01:15,1350,,,,226
2025/3/19,01:30,1350,,,,222
2025/3/19,01:45,1350,,,,213
2025/3/19,02:00,1350,,,,216
2025/3/19,02:15,1350,,,,146
2025/3/19,02:30,1350,,,,138
2025/3/19,02:45,1350,,,,128
2025/3/19,03:00,1350,,,,131
2025/3/19,03:15,1350,,,,130
2025/3/19,03:30,1350,,,,130
2025/3/19,03:45,1350,,,,114
2025/3/19,04:00,1350,,,,115
2025/3/19,04:15,1350,,,,229
2025/3/19,04:30,1350,,,,238
2025/3/19,04:45,1350,,,,230
2025/3/19,05:00,1350,,,,210
2025/3/19,05:15,1350,,,,203
2025/3/19,05:30,1350,,,,198
2025/3/19,05:45,1350,,,,190
2025/3/19,06:00,1350,,,,182
2025/3/19,06:15,1350,,165,,
2025/3/19,06:30,1350,,167,,
2025/3/19,06:45,1350,,183,,
2025/3/19,07:00,1350,,239,,
2025/3/19,07:15,1350,,203,,
2025/3/19,07:30,1350,,231,,
2025/3/19,07:45,1350,,254,,
2025/3/19,08:00,1350,,314,,
2025/3/19,08:15,1350,,478,,
2025/3/19,08:30,1350,,644,,
2025/3/19,08:45,1350,,735,,
2025/3/19,09:00,1350,,737,,
2025/3/19,09:15,1350,,853,,
2025/3/19,09:30,1350,,982,,
2025/3/19,09:45,1350,,960,,
2025/3/19,10:00,1350,,893,,
2025/3/19,10:15,1350,,1000,,
2025/3/19,10:30,1350,,965,,
2025/3/19,10:45,1350,,990,,
2025/3/19,11:00,1350,,941,,
2025/3/19,11:15,1350,,,,827
2025/3/19,11:30,1350,,,,843
2025/3/19,11:45,1350,,,,794
2025/3/19,12:00,1350,,,,651
2025/3/19,12:15,1350,,,,545
2025/3/19,12:30,1350,,,,473
2025/3/19,12:45,1350,,,,451
2025/3/19,13:00,1350,,,,627
2025/3/19,13:15,1350,,,,717
2025/3/19,13:30,1350,,,,729
2025/3/19,13:45,1350,,,,744
2025/3/19,14:00,1350,,,,805
2025/3/19,14:15,1350,,792,,
2025/3/19,14:30,1350,,843,,
2025/3/19,14:45,1350,,779,,
2025/3/19,15:00,1350,,805,,
2025/3/19,15:15,1350,,780,,
2025/3/19,15:30,1350,,792,,
2025/3/19,15:45,1350,,832,,
2025/3/19,16:00,1350,,871,,
2025/3/19,16:15,1350,,944,,
2025/3/19,16:30,1350,,901,,
2025/3/19,16:45,1350,,938,,
2025/3/19,17:00,1350,,709,,
2025/3/19,17:15,1350,,631,,
2025/3/19,17:30,1350,,622,,
2025/3/19,17:45,1350,,689,,
2025/3/19,18:00,1350,,802,,
2025/3/19,18:15,1350,,753,,
2025/3/19,18:30,1350,,667,,
2025/3/19,18:45,1350,,736,,
2025/3/19,19:00,1350,,632,,
2025/3/19,19:15,1350,,605,,
2025/3/19,19:30,1350,,430,,
2025/3/19,19:45,1350,,382,,
2025/3/19,20:00,1350,,379,,
2025/3/19,20:15,1350,,368,,
2025/3/19,20:30,1350,,365,,
2025/3/19,20:45,1350,,384,,
2025/3/19,21:00,1350,,315,,
2025/3/19,21:15,1350,,299,,
2025/3/19,21:30,1350,,277,,
2025/3/19,21:45,1350,,269,,
2025/3/19,22:00,1350,,267,,
2025/3/19,22:15,1350,,278,,
2025/3/19,22:30,1350,,278,,
2025/3/19,22:45,1350,,288,,
2025/3/19,23:00,1350,,293,,
2025/3/19,23:15,1350,,282,,
2025/3/19,23:30,1350,,282,,
2025/3/19,23:45,1350,,264,,
2025/3/20,00:00,1350,,254,,
2025/3/20,00:15,1350,,,,251
2025/3/20,00:30,1350,,,,238
2025/3/20,00:45,1350,,,,229
2025/3/20,01:00,1350,,,,216
2025/3/20,01:15,1350,,,,165
2025/3/20,01:30,1350,,,,131
2025/3/20,01:45,1350,,,,130
2025/3/20,02:00,1350,,,,120
2025/3/20,02:15,1350,,,,110
2025/3/20,02:30,1350,,,,112
2025/3/20,02:45,1350,,,,112
2025/3/20,03:00,1350,,,,114
2025/3/20,03:15,1350,,,,117
2025/3/20,03:30,1350,,,,115
2025/3/20,03:45,1350,,,,102
2025/3/20,04:00,1350,,,,109
2025/3/20,04:15,1350,,,,131
2025/3/20,04:30,1350,,,,171
2025/3/20,04:45,1350,,,,176
2025/3/20,05:00,1350,,,,179
2025/3/20,05:15,1350,,,,182
2025/3/20,05:30,1350,,,,179
2025/3/20,05:45,1350,,,,181
2025/3/20,06:00,1350,,,,186
2025/3/20,06:15,1350,,173,,
2025/3/20,06:30,1350,,195,,
2025/3/20,06:45,1350,,221,,
2025/3/20,07:00,1350,,222,,
2025/3/20,07:15,1350,,187,,
2025/3/20,07:30,1350,,203,,
2025/3/20,07:45,1350,,231,,
2025/3/20,08:00,1350,,277,,
2025/3/20,08:15,1350,,616,,
2025/3/20,08:30,1350,,767,,
2025/3/20,08:45,1350,,821,,
2025/3/20,09:00,1350,,908,,
2025/3/20,09:15,1350,,924,,
2025/3/20,09:30,1350,,926,,
2025/3/20,09:45,1350,,949,,
2025/3/20,10:00,1350,,923,,
2025/3/20,10:15,1350,,1016,,
2025/3/20,10:30,1350,,1023,,
2025/3/20,10:45,1350,,1008,,
2025/3/20,11:00,1350,,957,,
2025/3/20,11:15,1350,,,,977
2025/3/20,11:30,1350,,,,958
2025/3/20,11:45,1350,,,,977
2025/3/20,12:00,1350,,,,843
2025/3/20,12:15,1350,,,,632
2025/3/20,12:30,1350,,,,549
2025/3/20,12:45,1350,,,,540
2025/3/20,13:00,1350,,,,807
2025/3/20,13:15,1350,,,,882
2025/3/20,13:30,1350,,,,857
2025/3/20,13:45,1350,,,,861
2025/3/20,14:00,1350,,,,849
2025/3/20,14:15,1350,,859,,
2025/3/20,14:30,1350,,791,,
2025/3/20,14:45,1350,,864,,
2025/3/20,15:00,1350,,869,,
2025/3/20,15:15,1350,,894,,
2025/3/20,15:30,1350,,916,,
2025/3/20,15:45,1350,,1026,,
2025/3/20,16:00,1350,,1058,,
2025/3/20,16:15,1350,,1070,,
2025/3/20,16:30,1350,,1056,,
2025/3/20,16:45,1350,,820,,
2025/3/20,17:00,1350,,609,,
2025/3/20,17:15,1350,,520,,
2025/3/20,17:30,1350,,496,,
2025/3/20,17:45,1350,,492,,
2025/3/20,18:00,1350,,513,,
2025/3/20,18:15,1350,,510,,
2025/3/20,18:30,1350,,440,,
2025/3/20,18:45,1350,,384,,
2025/3/20,19:00,1350,,403,,
2025/3/20,19:15,1350,,283,,
2025/3/20,19:30,1350,,256,,
2025/3/20,19:45,1350,,224,,
2025/3/20,20:00,1350,,160,,
2025/3/20,20:15,1350,,203,,
2025/3/20,20:30,1350,,222,,
2025/3/20,20:45,1350,,154,,
2025/3/20,21:00,1350,,162,,
2025/3/20,21:15,1350,,158,,
2025/3/20,21:30,1350,,146,,
2025/3/20,21:45,1350,,139,,
2025/3/20,22:00,1350,,138,,
2025/3/20,22:15,1350,,134,,
2025/3/20,22:30,1350,,134,,
2025/3/20,22:45,1350,,133,,
2025/3/20,23:00,1350,,117,,
2025/3/20,23:15,1350,,117,,
2025/3/20,23:30,1350,,115,,
2025/3/20,23:45,1350,,114,,
2025/3/21,00:00,1350,,114,,
2025/3/21,00:15,1350,,,,114
2025/3/21,00:30,1350,,,,114
2025/3/21,00:45,1350,,,,114
2025/3/21,01:00,1350,,,,112
2025/3/21,01:15,1350,,,,110
2025/3/21,01:30,1350,,,,112
2025/3/21,01:45,1350,,,,109
2025/3/21,02:00,1350,,,,110
2025/3/21,02:15,1350,,,,110
2025/3/21,02:30,1350,,,,109
2025/3/21,02:45,1350,,,,104
2025/3/21,03:00,1350,,,,104
2025/3/21,03:15,1350,,,,102
2025/3/21,03:30,1350,,,,106
2025/3/21,03:45,1350,,,,94
2025/3/21,04:00,1350,,,,91
2025/3/21,04:15,1350,,,,94
2025/3/21,04:30,1350,,,,91
2025/3/21,04:45,1350,,,,91
2025/3/21,05:00,1350,,,,77
2025/3/21,05:15,1350,,,,80
2025/3/21,05:30,1350,,,,75
2025/3/21,05:45,1350,,,,75
2025/3/21,06:00,1350,,,,74
2025/3/21,06:15,1350,,76,,
2025/3/21,06:30,1350,,75,,
2025/3/21,06:45,1350,,89,,
2025/3/21,07:00,1350,,89,,
2025/3/21,07:15,1350,,154,,
2025/3/21,07:30,1350,,208,,
2025/3/21,07:45,1350,,230,,
2025/3/21,08:00,1350,,283,,
2025/3/21,08:15,1350,,586,,
2025/3/21,08:30,1350,,713,,
2025/3/21,08:45,1350,,870,,
2025/3/21,09:00,1350,,844,,
2025/3/21,09:15,1350,,886,,
2025/3/21,09:30,1350,,923,,
2025/3/21,09:45,1350,,936,,
2025/3/21,10:00,1350,,845,,
2025/3/21,10:15,1350,,890,,
2025/3/21,10:30,1350,,928,,
2025/3/21,10:45,1350,,936,,
2025/3/21,11:00,1350,,801,,
2025/3/21,11:15,1350,,,,897
2025/3/21,11:30,1350,,,,827
2025/3/21,11:45,1350,,,,882
2025/3/21,12:00,1350,,,,758
2025/3/21,12:15,1350,,,,515
2025/3/21,12:30,1350,,,,492
2025/3/21,12:45,1350,,,,448
2025/3/21,13:00,1350,,,,607
2025/3/21,13:15,1350,,,,662
2025/3/21,13:30,1350,,,,852
2025/3/21,13:45,1350,,,,781
2025/3/21,14:00,1350,,,,732
2025/3/21,14:15,1350,,844,,
2025/3/21,14:30,1350,,825,,
2025/3/21,14:45,1350,,723,,
2025/3/21,15:00,1350,,754,,
2025/3/21,15:15,1350,,783,,
2025/3/21,15:30,1350,,749,,
2025/3/21,15:45,1350,,846,,
2025/3/21,16:00,1350,,821,,
2025/3/21,16:15,1350,,725,,
2025/3/21,16:30,1350,,742,,
2025/3/21,16:45,1350,,529,,
2025/3/21,17:00,1350,,335,,
2025/3/21,17:15,1350,,253,,
2025/3/21,17:30,1350,,214,,
2025/3/21,17:45,1350,,279,,
2025/3/21,18:00,1350,,303,,
2025/3/21,18:15,1350,,341,,
2025/3/21,18:30,1350,,299,,
2025/3/21,18:45,1350,,267,,
2025/3/21,19:00,1350,,306,,
2025/3/21,19:15,1350,,346,,
2025/3/21,19:30,1350,,174,,
2025/3/21,19:45,1350,,152,,
2025/3/21,20:00,1350,,146,,
2025/3/21,20:15,1350,,147,,
2025/3/21,20:30,1350,,131,,
2025/3/21,20:45,1350,,139,,
2025/3/21,21:00,1350,,192,,
2025/3/21,21:15,1350,,155,,
2025/3/21,21:30,1350,,147,,
2025/3/21,21:45,1350,,152,,
2025/3/21,22:00,1350,,150,,
2025/3/21,22:15,1350,,142,,
2025/3/21,22:30,1350,,138,,
2025/3/21,22:45,1350,,144,,
2025/3/21,23:00,1350,,150,,
2025/3/21,23:15,1350,,178,,
2025/3/21,23:30,1350,,171,,
2025/3/21,23:45,1350,,152,,
2025/3/22,00:00,1350,,115,,
2025/3/22,00:15,1350,,,,117
2025/3/22,00:30,1350,,,,117
2025/3/22,00:45,1350,,,,114
2025/3/22,01:00,1350,,,,112
2025/3/22,01:15,1350,,,,114
2025/3/22,01:30,1350,,,,114
2025/3/22,01:45,1350,,,,110
2025/3/22,02:00,1350,,,,115
2025/3/22,02:15,1350,,,,115
2025/3/22,02:30,1350,,,,109
2025/3/22,02:45,1350,,,,109
2025/3/22,03:00,1350,,,,107
2025/3/22,03:15,1350,,,,109
2025/3/22,03:30,1350,,,,110
2025/3/22,03:45,1350,,,,107
2025/3/22,04:00,1350,,,,106
2025/3/22,04:15,1350,,,,109
2025/3/22,04:30,1350,,,,107
2025/3/22,04:45,1350,,,,107
2025/3/22,05:00,1350,,,,112
2025/3/22,05:15,1350,,,,110
2025/3/22,05:30,1350,,,,107
2025/3/22,05:45,1350,,,,106
2025/3/22,06:00,1350,,,,107
2025/3/22,06:15,1350,,,110,
2025/3/22,06:30,1350,,,108,
2025/3/22,06:45,1350,,,128,
2025/3/22,07:00,1350,,,134,
2025/3/22,07:15,1350,,,138,
2025/3/22,07:30,1350,,,172,
2025/3/22,07:45,1350,,,200,
2025/3/22,08:00,1350,,,200,
2025/3/22,08:15,1350,,,273,
2025/3/22,08:30,1350,,,301,
2025/3/22,08:45,1350,,,290,
2025/3/22,09:00,1350,,,292,
2025/3/22,09:15,1350,,,287,
2025/3/22,09:30,1350,,,240,
2025/3/22,09:45,1350,,,249,
2025/3/22,10:00,1350,,,243,
2025/3/22,10:15,1350,,,280,
2025/3/22,10:30,1350,,,333,
2025/3/22,10:45,1350,,,326,
2025/3/22,11:00,1350,,,363,
2025/3/22,11:15,1350,,,,351
2025/3/22,11:30,1350,,,,396
2025/3/22,11:45,1350,,,,359
2025/3/22,12:00,1350,,,,304
2025/3/22,12:15,1350,,,,265
2025/3/22,12:30,1350,,,,262
2025/3/22,12:45,1350,,,,235
2025/3/22,13:00,1350,,,,305
2025/3/22,13:15,1350,,,,295
2025/3/22,13:30,1350,,,,360
2025/3/22,13:45,1350,,,,350
2025/3/22,14:00,1350,,,,333
2025/3/22,14:15,1350,,,261,
2025/3/22,14:30,1350,,,278,
2025/3/22,14:45,1350,,,329,
2025/3/22,15:00,1350,,,214,
2025/3/22,15:15,1350,,,234,
2025/3/22,15:30,1350,,,230,
2025/3/22,15:45,1350,,,201,
2025/3/22,16:00,1350,,,221,
2025/3/22,16:15,1350,,,166,
2025/3/22,16:30,1350,,,179,
2025/3/22,16:45,1350,,,127,
2025/3/22,17:00,1350,,,113,
2025/3/22,17:15,1350,,,96,
2025/3/22,17:30,1350,,,103,
2025/3/22,17:45,1350,,,100,
2025/3/22,18:00,1350,,,98,
2025/3/22,18:15,1350,,,103,
2025/3/22,18:30,1350,,,96,
2025/3/22,18:45,1350,,,94,
2025/3/22,19:00,1350,,,101,
2025/3/22,19:15,1350,,,93,
2025/3/22,19:30,1350,,,96,
2025/3/22,19:45,1350,,,98,
2025/3/22,20:00,1350,,,96,
2025/3/22,20:15,1350,,,94,
2025/3/22,20:30,1350,,,91,
2025/3/22,20:45,1350,,,98,
2025/3/22,21:00,1350,,,93,
2025/3/22,21:15,1350,,,96,
2025/3/22,21:30,1350,,,93,
2025/3/22,21:45,1350,,,99,
2025/3/22,22:00,1350,,,94,
2025/3/22,22:15,1350,,,102,
2025/3/22,22:30,1350,,,98,
2025/3/22,22:45,1350,,,98,
2025/3/22,23:00,1350,,,101,
2025/3/22,23:15,1350,,,98,
2025/3/22,23:30,1350,,,82,
2025/3/22,23:45,1350,,,82,
2025/3/23,00:00,1350,,,80,
2025/3/23,00:15,1350,,,,82
2025/3/23,00:30,1350,,,,82
2025/3/23,00:45,1350,,,,75
2025/3/23,01:00,1350,,,,80
2025/3/23,01:15,1350,,,,77
2025/3/23,01:30,1350,,,,80
2025/3/23,01:45,1350,,,,62
2025/3/23,02:00,1350,,,,70
2025/3/23,02:15,1350,,,,67
2025/3/23,02:30,1350,,,,67
2025/3/23,02:45,1350,,,,64
2025/3/23,03:00,1350,,,,70
2025/3/23,03:15,1350,,,,62
2025/3/23,03:30,1350,,,,62
2025/3/23,03:45,1350,,,,66
2025/3/23,04:00,1350,,,,62
2025/3/23,04:15,1350,,,,62
2025/3/23,04:30,1350,,,,64
2025/3/23,04:45,1350,,,,62
2025/3/23,05:00,1350,,,,67
2025/3/23,05:15,1350,,,,66
2025/3/23,05:30,1350,,,,64
2025/3/23,05:45,1350,,,,58
2025/3/23,06:00,1350,,,,64
2025/3/23,06:15,1350,,,,65
2025/3/23,06:30,1350,,,,63
2025/3/23,06:45,1350,,,,65
2025/3/23,07:00,1350,,,,63
2025/3/23,07:15,1350,,,,64
2025/3/23,07:30,1350,,,,62
2025/3/23,07:45,1350,,,,62
2025/3/23,08:00,1350,,,,72
2025/3/23,08:15,1350,,,,58
2025/3/23,08:30,1350,,,,63
2025/3/23,08:45,1350,,,,64
2025/3/23,09:00,1350,,,,63
2025/3/23,09:15,1350,,,,65
2025/3/23,09:30,1350,,,,65
2025/3/23,09:45,1350,,,,64
2025/3/23,10:00,1350,,,,64
2025/3/23,10:15,1350,,,,67
2025/3/23,10:30,1350,,,,63
2025/3/23,10:45,1350,,,,69
2025/3/23,11:00,1350,,,,65
2025/3/23,11:15,1350,,,,68
2025/3/23,11:30,1350,,,,68
2025/3/23,11:45,1350,,,,67
2025/3/23,12:00,1350,,,,72
2025/3/23,12:15,1350,,,,67
2025/3/23,12:30,1350,,,,67
2025/3/23,12:45,1350,,,,63
2025/3/23,13:00,1350,,,,67
2025/3/23,13:15,1350,,,,68
2025/3/23,13:30,1350,,,,69
2025/3/23,13:45,1350,,,,63
2025/3/23,14:00,1350,,,,70
2025/3/23,14:15,1350,,,,67
2025/3/23,14:30,1350,,,,65
2025/3/23,14:45,1350,,,,71
2025/3/23,15:00,1350,,,,62
2025/3/23,15:15,1350,,,,62
2025/3/23,15:30,1350,,,,68
2025/3/23,15:45,1350,,,,60
2025/3/23,16:00,1350,,,,62
2025/3/23,16:15,1350,,,,67
2025/3/23,16:30,1350,,,,63
2025/3/23,16:45,1350,,,,62
2025/3/23,17:00,1350,,,,64
2025/3/23,17:15,1350,,,,60
2025/3/23,17:30,1350,,,,64
2025/3/23,17:45,1350,,,,56
2025/3/23,18:00,1350,,,,59
2025/3/23,18:15,1350,,,,59
2025/3/23,18:30,1350,,,,54
2025/3/23,18:45,1350,,,,62
2025/3/23,19:00,1350,,,,56
2025/3/23,19:15,1350,,,,56
2025/3/23,19:30,1350,,,,59
2025/3/23,19:45,1350,,,,58
2025/3/23,20:00,1350,,,,56
2025/3/23,20:15,1350,,,,62
2025/3/23,20:30,1350,,,,53
2025/3/23,20:45,1350,,,,56
2025/3/23,21:00,1350,,,,58
2025/3/23,21:15,1350,,,,59
2025/3/23,21:30,1350,,,,56
2025/3/23,21:45,1350,,,,58
2025/3/23,22:00,1350,,,,53
2025/3/23,22:15,1350,,,,58
2025/3/23,22:30,1350,,,,53
2025/3/23,22:45,1350,,,,56
2025/3/23,23:00,1350,,,,56
2025/3/23,23:15,1350,,,,56
2025/3/23,23:30,1350,,,,58
2025/3/23,23:45,1350,,,,53
2025/3/24,00:00,1350,,,,58
2025/3/24,00:15,1350,,,,51
2025/3/24,00:30,1350,,,,58
2025/3/24,00:45,1350,,,,61
2025/3/24,01:00,1350,,,,93
2025/3/24,01:15,1350,,,,53
2025/3/24,01:30,1350,,,,54
2025/3/24,01:45,1350,,,,56
2025/3/24,02:00,1350,,,,53
2025/3/24,02:15,1350,,,,59
2025/3/24,02:30,1350,,,,56
2025/3/24,02:45,1350,,,,56
2025/3/24,03:00,1350,,,,58
2025/3/24,03:15,1350,,,,51
2025/3/24,03:30,1350,,,,59
2025/3/24,03:45,1350,,,,53
2025/3/24,04:00,1350,,,,58
2025/3/24,04:15,1350,,,,53
2025/3/24,04:30,1350,,,,56
2025/3/24,04:45,1350,,,,54
2025/3/24,05:00,1350,,,,58
2025/3/24,05:15,1350,,,,59
2025/3/24,05:30,1350,,,,51
2025/3/24,05:45,1350,,,,58
2025/3/24,06:00,1350,,,,50
2025/3/24,06:15,1350,,59,,
2025/3/24,06:30,1350,,49,,
2025/3/24,06:45,1350,,68,,
2025/3/24,07:00,1350,,98,,
2025/3/24,07:15,1350,,159,,
2025/3/24,07:30,1350,,215,,
2025/3/24,07:45,1350,,230,,
2025/3/24,08:00,1350,,255,,
2025/3/24,08:15,1350,,548,,
2025/3/24,08:30,1350,,643,,
2025/3/24,08:45,1350,,738,,
2025/3/24,09:00,1350,,770,,
2025/3/24,09:15,1350,,742,,
2025/3/24,09:30,1350,,768,,
2025/3/24,09:45,1350,,756,,
2025/3/24,10:00,1350,,668,,
2025/3/24,10:15,1350,,774,,
2025/3/24,10:30,1350,,739,,
2025/3/24,10:45,1350,,729,,
2025/3/24,11:00,1350,,750,,
2025/3/24,11:15,1350,,,,686
2025/3/24,11:30,1350,,,,676
2025/3/24,11:45,1350,,,,715
2025/3/24,12:00,1350,,,,574
2025/3/24,12:15,1350,,,,459
2025/3/24,12:30,1350,,,,399
2025/3/24,12:45,1350,,,,428
2025/3/24,13:00,1350,,,,611
2025/3/24,13:15,1350,,,,647
2025/3/24,13:30,1350,,,,643
2025/3/24,13:45,1350,,,,691
2025/3/24,14:00,1350,,,,783
2025/3/24,14:15,1350,,781,,
2025/3/24,14:30,1350,,847,,
2025/3/24,14:45,1350,,877,,
2025/3/24,15:00,1350,,759,,
2025/3/24,15:15,1350,,873,,
2025/3/24,15:30,1350,,888,,
2025/3/24,15:45,1350,,829,,
2025/3/24,16:00,1350,,841,,
2025/3/24,16:15,1350,,761,,
2025/3/24,16:30,1350,,717,,
2025/3/24,16:45,1350,,701,,
2025/3/24,17:00,1350,,523,,
2025/3/24,17:15,1350,,495,,
2025/3/24,17:30,1350,,600,,
2025/3/24,17:45,1350,,564,,
2025/3/24,18:00,1350,,504,,
2025/3/24,18:15,1350,,397,,
2025/3/24,18:30,1350,,411,,
2025/3/24,18:45,1350,,382,,
2025/3/24,19:00,1350,,302,,
2025/3/24,19:15,1350,,320,,
2025/3/24,19:30,1350,,389,,
2025/3/24,19:45,1350,,322,,
2025/3/24,20:00,1350,,362,,
2025/3/24,20:15,1350,,374,,
2025/3/24,20:30,1350,,347,,
2025/3/24,20:45,1350,,368,,
2025/3/24,21:00,1350,,272,,
2025/3/24,21:15,1350,,227,,
2025/3/24,21:30,1350,,184,,
2025/3/24,21:45,1350,,173,,
2025/3/24,22:00,1350,,152,,
2025/3/24,22:15,1350,,144,,
2025/3/24,22:30,1350,,136,,
2025/3/24,22:45,1350,,131,,
2025/3/24,23:00,1350,,136,,
2025/3/24,23:15,1350,,142,,
2025/3/24,23:30,1350,,147,,
2025/3/24,23:45,1350,,122,,
2025/3/25,00:00,1350,,104,,
2025/3/25,00:15,1350,,,,110
2025/3/25,00:30,1350,,,,104
2025/3/25,00:45,1350,,,,104
2025/3/25,01:00,1350,,,,101
2025/3/25,01:15,1350,,,,106
2025/3/25,01:30,1350,,,,101
2025/3/25,01:45,1350,,,,99
2025/3/25,02:00,1350,,,,101
2025/3/25,02:15,1350,,,,101
2025/3/25,02:30,1350,,,,154
2025/3/25,02:45,1350,,,,168
2025/3/25,03:00,1350,,,,163
2025/3/25,03:15,1350,,,,163
2025/3/25,03:30,1350,,,,165
2025/3/25,03:45,1350,,,,154
2025/3/25,04:00,1350,,,,150
2025/3/25,04:15,1350,,,,147
2025/3/25,04:30,1350,,,,141
2025/3/25,04:45,1350,,,,139
2025/3/25,05:00,1350,,,,141
2025/3/25,05:15,1350,,,,136
2025/3/25,05:30,1350,,,,131
2025/3/25,05:45,1350,,,,133
2025/3/25,06:00,1350,,,,131
2025/3/25,06:15,1350,,132,,
2025/3/25,06:30,1350,,132,,
2025/3/25,06:45,1350,,134,,
2025/3/25,07:00,1350,,135,,
2025/3/25,07:15,1350,,162,,
2025/3/25,07:30,1350,,240,,
2025/3/25,07:45,1350,,228,,
2025/3/25,08:00,1350,,293,,
2025/3/25,08:15,1350,,530,,
2025/3/25,08:30,1350,,756,,
2025/3/25,08:45,1350,,845,,
2025/3/25,09:00,1350,,813,,
2025/3/25,09:15,1350,,792,,
2025/3/25,09:30,1350,,748,,
2025/3/25,09:45,1350,,796,,
2025/3/25,10:00,1350,,790,,
2025/3/25,10:15,1350,,834,,
2025/3/25,10:30,1350,,905,,
2025/3/25,10:45,1350,,999,,
2025/3/25,11:00,1350,,975,,
2025/3/25,11:15,1350,,,,1096
2025/3/25,11:30,1350,,,,1077
2025/3/25,11:45,1350,,,,1104
2025/3/25,12:00,1350,,,,926
2025/3/25,12:15,1350,,,,682
2025/3/25,12:30,1350,,,,653
2025/3/25,12:45,1350,,,,698
2025/3/25,13:00,1350,,,,944
2025/3/25,13:15,1350,,,,1004
2025/3/25,13:30,1350,,,,862
2025/3/25,13:45,1350,,,,956
2025/3/25,14:00,1350,,,,1124
2025/3/25,14:15,1350,,1127,,
2025/3/25,14:30,1350,,1041,,
2025/3/25,14:45,1350,,1063,,
2025/3/25,15:00,1350,,919,,
2025/3/25,15:15,1350,,917,,
2025/3/25,15:30,1350,,969,,
2025/3/25,15:45,1350,,974,,
2025/3/25,16:00,1350,,961,,
2025/3/25,16:15,1350,,946,,
2025/3/25,16:30,1350,,1010,,
2025/3/25,16:45,1350,,1019,,
2025/3/25,17:00,1350,,760,,
2025/3/25,17:15,1350,,611,,
2025/3/25,17:30,1350,,587,,
2025/3/25,17:45,1350,,694,,
2025/3/25,18:00,1350,,815,,
2025/3/25,18:15,1350,,859,,
2025/3/25,18:30,1350,,810,,
2025/3/25,18:45,1350,,733,,
2025/3/25,19:00,1350,,646,,
2025/3/25,19:15,1350,,480,,
2025/3/25,19:30,1350,,478,,
2025/3/25,19:45,1350,,419,,
2025/3/25,20:00,1350,,405,,
2025/3/25,20:15,1350,,416,,
2025/3/25,20:30,1350,,365,,
2025/3/25,20:45,1350,,373,,
2025/3/25,21:00,1350,,317,,
2025/3/25,21:15,1350,,384,,
2025/3/25,21:30,1350,,317,,
2025/3/25,21:45,1350,,339,,
2025/3/25,22:00,1350,,296,,
2025/3/25,22:15,1350,,163,,
2025/3/25,22:30,1350,,141,,
2025/3/25,22:45,1350,,134,,
2025/3/25,23:00,1350,,133,,
2025/3/25,23:15,1350,,123,,
2025/3/25,23:30,1350,,117,,
2025/3/25,23:45,1350,,120,,
2025/3/26,00:00,1350,,118,,
2025/3/26,00:15,1350,,,,123
2025/3/26,00:30,1350,,,,120
2025/3/26,00:45,1350,,,,117
2025/3/26,01:00,1350,,,,110
2025/3/26,01:15,1350,,,,106
2025/3/26,01:30,1350,,,,106
2025/3/26,01:45,1350,,,,106
2025/3/26,02:00,1350,,,,107
2025/3/26,02:15,1350,,,,107
2025/3/26,02:30,1350,,,,146
2025/3/26,02:45,1350,,,,182
2025/3/26,03:00,1350,,,,176
2025/3/26,03:15,1350,,,,162
2025/3/26,03:30,1350,,,,160
2025/3/26,03:45,1350,,,,142
2025/3/26,04:00,1350,,,,134
2025/3/26,04:15,1350,,,,130
2025/3/26,04:30,1350,,,,128
2025/3/26,04:45,1350,,,,130
2025/3/26,05:00,1350,,,,131
2025/3/26,05:15,1350,,,,128
2025/3/26,05:30,1350,,,,122
2025/3/26,05:45,1350,,,,123
2025/3/26,06:00,1350,,,,120
2025/3/26,06:15,1350,,128,,
2025/3/26,06:30,1350,,107,,
2025/3/26,06:45,1350,,115,,
2025/3/26,07:00,1350,,117,,
2025/3/26,07:15,1350,,167,,
2025/3/26,07:30,1350,,237,,
2025/3/26,07:45,1350,,250,,
2025/3/26,08:00,1350,,306,,
2025/3/26,08:15,1350,,594,,
2025/3/26,08:30,1350,,791,,
2025/3/26,08:45,1350,,872,,
2025/3/26,09:00,1350,,936,,
2025/3/26,09:15,1350,,1009,,
2025/3/26,09:30,1350,,1002,,
2025/3/26,09:45,1350,,1020,,
2025/3/26,10:00,1350,,886,,
2025/3/26,10:15,1350,,981,,
2025/3/26,10:30,1350,,1058,,
2025/3/26,10:45,1350,,1032,,
2025/3/26,11:00,1350,,1037,,
2025/3/26,11:15,1350,,,,1017
2025/3/26,11:30,1350,,,,1059
2025/3/26,11:45,1350,,,,1092
2025/3/26,12:00,1350,,,,867
2025/3/26,12:15,1350,,,,555
2025/3/26,12:30,1350,,,,497
2025/3/26,12:45,1350,,,,532
2025/3/26,13:00,1350,,,,822
2025/3/26,13:15,1350,,,,906
2025/3/26,13:30,1350,,,,876
2025/3/26,13:45,1350,,,,881
2025/3/26,14:00,1350,,,,883
2025/3/26,14:15,1350,,919,,
2025/3/26,14:30,1350,,837,,
2025/3/26,14:45,1350,,831,,
2025/3/26,15:00,1350,,732,,
2025/3/26,15:15,1350,,781,,
2025/3/26,15:30,1350,,776,,
2025/3/26,15:45,1350,,745,,
2025/3/26,16:00,1350,,804,,
2025/3/26,16:15,1350,,737,,
2025/3/26,16:30,1350,,727,,
2025/3/26,16:45,1350,,777,,
2025/3/26,17:00,1350,,627,,
2025/3/26,17:15,1350,,471,,
2025/3/26,17:30,1350,,501,,
2025/3/26,17:45,1350,,606,,
2025/3/26,18:00,1350,,634,,
2025/3/26,18:15,1350,,461,,
2025/3/26,18:30,1350,,389,,
2025/3/26,18:45,1350,,475,,
2025/3/26,19:00,1350,,451,,
2025/3/26,19:15,1350,,310,,
2025/3/26,19:30,1350,,218,,
2025/3/26,19:45,1350,,163,,
2025/3/26,20:00,1350,,165,,
2025/3/26,20:15,1350,,152,,
2025/3/26,20:30,1350,,141,,
2025/3/26,20:45,1350,,147,,
2025/3/26,21:00,1350,,142,,
2025/3/26,21:15,1350,,138,,
2025/3/26,21:30,1350,,136,,
2025/3/26,21:45,1350,,134,,
2025/3/26,22:00,1350,,123,,
2025/3/26,22:15,1350,,126,,
2025/3/26,22:30,1350,,131,,
2025/3/26,22:45,1350,,130,,
2025/3/26,23:00,1350,,130,,
2025/3/26,23:15,1350,,126,,
2025/3/26,23:30,1350,,130,,
2025/3/26,23:45,1350,,125,,
2025/3/27,00:00,1350,,123,,
2025/3/27,00:15,1350,,,,117
2025/3/27,00:30,1350,,,,118
2025/3/27,00:45,1350,,,,125
2025/3/27,01:00,1350,,,,115
2025/3/27,01:15,1350,,,,118
2025/3/27,01:30,1350,,,,117
2025/3/27,01:45,1350,,,,114
2025/3/27,02:00,1350,,,,114
2025/3/27,02:15,1350,,,,115
2025/3/27,02:30,1350,,,,110
2025/3/27,02:45,1350,,,,197
2025/3/27,03:00,1350,,,,206
2025/3/27,03:15,1350,,,,202
2025/3/27,03:30,1350,,,,190
2025/3/27,03:45,1350,,,,173
2025/3/27,04:00,1350,,,,170
2025/3/27,04:15,1350,,,,170
2025/3/27,04:30,1350,,,,165
2025/3/27,04:45,1350,,,,157
2025/3/27,05:00,1350,,,,162
2025/3/27,05:15,1350,,,,157
2025/3/27,05:30,1350,,,,150
2025/3/27,05:45,1350,,,,147
2025/3/27,06:00,1350,,,,149
2025/3/27,06:15,1350,,148,,
2025/3/27,06:30,1350,,148,,
2025/3/27,06:45,1350,,155,,
2025/3/27,07:00,1350,,168,,
2025/3/27,07:15,1350,,228,,
2025/3/27,07:30,1350,,278,,
2025/3/27,07:45,1350,,266,,
2025/3/27,08:00,1350,,317,,
2025/3/27,08:15,1350,,634,,
2025/3/27,08:30,1350,,800,,
2025/3/27,08:45,1350,,932,,
2025/3/27,09:00,1350,,987,,
2025/3/27,09:15,1350,,1070,,
2025/3/27,09:30,1350,,1117,,
2025/3/27,09:45,1350,,1118,,
2025/3/27,10:00,1350,,1085,,
2025/3/27,10:15,1350,,1118,,
2025/3/27,10:30,1350,,1135,,
2025/3/27,10:45,1350,,1154,,
2025/3/27,11:00,1350,,1137,,
2025/3/27,11:15,1350,,,,1111
2025/3/27,11:30,1350,,,,1108
2025/3/27,11:45,1350,,,,1075
2025/3/27,12:00,1350,,,,892
2025/3/27,12:15,1350,,,,599
2025/3/27,12:30,1350,,,,535
2025/3/27,12:45,1350,,,,549
2025/3/27,13:00,1350,,,,945
2025/3/27,13:15,1350,,,,1108
2025/3/27,13:30,1350,,,,1130
2025/3/27,13:45,1350,,,,1075
2025/3/27,14:00,1350,,,,1102
2025/3/27,14:15,1350,,1082,,
2025/3/27,14:30,1350,,1100,,
2025/3/27,14:45,1350,,1103,,
2025/3/27,15:00,1350,,1057,,
2025/3/27,15:15,1350,,1171,,
2025/3/27,15:30,1350,,1140,,
2025/3/27,15:45,1350,,1243,,
2025/3/27,16:00,1350,,1229,,
2025/3/27,16:15,1350,,1104,,
2025/3/27,16:30,1350,,1087,,
2025/3/27,16:45,1350,,1031,,
2025/3/27,17:00,1350,,769,,
2025/3/27,17:15,1350,,567,,
2025/3/27,17:30,1350,,459,,
2025/3/27,17:45,1350,,621,,
2025/3/27,18:00,1350,,717,,
2025/3/27,18:15,1350,,720,,
2025/3/27,18:30,1350,,582,,
2025/3/27,18:45,1350,,683,,
2025/3/27,19:00,1350,,659,,
2025/3/27,19:15,1350,,478,,
2025/3/27,19:30,1350,,426,,
2025/3/27,19:45,1350,,429,,
2025/3/27,20:00,1350,,264,,
2025/3/27,20:15,1350,,187,,
2025/3/27,20:30,1350,,173,,
2025/3/27,20:45,1350,,176,,
2025/3/27,21:00,1350,,165,,
2025/3/27,21:15,1350,,163,,
2025/3/27,21:30,1350,,157,,
2025/3/27,21:45,1350,,154,,
2025/3/27,22:00,1350,,141,,
2025/3/27,22:15,1350,,136,,
2025/3/27,22:30,1350,,133,,
2025/3/27,22:45,1350,,138,,
2025/3/27,23:00,1350,,131,,
2025/3/27,23:15,1350,,117,,
2025/3/27,23:30,1350,,120,,
2025/3/27,23:45,1350,,120,,
2025/3/28,00:00,1350,,114,,
2025/3/28,00:15,1350,,,,117
2025/3/28,00:30,1350,,,,118
2025/3/28,00:45,1350,,,,118
2025/3/28,01:00,1350,,,,115
2025/3/28,01:15,1350,,,,120
2025/3/28,01:30,1350,,,,117
2025/3/28,01:45,1350,,,,112
2025/3/28,02:00,1350,,,,110
2025/3/28,02:15,1350,,,,114
2025/3/28,02:30,1350,,,,109
2025/3/28,02:45,1350,,,,173
2025/3/28,03:00,1350,,,,171
2025/3/28,03:15,1350,,,,170
2025/3/28,03:30,1350,,,,174
2025/3/28,03:45,1350,,,,160
2025/3/28,04:00,1350,,,,158
2025/3/28,04:15,1350,,,,155
2025/3/28,04:30,1350,,,,146
2025/3/28,04:45,1350,,,,142
2025/3/28,05:00,1350,,,,146
2025/3/28,05:15,1350,,,,144
2025/3/28,05:30,1350,,,,139
2025/3/28,05:45,1350,,,,142
2025/3/28,06:00,1350,,,,138
2025/3/28,06:15,1350,,140,,
2025/3/28,06:30,1350,,141,,
2025/3/28,06:45,1350,,128,,
2025/3/28,07:00,1350,,127,,
2025/3/28,07:15,1350,,124,,
2025/3/28,07:30,1350,,115,,
2025/3/28,07:45,1350,,121,,
2025/3/28,08:00,1350,,173,,
2025/3/28,08:15,1350,,181,,
2025/3/28,08:30,1350,,189,,
2025/3/28,08:45,1350,,184,,
2025/3/28,09:00,1350,,193,,
2025/3/28,09:15,1350,,204,,
2025/3/28,09:30,1350,,212,,
2025/3/28,09:45,1350,,209,,
2025/3/28,10:00,1350,,212,,
2025/3/28,10:15,1350,,243,,
2025/3/28,10:30,1350,,287,,
2025/3/28,10:45,1350,,328,,
2025/3/28,11:00,1350,,358,,
2025/3/28,11:15,1350,,,,376
2025/3/28,11:30,1350,,,,408
2025/3/28,11:45,1350,,,,423
2025/3/28,12:00,1350,,,,416
2025/3/28,12:15,1350,,,,405
2025/3/28,12:30,1350,,,,397
2025/3/28,12:45,1350,,,,400
2025/3/28,13:00,1350,,,,370
2025/3/28,13:15,1350,,,,394
2025/3/28,13:30,1350,,,,338
2025/3/28,13:45,1350,,,,310
2025/3/28,14:00,1350,,,,270
2025/3/28,14:15,1350,,248,,
2025/3/28,14:30,1350,,259,,
2025/3/28,14:45,1350,,221,,
2025/3/28,15:00,1350,,217,,
2025/3/28,15:15,1350,,219,,
2025/3/28,15:30,1350,,218,,
2025/3/28,15:45,1350,,204,,
2025/3/28,16:00,1350,,197,,
2025/3/28,16:15,1350,,200,,
2025/3/28,16:30,1350,,191,,
2025/3/28,16:45,1350,,193,,
2025/3/28,17:00,1350,,191,,
2025/3/28,17:15,1350,,177,,
2025/3/28,17:30,1350,,171,,
2025/3/28,17:45,1350,,179,,
2025/3/28,18:00,1350,,166,,
2025/3/28,18:15,1350,,167,,
2025/3/28,18:30,1350,,165,,
2025/3/28,18:45,1350,,155,,
2025/3/28,19:00,1350,,152,,
2025/3/28,19:15,1350,,141,,
2025/3/28,19:30,1350,,125,,
2025/3/28,19:45,1350,,104,,
2025/3/28,20:00,1350,,99,,
2025/3/28,20:15,1350,,104,,
2025/3/28,20:30,1350,,106,,
2025/3/28,20:45,1350,,102,,
2025/3/28,21:00,1350,,107,,
2025/3/28,21:15,1350,,99,,
2025/3/28,21:30,1350,,102,,
2025/3/28,21:45,1350,,96,,
2025/3/28,22:00,1350,,96,,
2025/3/28,22:15,1350,,93,,
2025/3/28,22:30,1350,,102,,
2025/3/28,22:45,1350,,94,,
2025/3/28,23:00,1350,,102,,
2025/3/28,23:15,1350,,98,,
2025/3/28,23:30,1350,,96,,
2025/3/28,23:45,1350,,101,,
2025/3/29,00:00,1350,,93,,
2025/3/29,00:15,1350,,,,99
2025/3/29,00:30,1350,,,,98
2025/3/29,00:45,1350,,,,99
2025/3/29,01:00,1350,,,,101
2025/3/29,01:15,1350,,,,96
2025/3/29,01:30,1350,,,,98
2025/3/29,01:45,1350,,,,101
2025/3/29,02:00,1350,,,,96
2025/3/29,02:15,1350,,,,104
2025/3/29,02:30,1350,,,,94
2025/3/29,02:45,1350,,,,93
2025/3/29,03:00,1350,,,,93
2025/3/29,03:15,1350,,,,93
2025/3/29,03:30,1350,,,,93
2025/3/29,03:45,1350,,,,93
2025/3/29,04:00,1350,,,,94
2025/3/29,04:15,1350,,,,88
2025/3/29,04:30,1350,,,,91
2025/3/29,04:45,1350,,,,94
2025/3/29,05:00,1350,,,,91
2025/3/29,05:15,1350,,,,101
2025/3/29,05:30,1350,,,,88
2025/3/29,05:45,1350,,,,90
2025/3/29,06:00,1350,,,,90
2025/3/29,06:15,1350,,,71,
2025/3/29,06:30,1350,,,83,
2025/3/29,06:45,1350,,,116,
2025/3/29,07:00,1350,,,107,
2025/3/29,07:15,1350,,,116,
2025/3/29,07:30,1350,,,143,
2025/3/29,07:45,1350,,,145,
2025/3/29,08:00,1350,,,172,
2025/3/29,08:15,1350,,,194,
2025/3/29,08:30,1350,,,202,
2025/3/29,08:45,1350,,,201,
2025/3/29,09:00,1350,,,197,
2025/3/29,09:15,1350,,,196,
2025/3/29,09:30,1350,,,192,
2025/3/29,09:45,1350,,,188,
2025/3/29,10:00,1350,,,183,
2025/3/29,10:15,1350,,,177,
2025/3/29,10:30,1350,,,153,
2025/3/29,10:45,1350,,,149,
2025/3/29,11:00,1350,,,150,
2025/3/29,11:15,1350,,,,147
2025/3/29,11:30,1350,,,,157
2025/3/29,11:45,1350,,,,157
2025/3/29,12:00,1350,,,,158
2025/3/29,12:15,1350,,,,152
2025/3/29,12:30,1350,,,,160
2025/3/29,12:45,1350,,,,211
2025/3/29,13:00,1350,,,,249
2025/3/29,13:15,1350,,,,301
2025/3/29,13:30,1350,,,,326
2025/3/29,13:45,1350,,,,348
2025/3/29,14:00,1350,,,,349
2025/3/29,14:15,1350,,,356,
2025/3/29,14:30,1350,,,365,
2025/3/29,14:45,1350,,,329,
2025/3/29,15:00,1350,,,276,
2025/3/29,15:15,1350,,,243,
2025/3/29,15:30,1350,,,218,
2025/3/29,15:45,1350,,,196,
2025/3/29,16:00,1350,,,200,
2025/3/29,16:15,1350,,,185,
2025/3/29,16:30,1350,,,185,
2025/3/29,16:45,1350,,,168,
2025/3/29,17:00,1350,,,168,
2025/3/29,17:15,1350,,,161,
2025/3/29,17:30,1350,,,149,
2025/3/29,17:45,1350,,,142,
2025/3/29,18:00,1350,,,143,
2025/3/29,18:15,1350,,,143,
2025/3/29,18:30,1350,,,138,
2025/3/29,18:45,1350,,,144,
2025/3/29,19:00,1350,,,144,
2025/3/29,19:15,1350,,,139,
2025/3/29,19:30,1350,,,134,
2025/3/29,19:45,1350,,,125,
2025/3/29,20:00,1350,,,133,
2025/3/29,20:15,1350,,,122,
2025/3/29,20:30,1350,,,110,
2025/3/29,20:45,1350,,,109,
2025/3/29,21:00,1350,,,107,
2025/3/29,21:15,1350,,,106,
2025/3/29,21:30,1350,,,90,
2025/3/29,21:45,1350,,,96,
2025/3/29,22:00,1350,,,93,
2025/3/29,22:15,1350,,,91,
2025/3/29,22:30,1350,,,96,
2025/3/29,22:45,1350,,,90,
2025/3/29,23:00,1350,,,96,
2025/3/29,23:15,1350,,,99,
2025/3/29,23:30,1350,,,90,
2025/3/29,23:45,1350,,,94,
2025/3/30,00:00,1350,,,91,
2025/3/30,00:15,1350,,,,77
2025/3/30,00:30,1350,,,,82
2025/3/30,00:45,1350,,,,77
2025/3/30,01:00,1350,,,,72
2025/3/30,01:15,1350,,,,70
2025/3/30,01:30,1350,,,,64
2025/3/30,01:45,1350,,,,64
2025/3/30,02:00,1350,,,,56
2025/3/30,02:15,1350,,,,66
2025/3/30,02:30,1350,,,,58
2025/3/30,02:45,1350,,,,62
2025/3/30,03:00,1350,,,,58
2025/3/30,03:15,1350,,,,59
2025/3/30,03:30,1350,,,,62
2025/3/30,03:45,1350,,,,58
2025/3/30,04:00,1350,,,,61
2025/3/30,04:15,1350,,,,61
2025/3/30,04:30,1350,,,,54
2025/3/30,04:45,1350,,,,64
2025/3/30,05:00,1350,,,,59
2025/3/30,05:15,1350,,,,64
2025/3/30,05:30,1350,,,,61
2025/3/30,05:45,1350,,,,56
2025/3/30,06:00,1350,,,,61
2025/3/30,06:15,1350,,,,56
2025/3/30,06:30,1350,,,,61
2025/3/30,06:45,1350,,,,62
2025/3/30,07:00,1350,,,,61
2025/3/30,07:15,1350,,,,60
2025/3/30,07:30,1350,,,,55
2025/3/30,07:45,1350,,,,61
2025/3/30,08:00,1350,,,,57
2025/3/30,08:15,1350,,,,66
2025/3/30,08:30,1350,,,,60
2025/3/30,08:45,1350,,,,64
2025/3/30,09:00,1350,,,,62
2025/3/30,09:15,1350,,,,63
2025/3/30,09:30,1350,,,,64
2025/3/30,09:45,1350,,,,60
2025/3/30,10:00,1350,,,,62
2025/3/30,10:15,1350,,,,62
2025/3/30,10:30,1350,,,,62
2025/3/30,10:45,1350,,,,63
2025/3/30,11:00,1350,,,,61
2025/3/30,11:15,1350,,,,65
2025/3/30,11:30,1350,,,,65
2025/3/30,11:45,1350,,,,62
2025/3/30,12:00,1350,,,,60
2025/3/30,12:15,1350,,,,64
2025/3/30,12:30,1350,,,,58
2025/3/30,12:45,1350,,,,59
2025/3/30,13:00,1350,,,,62
2025/3/30,13:15,1350,,,,57
2025/3/30,13:30,1350,,,,62
2025/3/30,13:45,1350,,,,61
2025/3/30,14:00,1350,,,,58
2025/3/30,14:15,1350,,,,65
2025/3/30,14:30,1350,,,,58
2025/3/30,14:45,1350,,,,66
2025/3/30,15:00,1350,,,,58
2025/3/30,15:15,1350,,,,64
2025/3/30,15:30,1350,,,,58
2025/3/30,15:45,1350,,,,61
2025/3/30,16:00,1350,,,,64
2025/3/30,16:15,1350,,,,60
2025/3/30,16:30,1350,,,,64
2025/3/30,16:45,1350,,,,58
2025/3/30,17:00,1350,,,,65
2025/3/30,17:15,1350,,,,58
2025/3/30,17:30,1350,,,,62
2025/3/30,17:45,1350,,,,58
2025/3/30,18:00,1350,,,,62
2025/3/30,18:15,1350,,,,56
2025/3/30,18:30,1350,,,,61
2025/3/30,18:45,1350,,,,54
2025/3/30,19:00,1350,,,,61
2025/3/30,19:15,1350,,,,58
2025/3/30,19:30,1350,,,,58
2025/3/30,19:45,1350,,,,64
2025/3/30,20:00,1350,,,,58
2025/3/30,20:15,1350,,,,61
2025/3/30,20:30,1350,,,,56
2025/3/30,20:45,1350,,,,61
2025/3/30,21:00,1350,,,,56
2025/3/30,21:15,1350,,,,64
2025/3/30,21:30,1350,,,,54
2025/3/30,21:45,1350,,,,61
2025/3/30,22:00,1350,,,,56
2025/3/30,22:15,1350,,,,62
2025/3/30,22:30,1350,,,,59
2025/3/30,22:45,1350,,,,61
2025/3/30,23:00,1350,,,,61
2025/3/30,23:15,1350,,,,59
2025/3/30,23:30,1350,,,,62
2025/3/30,23:45,1350,,,,58
2025/3/31,00:00,1350,,,,62
2025/3/31,00:15,1350,,,,61
2025/3/31,00:30,1350,,,,56
2025/3/31,00:45,1350,,,,62
2025/3/31,01:00,1350,,,,56
2025/3/31,01:15,1350,,,,62
2025/3/31,01:30,1350,,,,58
2025/3/31,01:45,1350,,,,61
2025/3/31,02:00,1350,,,,58
2025/3/31,02:15,1350,,,,62
2025/3/31,02:30,1350,,,,59
2025/3/31,02:45,1350,,,,58
2025/3/31,03:00,1350,,,,61
2025/3/31,03:15,1350,,,,56
2025/3/31,03:30,1350,,,,59
2025/3/31,03:45,1350,,,,58
2025/3/31,04:00,1350,,,,59
2025/3/31,04:15,1350,,,,58
2025/3/31,04:30,1350,,,,61
2025/3/31,04:45,1350,,,,61
2025/3/31,05:00,1350,,,,59
2025/3/31,05:15,1350,,,,64
2025/3/31,05:30,1350,,,,54
2025/3/31,05:45,1350,,,,59
2025/3/31,06:00,1350,,,,56
2025/3/31,06:15,1350,,59,,
2025/3/31,06:30,1350,,58,,
2025/3/31,06:45,1350,,61,,
2025/3/31,07:00,1350,,67,,
2025/3/31,07:15,1350,,127,,
2025/3/31,07:30,1350,,190,,
2025/3/31,07:45,1350,,213,,
2025/3/31,08:00,1350,,230,,
2025/3/31,08:15,1350,,615,,
2025/3/31,08:30,1350,,842,,
2025/3/31,08:45,1350,,877,,
2025/3/31,09:00,1350,,870,,
2025/3/31,09:15,1350,,881,,
2025/3/31,09:30,1350,,893,,
2025/3/31,09:45,1350,,883,,
2025/3/31,10:00,1350,,841,,
2025/3/31,10:15,1350,,901,,
2025/3/31,10:30,1350,,938,,
2025/3/31,10:45,1350,,959,,
2025/3/31,11:00,1350,,993,,
2025/3/31,11:15,1350,,,,1001
2025/3/31,11:30,1350,,,,987
2025/3/31,11:45,1350,,,,985
2025/3/31,12:00,1350,,,,799
2025/3/31,12:15,1350,,,,474
2025/3/31,12:30,1350,,,,408
2025/3/31,12:45,1350,,,,418
2025/3/31,13:00,1350,,,,834
2025/3/31,13:15,1350,,,,913
2025/3/31,13:30,1350,,,,846
2025/3/31,13:45,1350,,,,878
2025/3/31,14:00,1350,,,,844
2025/3/31,14:15,1350,,832,,
2025/3/31,14:30,1350,,873,,
2025/3/31,14:45,1350,,881,,
2025/3/31,15:00,1350,,865,,
2025/3/31,15:15,1350,,968,,
2025/3/31,15:30,1350,,1072,,
2025/3/31,15:45,1350,,1017,,
2025/3/31,16:00,1350,,1045,,
2025/3/31,16:15,1350,,1060,,
2025/3/31,16:30,1350,,1027,,
2025/3/31,16:45,1350,,789,,
2025/3/31,17:00,1350,,534,,
2025/3/31,17:15,1350,,486,,
2025/3/31,17:30,1350,,453,,
2025/3/31,17:45,1350,,421,,
2025/3/31,18:00,1350,,414,,
2025/3/31,18:15,1350,,386,,
2025/3/31,18:30,1350,,346,,
2025/3/31,18:45,1350,,336,,
2025/3/31,19:00,1350,,266,,
2025/3/31,19:15,1350,,214,,
2025/3/31,19:30,1350,,192,,
2025/3/31,19:45,1350,,176,,
2025/3/31,20:00,1350,,178,,
2025/3/31,20:15,1350,,173,,
2025/3/31,20:30,1350,,168,,
2025/3/31,20:45,1350,,165,,
2025/3/31,21:00,1350,,162,,
2025/3/31,21:15,1350,,160,,
2025/3/31,21:30,1350,,160,,
2025/3/31,21:45,1350,,152,,
2025/3/31,22:00,1350,,150,,
2025/3/31,22:15,1350,,205,,
2025/3/31,22:30,1350,,242,,
2025/3/31,22:45,1350,,253,,
2025/3/31,23:00,1350,,242,,
2025/3/31,23:15,1350,,246,,
2025/3/31,23:30,1350,,237,,
2025/3/31,23:45,1350,,251,,
2025/4/1,00:00,1350,,246,,
2025/4/1,00:15,1350,,,,259
2025/4/1,00:30,1350,,,,262
2025/4/1,00:45,1350,,,,261
2025/4/1,01:00,1350,,,,285
2025/4/1,01:15,1350,,,,286
2025/4/1,01:30,1350,,,,250
2025/4/1,01:45,1350,,,,243
2025/4/1,02:00,1350,,,,235
2025/4/1,02:15,1350,,,,221
2025/4/1,02:30,1350,,,,213
2025/4/1,02:45,1350,,,,210
2025/4/1,03:00,1350,,,,168
2025/4/1,03:15,1350,,,,152
2025/4/1,03:30,1350,,,,158
2025/4/1,03:45,1350,,,,150
2025/4/1,04:00,1350,,,,147
2025/4/1,04:15,1350,,,,142
2025/4/1,04:30,1350,,,,138
2025/4/1,04:45,1350,,,,136
2025/4/1,05:00,1350,,,,134
2025/4/1,05:15,1350,,,,136
2025/4/1,05:30,1350,,,,168
2025/4/1,05:45,1350,,,,202
2025/4/1,06:00,1350,,,,203
2025/4/1,06:15,1350,,210,,
2025/4/1,06:30,1350,,267,,
2025/4/1,06:45,1350,,324,,
2025/4/1,07:00,1350,,330,,
2025/4/1,07:15,1350,,333,,
2025/4/1,07:30,1350,,352,,
2025/4/1,07:45,1350,,393,,
2025/4/1,08:00,1350,,469,,
2025/4/1,08:15,1350,,763,,
2025/4/1,08:30,1350,,852,,
2025/4/1,08:45,1350,,909,,
2025/4/1,09:00,1350,,867,,
2025/4/1,09:15,1350,,961,,
2025/4/1,09:30,1350,,977,,
2025/4/1,09:45,1350,,1052,,
2025/4/1,10:00,1350,,918,,
2025/4/1,10:15,1350,,981,,
2025/4/1,10:30,1350,,983,,
2025/4/1,10:45,1350,,1010,,
2025/4/1,11:00,1350,,1042,,
2025/4/1,11:15,1350,,,,1032
2025/4/1,11:30,1350,,,,954
2025/4/1,11:45,1350,,,,847
2025/4/1,12:00,1350,,,,687
2025/4/1,12:15,1350,,,,541
2025/4/1,12:30,1350,,,,484
2025/4/1,12:45,1350,,,,480
2025/4/1,13:00,1350,,,,791
2025/4/1,13:15,1350,,,,929
2025/4/1,13:30,1350,,,,953
2025/4/1,13:45,1350,,,,861
2025/4/1,14:00,1350,,,,923
2025/4/1,14:15,1350,,961,,
2025/4/1,14:30,1350,,1035,,
2025/4/1,14:45,1350,,940,,
2025/4/1,15:00,1350,,838,,
2025/4/1,15:15,1350,,947,,
2025/4/1,15:30,1350,,929,,
2025/4/1,15:45,1350,,957,,
2025/4/1,16:00,1350,,972,,
2025/4/1,16:15,1350,,977,,
2025/4/1,16:30,1350,,868,,
2025/4/1,16:45,1350,,815,,
2025/4/1,17:00,1350,,727,,
2025/4/1,17:15,1350,,521,,
2025/4/1,17:30,1350,,537,,
2025/4/1,17:45,1350,,684,,
2025/4/1,18:00,1350,,840,,
2025/4/1,18:15,1350,,865,,
2025/4/1,18:30,1350,,731,,
2025/4/1,18:45,1350,,774,,
2025/4/1,19:00,1350,,739,,
2025/4/1,19:15,1350,,606,,
2025/4/1,19:30,1350,,469,,
2025/4/1,19:45,1350,,349,,
2025/4/1,20:00,1350,,326,,
2025/4/1,20:15,1350,,325,,
2025/4/1,20:30,1350,,317,,
2025/4/1,20:45,1350,,310,,
2025/4/1,21:00,1350,,314,,
2025/4/1,21:15,1350,,320,,
2025/4/1,21:30,1350,,317,,
2025/4/1,21:45,1350,,290,,
2025/4/1,22:00,1350,,275,,
2025/4/1,22:15,1350,,259,,
2025/4/1,22:30,1350,,248,,
2025/4/1,22:45,1350,,266,,
2025/4/1,23:00,1350,,262,,
2025/4/1,23:15,1350,,224,,
2025/4/1,23:30,1350,,178,,
2025/4/1,23:45,1350,,178,,
2025/4/2,00:00,1350,,174,,
2025/4/2,00:15,1350,,,,174
2025/4/2,00:30,1350,,,,173
2025/4/2,00:45,1350,,,,166
2025/4/2,01:00,1350,,,,168
2025/4/2,01:15,1350,,,,166
2025/4/2,01:30,1350,,,,165
2025/4/2,01:45,1350,,,,162
2025/4/2,02:00,1350,,,,162
2025/4/2,02:15,1350,,,,158
2025/4/2,02:30,1350,,,,160
2025/4/2,02:45,1350,,,,152
2025/4/2,03:00,1350,,,,155
2025/4/2,03:15,1350,,,,157
2025/4/2,03:30,1350,,,,157
2025/4/2,03:45,1350,,,,144
2025/4/2,04:00,1350,,,,147
2025/4/2,04:15,1350,,,,144
2025/4/2,04:30,1350,,,,194
2025/4/2,04:45,1350,,,,250
2025/4/2,05:00,1350,,,,266
2025/4/2,05:15,1350,,,,282
2025/4/2,05:30,1350,,,,306
2025/4/2,05:45,1350,,,,299
2025/4/2,06:00,1350,,,,283
2025/4/2,06:15,1350,,298,,
2025/4/2,06:30,1350,,294,,
2025/4/2,06:45,1350,,298,,
2025/4/2,07:00,1350,,302,,
2025/4/2,07:15,1350,,264,,
2025/4/2,07:30,1350,,282,,
2025/4/2,07:45,1350,,282,,
2025/4/2,08:00,1350,,350,,
2025/4/2,08:15,1350,,355,,
2025/4/2,08:30,1350,,357,,
2025/4/2,08:45,1350,,347,,
2025/4/2,09:00,1350,,683,,
2025/4/2,09:15,1350,,840,,
2025/4/2,09:30,1350,,889,,
2025/4/2,09:45,1350,,936,,
2025/4/2,10:00,1350,,835,,
2025/4/2,10:15,1350,,1108,,
2025/4/2,10:30,1350,,1180,,
2025/4/2,10:45,1350,,1244,,
2025/4/2,11:00,1350,,1176,,
2025/4/2,11:15,1350,,,,1126
2025/4/2,11:30,1350,,,,1052
2025/4/2,11:45,1350,,,,1007
2025/4/2,12:00,1350,,,,783
2025/4/2,12:15,1350,,,,443
2025/4/2,12:30,1350,,,,420
2025/4/2,12:45,1350,,,,423
2025/4/2,13:00,1350,,,,789
2025/4/2,13:15,1350,,,,872
2025/4/2,13:30,1350,,,,899
2025/4/2,13:45,1350,,,,916
2025/4/2,14:00,1350,,,,984
2025/4/2,14:15,1350,,1026,,
2025/4/2,14:30,1350,,1019,,
2025/4/2,14:45,1350,,1016,,
2025/4/2,15:00,1350,,888,,
2025/4/2,15:15,1350,,939,,
2025/4/2,15:30,1350,,994,,
2025/4/2,15:45,1350,,912,,
2025/4/2,16:00,1350,,837,,
2025/4/2,16:15,1350,,801,,
2025/4/2,16:30,1350,,784,,
2025/4/2,16:45,1350,,667,,
2025/4/2,17:00,1350,,354,,
2025/4/2,17:15,1350,,208,,
2025/4/2,17:30,1350,,250,,
2025/4/2,17:45,1350,,436,,
2025/4/2,18:00,1350,,552,,
2025/4/2,18:15,1350,,470,,
2025/4/2,18:30,1350,,486,,
2025/4/2,18:45,1350,,494,,
2025/4/2,19:00,1350,,414,,
2025/4/2,19:15,1350,,402,,
2025/4/2,19:30,1350,,304,,
2025/4/2,19:45,1350,,304,,
2025/4/2,20:00,1350,,294,,
2025/4/2,20:15,1350,,282,,
2025/4/2,20:30,1350,,296,,
2025/4/2,20:45,1350,,251,,
2025/4/2,21:00,1350,,266,,
2025/4/2,21:15,1350,,275,,
2025/4/2,21:30,1350,,237,,
2025/4/2,21:45,1350,,256,,
2025/4/2,22:00,1350,,227,,
2025/4/2,22:15,1350,,256,,
2025/4/2,22:30,1350,,248,,
2025/4/2,22:45,1350,,234,,
2025/4/2,23:00,1350,,269,,
2025/4/2,23:15,1350,,234,,
2025/4/2,23:30,1350,,264,,
2025/4/2,23:45,1350,,237,,
2025/4/3,00:00,1350,,254,,
2025/4/3,00:15,1350,,,,262
2025/4/3,00:30,1350,,,,227
2025/4/3,00:45,1350,,,,262
2025/4/3,01:00,1350,,,,238
2025/4/3,01:15,1350,,,,214
2025/4/3,01:30,1350,,,,86
2025/4/3,01:45,1350,,,,85
2025/4/3,02:00,1350,,,,85
2025/4/3,02:15,1350,,,,85
2025/4/3,02:30,1350,,,,83
2025/4/3,02:45,1350,,,,86
2025/4/3,03:00,1350,,,,83
2025/4/3,03:15,1350,,,,82
2025/4/3,03:30,1350,,,,86
2025/4/3,03:45,1350,,,,85
2025/4/3,04:00,1350,,,,85
2025/4/3,04:15,1350,,,,83
2025/4/3,04:30,1350,,,,86
2025/4/3,04:45,1350,,,,70
2025/4/3,05:00,1350,,,,80
2025/4/3,05:15,1350,,,,75
2025/4/3,05:30,1350,,,,74
2025/4/3,05:45,1350,,,,74
2025/4/3,06:00,1350,,,,73
2025/4/3,06:15,1350,,71,,
2025/4/3,06:30,1350,,77,,
2025/4/3,06:45,1350,,73,,
2025/4/3,07:00,1350,,66,,
2025/4/3,07:15,1350,,57,,
2025/4/3,07:30,1350,,58,,
2025/4/3,07:45,1350,,61,,
2025/4/3,08:00,1350,,67,,
2025/4/3,08:15,1350,,114,,
2025/4/3,08:30,1350,,126,,
2025/4/3,08:45,1350,,115,,
2025/4/3,09:00,1350,,114,,
2025/4/3,09:15,1350,,118,,
2025/4/3,09:30,1350,,136,,
2025/4/3,09:45,1350,,141,,
2025/4/3,10:00,1350,,134,,
2025/4/3,10:15,1350,,154,,
2025/4/3,10:30,1350,,155,,
2025/4/3,10:45,1350,,154,,
2025/4/3,11:00,1350,,141,,
2025/4/3,11:15,1350,,,,150
2025/4/3,11:30,1350,,,,144
2025/4/3,11:45,1350,,,,152
2025/4/3,12:00,1350,,,,139
2025/4/3,12:15,1350,,,,135
2025/4/3,12:30,1350,,,,128
2025/4/3,12:45,1350,,,,123
2025/4/3,13:00,1350,,,,136
2025/4/3,13:15,1350,,,,144
2025/4/3,13:30,1350,,,,144
2025/4/3,13:45,1350,,,,142
2025/4/3,14:00,1350,,,,149
2025/4/3,14:15,1350,,141,,
2025/4/3,14:30,1350,,147,,
2025/4/3,14:45,1350,,148,,
2025/4/3,15:00,1350,,131,,
2025/4/3,15:15,1350,,140,,
2025/4/3,15:30,1350,,145,,
2025/4/3,15:45,1350,,145,,
2025/4/3,16:00,1350,,142,,
2025/4/3,16:15,1350,,139,,
2025/4/3,16:30,1350,,124,,
2025/4/3,16:45,1350,,108,,
2025/4/3,17:00,1350,,97,,
2025/4/3,17:15,1350,,93,,
2025/4/3,17:30,1350,,96,,
2025/4/3,17:45,1350,,86,,
2025/4/3,18:00,1350,,91,,
2025/4/3,18:15,1350,,86,,
2025/4/3,18:30,1350,,93,,
2025/4/3,18:45,1350,,86,,
2025/4/3,19:00,1350,,90,,
2025/4/3,19:15,1350,,86,,
2025/4/3,19:30,1350,,86,,
2025/4/3,19:45,1350,,90,,
2025/4/3,20:00,1350,,86,,
2025/4/3,20:15,1350,,86,,
2025/4/3,20:30,1350,,91,,
2025/4/3,20:45,1350,,85,,
2025/4/3,21:00,1350,,85,,
2025/4/3,21:15,1350,,91,,
2025/4/3,21:30,1350,,85,,
2025/4/3,21:45,1350,,72,,
2025/4/3,22:00,1350,,70,,
2025/4/3,22:15,1350,,72,,
2025/4/3,22:30,1350,,74,,
2025/4/3,22:45,1350,,70,,
2025/4/3,23:00,1350,,74,,
2025/4/3,23:15,1350,,72,,
2025/4/3,23:30,1350,,69,,
2025/4/3,23:45,1350,,67,,
2025/4/4,00:00,1350,,61,,
2025/4/4,00:15,1350,,,,69
2025/4/4,00:30,1350,,,,62
2025/4/4,00:45,1350,,,,64
2025/4/4,01:00,1350,,,,64
2025/4/4,01:15,1350,,,,61
2025/4/4,01:30,1350,,,,53
2025/4/4,01:45,1350,,,,58
2025/4/4,02:00,1350,,,,54
2025/4/4,02:15,1350,,,,56
2025/4/4,02:30,1350,,,,54
2025/4/4,02:45,1350,,,,54
2025/4/4,03:00,1350,,,,54
2025/4/4,03:15,1350,,,,54
2025/4/4,03:30,1350,,,,58
2025/4/4,03:45,1350,,,,51
2025/4/4,04:00,1350,,,,56
2025/4/4,04:15,1350,,,,51
2025/4/4,04:30,1350,,,,58
2025/4/4,04:45,1350,,,,51
2025/4/4,05:00,1350,,,,61
2025/4/4,05:15,1350,,,,56
2025/4/4,05:30,1350,,,,53
2025/4/4,05:45,1350,,,,56
2025/4/4,06:00,1350,,,,53
2025/4/4,06:15,1350,,,,56
2025/4/4,06:30,1350,,,,54
2025/4/4,06:45,1350,,,,75
2025/4/4,07:00,1350,,,,71
2025/4/4,07:15,1350,,,,77
2025/4/4,07:30,1350,,,,88
2025/4/4,07:45,1350,,,,118
2025/4/4,08:00,1350,,,,130
2025/4/4,08:15,1350,,,,189
2025/4/4,08:30,1350,,,,163
2025/4/4,08:45,1350,,,,152
2025/4/4,09:00,1350,,,,155
2025/4/4,09:15,1350,,,,160
2025/4/4,09:30,1350,,,,167
2025/4/4,09:45,1350,,,,170
2025/4/4,10:00,1350,,,,164
2025/4/4,10:15,1350,,,,167
2025/4/4,10:30,1350,,,,170
2025/4/4,10:45,1350,,,,172
2025/4/4,11:00,1350,,,,169
2025/4/4,11:15,1350,,,,167
2025/4/4,11:30,1350,,,,167
2025/4/4,11:45,1350,,,,166
2025/4/4,12:00,1350,,,,168
2025/4/4,12:15,1350,,,,166
2025/4/4,12:30,1350,,,,148
2025/4/4,12:45,1350,,,,151
2025/4/4,13:00,1350,,,,163
2025/4/4,13:15,1350,,,,170
2025/4/4,13:30,1350,,,,137
2025/4/4,13:45,1350,,,,133
2025/4/4,14:00,1350,,,,130
2025/4/4,14:15,1350,,,,132
2025/4/4,14:30,1350,,,,131
2025/4/4,14:45,1350,,,,136
2025/4/4,15:00,1350,,,,128
2025/4/4,15:15,1350,,,,131
2025/4/4,15:30,1350,,,,130
2025/4/4,15:45,1350,,,,127
2025/4/4,16:00,1350,,,,128
2025/4/4,16:15,1350,,,,129
2025/4/4,16:30,1350,,,,115
2025/4/4,16:45,1350,,,,108
2025/4/4,17:00,1350,,,,102
2025/4/4,17:15,1350,,,,97
2025/4/4,17:30,1350,,,,97
2025/4/4,17:45,1350,,,,100
2025/4/4,18:00,1350,,,,99
2025/4/4,18:15,1350,,,,99
2025/4/4,18:30,1350,,,,98
2025/4/4,18:45,1350,,,,94
2025/4/4,19:00,1350,,,,98
2025/4/4,19:15,1350,,,,98
2025/4/4,19:30,1350,,,,93
2025/4/4,19:45,1350,,,,93
2025/4/4,20:00,1350,,,,94
2025/4/4,20:15,1350,,,,94
2025/4/4,20:30,1350,,,,93
2025/4/4,20:45,1350,,,,93
2025/4/4,21:00,1350,,,,88
2025/4/4,21:15,1350,,,,91
2025/4/4,21:30,1350,,,,88
2025/4/4,21:45,1350,,,,90
2025/4/4,22:00,1350,,,,90
2025/4/4,22:15,1350,,,,88
2025/4/4,22:30,1350,,,,90
2025/4/4,22:45,1350,,,,90
2025/4/4,23:00,1350,,,,91
2025/4/4,23:15,1350,,,,91
2025/4/4,23:30,1350,,,,86
2025/4/4,23:45,1350,,,,93
2025/4/5,00:00,1350,,,,86
2025/4/5,00:15,1350,,,,88
2025/4/5,00:30,1350,,,,90
2025/4/5,00:45,1350,,,,90
2025/4/5,01:00,1350,,,,86
2025/4/5,01:15,1350,,,,86
2025/4/5,01:30,1350,,,,78
2025/4/5,01:45,1350,,,,78
2025/4/5,02:00,1350,,,,82
2025/4/5,02:15,1350,,,,82
2025/4/5,02:30,1350,,,,78
2025/4/5,02:45,1350,,,,80
2025/4/5,03:00,1350,,,,77
2025/4/5,03:15,1350,,,,80
2025/4/5,03:30,1350,,,,78
2025/4/5,03:45,1350,,,,80
2025/4/5,04:00,1350,,,,78
2025/4/5,04:15,1350,,,,77
2025/4/5,04:30,1350,,,,61
2025/4/5,04:45,1350,,,,62
2025/4/5,05:00,1350,,,,66
2025/4/5,05:15,1350,,,,67
2025/4/5,05:30,1350,,,,62
2025/4/5,05:45,1350,,,,62
2025/4/5,06:00,1350,,,,62
2025/4/5,06:15,1350,,,62,
2025/4/5,06:30,1350,,,63,
2025/4/5,06:45,1350,,,69,
2025/4/5,07:00,1350,,,66,
2025/4/5,07:15,1350,,,83,
2025/4/5,07:30,1350,,,110,
2025/4/5,07:45,1350,,,114,
2025/4/5,08:00,1350,,,135,
2025/4/5,08:15,1350,,,238,
2025/4/5,08:30,1350,,,285,
2025/4/5,08:45,1350,,,280,
2025/4/5,09:00,1350,,,286,
2025/4/5,09:15,1350,,,303,
2025/4/5,09:30,1350,,,302,
2025/4/5,09:45,1350,,,303,
2025/4/5,10:00,1350,,,298,
2025/4/5,10:15,1350,,,259,
2025/4/5,10:30,1350,,,263,
2025/4/5,10:45,1350,,,295,
2025/4/5,11:00,1350,,,283,
2025/4/5,11:15,1350,,,,300
2025/4/5,11:30,1350,,,,315
2025/4/5,11:45,1350,,,,314
2025/4/5,12:00,1350,,,,301
2025/4/5,12:15,1350,,,,258
2025/4/5,12:30,1350,,,,223
2025/4/5,12:45,1350,,,,201
2025/4/5,13:00,1350,,,,197
2025/4/5,13:15,1350,,,,159
2025/4/5,13:30,1350,,,,138
2025/4/5,13:45,1350,,,,120
2025/4/5,14:00,1350,,,,122
2025/4/5,14:15,1350,,,124,
2025/4/5,14:30,1350,,,120,
2025/4/5,14:45,1350,,,120,
2025/4/5,15:00,1350,,,119,
2025/4/5,15:15,1350,,,111,
2025/4/5,15:30,1350,,,121,
2025/4/5,15:45,1350,,,117,
2025/4/5,16:00,1350,,,122,
2025/4/5,16:15,1350,,,123,
2025/4/5,16:30,1350,,,120,
2025/4/5,16:45,1350,,,120,
2025/4/5,17:00,1350,,,112,
2025/4/5,17:15,1350,,,105,
2025/4/5,17:30,1350,,,100,
2025/4/5,17:45,1350,,,103,
2025/4/5,18:00,1350,,,94,
2025/4/5,18:15,1350,,,98,
2025/4/5,18:30,1350,,,102,
2025/4/5,18:45,1350,,,101,
2025/4/5,19:00,1350,,,104,
2025/4/5,19:15,1350,,,93,
2025/4/5,19:30,1350,,,98,
2025/4/5,19:45,1350,,,80,
2025/4/5,20:00,1350,,,85,
2025/4/5,20:15,1350,,,90,
2025/4/5,20:30,1350,,,80,
2025/4/5,20:45,1350,,,82,
2025/4/5,21:00,1350,,,85,
2025/4/5,21:15,1350,,,83,
2025/4/5,21:30,1350,,,83,
2025/4/5,21:45,1350,,,90,
2025/4/5,22:00,1350,,,77,
2025/4/5,22:15,1350,,,85,
2025/4/5,22:30,1350,,,80,
2025/4/5,22:45,1350,,,85,
2025/4/5,23:00,1350,,,86,
2025/4/5,23:15,1350,,,80,
2025/4/5,23:30,1350,,,86,
2025/4/5,23:45,1350,,,80,
2025/4/6,00:00,1350,,,80,
2025/4/6,00:15,1350,,,,75
2025/4/6,00:30,1350,,,,69
2025/4/6,00:45,1350,,,,77
2025/4/6,01:00,1350,,,,70
2025/4/6,01:15,1350,,,,72
2025/4/6,01:30,1350,,,,67
2025/4/6,01:45,1350,,,,56
2025/4/6,02:00,1350,,,,59
2025/4/6,02:15,1350,,,,54
2025/4/6,02:30,1350,,,,61
2025/4/6,02:45,1350,,,,54
2025/4/6,03:00,1350,,,,54
2025/4/6,03:15,1350,,,,58
2025/4/6,03:30,1350,,,,59
2025/4/6,03:45,1350,,,,56
2025/4/6,04:00,1350,,,,54
2025/4/6,04:15,1350,,,,59
2025/4/6,04:30,1350,,,,54
2025/4/6,04:45,1350,,,,56
2025/4/6,05:00,1350,,,,61
2025/4/6,05:15,1350,,,,59
2025/4/6,05:30,1350,,,,56
2025/4/6,05:45,1350,,,,54
2025/4/6,06:00,1350,,,,53
2025/4/6,06:15,1350,,,,59
2025/4/6,06:30,1350,,,,56
2025/4/6,06:45,1350,,,,60
2025/4/6,07:00,1350,,,,57
2025/4/6,07:15,1350,,,,58
2025/4/6,07:30,1350,,,,52
2025/4/6,07:45,1350,,,,58
2025/4/6,08:00,1350,,,,57
2025/4/6,08:15,1350,,,,63
2025/4/6,08:30,1350,,,,57
2025/4/6,08:45,1350,,,,63
2025/4/6,09:00,1350,,,,59
2025/4/6,09:15,1350,,,,64
2025/4/6,09:30,1350,,,,60
2025/4/6,09:45,1350,,,,59
2025/4/6,10:00,1350,,,,60
2025/4/6,10:15,1350,,,,64
2025/4/6,10:30,1350,,,,56
2025/4/6,10:45,1350,,,,64
2025/4/6,11:00,1350,,,,56
2025/4/6,11:15,1350,,,,62
2025/4/6,11:30,1350,,,,61
2025/4/6,11:45,1350,,,,76
2025/4/6,12:00,1350,,,,65
2025/4/6,12:15,1350,,,,68
2025/4/6,12:30,1350,,,,62
2025/4/6,12:45,1350,,,,62
2025/4/6,13:00,1350,,,,69
2025/4/6,13:15,1350,,,,65
2025/4/6,13:30,1350,,,,62
2025/4/6,13:45,1350,,,,63
2025/4/6,14:00,1350,,,,66
2025/4/6,14:15,1350,,,,64
2025/4/6,14:30,1350,,,,68
2025/4/6,14:45,1350,,,,65
2025/4/6,15:00,1350,,,,67
2025/4/6,15:15,1350,,,,62
2025/4/6,15:30,1350,,,,66
2025/4/6,15:45,1350,,,,61
2025/4/6,16:00,1350,,,,64
2025/4/6,16:15,1350,,,,65
2025/4/6,16:30,1350,,,,61
2025/4/6,16:45,1350,,,,66
2025/4/6,17:00,1350,,,,59
2025/4/6,17:15,1350,,,,62
2025/4/6,17:30,1350,,,,63
2025/4/6,17:45,1350,,,,58
2025/4/6,18:00,1350,,,,63
2025/4/6,18:15,1350,,,,56
2025/4/6,18:30,1350,,,,59
2025/4/6,18:45,1350,,,,56
2025/4/6,19:00,1350,,,,56
2025/4/6,19:15,1350,,,,62
2025/4/6,19:30,1350,,,,53
2025/4/6,19:45,1350,,,,61
2025/4/6,20:00,1350,,,,54
2025/4/6,20:15,1350,,,,61
2025/4/6,20:30,1350,,,,54
2025/4/6,20:45,1350,,,,61
2025/4/6,21:00,1350,,,,53
2025/4/6,21:15,1350,,,,61
2025/4/6,21:30,1350,,,,54
2025/4/6,21:45,1350,,,,59
2025/4/6,22:00,1350,,,,61
2025/4/6,22:15,1350,,,,62
2025/4/6,22:30,1350,,,,58
2025/4/6,22:45,1350,,,,59
2025/4/6,23:00,1350,,,,64
2025/4/6,23:15,1350,,,,59
2025/4/6,23:30,1350,,,,61
2025/4/6,23:45,1350,,,,58
2025/4/7,00:00,1350,,,,64
2025/4/7,00:15,1350,,,,56
2025/4/7,00:30,1350,,,,59
2025/4/7,00:45,1350,,,,56
2025/4/7,01:00,1350,,,,59
2025/4/7,01:15,1350,,,,54
2025/4/7,01:30,1350,,,,61
2025/4/7,01:45,1350,,,,54
2025/4/7,02:00,1350,,,,59
2025/4/7,02:15,1350,,,,54
2025/4/7,02:30,1350,,,,61
2025/4/7,02:45,1350,,,,54
2025/4/7,03:00,1350,,,,59
2025/4/7,03:15,1350,,,,58
2025/4/7,03:30,1350,,,,58
2025/4/7,03:45,1350,,,,58
2025/4/7,04:00,1350,,,,54
2025/4/7,04:15,1350,,,,59
2025/4/7,04:30,1350,,,,59
2025/4/7,04:45,1350,,,,53
2025/4/7,05:00,1350,,,,62
2025/4/7,05:15,1350,,,,59
2025/4/7,05:30,1350,,,,56
2025/4/7,05:45,1350,,,,54
2025/4/7,06:00,1350,,,,61
2025/4/7,06:15,1350,,54,,
2025/4/7,06:30,1350,,55,,
2025/4/7,06:45,1350,,76,,
2025/4/7,07:00,1350,,90,,
2025/4/7,07:15,1350,,166,,
2025/4/7,07:30,1350,,217,,
2025/4/7,07:45,1350,,228,,
2025/4/7,08:00,1350,,248,,
2025/4/7,08:15,1350,,650,,
2025/4/7,08:30,1350,,944,,
2025/4/7,08:45,1350,,983,,
2025/4/7,09:00,1350,,916,,
2025/4/7,09:15,1350,,871,,
2025/4/7,09:30,1350,,830,,
2025/4/7,09:45,1350,,813,,
2025/4/7,10:00,1350,,792,,
2025/4/7,10:15,1350,,740,,
2025/4/7,10:30,1350,,742,,
2025/4/7,10:45,1350,,789,,
2025/4/7,11:00,1350,,708,,
2025/4/7,11:15,1350,,,,806
2025/4/7,11:30,1350,,,,761
2025/4/7,11:45,1350,,,,772
2025/4/7,12:00,1350,,,,806
2025/4/7,12:15,1350,,,,465
2025/4/7,12:30,1350,,,,378
2025/4/7,12:45,1350,,,,403
2025/4/7,13:00,1350,,,,830
2025/4/7,13:15,1350,,,,904
2025/4/7,13:30,1350,,,,969
2025/4/7,13:45,1350,,,,1020
2025/4/7,14:00,1350,,,,1060
2025/4/7,14:15,1350,,1054,,
2025/4/7,14:30,1350,,1077,,
2025/4/7,14:45,1350,,1033,,
2025/4/7,15:00,1350,,927,,
2025/4/7,15:15,1350,,889,,
2025/4/7,15:30,1350,,931,,
2025/4/7,15:45,1350,,904,,
2025/4/7,16:00,1350,,863,,
2025/4/7,16:15,1350,,871,,
2025/4/7,16:30,1350,,858,,
2025/4/7,16:45,1350,,845,,
2025/4/7,17:00,1350,,764,,
2025/4/7,17:15,1350,,570,,
2025/4/7,17:30,1350,,547,,
2025/4/7,17:45,1350,,702,,
2025/4/7,18:00,1350,,801,,
2025/4/7,18:15,1350,,790,,
2025/4/7,18:30,1350,,674,,
2025/4/7,18:45,1350,,658,,
2025/4/7,19:00,1350,,568,,
2025/4/7,19:15,1350,,365,,
2025/4/7,19:30,1350,,270,,
2025/4/7,19:45,1350,,237,,
2025/4/7,20:00,1350,,347,,
2025/4/7,20:15,1350,,424,,
2025/4/7,20:30,1350,,330,,
2025/4/7,20:45,1350,,354,,
2025/4/7,21:00,1350,,298,,
2025/4/7,21:15,1350,,342,,
2025/4/7,21:30,1350,,309,,
2025/4/7,21:45,1350,,296,,
2025/4/7,22:00,1350,,315,,
2025/4/7,22:15,1350,,266,,
2025/4/7,22:30,1350,,301,,
2025/4/7,22:45,1350,,266,,
2025/4/7,23:00,1350,,221,,
2025/4/7,23:15,1350,,274,,
2025/4/7,23:30,1350,,195,,
2025/4/7,23:45,1350,,120,,
2025/4/8,00:00,1350,,122,,
2025/4/8,00:15,1350,,,,131
2025/4/8,00:30,1350,,,,123
2025/4/8,00:45,1350,,,,125
2025/4/8,01:00,1350,,,,128
2025/4/8,01:15,1350,,,,130
2025/4/8,01:30,1350,,,,123
2025/4/8,01:45,1350,,,,187
2025/4/8,02:00,1350,,,,293
2025/4/8,02:15,1350,,,,197
2025/4/8,02:30,1350,,,,227
2025/4/8,02:45,1350,,,,259
2025/4/8,03:00,1350,,,,192
2025/4/8,03:15,1350,,,,144
2025/4/8,03:30,1350,,,,144
2025/4/8,03:45,1350,,,,144
2025/4/8,04:00,1350,,,,146
2025/4/8,04:15,1350,,,,142
2025/4/8,04:30,1350,,,,142
2025/4/8,04:45,1350,,,,139
2025/4/8,05:00,1350,,,,138
2025/4/8,05:15,1350,,,,134
2025/4/8,05:30,1350,,,,134
2025/4/8,05:45,1350,,,,133
2025/4/8,06:00,1350,,,,131
2025/4/8,06:15,1350,,131,,
2025/4/8,06:30,1350,,132,,
2025/4/8,06:45,1350,,137,,
2025/4/8,07:00,1350,,133,,
2025/4/8,07:15,1350,,205,,
2025/4/8,07:30,1350,,288,,
2025/4/8,07:45,1350,,276,,
2025/4/8,08:00,1350,,281,,
2025/4/8,08:15,1350,,519,,
2025/4/8,08:30,1350,,645,,
2025/4/8,08:45,1350,,750,,
2025/4/8,09:00,1350,,843,,
2025/4/8,09:15,1350,,1007,,
2025/4/8,09:30,1350,,1071,,
2025/4/8,09:45,1350,,1131,,
2025/4/8,10:00,1350,,1054,,
2025/4/8,10:15,1350,,1086,,
2025/4/8,10:30,1350,,1066,,
2025/4/8,10:45,1350,,1071,,
2025/4/8,11:00,1350,,1102,,
2025/4/8,11:15,1350,,,,1041
2025/4/8,11:30,1350,,,,1043
2025/4/8,11:45,1350,,,,978
2025/4/8,12:00,1350,,,,822
2025/4/8,12:15,1350,,,,539
2025/4/8,12:30,1350,,,,506
2025/4/8,12:45,1350,,,,532
2025/4/8,13:00,1350,,,,829
2025/4/8,13:15,1350,,,,939
2025/4/8,13:30,1350,,,,1008
2025/4/8,13:45,1350,,,,1060
2025/4/8,14:00,1350,,,,1061
2025/4/8,14:15,1350,,1032,,
2025/4/8,14:30,1350,,983,,
2025/4/8,14:45,1350,,896,,
2025/4/8,15:00,1350,,762,,
2025/4/8,15:15,1350,,849,,
2025/4/8,15:30,1350,,856,,
2025/4/8,15:45,1350,,799,,
2025/4/8,16:00,1350,,847,,
2025/4/8,16:15,1350,,780,,
2025/4/8,16:30,1350,,773,,
2025/4/8,16:45,1350,,873,,
2025/4/8,17:00,1350,,685,,
2025/4/8,17:15,1350,,534,,
2025/4/8,17:30,1350,,480,,
2025/4/8,17:45,1350,,588,,
2025/4/8,18:00,1350,,678,,
2025/4/8,18:15,1350,,675,,
2025/4/8,18:30,1350,,653,,
2025/4/8,18:45,1350,,648,,
2025/4/8,19:00,1350,,589,,
2025/4/8,19:15,1350,,526,,
2025/4/8,19:30,1350,,307,,
2025/4/8,19:45,1350,,211,,
2025/4/8,20:00,1350,,226,,
2025/4/8,20:15,1350,,216,,
2025/4/8,20:30,1350,,181,,
2025/4/8,20:45,1350,,163,,
2025/4/8,21:00,1350,,160,,
2025/4/8,21:15,1350,,152,,
2025/4/8,21:30,1350,,144,,
2025/4/8,21:45,1350,,139,,
2025/4/8,22:00,1350,,139,,
2025/4/8,22:15,1350,,133,,
2025/4/8,22:30,1350,,133,,
2025/4/8,22:45,1350,,136,,
2025/4/8,23:00,1350,,130,,
2025/4/8,23:15,1350,,125,,
2025/4/8,23:30,1350,,126,,
2025/4/8,23:45,1350,,126,,
2025/4/9,00:00,1350,,131,,
2025/4/9,00:15,1350,,,,142
2025/4/9,00:30,1350,,,,133
2025/4/9,00:45,1350,,,,131
2025/4/9,01:00,1350,,,,134
2025/4/9,01:15,1350,,,,194
2025/4/9,01:30,1350,,,,198
2025/4/9,01:45,1350,,,,194
2025/4/9,02:00,1350,,,,192
2025/4/9,02:15,1350,,,,184
2025/4/9,02:30,1350,,,,184
2025/4/9,02:45,1350,,,,176
2025/4/9,03:00,1350,,,,168
2025/4/9,03:15,1350,,,,162
2025/4/9,03:30,1350,,,,165
2025/4/9,03:45,1350,,,,160
2025/4/9,04:00,1350,,,,160
2025/4/9,04:15,1350,,,,160
2025/4/9,04:30,1350,,,,160
2025/4/9,04:45,1350,,,,160
2025/4/9,05:00,1350,,,,160
2025/4/9,05:15,1350,,,,162
2025/4/9,05:30,1350,,,,158
2025/4/9,05:45,1350,,,,165
2025/4/9,06:00,1350,,,,158
2025/4/9,06:15,1350,,158,,
2025/4/9,06:30,1350,,160,,
2025/4/9,06:45,1350,,159,,
2025/4/9,07:00,1350,,150,,
2025/4/9,07:15,1350,,217,,
2025/4/9,07:30,1350,,279,,
2025/4/9,07:45,1350,,299,,
2025/4/9,08:00,1350,,291,,
2025/4/9,08:15,1350,,660,,
2025/4/9,08:30,1350,,909,,
2025/4/9,08:45,1350,,881,,
2025/4/9,09:00,1350,,753,,
2025/4/9,09:15,1350,,856,,
2025/4/9,09:30,1350,,838,,
2025/4/9,09:45,1350,,898,,
2025/4/9,10:00,1350,,870,,
2025/4/9,10:15,1350,,867,,
2025/4/9,10:30,1350,,959,,
2025/4/9,10:45,1350,,918,,
2025/4/9,11:00,1350,,1024,,
2025/4/9,11:15,1350,,,,1068
2025/4/9,11:30,1350,,,,1111
2025/4/9,11:45,1350,,,,1062
2025/4/9,12:00,1350,,,,892
2025/4/9,12:15,1350,,,,541
2025/4/9,12:30,1350,,,,509
2025/4/9,12:45,1350,,,,527
2025/4/9,13:00,1350,,,,870
2025/4/9,13:15,1350,,,,966
2025/4/9,13:30,1350,,,,1023
2025/4/9,13:45,1350,,,,1033
2025/4/9,14:00,1350,,,,979
2025/4/9,14:15,1350,,1020,,
2025/4/9,14:30,1350,,1038,,
2025/4/9,14:45,1350,,926,,
2025/4/9,15:00,1350,,776,,
2025/4/9,15:15,1350,,818,,
2025/4/9,15:30,1350,,751,,
2025/4/9,15:45,1350,,801,,
2025/4/9,16:00,1350,,877,,
2025/4/9,16:15,1350,,714,,
2025/4/9,16:30,1350,,795,,
2025/4/9,16:45,1350,,742,,
2025/4/9,17:00,1350,,545,,
2025/4/9,17:15,1350,,414,,
2025/4/9,17:30,1350,,305,,
2025/4/9,17:45,1350,,431,,
2025/4/9,18:00,1350,,518,,
2025/4/9,18:15,1350,,470,,
2025/4/9,18:30,1350,,464,,
2025/4/9,18:45,1350,,448,,
2025/4/9,19:00,1350,,413,,
2025/4/9,19:15,1350,,290,,
2025/4/9,19:30,1350,,234,,
2025/4/9,19:45,1350,,198,,
2025/4/9,20:00,1350,,198,,
2025/4/9,20:15,1350,,192,,
2025/4/9,20:30,1350,,184,,
2025/4/9,20:45,1350,,158,,
2025/4/9,21:00,1350,,152,,
2025/4/9,21:15,1350,,155,,
2025/4/9,21:30,1350,,152,,
2025/4/9,21:45,1350,,130,,
2025/4/9,22:00,1350,,131,,
2025/4/9,22:15,1350,,130,,
2025/4/9,22:30,1350,,122,,
2025/4/9,22:45,1350,,123,,
2025/4/9,23:00,1350,,128,,
2025/4/9,23:15,1350,,122,,
2025/4/9,23:30,1350,,120,,
2025/4/9,23:45,1350,,128,,
2025/4/10,00:00,1350,,123,,
2025/4/10,00:15,1350,,,,120
2025/4/10,00:30,1350,,,,118
2025/4/10,00:45,1350,,,,123
2025/4/10,01:00,1350,,,,122
2025/4/10,01:15,1350,,,,117
2025/4/10,01:30,1350,,,,118
2025/4/10,01:45,1350,,,,114
2025/4/10,02:00,1350,,,,112
2025/4/10,02:15,1350,,,,114
2025/4/10,02:30,1350,,,,112
2025/4/10,02:45,1350,,,,114
2025/4/10,03:00,1350,,,,107
2025/4/10,03:15,1350,,,,110
2025/4/10,03:30,1350,,,,109
2025/4/10,03:45,1350,,,,109
2025/4/10,04:00,1350,,,,109
2025/4/10,04:15,1350,,,,112
2025/4/10,04:30,1350,,,,107
2025/4/10,04:45,1350,,,,109
2025/4/10,05:00,1350,,,,114
2025/4/10,05:15,1350,,,,110
2025/4/10,05:30,1350,,,,107
2025/4/10,05:45,1350,,,,110
2025/4/10,06:00,1350,,,,109
2025/4/10,06:15,1350,,105,,
2025/4/10,06:30,1350,,109,,
2025/4/10,06:45,1350,,150,,
2025/4/10,07:00,1350,,173,,
2025/4/10,07:15,1350,,242,,
2025/4/10,07:30,1350,,316,,
2025/4/10,07:45,1350,,338,,
2025/4/10,08:00,1350,,322,,
2025/4/10,08:15,1350,,613,,
2025/4/10,08:30,1350,,841,,
2025/4/10,08:45,1350,,870,,
2025/4/10,09:00,1350,,862,,
2025/4/10,09:15,1350,,877,,
2025/4/10,09:30,1350,,934,,
2025/4/10,09:45,1350,,931,,
2025/4/10,10:00,1350,,702,,
2025/4/10,10:15,1350,,763,,
2025/4/10,10:30,1350,,995,,
2025/4/10,10:45,1350,,1061,,
2025/4/10,11:00,1350,,1088,,
2025/4/10,11:15,1350,,,,1066
2025/4/10,11:30,1350,,,,1106
2025/4/10,11:45,1350,,,,1107
2025/4/10,12:00,1350,,,,882
2025/4/10,12:15,1350,,,,549
2025/4/10,12:30,1350,,,,511
2025/4/10,12:45,1350,,,,537
2025/4/10,13:00,1350,,,,887
2025/4/10,13:15,1350,,,,977
2025/4/10,13:30,1350,,,,957
2025/4/10,13:45,1350,,,,989
2025/4/10,14:00,1350,,,,998
2025/4/10,14:15,1350,,1046,,
2025/4/10,14:30,1350,,1045,,
2025/4/10,14:45,1350,,1055,,
2025/4/10,15:00,1350,,992,,
2025/4/10,15:15,1350,,1037,,
2025/4/10,15:30,1350,,1011,,
2025/4/10,15:45,1350,,944,,
2025/4/10,16:00,1350,,1020,,
2025/4/10,16:15,1350,,966,,
2025/4/10,16:30,1350,,900,,
2025/4/10,16:45,1350,,781,,
2025/4/10,17:00,1350,,653,,
2025/4/10,17:15,1350,,624,,
2025/4/10,17:30,1350,,612,,
2025/4/10,17:45,1350,,576,,
2025/4/10,18:00,1350,,570,,
2025/4/10,18:15,1350,,543,,
2025/4/10,18:30,1350,,522,,
2025/4/10,18:45,1350,,531,,
2025/4/10,19:00,1350,,510,,
2025/4/10,19:15,1350,,434,,
2025/4/10,19:30,1350,,357,,
2025/4/10,19:45,1350,,320,,
2025/4/10,20:00,1350,,323,,
2025/4/10,20:15,1350,,320,,
2025/4/10,20:30,1350,,312,,
2025/4/10,20:45,1350,,312,,
2025/4/10,21:00,1350,,315,,
2025/4/10,21:15,1350,,296,,
2025/4/10,21:30,1350,,302,,
2025/4/10,21:45,1350,,318,,
2025/4/10,22:00,1350,,326,,
2025/4/10,22:15,1350,,306,,
2025/4/10,22:30,1350,,275,,
2025/4/10,22:45,1350,,288,,
2025/4/10,23:00,1350,,290,,
2025/4/10,23:15,1350,,282,,
2025/4/10,23:30,1350,,277,,
2025/4/10,23:45,1350,,259,,
2025/4/11,00:00,1350,,253,,
2025/4/11,00:15,1350,,,,237
2025/4/11,00:30,1350,,,,213
2025/4/11,00:45,1350,,,,206
2025/4/11,01:00,1350,,,,168
2025/4/11,01:15,1350,,,,152
2025/4/11,01:30,1350,,,,138
2025/4/11,01:45,1350,,,,125
2025/4/11,02:00,1350,,,,104
2025/4/11,02:15,1350,,,,110
2025/4/11,02:30,1350,,,,107
2025/4/11,02:45,1350,,,,101
2025/4/11,03:00,1350,,,,104
2025/4/11,03:15,1350,,,,147
2025/4/11,03:30,1350,,,,163
2025/4/11,03:45,1350,,,,144
2025/4/11,04:00,1350,,,,138
2025/4/11,04:15,1350,,,,136
2025/4/11,04:30,1350,,,,134
2025/4/11,04:45,1350,,,,144
2025/4/11,05:00,1350,,,,146
2025/4/11,05:15,1350,,,,142
2025/4/11,05:30,1350,,,,144
2025/4/11,05:45,1350,,,,155
2025/4/11,06:00,1350,,,,152
2025/4/11,06:15,1350,,157,,
2025/4/11,06:30,1350,,157,,
2025/4/11,06:45,1350,,184,,
2025/4/11,07:00,1350,,239,,
2025/4/11,07:15,1350,,223,,
2025/4/11,07:30,1350,,253,,
2025/4/11,07:45,1350,,286,,
2025/4/11,08:00,1350,,343,,
2025/4/11,08:15,1350,,719,,
2025/4/11,08:30,1350,,998,,
2025/4/11,08:45,1350,,1000,,
2025/4/11,09:00,1350,,1025,,
2025/4/11,09:15,1350,,996,,
2025/4/11,09:30,1350,,937,,
2025/4/11,09:45,1350,,999,,
2025/4/11,10:00,1350,,972,,
2025/4/11,10:15,1350,,1005,,
2025/4/11,10:30,1350,,1011,,
2025/4/11,10:45,1350,,1015,,
2025/4/11,11:00,1350,,1010,,
2025/4/11,11:15,1350,,,,993
2025/4/11,11:30,1350,,,,1025
2025/4/11,11:45,1350,,,,1030
2025/4/11,12:00,1350,,,,878
2025/4/11,12:15,1350,,,,532
2025/4/11,12:30,1350,,,,532
2025/4/11,12:45,1350,,,,540
2025/4/11,13:00,1350,,,,937
2025/4/11,13:15,1350,,,,1026
2025/4/11,13:30,1350,,,,1075
2025/4/11,13:45,1350,,,,1104
2025/4/11,14:00,1350,,,,1106
2025/4/11,14:15,1350,,1066,,
2025/4/11,14:30,1350,,886,,
2025/4/11,14:45,1350,,1037,,
2025/4/11,15:00,1350,,1012,,
2025/4/11,15:15,1350,,1045,,
2025/4/11,15:30,1350,,932,,
2025/4/11,15:45,1350,,769,,
2025/4/11,16:00,1350,,683,,
2025/4/11,16:15,1350,,719,,
2025/4/11,16:30,1350,,853,,
2025/4/11,16:45,1350,,684,,
2025/4/11,17:00,1350,,660,,
2025/4/11,17:15,1350,,613,,
2025/4/11,17:30,1350,,569,,
2025/4/11,17:45,1350,,583,,
2025/4/11,18:00,1350,,543,,
2025/4/11,18:15,1350,,531,,
2025/4/11,18:30,1350,,539,,
2025/4/11,18:45,1350,,520,,
2025/4/11,19:00,1350,,491,,
2025/4/11,19:15,1350,,456,,
2025/4/11,19:30,1350,,405,,
2025/4/11,19:45,1350,,395,,
2025/4/11,20:00,1350,,432,,
2025/4/11,20:15,1350,,442,,
2025/4/11,20:30,1350,,323,,
2025/4/11,20:45,1350,,253,,
2025/4/11,21:00,1350,,246,,
2025/4/11,21:15,1350,,214,,
2025/4/11,21:30,1350,,168,,
2025/4/11,21:45,1350,,149,,
2025/4/11,22:00,1350,,144,,
2025/4/11,22:15,1350,,147,,
2025/4/11,22:30,1350,,147,,
2025/4/11,22:45,1350,,146,,
2025/4/11,23:00,1350,,146,,
2025/4/11,23:15,1350,,134,,
2025/4/11,23:30,1350,,122,,
2025/4/11,23:45,1350,,120,,
2025/4/12,00:00,1350,,128,,
2025/4/12,00:15,1350,,,,125
2025/4/12,00:30,1350,,,,117
2025/4/12,00:45,1350,,,,122
2025/4/12,01:00,1350,,,,120
2025/4/12,01:15,1350,,,,122
2025/4/12,01:30,1350,,,,115
2025/4/12,01:45,1350,,,,109
2025/4/12,02:00,1350,,,,118
2025/4/12,02:15,1350,,,,114
2025/4/12,02:30,1350,,,,107
2025/4/12,02:45,1350,,,,110
2025/4/12,03:00,1350,,,,112
2025/4/12,03:15,1350,,,,112
2025/4/12,03:30,1350,,,,107
2025/4/12,03:45,1350,,,,114
2025/4/12,04:00,1350,,,,110
2025/4/12,04:15,1350,,,,109
2025/4/12,04:30,1350,,,,107
2025/4/12,04:45,1350,,,,117
2025/4/12,05:00,1350,,,,112
2025/4/12,05:15,1350,,,,112
2025/4/12,05:30,1350,,,,131
2025/4/12,05:45,1350,,,,131
2025/4/12,06:00,1350,,,,141
2025/4/12,06:15,1350,,,171,
2025/4/12,06:30,1350,,,175,
2025/4/12,06:45,1350,,,175,
2025/4/12,07:00,1350,,,189,
2025/4/12,07:15,1350,,,194,
2025/4/12,07:30,1350,,,211,
2025/4/12,07:45,1350,,,216,
2025/4/12,08:00,1350,,,233,
2025/4/12,08:15,1350,,,264,
2025/4/12,08:30,1350,,,270,
2025/4/12,08:45,1350,,,295,
2025/4/12,09:00,1350,,,293,
2025/4/12,09:15,1350,,,297,
2025/4/12,09:30,1350,,,339,
2025/4/12,09:45,1350,,,332,
2025/4/12,10:00,1350,,,307,
2025/4/12,10:15,1350,,,297,
2025/4/12,10:30,1350,,,306,
2025/4/12,10:45,1350,,,292,
2025/4/12,11:00,1350,,,292,
2025/4/12,11:15,1350,,,,359
2025/4/12,11:30,1350,,,,309
2025/4/12,11:45,1350,,,,300
2025/4/12,12:00,1350,,,,304
2025/4/12,12:15,1350,,,,320
2025/4/12,12:30,1350,,,,324
2025/4/12,12:45,1350,,,,310
2025/4/12,13:00,1350,,,,281
2025/4/12,13:15,1350,,,,272
2025/4/12,13:30,1350,,,,243
2025/4/12,13:45,1350,,,,245
2025/4/12,14:00,1350,,,,240
2025/4/12,14:15,1350,,,232,
2025/4/12,14:30,1350,,,234,
2025/4/12,14:45,1350,,,234,
2025/4/12,15:00,1350,,,228,
2025/4/12,15:15,1350,,,213,
2025/4/12,15:30,1350,,,156,
2025/4/12,15:45,1350,,,150,
2025/4/12,16:00,1350,,,145,
2025/4/12,16:15,1350,,,135,
2025/4/12,16:30,1350,,,124,
2025/4/12,16:45,1350,,,111,
2025/4/12,17:00,1350,,,100,
2025/4/12,17:15,1350,,,84,
2025/4/12,17:30,1350,,,81,
2025/4/12,17:45,1350,,,81,
2025/4/12,18:00,1350,,,105,
2025/4/12,18:15,1350,,,94,
2025/4/12,18:30,1350,,,93,
2025/4/12,18:45,1350,,,93,
2025/4/12,19:00,1350,,,94,
2025/4/12,19:15,1350,,,93,
2025/4/12,19:30,1350,,,96,
2025/4/12,19:45,1350,,,85,
2025/4/12,20:00,1350,,,93,
2025/4/12,20:15,1350,,,88,
2025/4/12,20:30,1350,,,88,
2025/4/12,20:45,1350,,,90,
2025/4/12,21:00,1350,,,91,
2025/4/12,21:15,1350,,,91,
2025/4/12,21:30,1350,,,90,
2025/4/12,21:45,1350,,,90,
2025/4/12,22:00,1350,,,88,
2025/4/12,22:15,1350,,,90,
2025/4/12,22:30,1350,,,91,
2025/4/12,22:45,1350,,,90,
2025/4/12,23:00,1350,,,93,
2025/4/12,23:15,1350,,,88,
2025/4/12,23:30,1350,,,90,
2025/4/12,23:45,1350,,,86,
2025/4/13,00:00,1350,,,86,
2025/4/13,00:15,1350,,,,77
2025/4/13,00:30,1350,,,,74
2025/4/13,00:45,1350,,,,69
2025/4/13,01:00,1350,,,,62
2025/4/13,01:15,1350,,,,61
2025/4/13,01:30,1350,,,,62
2025/4/13,01:45,1350,,,,53
2025/4/13,02:00,1350,,,,54
2025/4/13,02:15,1350,,,,54
2025/4/13,02:30,1350,,,,53
2025/4/13,02:45,1350,,,,54
2025/4/13,03:00,1350,,,,54
2025/4/13,03:15,1350,,,,53
2025/4/13,03:30,1350,,,,51
2025/4/13,03:45,1350,,,,53
2025/4/13,04:00,1350,,,,53
2025/4/13,04:15,1350,,,,53
2025/4/13,04:30,1350,,,,54
2025/4/13,04:45,1350,,,,53
2025/4/13,05:00,1350,,,,56
2025/4/13,05:15,1350,,,,56
2025/4/13,05:30,1350,,,,51
2025/4/13,05:45,1350,,,,53
2025/4/13,06:00,1350,,,,53
2025/4/13,06:15,1350,,,,54
2025/4/13,06:30,1350,,,,51
2025/4/13,06:45,1350,,,,55
2025/4/13,07:00,1350,,,,55
2025/4/13,07:15,1350,,,,52
2025/4/13,07:30,1350,,,,54
2025/4/13,07:45,1350,,,,52
2025/4/13,08:00,1350,,,,53
2025/4/13,08:15,1350,,,,58
2025/4/13,08:30,1350,,,,57
2025/4/13,08:45,1350,,,,61
2025/4/13,09:00,1350,,,,54
2025/4/13,09:15,1350,,,,59
2025/4/13,09:30,1350,,,,56
2025/4/13,09:45,1350,,,,56
2025/4/13,10:00,1350,,,,64
2025/4/13,10:15,1350,,,,62
2025/4/13,10:30,1350,,,,59
2025/4/13,10:45,1350,,,,61
2025/4/13,11:00,1350,,,,58
2025/4/13,11:15,1350,,,,58
2025/4/13,11:30,1350,,,,65
2025/4/13,11:45,1350,,,,66
2025/4/13,12:00,1350,,,,57
2025/4/13,12:15,1350,,,,64
2025/4/13,12:30,1350,,,,63
2025/4/13,12:45,1350,,,,63
2025/4/13,13:00,1350,,,,65
2025/4/13,13:15,1350,,,,66
2025/4/13,13:30,1350,,,,69
2025/4/13,13:45,1350,,,,63
2025/4/13,14:00,1350,,,,66
2025/4/13,14:15,1350,,,,61
2025/4/13,14:30,1350,,,,68
2025/4/13,14:45,1350,,,,65
2025/4/13,15:00,1350,,,,57
2025/4/13,15:15,1350,,,,64
2025/4/13,15:30,1350,,,,58
2025/4/13,15:45,1350,,,,62
2025/4/13,16:00,1350,,,,64
2025/4/13,16:15,1350,,,,60
2025/4/13,16:30,1350,,,,64
2025/4/13,16:45,1350,,,,60
2025/4/13,17:00,1350,,,,56
2025/4/13,17:15,1350,,,,64
2025/4/13,17:30,1350,,,,57
2025/4/13,17:45,1350,,,,60
2025/4/13,18:00,1350,,,,55
2025/4/13,18:15,1350,,,,54
2025/4/13,18:30,1350,,,,61
2025/4/13,18:45,1350,,,,54
2025/4/13,19:00,1350,,,,58
2025/4/13,19:15,1350,,,,59
2025/4/13,19:30,1350,,,,53
2025/4/13,19:45,1350,,,,61
2025/4/13,20:00,1350,,,,56
2025/4/13,20:15,1350,,,,56
2025/4/13,20:30,1350,,,,59
2025/4/13,20:45,1350,,,,54
2025/4/13,21:00,1350,,,,58
2025/4/13,21:15,1350,,,,54
2025/4/13,21:30,1350,,,,59
2025/4/13,21:45,1350,,,,54
2025/4/13,22:00,1350,,,,56
2025/4/13,22:15,1350,,,,61
2025/4/13,22:30,1350,,,,53
2025/4/13,22:45,1350,,,,59
2025/4/13,23:00,1350,,,,59
2025/4/13,23:15,1350,,,,56
2025/4/13,23:30,1350,,,,58
2025/4/13,23:45,1350,,,,59
2025/4/14,00:00,1350,,,,53
2025/4/14,00:15,1350,,,,58
2025/4/14,00:30,1350,,,,59
2025/4/14,00:45,1350,,,,54
2025/4/14,01:00,1350,,,,59
2025/4/14,01:15,1350,,,,58
2025/4/14,01:30,1350,,,,53
2025/4/14,01:45,1350,,,,58
2025/4/14,02:00,1350,,,,59
2025/4/14,02:15,1350,,,,56
2025/4/14,02:30,1350,,,,59
2025/4/14,02:45,1350,,,,54
2025/4/14,03:00,1350,,,,56
2025/4/14,03:15,1350,,,,58
2025/4/14,03:30,1350,,,,53
2025/4/14,03:45,1350,,,,56
2025/4/14,04:00,1350,,,,59
2025/4/14,04:15,1350,,,,51
2025/4/14,04:30,1350,,,,59
2025/4/14,04:45,1350,,,,51
2025/4/14,05:00,1350,,,,62
2025/4/14,05:15,1350,,,,59
2025/4/14,05:30,1350,,,,54
2025/4/14,05:45,1350,,,,58
2025/4/14,06:00,1350,,,,53
2025/4/14,06:15,1350,,60,,
2025/4/14,06:30,1350,,53,,
2025/4/14,06:45,1350,,72,,
2025/4/14,07:00,1350,,89,,
2025/4/14,07:15,1350,,125,,
2025/4/14,07:30,1350,,205,,
2025/4/14,07:45,1350,,223,,
2025/4/14,08:00,1350,,280,,
2025/4/14,08:15,1350,,637,,
2025/4/14,08:30,1350,,761,,
2025/4/14,08:45,1350,,760,,
2025/4/14,09:00,1350,,852,,
2025/4/14,09:15,1350,,876,,
2025/4/14,09:30,1350,,816,,
2025/4/14,09:45,1350,,737,,
2025/4/14,10:00,1350,,752,,
2025/4/14,10:15,1350,,726,,
2025/4/14,10:30,1350,,848,,
2025/4/14,10:45,1350,,850,,
2025/4/14,11:00,1350,,957,,
2025/4/14,11:15,1350,,,,963
2025/4/14,11:30,1350,,,,1020
2025/4/14,11:45,1350,,,,894
2025/4/14,12:00,1350,,,,720
2025/4/14,12:15,1350,,,,551
2025/4/14,12:30,1350,,,,487
2025/4/14,12:45,1350,,,,502
2025/4/14,13:00,1350,,,,763
2025/4/14,13:15,1350,,,,862
2025/4/14,13:30,1350,,,,825
2025/4/14,13:45,1350,,,,836
2025/4/14,14:00,1350,,,,1001
2025/4/14,14:15,1350,,1014,,
2025/4/14,14:30,1350,,975,,
2025/4/14,14:45,1350,,1015,,
2025/4/14,15:00,1350,,984,,
2025/4/14,15:15,1350,,973,,
2025/4/14,15:30,1350,,978,,
2025/4/14,15:45,1350,,984,,
2025/4/14,16:00,1350,,961,,
2025/4/14,16:15,1350,,873,,
2025/4/14,16:30,1350,,813,,
2025/4/14,16:45,1350,,878,,
2025/4/14,17:00,1350,,737,,
2025/4/14,17:15,1350,,661,,
2025/4/14,17:30,1350,,673,,
2025/4/14,17:45,1350,,692,,
2025/4/14,18:00,1350,,613,,
2025/4/14,18:15,1350,,536,,
2025/4/14,18:30,1350,,544,,
2025/4/14,18:45,1350,,557,,
2025/4/14,19:00,1350,,493,,
2025/4/14,19:15,1350,,486,,
2025/4/14,19:30,1350,,416,,
2025/4/14,19:45,1350,,358,,
2025/4/14,20:00,1350,,342,,
2025/4/14,20:15,1350,,315,,
2025/4/14,20:30,1350,,310,,
2025/4/14,20:45,1350,,302,,
2025/4/14,21:00,1350,,298,,
2025/4/14,21:15,1350,,293,,
2025/4/14,21:30,1350,,294,,
2025/4/14,21:45,1350,,291,,
2025/4/14,22:00,1350,,285,,
2025/4/14,22:15,1350,,269,,
2025/4/14,22:30,1350,,259,,
2025/4/14,22:45,1350,,254,,
2025/4/14,23:00,1350,,269,,
2025/4/14,23:15,1350,,261,,
2025/4/14,23:30,1350,,173,,
2025/4/14,23:45,1350,,154,,
2025/4/15,00:00,1350,,144,,
2025/4/15,00:15,1350,,,,142
2025/4/15,00:30,1350,,,,141
2025/4/15,00:45,1350,,,,138
2025/4/15,01:00,1350,,,,138
2025/4/15,01:15,1350,,,,133
2025/4/15,01:30,1350,,,,133
2025/4/15,01:45,1350,,,,126
2025/4/15,02:00,1350,,,,130
2025/4/15,02:15,1350,,,,117
2025/4/15,02:30,1350,,,,117
2025/4/15,02:45,1350,,,,117
2025/4/15,03:00,1350,,,,117
2025/4/15,03:15,1350,,,,117
2025/4/15,03:30,1350,,,,115
2025/4/15,03:45,1350,,,,112
2025/4/15,04:00,1350,,,,173
2025/4/15,04:15,1350,,,,160
2025/4/15,04:30,1350,,,,149
2025/4/15,04:45,1350,,,,146
2025/4/15,05:00,1350,,,,165
2025/4/15,05:15,1350,,,,165
2025/4/15,05:30,1350,,,,152
2025/4/15,05:45,1350,,,,147
2025/4/15,06:00,1350,,,,150
2025/4/15,06:15,1350,,153,,
2025/4/15,06:30,1350,,209,,
2025/4/15,06:45,1350,,216,,
2025/4/15,07:00,1350,,223,,
2025/4/15,07:15,1350,,222,,
2025/4/15,07:30,1350,,254,,
2025/4/15,07:45,1350,,277,,
2025/4/15,08:00,1350,,389,,
2025/4/15,08:15,1350,,750,,
2025/4/15,08:30,1350,,946,,
2025/4/15,08:45,1350,,921,,
2025/4/15,09:00,1350,,803,,
2025/4/15,09:15,1350,,916,,
2025/4/15,09:30,1350,,947,,
2025/4/15,09:45,1350,,876,,
2025/4/15,10:00,1350,,907,,
2025/4/15,10:15,1350,,931,,
2025/4/15,10:30,1350,,946,,
2025/4/15,10:45,1350,,961,,
2025/4/15,11:00,1350,,1041,,
2025/4/15,11:15,1350,,,,981
2025/4/15,11:30,1350,,,,1002
2025/4/15,11:45,1350,,,,1020
2025/4/15,12:00,1350,,,,896
2025/4/15,12:15,1350,,,,619
2025/4/15,12:30,1350,,,,610
2025/4/15,12:45,1350,,,,591
2025/4/15,13:00,1350,,,,805
2025/4/15,13:15,1350,,,,961
2025/4/15,13:30,1350,,,,971
2025/4/15,13:45,1350,,,,1029
2025/4/15,14:00,1350,,,,989
2025/4/15,14:15,1350,,918,,
2025/4/15,14:30,1350,,925,,
2025/4/15,14:45,1350,,908,,
2025/4/15,15:00,1350,,896,,
2025/4/15,15:15,1350,,875,,
2025/4/15,15:30,1350,,874,,
2025/4/15,15:45,1350,,856,,
2025/4/15,16:00,1350,,888,,
2025/4/15,16:15,1350,,886,,
2025/4/15,16:30,1350,,939,,
2025/4/15,16:45,1350,,829,,
2025/4/15,17:00,1350,,790,,
2025/4/15,17:15,1350,,540,,
2025/4/15,17:30,1350,,524,,
2025/4/15,17:45,1350,,746,,
2025/4/15,18:00,1350,,852,,
2025/4/15,18:15,1350,,816,,
2025/4/15,18:30,1350,,649,,
2025/4/15,18:45,1350,,682,,
2025/4/15,19:00,1350,,611,,
2025/4/15,19:15,1350,,488,,
2025/4/15,19:30,1350,,322,,
2025/4/15,19:45,1350,,216,,
2025/4/15,20:00,1350,,170,,
2025/4/15,20:15,1350,,154,,
2025/4/15,20:30,1350,,155,,
2025/4/15,20:45,1350,,146,,
2025/4/15,21:00,1350,,134,,
2025/4/15,21:15,1350,,136,,
2025/4/15,21:30,1350,,134,,
2025/4/15,21:45,1350,,117,,
2025/4/15,22:00,1350,,112,,
2025/4/15,22:15,1350,,117,,
2025/4/15,22:30,1350,,109,,
2025/4/15,22:45,1350,,110,,
2025/4/15,23:00,1350,,114,,
2025/4/15,23:15,1350,,115,,
2025/4/15,23:30,1350,,112,,
2025/4/15,23:45,1350,,109,,
2025/4/16,00:00,1350,,110,,
2025/4/16,00:15,1350,,,,104
2025/4/16,00:30,1350,,,,104
2025/4/16,00:45,1350,,,,106
2025/4/16,01:00,1350,,,,104
2025/4/16,01:15,1350,,,,102
2025/4/16,01:30,1350,,,,104
2025/4/16,01:45,1350,,,,99
2025/4/16,02:00,1350,,,,101
2025/4/16,02:15,1350,,,,101
2025/4/16,02:30,1350,,,,99
2025/4/16,02:45,1350,,,,106
2025/4/16,03:00,1350,,,,166
2025/4/16,03:15,1350,,,,163
2025/4/16,03:30,1350,,,,162
2025/4/16,03:45,1350,,,,154
2025/4/16,04:00,1350,,,,147
2025/4/16,04:15,1350,,,,147
2025/4/16,04:30,1350,,,,149
2025/4/16,04:45,1350,,,,141
2025/4/16,05:00,1350,,,,144
2025/4/16,05:15,1350,,,,139
2025/4/16,05:30,1350,,,,134
2025/4/16,05:45,1350,,,,135
2025/4/16,06:00,1350,,,,135
2025/4/16,06:15,1350,,134,,
2025/4/16,06:30,1350,,134,,
2025/4/16,06:45,1350,,137,,
2025/4/16,07:00,1350,,139,,
2025/4/16,07:15,1350,,117,,
2025/4/16,07:30,1350,,184,,
2025/4/16,07:45,1350,,235,,
2025/4/16,08:00,1350,,302,,
2025/4/16,08:15,1350,,691,,
2025/4/16,08:30,1350,,836,,
2025/4/16,08:45,1350,,909,,
2025/4/16,09:00,1350,,948,,
2025/4/16,09:15,1350,,980,,
2025/4/16,09:30,1350,,1041,,
2025/4/16,09:45,1350,,1040,,
2025/4/16,10:00,1350,,1024,,
2025/4/16,10:15,1350,,1066,,
2025/4/16,10:30,1350,,1079,,
2025/4/16,10:45,1350,,1065,,
2025/4/16,11:00,1350,,866,,
2025/4/16,11:15,1350,,,,858
2025/4/16,11:30,1350,,,,952
2025/4/16,11:45,1350,,,,920
2025/4/16,12:00,1350,,,,780
2025/4/16,12:15,1350,,,,597
2025/4/16,12:30,1350,,,,539
2025/4/16,12:45,1350,,,,514
2025/4/16,13:00,1350,,,,736
2025/4/16,13:15,1350,,,,821
2025/4/16,13:30,1350,,,,764
2025/4/16,13:45,1350,,,,810
2025/4/16,14:00,1350,,,,852
2025/4/16,14:15,1350,,708,,
2025/4/16,14:30,1350,,704,,
2025/4/16,14:45,1350,,803,,
2025/4/16,15:00,1350,,714,,
2025/4/16,15:15,1350,,740,,
2025/4/16,15:30,1350,,841,,
2025/4/16,15:45,1350,,844,,
2025/4/16,16:00,1350,,727,,
2025/4/16,16:15,1350,,745,,
2025/4/16,16:30,1350,,742,,
2025/4/16,16:45,1350,,679,,
2025/4/16,17:00,1350,,573,,
2025/4/16,17:15,1350,,456,,
2025/4/16,17:30,1350,,449,,
2025/4/16,17:45,1350,,547,,
2025/4/16,18:00,1350,,576,,
2025/4/16,18:15,1350,,482,,
2025/4/16,18:30,1350,,471,,
2025/4/16,18:45,1350,,413,,
2025/4/16,19:00,1350,,381,,
2025/4/16,19:15,1350,,363,,
2025/4/16,19:30,1350,,218,,
2025/4/16,19:45,1350,,165,,
2025/4/16,20:00,1350,,163,,
2025/4/16,20:15,1350,,165,,
2025/4/16,20:30,1350,,147,,
2025/4/16,20:45,1350,,146,,
2025/4/16,21:00,1350,,136,,
2025/4/16,21:15,1350,,131,,
2025/4/16,21:30,1350,,128,,
2025/4/16,21:45,1350,,115,,
2025/4/16,22:00,1350,,118,,
2025/4/16,22:15,1350,,118,,
2025/4/16,22:30,1350,,112,,
2025/4/16,22:45,1350,,118,,
2025/4/16,23:00,1350,,114,,
2025/4/16,23:15,1350,,112,,
2025/4/16,23:30,1350,,107,,
2025/4/16,23:45,1350,,110,,
2025/4/17,00:00,1350,,109,,
2025/4/17,00:15,1350,,,,112
2025/4/17,00:30,1350,,,,110
2025/4/17,00:45,1350,,,,107
2025/4/17,01:00,1350,,,,109
2025/4/17,01:15,1350,,,,109
2025/4/17,01:30,1350,,,,107
2025/4/17,01:45,1350,,,,104
2025/4/17,02:00,1350,,,,104
2025/4/17,02:15,1350,,,,104
2025/4/17,02:30,1350,,,,104
2025/4/17,02:45,1350,,,,165
2025/4/17,03:00,1350,,,,166
2025/4/17,03:15,1350,,,,168
2025/4/17,03:30,1350,,,,166
2025/4/17,03:45,1350,,,,157
2025/4/17,04:00,1350,,,,150
2025/4/17,04:15,1350,,,,147
2025/4/17,04:30,1350,,,,139
2025/4/17,04:45,1350,,,,134
2025/4/17,05:00,1350,,,,138
2025/4/17,05:15,1350,,,,134
2025/4/17,05:30,1350,,,,131
2025/4/17,05:45,1350,,,,130
2025/4/17,06:00,1350,,,,131
2025/4/17,06:15,1350,,132,,
2025/4/17,06:30,1350,,131,,
2025/4/17,06:45,1350,,134,,
2025/4/17,07:00,1350,,123,,
2025/4/17,07:15,1350,,117,,
2025/4/17,07:30,1350,,150,,
2025/4/17,07:45,1350,,173,,
2025/4/17,08:00,1350,,233,,
2025/4/17,08:15,1350,,584,,
2025/4/17,08:30,1350,,716,,
2025/4/17,08:45,1350,,781,,
2025/4/17,09:00,1350,,777,,
2025/4/17,09:15,1350,,870,,
2025/4/17,09:30,1350,,847,,
2025/4/17,09:45,1350,,909,,
2025/4/17,10:00,1350,,831,,
2025/4/17,10:15,1350,,874,,
2025/4/17,10:30,1350,,938,,
2025/4/17,10:45,1350,,854,,
2025/4/17,11:00,1350,,874,,
2025/4/17,11:15,1350,,,,823
2025/4/17,11:30,1350,,,,857
2025/4/17,11:45,1350,,,,904
2025/4/17,12:00,1350,,,,708
2025/4/17,12:15,1350,,,,596
2025/4/17,12:30,1350,,,,591
2025/4/17,12:45,1350,,,,586
2025/4/17,13:00,1350,,,,767
2025/4/17,13:15,1350,,,,821
2025/4/17,13:30,1350,,,,757
2025/4/17,13:45,1350,,,,860
2025/4/17,14:00,1350,,,,861
2025/4/17,14:15,1350,,895,,
2025/4/17,14:30,1350,,944,,
2025/4/17,14:45,1350,,813,,
2025/4/17,15:00,1350,,787,,
2025/4/17,15:15,1350,,808,,
2025/4/17,15:30,1350,,785,,
2025/4/17,15:45,1350,,860,,
2025/4/17,16:00,1350,,817,,
2025/4/17,16:15,1350,,835,,
2025/4/17,16:30,1350,,838,,
2025/4/17,16:45,1350,,737,,
2025/4/17,17:00,1350,,536,,
2025/4/17,17:15,1350,,427,,
2025/4/17,17:30,1350,,396,,
2025/4/17,17:45,1350,,472,,
2025/4/17,18:00,1350,,594,,
2025/4/17,18:15,1350,,519,,
2025/4/17,18:30,1350,,492,,
2025/4/17,18:45,1350,,530,,
2025/4/17,19:00,1350,,451,,
2025/4/17,19:15,1350,,368,,
2025/4/17,19:30,1350,,274,,
2025/4/17,19:45,1350,,178,,
2025/4/17,20:00,1350,,182,,
2025/4/17,20:15,1350,,170,,
2025/4/17,20:30,1350,,157,,
2025/4/17,20:45,1350,,150,,
2025/4/17,21:00,1350,,146,,
2025/4/17,21:15,1350,,130,,
2025/4/17,21:30,1350,,125,,
2025/4/17,21:45,1350,,120,,
2025/4/17,22:00,1350,,123,,
2025/4/17,22:15,1350,,114,,
2025/4/17,22:30,1350,,120,,
2025/4/17,22:45,1350,,122,,
2025/4/17,23:00,1350,,125,,
2025/4/17,23:15,1350,,114,,
2025/4/17,23:30,1350,,114,,
2025/4/17,23:45,1350,,115,,
2025/4/18,00:00,1350,,110,,
2025/4/18,00:15,1350,,,,102
2025/4/18,00:30,1350,,,,102
2025/4/18,00:45,1350,,,,104
2025/4/18,01:00,1350,,,,110
2025/4/18,01:15,1350,,,,109
2025/4/18,01:30,1350,,,,104
2025/4/18,01:45,1350,,,,98
2025/4/18,02:00,1350,,,,98
2025/4/18,02:15,1350,,,,98
2025/4/18,02:30,1350,,,,99
2025/4/18,02:45,1350,,,,118
2025/4/18,03:00,1350,,,,134
2025/4/18,03:15,1350,,,,128
2025/4/18,03:30,1350,,,,128
2025/4/18,03:45,1350,,,,118
2025/4/18,04:00,1350,,,,117
2025/4/18,04:15,1350,,,,115
2025/4/18,04:30,1350,,,,120
2025/4/18,04:45,1350,,,,114
2025/4/18,05:00,1350,,,,115
2025/4/18,05:15,1350,,,,109
2025/4/18,05:30,1350,,,,104
2025/4/18,05:45,1350,,,,104
2025/4/18,06:00,1350,,,,103
2025/4/18,06:15,1350,,103,,
2025/4/18,06:30,1350,,104,,
2025/4/18,06:45,1350,,108,,
2025/4/18,07:00,1350,,114,,
2025/4/18,07:15,1350,,164,,
2025/4/18,07:30,1350,,233,,
2025/4/18,07:45,1350,,262,,
2025/4/18,08:00,1350,,287,,
2025/4/18,08:15,1350,,527,,
2025/4/18,08:30,1350,,687,,
2025/4/18,08:45,1350,,603,,
2025/4/18,09:00,1350,,547,,
2025/4/18,09:15,1350,,596,,
2025/4/18,09:30,1350,,615,,
2025/4/18,09:45,1350,,571,,
2025/4/18,10:00,1350,,534,,
2025/4/18,10:15,1350,,575,,
2025/4/18,10:30,1350,,677,,
2025/4/18,10:45,1350,,800,,
2025/4/18,11:00,1350,,896,,
2025/4/18,11:15,1350,,,,948
2025/4/18,11:30,1350,,,,917
2025/4/18,11:45,1350,,,,958
2025/4/18,12:00,1350,,,,826
2025/4/18,12:15,1350,,,,664
2025/4/18,12:30,1350,,,,648
2025/4/18,12:45,1350,,,,628
2025/4/18,13:00,1350,,,,779
2025/4/18,13:15,1350,,,,856
2025/4/18,13:30,1350,,,,853
2025/4/18,13:45,1350,,,,836
2025/4/18,14:00,1350,,,,851
2025/4/18,14:15,1350,,748,,
2025/4/18,14:30,1350,,761,,
2025/4/18,14:45,1350,,764,,
2025/4/18,15:00,1350,,631,,
2025/4/18,15:15,1350,,728,,
2025/4/18,15:30,1350,,724,,
2025/4/18,15:45,1350,,678,,
2025/4/18,16:00,1350,,733,,
2025/4/18,16:15,1350,,691,,
2025/4/18,16:30,1350,,795,,
2025/4/18,16:45,1350,,779,,
2025/4/18,17:00,1350,,590,,
2025/4/18,17:15,1350,,584,,
2025/4/18,17:30,1350,,531,,
2025/4/18,17:45,1350,,548,,
2025/4/18,18:00,1350,,527,,
2025/4/18,18:15,1350,,548,,
2025/4/18,18:30,1350,,504,,
2025/4/18,18:45,1350,,480,,
2025/4/18,19:00,1350,,394,,
2025/4/18,19:15,1350,,331,,
2025/4/18,19:30,1350,,213,,
2025/4/18,19:45,1350,,173,,
2025/4/18,20:00,1350,,163,,
2025/4/18,20:15,1350,,142,,
2025/4/18,20:30,1350,,136,,
2025/4/18,20:45,1350,,120,,
2025/4/18,21:00,1350,,110,,
2025/4/18,21:15,1350,,114,,
2025/4/18,21:30,1350,,122,,
2025/4/18,21:45,1350,,107,,
2025/4/18,22:00,1350,,102,,
2025/4/18,22:15,1350,,104,,
2025/4/18,22:30,1350,,104,,
2025/4/18,22:45,1350,,109,,
2025/4/18,23:00,1350,,101,,
2025/4/18,23:15,1350,,96,,
2025/4/18,23:30,1350,,98,,
2025/4/18,23:45,1350,,96,,
2025/4/19,00:00,1350,,91,,
2025/4/19,00:15,1350,,,,96
2025/4/19,00:30,1350,,,,96
2025/4/19,00:45,1350,,,,96
2025/4/19,01:00,1350,,,,96
2025/4/19,01:15,1350,,,,91
2025/4/19,01:30,1350,,,,93
2025/4/19,01:45,1350,,,,114
2025/4/19,02:00,1350,,,,120
2025/4/19,02:15,1350,,,,120
2025/4/19,02:30,1350,,,,115
2025/4/19,02:45,1350,,,,110
2025/4/19,03:00,1350,,,,107
2025/4/19,03:15,1350,,,,109
2025/4/19,03:30,1350,,,,106
2025/4/19,03:45,1350,,,,109
2025/4/19,04:00,1350,,,,109
2025/4/19,04:15,1350,,,,109
2025/4/19,04:30,1350,,,,106
2025/4/19,04:45,1350,,,,104
2025/4/19,05:00,1350,,,,107
2025/4/19,05:15,1350,,,,107
2025/4/19,05:30,1350,,,,104
2025/4/19,05:45,1350,,,,106
2025/4/19,06:00,1350,,,,102
2025/4/19,06:15,1350,,,103,
2025/4/19,06:30,1350,,,99,
2025/4/19,06:45,1350,,,92,
2025/4/19,07:00,1350,,,111,
2025/4/19,07:15,1350,,,119,
2025/4/19,07:30,1350,,,142,
2025/4/19,07:45,1350,,,160,
2025/4/19,08:00,1350,,,169,
2025/4/19,08:15,1350,,,285,
2025/4/19,08:30,1350,,,376,
2025/4/19,08:45,1350,,,425,
2025/4/19,09:00,1350,,,332,
2025/4/19,09:15,1350,,,389,
2025/4/19,09:30,1350,,,444,
2025/4/19,09:45,1350,,,374,
2025/4/19,10:00,1350,,,405,
2025/4/19,10:15,1350,,,378,
2025/4/19,10:30,1350,,,349,
2025/4/19,10:45,1350,,,399,
2025/4/19,11:00,1350,,,326,
2025/4/19,11:15,1350,,,,380
2025/4/19,11:30,1350,,,,335
2025/4/19,11:45,1350,,,,298
2025/4/19,12:00,1350,,,,265
2025/4/19,12:15,1350,,,,147
2025/4/19,12:30,1350,,,,154
2025/4/19,12:45,1350,,,,148
2025/4/19,13:00,1350,,,,239
2025/4/19,13:15,1350,,,,256
2025/4/19,13:30,1350,,,,279
2025/4/19,13:45,1350,,,,245
2025/4/19,14:00,1350,,,,297
2025/4/19,14:15,1350,,,227,
2025/4/19,14:30,1350,,,259,
2025/4/19,14:45,1350,,,286,
2025/4/19,15:00,1350,,,251,
2025/4/19,15:15,1350,,,342,
2025/4/19,15:30,1350,,,306,
2025/4/19,15:45,1350,,,305,
2025/4/19,16:00,1350,,,225,
2025/4/19,16:15,1350,,,196,
2025/4/19,16:30,1350,,,186,
2025/4/19,16:45,1350,,,179,
2025/4/19,17:00,1350,,,166,
2025/4/19,17:15,1350,,,88,
2025/4/19,17:30,1350,,,85,
2025/4/19,17:45,1350,,,78,
2025/4/19,18:00,1350,,,86,
2025/4/19,18:15,1350,,,87,
2025/4/19,18:30,1350,,,77,
2025/4/19,18:45,1350,,,82,
2025/4/19,19:00,1350,,,78,
2025/4/19,19:15,1350,,,86,
2025/4/19,19:30,1350,,,80,
2025/4/19,19:45,1350,,,82,
2025/4/19,20:00,1350,,,83,
2025/4/19,20:15,1350,,,86,
2025/4/19,20:30,1350,,,90,
2025/4/19,20:45,1350,,,83,
2025/4/19,21:00,1350,,,77,
2025/4/19,21:15,1350,,,75,
2025/4/19,21:30,1350,,,80,
2025/4/19,21:45,1350,,,74,
2025/4/19,22:00,1350,,,72,
2025/4/19,22:15,1350,,,70,
2025/4/19,22:30,1350,,,77,
2025/4/19,22:45,1350,,,75,
2025/4/19,23:00,1350,,,74,
2025/4/19,23:15,1350,,,74,
2025/4/19,23:30,1350,,,80,
2025/4/19,23:45,1350,,,75,
2025/4/20,00:00,1350,,,69,
2025/4/20,00:15,1350,,,,59
2025/4/20,00:30,1350,,,,69
2025/4/20,00:45,1350,,,,67
2025/4/20,01:00,1350,,,,61
2025/4/20,01:15,1350,,,,61
2025/4/20,01:30,1350,,,,69
2025/4/20,01:45,1350,,,,67
2025/4/20,02:00,1350,,,,70
2025/4/20,02:15,1350,,,,70
2025/4/20,02:30,1350,,,,72
2025/4/20,02:45,1350,,,,59
2025/4/20,03:00,1350,,,,54
2025/4/20,03:15,1350,,,,59
2025/4/20,03:30,1350,,,,58
2025/4/20,03:45,1350,,,,56
2025/4/20,04:00,1350,,,,58
2025/4/20,04:15,1350,,,,64
2025/4/20,04:30,1350,,,,56
2025/4/20,04:45,1350,,,,56
2025/4/20,05:00,1350,,,,61
2025/4/20,05:15,1350,,,,64
2025/4/20,05:30,1350,,,,54
2025/4/20,05:45,1350,,,,53
2025/4/20,06:00,1350,,,,59
2025/4/20,06:15,1350,,,,59
2025/4/20,06:30,1350,,,,53
2025/4/20,06:45,1350,,,,57
2025/4/20,07:00,1350,,,,64
2025/4/20,07:15,1350,,,,56
2025/4/20,07:30,1350,,,,57
2025/4/20,07:45,1350,,,,61
2025/4/20,08:00,1350,,,,70
2025/4/20,08:15,1350,,,,67
2025/4/20,08:30,1350,,,,64
2025/4/20,08:45,1350,,,,60
2025/4/20,09:00,1350,,,,67
2025/4/20,09:15,1350,,,,58
2025/4/20,09:30,1350,,,,60
2025/4/20,09:45,1350,,,,62
2025/4/20,10:00,1350,,,,67
2025/4/20,10:15,1350,,,,62
2025/4/20,10:30,1350,,,,62
2025/4/20,10:45,1350,,,,66
2025/4/20,11:00,1350,,,,68
2025/4/20,11:15,1350,,,,62
2025/4/20,11:30,1350,,,,61
2025/4/20,11:45,1350,,,,67
2025/4/20,12:00,1350,,,,68
2025/4/20,12:15,1350,,,,60
2025/4/20,12:30,1350,,,,61
2025/4/20,12:45,1350,,,,63
2025/4/20,13:00,1350,,,,68
2025/4/20,13:15,1350,,,,66
2025/4/20,13:30,1350,,,,71
2025/4/20,13:45,1350,,,,75
2025/4/20,14:00,1350,,,,73
2025/4/20,14:15,1350,,,,68
2025/4/20,14:30,1350,,,,63
2025/4/20,14:45,1350,,,,65
2025/4/20,15:00,1350,,,,67
2025/4/20,15:15,1350,,,,62
2025/4/20,15:30,1350,,,,62
2025/4/20,15:45,1350,,,,63
2025/4/20,16:00,1350,,,,75
2025/4/20,16:15,1350,,,,64
2025/4/20,16:30,1350,,,,62
2025/4/20,16:45,1350,,,,61
2025/4/20,17:00,1350,,,,67
2025/4/20,17:15,1350,,,,66
2025/4/20,17:30,1350,,,,63
2025/4/20,17:45,1350,,,,57
2025/4/20,18:00,1350,,,,64
2025/4/20,18:15,1350,,,,63
2025/4/20,18:30,1350,,,,56
2025/4/20,18:45,1350,,,,58
2025/4/20,19:00,1350,,,,64
2025/4/20,19:15,1350,,,,61
2025/4/20,19:30,1350,,,,62
2025/4/20,19:45,1350,,,,70
2025/4/20,20:00,1350,,,,62
2025/4/20,20:15,1350,,,,58
2025/4/20,20:30,1350,,,,62
2025/4/20,20:45,1350,,,,58
2025/4/20,21:00,1350,,,,58
2025/4/20,21:15,1350,,,,61
2025/4/20,21:30,1350,,,,56
2025/4/20,21:45,1350,,,,59
2025/4/20,22:00,1350,,,,59
2025/4/20,22:15,1350,,,,56
2025/4/20,22:30,1350,,,,61
2025/4/20,22:45,1350,,,,61
2025/4/20,23:00,1350,,,,54
2025/4/20,23:15,1350,,,,62
2025/4/20,23:30,1350,,,,58
2025/4/20,23:45,1350,,,,62
2025/4/21,00:00,1350,,,,59
2025/4/21,00:15,1350,,,,56
2025/4/21,00:30,1350,,,,64
2025/4/21,00:45,1350,,,,54
2025/4/21,01:00,1350,,,,61
2025/4/21,01:15,1350,,,,67
2025/4/21,01:30,1350,,,,62
2025/4/21,01:45,1350,,,,61
2025/4/21,02:00,1350,,,,64
2025/4/21,02:15,1350,,,,54
2025/4/21,02:30,1350,,,,61
2025/4/21,02:45,1350,,,,58
2025/4/21,03:00,1350,,,,54
2025/4/21,03:15,1350,,,,58
2025/4/21,03:30,1350,,,,61
2025/4/21,03:45,1350,,,,54
2025/4/21,04:00,1350,,,,58
2025/4/21,04:15,1350,,,,58
2025/4/21,04:30,1350,,,,54
2025/4/21,04:45,1350,,,,58
2025/4/21,05:00,1350,,,,64
2025/4/21,05:15,1350,,,,56
2025/4/21,05:30,1350,,,,58
2025/4/21,05:45,1350,,,,56
2025/4/21,06:00,1350,,,,60
2025/4/21,06:15,1350,,53,,
2025/4/21,06:30,1350,,55,,
2025/4/21,06:45,1350,,78,,
2025/4/21,07:00,1350,,96,,
2025/4/21,07:15,1350,,137,,
2025/4/21,07:30,1350,,173,,
2025/4/21,07:45,1350,,183,,
2025/4/21,08:00,1350,,247,,
2025/4/21,08:15,1350,,602,,
2025/4/21,08:30,1350,,873,,
2025/4/21,08:45,1350,,890,,
2025/4/21,09:00,1350,,885,,
2025/4/21,09:15,1350,,875,,
2025/4/21,09:30,1350,,902,,
2025/4/21,09:45,1350,,906,,
2025/4/21,10:00,1350,,883,,
2025/4/21,10:15,1350,,892,,
2025/4/21,10:30,1350,,916,,
2025/4/21,10:45,1350,,886,,
2025/4/21,11:00,1350,,870,,
2025/4/21,11:15,1350,,,,830
2025/4/21,11:30,1350,,,,840
2025/4/21,11:45,1350,,,,847
2025/4/21,12:00,1350,,,,632
2025/4/21,12:15,1350,,,,379
2025/4/21,12:30,1350,,,,397
2025/4/21,12:45,1350,,,,447
2025/4/21,13:00,1350,,,,681
2025/4/21,13:15,1350,,,,800
2025/4/21,13:30,1350,,,,818
2025/4/21,13:45,1350,,,,762
2025/4/21,14:00,1350,,,,853
2025/4/21,14:15,1350,,818,,
2025/4/21,14:30,1350,,859,,
2025/4/21,14:45,1350,,928,,
2025/4/21,15:00,1350,,763,,
2025/4/21,15:15,1350,,759,,
2025/4/21,15:30,1350,,767,,
2025/4/21,15:45,1350,,893,,
2025/4/21,16:00,1350,,872,,
2025/4/21,16:15,1350,,867,,
2025/4/21,16:30,1350,,825,,
2025/4/21,16:45,1350,,666,,
2025/4/21,17:00,1350,,507,,
2025/4/21,17:15,1350,,328,,
2025/4/21,17:30,1350,,304,,
2025/4/21,17:45,1350,,520,,
2025/4/21,18:00,1350,,657,,
2025/4/21,18:15,1350,,678,,
2025/4/21,18:30,1350,,632,,
2025/4/21,18:45,1350,,650,,
2025/4/21,19:00,1350,,635,,
2025/4/21,19:15,1350,,408,,
2025/4/21,19:30,1350,,186,,
2025/4/21,19:45,1350,,150,,
2025/4/21,20:00,1350,,155,,
2025/4/21,20:15,1350,,141,,
2025/4/21,20:30,1350,,138,,
2025/4/21,20:45,1350,,128,,
2025/4/21,21:00,1350,,125,,
2025/4/21,21:15,1350,,128,,
2025/4/21,21:30,1350,,112,,
2025/4/21,21:45,1350,,94,,
2025/4/21,22:00,1350,,93,,
2025/4/21,22:15,1350,,93,,
2025/4/21,22:30,1350,,94,,
2025/4/21,22:45,1350,,96,,
2025/4/21,23:00,1350,,98,,
2025/4/21,23:15,1350,,94,,
2025/4/21,23:30,1350,,88,,
2025/4/21,23:45,1350,,85,,
2025/4/22,00:00,1350,,85,,
2025/4/22,00:15,1350,,,,85
2025/4/22,00:30,1350,,,,90
2025/4/22,00:45,1350,,,,86
2025/4/22,01:00,1350,,,,83
2025/4/22,01:15,1350,,,,86
2025/4/22,01:30,1350,,,,85
2025/4/22,01:45,1350,,,,83
2025/4/22,02:00,1350,,,,86
2025/4/22,02:15,1350,,,,83
2025/4/22,02:30,1350,,,,85
2025/4/22,02:45,1350,,,,82
2025/4/22,03:00,1350,,,,83
2025/4/22,03:15,1350,,,,149
2025/4/22,03:30,1350,,,,152
2025/4/22,03:45,1350,,,,139
2025/4/22,04:00,1350,,,,138
2025/4/22,04:15,1350,,,,136
2025/4/22,04:30,1350,,,,134
2025/4/22,04:45,1350,,,,126
2025/4/22,05:00,1350,,,,126
2025/4/22,05:15,1350,,,,122
2025/4/22,05:30,1350,,,,117
2025/4/22,05:45,1350,,,,118
2025/4/22,06:00,1350,,,,116
2025/4/22,06:15,1350,,115,,
2025/4/22,06:30,1350,,116,,
2025/4/22,06:45,1350,,121,,
2025/4/22,07:00,1350,,125,,
2025/4/22,07:15,1350,,109,,
2025/4/22,07:30,1350,,169,,
2025/4/22,07:45,1350,,201,,
2025/4/22,08:00,1350,,255,,
2025/4/22,08:15,1350,,682,,
2025/4/22,08:30,1350,,953,,
2025/4/22,08:45,1350,,946,,
2025/4/22,09:00,1350,,941,,
2025/4/22,09:15,1350,,953,,
2025/4/22,09:30,1350,,964,,
2025/4/22,09:45,1350,,970,,
2025/4/22,10:00,1350,,904,,
2025/4/22,10:15,1350,,938,,
2025/4/22,10:30,1350,,1013,,
2025/4/22,10:45,1350,,1043,,
2025/4/22,11:00,1350,,1006,,
2025/4/22,11:15,1350,,,,952
2025/4/22,11:30,1350,,,,944
2025/4/22,11:45,1350,,,,881
2025/4/22,12:00,1350,,,,825
2025/4/22,12:15,1350,,,,494
2025/4/22,12:30,1350,,,,504
2025/4/22,12:45,1350,,,,520
2025/4/22,13:00,1350,,,,810
2025/4/22,13:15,1350,,,,872
2025/4/22,13:30,1350,,,,863
2025/4/22,13:45,1350,,,,780
2025/4/22,14:00,1350,,,,665
2025/4/22,14:15,1350,,655,,
2025/4/22,14:30,1350,,671,,
2025/4/22,14:45,1350,,589,,
2025/4/22,15:00,1350,,575,,
2025/4/22,15:15,1350,,693,,
2025/4/22,15:30,1350,,658,,
2025/4/22,15:45,1350,,696,,
2025/4/22,16:00,1350,,751,,
2025/4/22,16:15,1350,,612,,
2025/4/22,16:30,1350,,607,,
2025/4/22,16:45,1350,,648,,
2025/4/22,17:00,1350,,635,,
2025/4/22,17:15,1350,,441,,
2025/4/22,17:30,1350,,420,,
2025/4/22,17:45,1350,,470,,
2025/4/22,18:00,1350,,515,,
2025/4/22,18:15,1350,,543,,
2025/4/22,18:30,1350,,429,,
2025/4/22,18:45,1350,,448,,
2025/4/22,19:00,1350,,381,,
2025/4/22,19:15,1350,,272,,
2025/4/22,19:30,1350,,186,,
2025/4/22,19:45,1350,,149,,
2025/4/22,20:00,1350,,157,,
2025/4/22,20:15,1350,,152,,
2025/4/22,20:30,1350,,152,,
2025/4/22,20:45,1350,,146,,
2025/4/22,21:00,1350,,146,,
2025/4/22,21:15,1350,,146,,
2025/4/22,21:30,1350,,142,,
2025/4/22,21:45,1350,,130,,
2025/4/22,22:00,1350,,128,,
2025/4/22,22:15,1350,,117,,
2025/4/22,22:30,1350,,114,,
2025/4/22,22:45,1350,,114,,
2025/4/22,23:00,1350,,112,,
2025/4/22,23:15,1350,,112,,
2025/4/22,23:30,1350,,112,,
2025/4/22,23:45,1350,,112,,
2025/4/23,00:00,1350,,110,,
2025/4/23,00:15,1350,,,,114
2025/4/23,00:30,1350,,,,112
2025/4/23,00:45,1350,,,,107
2025/4/23,01:00,1350,,,,107
2025/4/23,01:15,1350,,,,107
2025/4/23,01:30,1350,,,,107
2025/4/23,01:45,1350,,,,107
2025/4/23,02:00,1350,,,,104
2025/4/23,02:15,1350,,,,99
2025/4/23,02:30,1350,,,,102
2025/4/23,02:45,1350,,,,94
2025/4/23,03:00,1350,,,,123
2025/4/23,03:15,1350,,,,149
2025/4/23,03:30,1350,,,,150
2025/4/23,03:45,1350,,,,139
2025/4/23,04:00,1350,,,,136
2025/4/23,04:15,1350,,,,130
2025/4/23,04:30,1350,,,,128
2025/4/23,04:45,1350,,,,123
2025/4/23,05:00,1350,,,,122
2025/4/23,05:15,1350,,,,122
2025/4/23,05:30,1350,,,,115
2025/4/23,05:45,1350,,,,114
2025/4/23,06:00,1350,,,,112
2025/4/23,06:15,1350,,115,,
2025/4/23,06:30,1350,,111,,
2025/4/23,06:45,1350,,121,,
2025/4/23,07:00,1350,,118,,
2025/4/23,07:15,1350,,179,,
2025/4/23,07:30,1350,,269,,
2025/4/23,07:45,1350,,282,,
2025/4/23,08:00,1350,,379,,
2025/4/23,08:15,1350,,741,,
2025/4/23,08:30,1350,,959,,
2025/4/23,08:45,1350,,965,,
2025/4/23,09:00,1350,,958,,
2025/4/23,09:15,1350,,1003,,
2025/4/23,09:30,1350,,1017,,
2025/4/23,09:45,1350,,988,,
2025/4/23,10:00,1350,,928,,
2025/4/23,10:15,1350,,993,,
2025/4/23,10:30,1350,,952,,
2025/4/23,10:45,1350,,784,,
2025/4/23,11:00,1350,,739,,
2025/4/23,11:15,1350,,,,841
2025/4/23,11:30,1350,,,,916
2025/4/23,11:45,1350,,,,866
2025/4/23,12:00,1350,,,,756
2025/4/23,12:15,1350,,,,570
2025/4/23,12:30,1350,,,,542
2025/4/23,12:45,1350,,,,602
2025/4/23,13:00,1350,,,,754
2025/4/23,13:15,1350,,,,775
2025/4/23,13:30,1350,,,,895
2025/4/23,13:45,1350,,,,945
2025/4/23,14:00,1350,,,,886
2025/4/23,14:15,1350,,964,,
2025/4/23,14:30,1350,,1048,,
2025/4/23,14:45,1350,,968,,
2025/4/23,15:00,1350,,922,,
2025/4/23,15:15,1350,,967,,
2025/4/23,15:30,1350,,858,,
2025/4/23,15:45,1350,,883,,
2025/4/23,16:00,1350,,930,,
2025/4/23,16:15,1350,,953,,
2025/4/23,16:30,1350,,898,,
2025/4/23,16:45,1350,,876,,
2025/4/23,17:00,1350,,763,,
2025/4/23,17:15,1350,,602,,
2025/4/23,17:30,1350,,551,,
2025/4/23,17:45,1350,,759,,
2025/4/23,18:00,1350,,849,,
2025/4/23,18:15,1350,,854,,
2025/4/23,18:30,1350,,818,,
2025/4/23,18:45,1350,,715,,
2025/4/23,19:00,1350,,726,,
2025/4/23,19:15,1350,,531,,
2025/4/23,19:30,1350,,390,,
2025/4/23,19:45,1350,,363,,
2025/4/23,20:00,1350,,429,,
2025/4/23,20:15,1350,,320,,
2025/4/23,20:30,1350,,274,,
2025/4/23,20:45,1350,,264,,
2025/4/23,21:00,1350,,269,,
2025/4/23,21:15,1350,,272,,
2025/4/23,21:30,1350,,267,,
2025/4/23,21:45,1350,,261,,
2025/4/23,22:00,1350,,248,,
2025/4/23,22:15,1350,,243,,
2025/4/23,22:30,1350,,269,,
2025/4/23,22:45,1350,,264,,
2025/4/23,23:00,1350,,232,,
2025/4/23,23:15,1350,,211,,
2025/4/23,23:30,1350,,168,,
2025/4/23,23:45,1350,,146,,
2025/4/24,00:00,1350,,138,,
2025/4/24,00:15,1350,,,,136
2025/4/24,00:30,1350,,,,136
2025/4/24,00:45,1350,,,,134
2025/4/24,01:00,1350,,,,126
2025/4/24,01:15,1350,,,,131
2025/4/24,01:30,1350,,,,131
2025/4/24,01:45,1350,,,,126
2025/4/24,02:00,1350,,,,131
2025/4/24,02:15,1350,,,,130
2025/4/24,02:30,1350,,,,125
2025/4/24,02:45,1350,,,,128
2025/4/24,03:00,1350,,,,133
2025/4/24,03:15,1350,,,,126
2025/4/24,03:30,1350,,,,122
2025/4/24,03:45,1350,,,,112
2025/4/24,04:00,1350,,,,126
2025/4/24,04:15,1350,,,,179
2025/4/24,04:30,1350,,,,170
2025/4/24,04:45,1350,,,,166
2025/4/24,05:00,1350,,,,173
2025/4/24,05:15,1350,,,,187
2025/4/24,05:30,1350,,,,186
2025/4/24,05:45,1350,,,,186
2025/4/24,06:00,1350,,,,180
2025/4/24,06:15,1350,,201,,
2025/4/24,06:30,1350,,218,,
2025/4/24,06:45,1350,,272,,
2025/4/24,07:00,1350,,275,,
2025/4/24,07:15,1350,,228,,
2025/4/24,07:30,1350,,225,,
2025/4/24,07:45,1350,,235,,
2025/4/24,08:00,1350,,289,,
2025/4/24,08:15,1350,,608,,
2025/4/24,08:30,1350,,733,,
2025/4/24,08:45,1350,,599,,
2025/4/24,09:00,1350,,586,,
2025/4/24,09:15,1350,,610,,
2025/4/24,09:30,1350,,631,,
2025/4/24,09:45,1350,,654,,
2025/4/24,10:00,1350,,637,,
2025/4/24,10:15,1350,,787,,
2025/4/24,10:30,1350,,736,,
2025/4/24,10:45,1350,,724,,
2025/4/24,11:00,1350,,853,,
2025/4/24,11:15,1350,,,,876
2025/4/24,11:30,1350,,,,886
2025/4/24,11:45,1350,,,,890
2025/4/24,12:00,1350,,,,900
2025/4/24,12:15,1350,,,,696
2025/4/24,12:30,1350,,,,681
2025/4/24,12:45,1350,,,,706
2025/4/24,13:00,1350,,,,936
2025/4/24,13:15,1350,,,,1136
2025/4/24,13:30,1350,,,,1045
2025/4/24,13:45,1350,,,,916
2025/4/24,14:00,1350,,,,887
2025/4/24,14:15,1350,,926,,
2025/4/24,14:30,1350,,909,,
2025/4/24,14:45,1350,,875,,
2025/4/24,15:00,1350,,823,,
2025/4/24,15:15,1350,,927,,
2025/4/24,15:30,1350,,847,,
2025/4/24,15:45,1350,,886,,
2025/4/24,16:00,1350,,968,,
2025/4/24,16:15,1350,,977,,
2025/4/24,16:30,1350,,1019,,
2025/4/24,16:45,1350,,982,,
2025/4/24,17:00,1350,,894,,
2025/4/24,17:15,1350,,632,,
2025/4/24,17:30,1350,,581,,
2025/4/24,17:45,1350,,776,,
2025/4/24,18:00,1350,,856,,
2025/4/24,18:15,1350,,818,,
2025/4/24,18:30,1350,,733,,
2025/4/24,18:45,1350,,634,,
2025/4/24,19:00,1350,,630,,
2025/4/24,19:15,1350,,525,,
2025/4/24,19:30,1350,,386,,
2025/4/24,19:45,1350,,411,,
2025/4/24,20:00,1350,,354,,
2025/4/24,20:15,1350,,398,,
2025/4/24,20:30,1350,,341,,
2025/4/24,20:45,1350,,333,,
2025/4/24,21:00,1350,,333,,
2025/4/24,21:15,1350,,275,,
2025/4/24,21:30,1350,,312,,
2025/4/24,21:45,1350,,253,,
2025/4/24,22:00,1350,,304,,
2025/4/24,22:15,1350,,264,,
2025/4/24,22:30,1350,,282,,
2025/4/24,22:45,1350,,283,,
2025/4/24,23:00,1350,,270,,
2025/4/24,23:15,1350,,299,,
2025/4/24,23:30,1350,,251,,
2025/4/24,23:45,1350,,293,,
2025/4/25,00:00,1350,,238,,
2025/4/25,00:15,1350,,,,261
2025/4/25,00:30,1350,,,,259
2025/4/25,00:45,1350,,,,237
2025/4/25,01:00,1350,,,,282
2025/4/25,01:15,1350,,,,229
2025/4/25,01:30,1350,,,,211
2025/4/25,01:45,1350,,,,94
2025/4/25,02:00,1350,,,,86
2025/4/25,02:15,1350,,,,90
2025/4/25,02:30,1350,,,,86
2025/4/25,02:45,1350,,,,88
2025/4/25,03:00,1350,,,,96
2025/4/25,03:15,1350,,,,147
2025/4/25,03:30,1350,,,,144
2025/4/25,03:45,1350,,,,126
2025/4/25,04:00,1350,,,,118
2025/4/25,04:15,1350,,,,118
2025/4/25,04:30,1350,,,,114
2025/4/25,04:45,1350,,,,115
2025/4/25,05:00,1350,,,,114
2025/4/25,05:15,1350,,,,109
2025/4/25,05:30,1350,,,,109
2025/4/25,05:45,1350,,,,107
2025/4/25,06:00,1350,,,,104
2025/4/25,06:15,1350,,107,,
2025/4/25,06:30,1350,,105,,
2025/4/25,06:45,1350,,111,,
2025/4/25,07:00,1350,,110,,
2025/4/25,07:15,1350,,99,,
2025/4/25,07:30,1350,,120,,
2025/4/25,07:45,1350,,135,,
2025/4/25,08:00,1350,,236,,
2025/4/25,08:15,1350,,538,,
2025/4/25,08:30,1350,,709,,
2025/4/25,08:45,1350,,751,,
2025/4/25,09:00,1350,,700,,
2025/4/25,09:15,1350,,768,,
2025/4/25,09:30,1350,,817,,
2025/4/25,09:45,1350,,801,,
2025/4/25,10:00,1350,,695,,
2025/4/25,10:15,1350,,826,,
2025/4/25,10:30,1350,,901,,
2025/4/25,10:45,1350,,870,,
2025/4/25,11:00,1350,,950,,
2025/4/25,11:15,1350,,,,1030
2025/4/25,11:30,1350,,,,1016
2025/4/25,11:45,1350,,,,1058
2025/4/25,12:00,1350,,,,878
2025/4/25,12:15,1350,,,,658
2025/4/25,12:30,1350,,,,587
2025/4/25,12:45,1350,,,,609
2025/4/25,13:00,1350,,,,892
2025/4/25,13:15,1350,,,,925
2025/4/25,13:30,1350,,,,888
2025/4/25,13:45,1350,,,,824
2025/4/25,14:00,1350,,,,927
2025/4/25,14:15,1350,,921,,
2025/4/25,14:30,1350,,856,,
2025/4/25,14:45,1350,,966,,
2025/4/25,15:00,1350,,869,,
2025/4/25,15:15,1350,,795,,
2025/4/25,15:30,1350,,934,,
2025/4/25,15:45,1350,,905,,
2025/4/25,16:00,1350,,841,,
2025/4/25,16:15,1350,,896,,
2025/4/25,16:30,1350,,848,,
2025/4/25,16:45,1350,,610,,
2025/4/25,17:00,1350,,519,,
2025/4/25,17:15,1350,,403,,
2025/4/25,17:30,1350,,358,,
2025/4/25,17:45,1350,,334,,
2025/4/25,18:00,1350,,315,,
2025/4/25,18:15,1350,,291,,
2025/4/25,18:30,1350,,282,,
2025/4/25,18:45,1350,,250,,
2025/4/25,19:00,1350,,245,,
2025/4/25,19:15,1350,,222,,
2025/4/25,19:30,1350,,174,,
2025/4/25,19:45,1350,,157,,
2025/4/25,20:00,1350,,165,,
2025/4/25,20:15,1350,,155,,
2025/4/25,20:30,1350,,155,,
2025/4/25,20:45,1350,,142,,
2025/4/25,21:00,1350,,131,,
2025/4/25,21:15,1350,,133,,
2025/4/25,21:30,1350,,128,,
2025/4/25,21:45,1350,,123,,
2025/4/25,22:00,1350,,118,,
2025/4/25,22:15,1350,,114,,
2025/4/25,22:30,1350,,117,,
2025/4/25,22:45,1350,,115,,
2025/4/25,23:00,1350,,110,,
2025/4/25,23:15,1350,,117,,
2025/4/25,23:30,1350,,110,,
2025/4/25,23:45,1350,,112,,
2025/4/26,00:00,1350,,115,,
2025/4/26,00:15,1350,,,,109
2025/4/26,00:30,1350,,,,114
2025/4/26,00:45,1350,,,,107
2025/4/26,01:00,1350,,,,112
2025/4/26,01:15,1350,,,,118
2025/4/26,01:30,1350,,,,112
2025/4/26,01:45,1350,,,,109
2025/4/26,02:00,1350,,,,106
2025/4/26,02:15,1350,,,,107
2025/4/26,02:30,1350,,,,96
2025/4/26,02:45,1350,,,,107
2025/4/26,03:00,1350,,,,99
2025/4/26,03:15,1350,,,,102
2025/4/26,03:30,1350,,,,101
2025/4/26,03:45,1350,,,,98
2025/4/26,04:00,1350,,,,102
2025/4/26,04:15,1350,,,,98
2025/4/26,04:30,1350,,,,101
2025/4/26,04:45,1350,,,,101
2025/4/26,05:00,1350,,,,101
2025/4/26,05:15,1350,,,,107
2025/4/26,05:30,1350,,,,98
2025/4/26,05:45,1350,,,,102
2025/4/26,06:00,1350,,,,99
2025/4/26,06:15,1350,,,100,
2025/4/26,06:30,1350,,,106,
2025/4/26,06:45,1350,,,104,
2025/4/26,07:00,1350,,,110,
2025/4/26,07:15,1350,,,111,
2025/4/26,07:30,1350,,,101,
2025/4/26,07:45,1350,,,109,
2025/4/26,08:00,1350,,,108,
2025/4/26,08:15,1350,,,139,
2025/4/26,08:30,1350,,,160,
2025/4/26,08:45,1350,,,165,
2025/4/26,09:00,1350,,,169,
2025/4/26,09:15,1350,,,174,
2025/4/26,09:30,1350,,,165,
2025/4/26,09:45,1350,,,169,
2025/4/26,10:00,1350,,,175,
2025/4/26,10:15,1350,,,168,
2025/4/26,10:30,1350,,,166,
2025/4/26,10:45,1350,,,174,
2025/4/26,11:00,1350,,,166,
2025/4/26,11:15,1350,,,,164
2025/4/26,11:30,1350,,,,172
2025/4/26,11:45,1350,,,,164
2025/4/26,12:00,1350,,,,161
2025/4/26,12:15,1350,,,,153
2025/4/26,12:30,1350,,,,142
2025/4/26,12:45,1350,,,,150
2025/4/26,13:00,1350,,,,149
2025/4/26,13:15,1350,,,,148
2025/4/26,13:30,1350,,,,154
2025/4/26,13:45,1350,,,,160
2025/4/26,14:00,1350,,,,160
2025/4/26,14:15,1350,,,163,
2025/4/26,14:30,1350,,,158,
2025/4/26,14:45,1350,,,159,
2025/4/26,15:00,1350,,,157,
2025/4/26,15:15,1350,,,159,
2025/4/26,15:30,1350,,,159,
2025/4/26,15:45,1350,,,160,
2025/4/26,16:00,1350,,,171,
2025/4/26,16:15,1350,,,164,
2025/4/26,16:30,1350,,,157,
2025/4/26,16:45,1350,,,150,
2025/4/26,17:00,1350,,,126,
2025/4/26,17:15,1350,,,87,
2025/4/26,17:30,1350,,,104,
2025/4/26,17:45,1350,,,102,
2025/4/26,18:00,1350,,,101,
2025/4/26,18:15,1350,,,99,
2025/4/26,18:30,1350,,,100,
2025/4/26,18:45,1350,,,98,
2025/4/26,19:00,1350,,,98,
2025/4/26,19:15,1350,,,96,
2025/4/26,19:30,1350,,,91,
2025/4/26,19:45,1350,,,86,
2025/4/26,20:00,1350,,,93,
2025/4/26,20:15,1350,,,90,
2025/4/26,20:30,1350,,,90,
2025/4/26,20:45,1350,,,93,
2025/4/26,21:00,1350,,,91,
2025/4/26,21:15,1350,,,96,
2025/4/26,21:30,1350,,,98,
2025/4/26,21:45,1350,,,96,
2025/4/26,22:00,1350,,,91,
2025/4/26,22:15,1350,,,91,
2025/4/26,22:30,1350,,,96,
2025/4/26,22:45,1350,,,96,
2025/4/26,23:00,1350,,,99,
2025/4/26,23:15,1350,,,98,
2025/4/26,23:30,1350,,,90,
2025/4/26,23:45,1350,,,94,
2025/4/27,00:00,1350,,,94,
2025/4/27,00:15,1350,,,,83
2025/4/27,00:30,1350,,,,82
2025/4/27,00:45,1350,,,,82
2025/4/27,01:00,1350,,,,82
2025/4/27,01:15,1350,,,,72
2025/4/27,01:30,1350,,,,59
2025/4/27,01:45,1350,,,,64
2025/4/27,02:00,1350,,,,61
2025/4/27,02:15,1350,,,,62
2025/4/27,02:30,1350,,,,64
2025/4/27,02:45,1350,,,,61
2025/4/27,03:00,1350,,,,59
2025/4/27,03:15,1350,,,,62
2025/4/27,03:30,1350,,,,56
2025/4/27,03:45,1350,,,,66
2025/4/27,04:00,1350,,,,61
2025/4/27,04:15,1350,,,,58
2025/4/27,04:30,1350,,,,62
2025/4/27,04:45,1350,,,,56
2025/4/27,05:00,1350,,,,67
2025/4/27,05:15,1350,,,,66
2025/4/27,05:30,1350,,,,59
2025/4/27,05:45,1350,,,,63
2025/4/27,06:00,1350,,,,55
2025/4/27,06:15,1350,,,,64
2025/4/27,06:30,1350,,,,59
2025/4/27,06:45,1350,,,,65
2025/4/27,07:00,1350,,,,69
2025/4/27,07:15,1350,,,,63
2025/4/27,07:30,1350,,,,71
2025/4/27,07:45,1350,,,,81
2025/4/27,08:00,1350,,,,106
2025/4/27,08:15,1350,,,,121
2025/4/27,08:30,1350,,,,119
2025/4/27,08:45,1350,,,,116
2025/4/27,09:00,1350,,,,110
2025/4/27,09:15,1350,,,,118
2025/4/27,09:30,1350,,,,121
2025/4/27,09:45,1350,,,,110
2025/4/27,10:00,1350,,,,108
2025/4/27,10:15,1350,,,,117
2025/4/27,10:30,1350,,,,118
2025/4/27,10:45,1350,,,,111
2025/4/27,11:00,1350,,,,114
2025/4/27,11:15,1350,,,,152
2025/4/27,11:30,1350,,,,141
2025/4/27,11:45,1350,,,,115
2025/4/27,12:00,1350,,,,116
2025/4/27,12:15,1350,,,,113
2025/4/27,12:30,1350,,,,105
2025/4/27,12:45,1350,,,,113
2025/4/27,13:00,1350,,,,117
2025/4/27,13:15,1350,,,,109
2025/4/27,13:30,1350,,,,111
2025/4/27,13:45,1350,,,,117
2025/4/27,14:00,1350,,,,114
2025/4/27,14:15,1350,,,,110
2025/4/27,14:30,1350,,,,112
2025/4/27,14:45,1350,,,,115
2025/4/27,15:00,1350,,,,109
2025/4/27,15:15,1350,,,,113
2025/4/27,15:30,1350,,,,100
2025/4/27,15:45,1350,,,,74
2025/4/27,16:00,1350,,,,69
2025/4/27,16:15,1350,,,,70
2025/4/27,16:30,1350,,,,74
2025/4/27,16:45,1350,,,,65
2025/4/27,17:00,1350,,,,63
2025/4/27,17:15,1350,,,,66
2025/4/27,17:30,1350,,,,68
2025/4/27,17:45,1350,,,,62
2025/4/27,18:00,1350,,,,59
2025/4/27,18:15,1350,,,,67
2025/4/27,18:30,1350,,,,60
2025/4/27,18:45,1350,,,,59
2025/4/27,19:00,1350,,,,62
2025/4/27,19:15,1350,,,,61
2025/4/27,19:30,1350,,,,61
2025/4/27,19:45,1350,,,,62
2025/4/27,20:00,1350,,,,66
2025/4/27,20:15,1350,,,,58
2025/4/27,20:30,1350,,,,59
2025/4/27,20:45,1350,,,,66
2025/4/27,21:00,1350,,,,61
2025/4/27,21:15,1350,,,,56
2025/4/27,21:30,1350,,,,62
2025/4/27,21:45,1350,,,,61
2025/4/27,22:00,1350,,,,56
2025/4/27,22:15,1350,,,,64
2025/4/27,22:30,1350,,,,62
2025/4/27,22:45,1350,,,,59
2025/4/27,23:00,1350,,,,59
2025/4/27,23:15,1350,,,,66
2025/4/27,23:30,1350,,,,58
2025/4/27,23:45,1350,,,,62
2025/4/28,00:00,1350,,,,59
2025/4/28,00:15,1350,,,,64
2025/4/28,00:30,1350,,,,56
2025/4/28,00:45,1350,,,,59
2025/4/28,01:00,1350,,,,66
2025/4/28,01:15,1350,,,,59
2025/4/28,01:30,1350,,,,56
2025/4/28,01:45,1350,,,,62
2025/4/28,02:00,1350,,,,59
2025/4/28,02:15,1350,,,,58
2025/4/28,02:30,1350,,,,62
2025/4/28,02:45,1350,,,,62
2025/4/28,03:00,1350,,,,56
2025/4/28,03:15,1350,,,,61
2025/4/28,03:30,1350,,,,59
2025/4/28,03:45,1350,,,,56
2025/4/28,04:00,1350,,,,58
2025/4/28,04:15,1350,,,,64
2025/4/28,04:30,1350,,,,56
2025/4/28,04:45,1350,,,,54
2025/4/28,05:00,1350,,,,66
2025/4/28,05:15,1350,,,,61
2025/4/28,05:30,1350,,,,54
2025/4/28,05:45,1350,,,,62
2025/4/28,06:00,1350,,,,57
2025/4/28,06:15,1350,,55,,
2025/4/28,06:30,1350,,60,,
2025/4/28,06:45,1350,,78,,
2025/4/28,07:00,1350,,95,,
2025/4/28,07:15,1350,,157,,
2025/4/28,07:30,1350,,236,,
2025/4/28,07:45,1350,,259,,
2025/4/28,08:00,1350,,308,,
2025/4/28,08:15,1350,,418,,
2025/4/28,08:30,1350,,505,,
2025/4/28,08:45,1350,,671,,
2025/4/28,09:00,1350,,685,,
2025/4/28,09:15,1350,,673,,
2025/4/28,09:30,1350,,738,,
2025/4/28,09:45,1350,,720,,
2025/4/28,10:00,1350,,694,,
2025/4/28,10:15,1350,,693,,
2025/4/28,10:30,1350,,697,,
2025/4/28,10:45,1350,,665,,
2025/4/28,11:00,1350,,729,,
2025/4/28,11:15,1350,,,,727
2025/4/28,11:30,1350,,,,787
2025/4/28,11:45,1350,,,,694
2025/4/28,12:00,1350,,,,665
2025/4/28,12:15,1350,,,,476
2025/4/28,12:30,1350,,,,465
2025/4/28,12:45,1350,,,,480
2025/4/28,13:00,1350,,,,696
2025/4/28,13:15,1350,,,,779
2025/4/28,13:30,1350,,,,694
2025/4/28,13:45,1350,,,,760
2025/4/28,14:00,1350,,,,701
2025/4/28,14:15,1350,,767,,
2025/4/28,14:30,1350,,792,,
2025/4/28,14:45,1350,,818,,
2025/4/28,15:00,1350,,752,,
2025/4/28,15:15,1350,,770,,
2025/4/28,15:30,1350,,843,,
2025/4/28,15:45,1350,,864,,
2025/4/28,16:00,1350,,794,,
2025/4/28,16:15,1350,,845,,
2025/4/28,16:30,1350,,771,,
2025/4/28,16:45,1350,,643,,
2025/4/28,17:00,1350,,540,,
2025/4/28,17:15,1350,,524,,
2025/4/28,17:30,1350,,538,,
2025/4/28,17:45,1350,,556,,
2025/4/28,18:00,1350,,548,,
2025/4/28,18:15,1350,,492,,
2025/4/28,18:30,1350,,477,,
2025/4/28,18:45,1350,,472,,
2025/4/28,19:00,1350,,469,,
2025/4/28,19:15,1350,,429,,
2025/4/28,19:30,1350,,346,,
2025/4/28,19:45,1350,,323,,
2025/4/28,20:00,1350,,304,,
2025/4/28,20:15,1350,,298,,
2025/4/28,20:30,1350,,286,,
2025/4/28,20:45,1350,,290,,
2025/4/28,21:00,1350,,293,,
2025/4/28,21:15,1350,,298,,
2025/4/28,21:30,1350,,250,,
2025/4/28,21:45,1350,,240,,
2025/4/28,22:00,1350,,237,,
2025/4/28,22:15,1350,,229,,
2025/4/28,22:30,1350,,221,,
2025/4/28,22:45,1350,,205,,
2025/4/28,23:00,1350,,154,,
2025/4/28,23:15,1350,,139,,
2025/4/28,23:30,1350,,138,,
2025/4/28,23:45,1350,,136,,
2025/4/29,00:00,1350,,130,,
2025/4/29,00:15,1350,,,,130
2025/4/29,00:30,1350,,,,128
2025/4/29,00:45,1350,,,,125
2025/4/29,01:00,1350,,,,120
2025/4/29,01:15,1350,,,,109
2025/4/29,01:30,1350,,,,107
2025/4/29,01:45,1350,,,,102
2025/4/29,02:00,1350,,,,107
2025/4/29,02:15,1350,,,,104
2025/4/29,02:30,1350,,,,102
2025/4/29,02:45,1350,,,,101
2025/4/29,03:00,1350,,,,101
2025/4/29,03:15,1350,,,,102
2025/4/29,03:30,1350,,,,102
2025/4/29,03:45,1350,,,,102
2025/4/29,04:00,1350,,,,99
2025/4/29,04:15,1350,,,,102
2025/4/29,04:30,1350,,,,101
2025/4/29,04:45,1350,,,,102
2025/4/29,05:00,1350,,,,104
2025/4/29,05:15,1350,,,,106
2025/4/29,05:30,1350,,,,99
2025/4/29,05:45,1350,,,,90
2025/4/29,06:00,1350,,,,110
2025/4/29,06:15,1350,,112,,
2025/4/29,06:30,1350,,162,,
2025/4/29,06:45,1350,,169,,
2025/4/29,07:00,1350,,179,,
2025/4/29,07:15,1350,,201,,
2025/4/29,07:30,1350,,225,,
2025/4/29,07:45,1350,,287,,
2025/4/29,08:00,1350,,431,,
2025/4/29,08:15,1350,,656,,
2025/4/29,08:30,1350,,787,,
2025/4/29,08:45,1350,,779,,
2025/4/29,09:00,1350,,760,,
2025/4/29,09:15,1350,,833,,
2025/4/29,09:30,1350,,795,,
2025/4/29,09:45,1350,,804,,
2025/4/29,10:00,1350,,794,,
2025/4/29,10:15,1350,,750,,
2025/4/29,10:30,1350,,813,,
2025/4/29,10:45,1350,,801,,
2025/4/29,11:00,1350,,719,,
2025/4/29,11:15,1350,,,,763
2025/4/29,11:30,1350,,,,820
2025/4/29,11:45,1350,,,,805
2025/4/29,12:00,1350,,,,756
2025/4/29,12:15,1350,,,,591
2025/4/29,12:30,1350,,,,557
2025/4/29,12:45,1350,,,,563
2025/4/29,13:00,1350,,,,730
2025/4/29,13:15,1350,,,,630
2025/4/29,13:30,1350,,,,681
2025/4/29,13:45,1350,,,,767
2025/4/29,14:00,1350,,,,749
2025/4/29,14:15,1350,,789,,
2025/4/29,14:30,1350,,739,,
2025/4/29,14:45,1350,,812,,
2025/4/29,15:00,1350,,690,,
2025/4/29,15:15,1350,,725,,
2025/4/29,15:30,1350,,739,,
2025/4/29,15:45,1350,,782,,
2025/4/29,16:00,1350,,760,,
2025/4/29,16:15,1350,,841,,
2025/4/29,16:30,1350,,787,,
2025/4/29,16:45,1350,,821,,
2025/4/29,17:00,1350,,699,,
2025/4/29,17:15,1350,,482,,
2025/4/29,17:30,1350,,459,,
2025/4/29,17:45,1350,,611,,
2025/4/29,18:00,1350,,678,,
2025/4/29,18:15,1350,,699,,
2025/4/29,18:30,1350,,547,,
2025/4/29,18:45,1350,,579,,
2025/4/29,19:00,1350,,573,,
2025/4/29,19:15,1350,,453,,
2025/4/29,19:30,1350,,267,,
2025/4/29,19:45,1350,,166,,
2025/4/29,20:00,1350,,171,,
2025/4/29,20:15,1350,,163,,
2025/4/29,20:30,1350,,155,,
2025/4/29,20:45,1350,,130,,
2025/4/29,21:00,1350,,125,,
2025/4/29,21:15,1350,,122,,
2025/4/29,21:30,1350,,120,,
2025/4/29,21:45,1350,,118,,
2025/4/29,22:00,1350,,115,,
2025/4/29,22:15,1350,,112,,
2025/4/29,22:30,1350,,107,,
2025/4/29,22:45,1350,,110,,
2025/4/29,23:00,1350,,114,,
2025/4/29,23:15,1350,,110,,
2025/4/29,23:30,1350,,112,,
2025/4/29,23:45,1350,,112,,
2025/4/30,00:00,1350,,110,,
2025/4/30,00:15,1350,,,,109
2025/4/30,00:30,1350,,,,110
2025/4/30,00:45,1350,,,,104
2025/4/30,01:00,1350,,,,107
2025/4/30,01:15,1350,,,,109
2025/4/30,01:30,1350,,,,104
2025/4/30,01:45,1350,,,,96
2025/4/30,02:00,1350,,,,102
2025/4/30,02:15,1350,,,,101
2025/4/30,02:30,1350,,,,101
2025/4/30,02:45,1350,,,,98
2025/4/30,03:00,1350,,,,101
2025/4/30,03:15,1350,,,,130
2025/4/30,03:30,1350,,,,128
2025/4/30,03:45,1350,,,,123
2025/4/30,04:00,1350,,,,123
2025/4/30,04:15,1350,,,,120
2025/4/30,04:30,1350,,,,118
2025/4/30,04:45,1350,,,,114
2025/4/30,05:00,1350,,,,114
2025/4/30,05:15,1350,,,,114
2025/4/30,05:30,1350,,,,109
2025/4/30,05:45,1350,,,,109
2025/4/30,06:00,1350,,,,109
2025/4/30,06:15,1350,,109,,
2025/4/30,06:30,1350,,107,,
2025/4/30,06:45,1350,,110,,
2025/4/30,07:00,1350,,158,,
2025/4/30,07:15,1350,,208,,
2025/4/30,07:30,1350,,223,,
2025/4/30,07:45,1350,,234,,
2025/4/30,08:00,1350,,259,,
2025/4/30,08:15,1350,,510,,
2025/4/30,08:30,1350,,689,,
2025/4/30,08:45,1350,,767,,
2025/4/30,09:00,1350,,747,,
2025/4/30,09:15,1350,,789,,
2025/4/30,09:30,1350,,809,,
2025/4/30,09:45,1350,,842,,
2025/4/30,10:00,1350,,756,,
2025/4/30,10:15,1350,,759,,
2025/4/30,10:30,1350,,806,,
2025/4/30,10:45,1350,,885,,
2025/4/30,11:00,1350,,840,,
2025/4/30,11:15,1350,,,,853
2025/4/30,11:30,1350,,,,951
2025/4/30,11:45,1350,,,,983
2025/4/30,12:00,1350,,,,857
2025/4/30,12:15,1350,,,,588
2025/4/30,12:30,1350,,,,605
2025/4/30,12:45,1350,,,,649
2025/4/30,13:00,1350,,,,918
2025/4/30,13:15,1350,,,,939
2025/4/30,13:30,1350,,,,895
2025/4/30,13:45,1350,,,,917
2025/4/30,14:00,1350,,,,833
2025/4/30,14:15,1350,,820,,
2025/4/30,14:30,1350,,785,,
2025/4/30,14:45,1350,,806,,
2025/4/30,15:00,1350,,633,,
2025/4/30,15:15,1350,,717,,
2025/4/30,15:30,1350,,767,,
2025/4/30,15:45,1350,,777,,
2025/4/30,16:00,1350,,641,,
2025/4/30,16:15,1350,,600,,
2025/4/30,16:30,1350,,542,,
2025/4/30,16:45,1350,,475,,
2025/4/30,17:00,1350,,411,,
2025/4/30,17:15,1350,,222,,
2025/4/30,17:30,1350,,210,,
2025/4/30,17:45,1350,,303,,
2025/4/30,18:00,1350,,358,,
2025/4/30,18:15,1350,,335,,
2025/4/30,18:30,1350,,265,,
2025/4/30,18:45,1350,,234,,
2025/4/30,19:00,1350,,189,,
2025/4/30,19:15,1350,,190,,
2025/4/30,19:30,1350,,160,,
2025/4/30,19:45,1350,,136,,
2025/4/30,20:00,1350,,144,,
2025/4/30,20:15,1350,,136,,
2025/4/30,20:30,1350,,130,,
2025/4/30,20:45,1350,,109,,
2025/4/30,21:00,1350,,106,,
2025/4/30,21:15,1350,,107,,
2025/4/30,21:30,1350,,104,,
2025/4/30,21:45,1350,,101,,
2025/4/30,22:00,1350,,99,,
2025/4/30,22:15,1350,,98,,
2025/4/30,22:30,1350,,99,,
2025/4/30,22:45,1350,,98,,
2025/4/30,23:00,1350,,102,,
2025/4/30,23:15,1350,,102,,
2025/4/30,23:30,1350,,96,,
2025/4/30,23:45,1350,,99,,
2025/5/1,00:00,1350,,96,,
2025/5/1,00:15,1350,,,,94
2025/5/1,00:30,1350,,,,93
2025/5/1,00:45,1350,,,,96
2025/5/1,01:00,1350,,,,91
2025/5/1,01:15,1350,,,,91
2025/5/1,01:30,1350,,,,93
2025/5/1,01:45,1350,,,,88
2025/5/1,02:00,1350,,,,90
2025/5/1,02:15,1350,,,,86
2025/5/1,02:30,1350,,,,85
2025/5/1,02:45,1350,,,,88
2025/5/1,03:00,1350,,,,86
2025/5/1,03:15,1350,,,,86
2025/5/1,03:30,1350,,,,88
2025/5/1,03:45,1350,,,,86
2025/5/1,04:00,1350,,,,78
2025/5/1,04:15,1350,,,,77
2025/5/1,04:30,1350,,,,80
2025/5/1,04:45,1350,,,,80
2025/5/1,05:00,1350,,,,80
2025/5/1,05:15,1350,,,,82
2025/5/1,05:30,1350,,,,78
2025/5/1,05:45,1350,,,,75
2025/5/1,06:00,1350,,,,62
2025/5/1,06:15,1350,,,,65
2025/5/1,06:30,1350,,,,61
2025/5/1,06:45,1350,,,,74
2025/5/1,07:00,1350,,,,93
2025/5/1,07:15,1350,,,,101
2025/5/1,07:30,1350,,,,136
2025/5/1,07:45,1350,,,,152
2025/5/1,08:00,1350,,,,159
2025/5/1,08:15,1350,,,,217
2025/5/1,08:30,1350,,,,257
2025/5/1,08:45,1350,,,,274
2025/5/1,09:00,1350,,,,290
2025/5/1,09:15,1350,,,,308
2025/5/1,09:30,1350,,,,306
2025/5/1,09:45,1350,,,,295
2025/5/1,10:00,1350,,,,276
2025/5/1,10:15,1350,,,,300
2025/5/1,10:30,1350,,,,312
2025/5/1,10:45,1350,,,,307
2025/5/1,11:00,1350,,,,312
2025/5/1,11:15,1350,,,,325
2025/5/1,11:30,1350,,,,313
2025/5/1,11:45,1350,,,,292
2025/5/1,12:00,1350,,,,261
2025/5/1,12:15,1350,,,,242
2025/5/1,12:30,1350,,,,224
2025/5/1,12:45,1350,,,,218
2025/5/1,13:00,1350,,,,238
2025/5/1,13:15,1350,,,,229
2025/5/1,13:30,1350,,,,227
2025/5/1,13:45,1350,,,,247
2025/5/1,14:00,1350,,,,263
2025/5/1,14:15,1350,,,,260
2025/5/1,14:30,1350,,,,260
2025/5/1,14:45,1350,,,,235
2025/5/1,15:00,1350,,,,212
2025/5/1,15:15,1350,,,,187
2025/5/1,15:30,1350,,,,162
2025/5/1,15:45,1350,,,,140
2025/5/1,16:00,1350,,,,121
2025/5/1,16:15,1350,,,,116
2025/5/1,16:30,1350,,,,112
2025/5/1,16:45,1350,,,,106
2025/5/1,17:00,1350,,,,106
2025/5/1,17:15,1350,,,,91
2025/5/1,17:30,1350,,,,93
2025/5/1,17:45,1350,,,,92
2025/5/1,18:00,1350,,,,92
2025/5/1,18:15,1350,,,,89
2025/5/1,18:30,1350,,,,88
2025/5/1,18:45,1350,,,,90
2025/5/1,19:00,1350,,,,88
2025/5/1,19:15,1350,,,,88
2025/5/1,19:30,1350,,,,82
2025/5/1,19:45,1350,,,,74
2025/5/1,20:00,1350,,,,74
2025/5/1,20:15,1350,,,,72
2025/5/1,20:30,1350,,,,69
2025/5/1,20:45,1350,,,,69
2025/5/1,21:00,1350,,,,70
2025/5/1,21:15,1350,,,,72
2025/5/1,21:30,1350,,,,70
2025/5/1,21:45,1350,,,,70
2025/5/1,22:00,1350,,,,70
2025/5/1,22:15,1350,,,,72
2025/5/1,22:30,1350,,,,69
2025/5/1,22:45,1350,,,,75
2025/5/1,23:00,1350,,,,74
2025/5/1,23:15,1350,,,,70
2025/5/1,23:30,1350,,,,70
2025/5/1,23:45,1350,,,,72
2025/5/2,00:00,1350,,,,69
2025/5/2,00:15,1350,,,,72
2025/5/2,00:30,1350,,,,70
2025/5/2,00:45,1350,,,,70
2025/5/2,01:00,1350,,,,70
2025/5/2,01:15,1350,,,,70
2025/5/2,01:30,1350,,,,69
2025/5/2,01:45,1350,,,,70
2025/5/2,02:00,1350,,,,70
2025/5/2,02:15,1350,,,,74
2025/5/2,02:30,1350,,,,69
2025/5/2,02:45,1350,,,,70
2025/5/2,03:00,1350,,,,69
2025/5/2,03:15,1350,,,,69
2025/5/2,03:30,1350,,,,70
2025/5/2,03:45,1350,,,,70
2025/5/2,04:00,1350,,,,69
2025/5/2,04:15,1350,,,,70
2025/5/2,04:30,1350,,,,69
2025/5/2,04:45,1350,,,,67
2025/5/2,05:00,1350,,,,72
2025/5/2,05:15,1350,,,,72
2025/5/2,05:30,1350,,,,71
2025/5/2,05:45,1350,,,,69
2025/5/2,06:00,1350,,,,66
2025/5/2,06:15,1350,,72,,
2025/5/2,06:30,1350,,68,,
2025/5/2,06:45,1350,,74,,
2025/5/2,07:00,1350,,77,,
2025/5/2,07:15,1350,,174,,
2025/5/2,07:30,1350,,239,,
2025/5/2,07:45,1350,,254,,
2025/5/2,08:00,1350,,232,,
2025/5/2,08:15,1350,,622,,
2025/5/2,08:30,1350,,799,,
2025/5/2,08:45,1350,,851,,
2025/5/2,09:00,1350,,936,,
2025/5/2,09:15,1350,,960,,
2025/5/2,09:30,1350,,1049,,
2025/5/2,09:45,1350,,1056,,
2025/5/2,10:00,1350,,981,,
2025/5/2,10:15,1350,,1017,,
2025/5/2,10:30,1350,,1058,,
2025/5/2,10:45,1350,,1035,,
2025/5/2,11:00,1350,,1107,,
2025/5/2,11:15,1350,,,,1066
2025/5/2,11:30,1350,,,,985
2025/5/2,11:45,1350,,,,941
2025/5/2,12:00,1350,,,,807
2025/5/2,12:15,1350,,,,583
2025/5/2,12:30,1350,,,,505
2025/5/2,12:45,1350,,,,506
2025/5/2,13:00,1350,,,,613
2025/5/2,13:15,1350,,,,667
2025/5/2,13:30,1350,,,,665
2025/5/2,13:45,1350,,,,712
2025/5/2,14:00,1350,,,,756
2025/5/2,14:15,1350,,694,,
2025/5/2,14:30,1350,,712,,
2025/5/2,14:45,1350,,762,,
2025/5/2,15:00,1350,,684,,
2025/5/2,15:15,1350,,712,,
2025/5/2,15:30,1350,,758,,
2025/5/2,15:45,1350,,678,,
2025/5/2,16:00,1350,,683,,
2025/5/2,16:15,1350,,754,,
2025/5/2,16:30,1350,,632,,
2025/5/2,16:45,1350,,495,,
2025/5/2,17:00,1350,,521,,
2025/5/2,17:15,1350,,415,,
2025/5/2,17:30,1350,,418,,
2025/5/2,17:45,1350,,461,,
2025/5/2,18:00,1350,,484,,
2025/5/2,18:15,1350,,451,,
2025/5/2,18:30,1350,,463,,
2025/5/2,18:45,1350,,386,,
2025/5/2,19:00,1350,,352,,
2025/5/2,19:15,1350,,341,,
2025/5/2,19:30,1350,,336,,
2025/5/2,19:45,1350,,245,,
2025/5/2,20:00,1350,,230,,
2025/5/2,20:15,1350,,229,,
2025/5/2,20:30,1350,,256,,
2025/5/2,20:45,1350,,174,,
2025/5/2,21:00,1350,,184,,
2025/5/2,21:15,1350,,187,,
2025/5/2,21:30,1350,,216,,
2025/5/2,21:45,1350,,152,,
2025/5/2,22:00,1350,,158,,
2025/5/2,22:15,1350,,157,,
2025/5/2,22:30,1350,,198,,
2025/5/2,22:45,1350,,165,,
2025/5/2,23:00,1350,,155,,
2025/5/2,23:15,1350,,144,,
2025/5/2,23:30,1350,,166,,
2025/5/2,23:45,1350,,163,,
2025/5/3,00:00,1350,,146,,
2025/5/3,00:15,1350,,,,139
2025/5/3,00:30,1350,,,,160
2025/5/3,00:45,1350,,,,178
2025/5/3,01:00,1350,,,,88
2025/5/3,01:15,1350,,,,78
2025/5/3,01:30,1350,,,,82
2025/5/3,01:45,1350,,,,90
2025/5/3,02:00,1350,,,,83
2025/5/3,02:15,1350,,,,83
2025/5/3,02:30,1350,,,,82
2025/5/3,02:45,1350,,,,90
2025/5/3,03:00,1350,,,,83
2025/5/3,03:15,1350,,,,77
2025/5/3,03:30,1350,,,,80
2025/5/3,03:45,1350,,,,90
2025/5/3,04:00,1350,,,,83
2025/5/3,04:15,1350,,,,77
2025/5/3,04:30,1350,,,,72
2025/5/3,04:45,1350,,,,78
2025/5/3,05:00,1350,,,,77
2025/5/3,05:15,1350,,,,75
2025/5/3,05:30,1350,,,,72
2025/5/3,05:45,1350,,,,64
2025/5/3,06:00,1350,,,,54
2025/5/3,06:15,1350,,,55,
2025/5/3,06:30,1350,,,55,
2025/5/3,06:45,1350,,,70,
2025/5/3,07:00,1350,,,74,
2025/5/3,07:15,1350,,,69,
2025/5/3,07:30,1350,,,75,
2025/5/3,07:45,1350,,,75,
2025/5/3,08:00,1350,,,72,
2025/5/3,08:15,1350,,,88,
2025/5/3,08:30,1350,,,101,
2025/5/3,08:45,1350,,,92,
2025/5/3,09:00,1350,,,90,
2025/5/3,09:15,1350,,,95,
2025/5/3,09:30,1350,,,92,
2025/5/3,09:45,1350,,,86,
2025/5/3,10:00,1350,,,91,
2025/5/3,10:15,1350,,,98,
2025/5/3,10:30,1350,,,90,
2025/5/3,10:45,1350,,,88,
2025/5/3,11:00,1350,,,95,
2025/5/3,11:15,1350,,,,93
2025/5/3,11:30,1350,,,,89
2025/5/3,11:45,1350,,,,95
2025/5/3,12:00,1350,,,,100
2025/5/3,12:15,1350,,,,87
2025/5/3,12:30,1350,,,,84
2025/5/3,12:45,1350,,,,93
2025/5/3,13:00,1350,,,,95
2025/5/3,13:15,1350,,,,93
2025/5/3,13:30,1350,,,,93
2025/5/3,13:45,1350,,,,96
2025/5/3,14:00,1350,,,,95
2025/5/3,14:15,1350,,,89,
2025/5/3,14:30,1350,,,89,
2025/5/3,14:45,1350,,,96,
2025/5/3,15:00,1350,,,86,
2025/5/3,15:15,1350,,,87,
2025/5/3,15:30,1350,,,96,
2025/5/3,15:45,1350,,,90,
2025/5/3,16:00,1350,,,87,
2025/5/3,16:15,1350,,,94,
2025/5/3,16:30,1350,,,89,
2025/5/3,16:45,1350,,,82,
2025/5/3,17:00,1350,,,81,
2025/5/3,17:15,1350,,,85,
2025/5/3,17:30,1350,,,75,
2025/5/3,17:45,1350,,,75,
2025/5/3,18:00,1350,,,76,
2025/5/3,18:15,1350,,,78,
2025/5/3,18:30,1350,,,72,
2025/5/3,18:45,1350,,,66,
2025/5/3,19:00,1350,,,59,
2025/5/3,19:15,1350,,,66,
2025/5/3,19:30,1350,,,56,
2025/5/3,19:45,1350,,,58,
2025/5/3,20:00,1350,,,61,
2025/5/3,20:15,1350,,,58,
2025/5/3,20:30,1350,,,64,
2025/5/3,20:45,1350,,,58,
2025/5/3,21:00,1350,,,54,
2025/5/3,21:15,1350,,,62,
2025/5/3,21:30,1350,,,59,
2025/5/3,21:45,1350,,,58,
2025/5/3,22:00,1350,,,56,
2025/5/3,22:15,1350,,,61,
2025/5/3,22:30,1350,,,59,
2025/5/3,22:45,1350,,,58,
2025/5/3,23:00,1350,,,58,
2025/5/3,23:15,1350,,,64,
2025/5/3,23:30,1350,,,61,
2025/5/3,23:45,1350,,,56,
2025/5/4,00:00,1350,,,58,
2025/5/4,00:15,1350,,,,64
2025/5/4,00:30,1350,,,,56
2025/5/4,00:45,1350,,,,54
2025/5/4,01:00,1350,,,,61
2025/5/4,01:15,1350,,,,64
2025/5/4,01:30,1350,,,,54
2025/5/4,01:45,1350,,,,56
2025/5/4,02:00,1350,,,,61
2025/5/4,02:15,1350,,,,64
2025/5/4,02:30,1350,,,,56
2025/5/4,02:45,1350,,,,56
2025/5/4,03:00,1350,,,,61
2025/5/4,03:15,1350,,,,58
2025/5/4,03:30,1350,,,,54
2025/5/4,03:45,1350,,,,56
2025/5/4,04:00,1350,,,,64
2025/5/4,04:15,1350,,,,58
2025/5/4,04:30,1350,,,,56
2025/5/4,04:45,1350,,,,59
2025/5/4,05:00,1350,,,,61
2025/5/4,05:15,1350,,,,59
2025/5/4,05:30,1350,,,,59
2025/5/4,05:45,1350,,,,61
2025/5/4,06:00,1350,,,,57
2025/5/4,06:15,1350,,,,54
2025/5/4,06:30,1350,,,,57
2025/5/4,06:45,1350,,,,68
2025/5/4,07:00,1350,,,,60
2025/5/4,07:15,1350,,,,55
2025/5/4,07:30,1350,,,,60
2025/5/4,07:45,1350,,,,64
2025/5/4,08:00,1350,,,,59
2025/5/4,08:15,1350,,,,62
2025/5/4,08:30,1350,,,,67
2025/5/4,08:45,1350,,,,66
2025/5/4,09:00,1350,,,,62
2025/5/4,09:15,1350,,,,63
2025/5/4,09:30,1350,,,,72
2025/5/4,09:45,1350,,,,65
2025/5/4,10:00,1350,,,,66
2025/5/4,10:15,1350,,,,72
2025/5/4,10:30,1350,,,,69
2025/5/4,10:45,1350,,,,102
2025/5/4,11:00,1350,,,,84
2025/5/4,11:15,1350,,,,78
2025/5/4,11:30,1350,,,,71
2025/5/4,11:45,1350,,,,70
2025/5/4,12:00,1350,,,,75
2025/5/4,12:15,1350,,,,74
2025/5/4,12:30,1350,,,,67
2025/5/4,12:45,1350,,,,67
2025/5/4,13:00,1350,,,,74
2025/5/4,13:15,1350,,,,71
2025/5/4,13:30,1350,,,,68
2025/5/4,13:45,1350,,,,69
2025/5/4,14:00,1350,,,,74
2025/5/4,14:15,1350,,,,71
2025/5/4,14:30,1350,,,,67
2025/5/4,14:45,1350,,,,69
2025/5/4,15:00,1350,,,,77
2025/5/4,15:15,1350,,,,64
2025/5/4,15:30,1350,,,,64
2025/5/4,15:45,1350,,,,66
2025/5/4,16:00,1350,,,,70
2025/5/4,16:15,1350,,,,64
2025/5/4,16:30,1350,,,,63
2025/5/4,16:45,1350,,,,67
2025/5/4,17:00,1350,,,,67
2025/5/4,17:15,1350,,,,59
2025/5/4,17:30,1350,,,,60
2025/5/4,17:45,1350,,,,63
2025/5/4,18:00,1350,,,,64
2025/5/4,18:15,1350,,,,59
2025/5/4,18:30,1350,,,,56
2025/5/4,18:45,1350,,,,64
2025/5/4,19:00,1350,,,,62
2025/5/4,19:15,1350,,,,56
2025/5/4,19:30,1350,,,,54
2025/5/4,19:45,1350,,,,64
2025/5/4,20:00,1350,,,,62
2025/5/4,20:15,1350,,,,56
2025/5/4,20:30,1350,,,,58
2025/5/4,20:45,1350,,,,64
2025/5/4,21:00,1350,,,,61
2025/5/4,21:15,1350,,,,56
2025/5/4,21:30,1350,,,,58
2025/5/4,21:45,1350,,,,64
2025/5/4,22:00,1350,,,,56
2025/5/4,22:15,1350,,,,58
2025/5/4,22:30,1350,,,,64
2025/5/4,22:45,1350,,,,64
2025/5/4,23:00,1350,,,,58
2025/5/4,23:15,1350,,,,59
2025/5/4,23:30,1350,,,,64
2025/5/4,23:45,1350,,,,59
2025/5/5,00:00,1350,,,,56
2025/5/5,00:15,1350,,,,58
2025/5/5,00:30,1350,,,,64
2025/5/5,00:45,1350,,,,56
2025/5/5,01:00,1350,,,,58
2025/5/5,01:15,1350,,,,61
2025/5/5,01:30,1350,,,,64
2025/5/5,01:45,1350,,,,56
2025/5/5,02:00,1350,,,,56
2025/5/5,02:15,1350,,,,66
2025/5/5,02:30,1350,,,,59
2025/5/5,02:45,1350,,,,54
2025/5/5,03:00,1350,,,,64
2025/5/5,03:15,1350,,,,59
2025/5/5,03:30,1350,,,,58
2025/5/5,03:45,1350,,,,59
2025/5/5,04:00,1350,,,,58
2025/5/5,04:15,1350,,,,59
2025/5/5,04:30,1350,,,,56
2025/5/5,04:45,1350,,,,61
2025/5/5,05:00,1350,,,,59
2025/5/5,05:15,1350,,,,59
2025/5/5,05:30,1350,,,,62
2025/5/5,05:45,1350,,,,54
2025/5/5,06:00,1350,,,,60
2025/5/5,06:15,1350,,56,,
2025/5/5,06:30,1350,,62,,
2025/5/5,06:45,1350,,61,,
2025/5/5,07:00,1350,,87,,
2025/5/5,07:15,1350,,181,,
2025/5/5,07:30,1350,,234,,
2025/5/5,07:45,1350,,236,,
2025/5/5,08:00,1350,,293,,
2025/5/5,08:15,1350,,308,,
2025/5/5,08:30,1350,,268,,
2025/5/5,08:45,1350,,556,,
2025/5/5,09:00,1350,,731,,
2025/5/5,09:15,1350,,718,,
2025/5/5,09:30,1350,,831,,
2025/5/5,09:45,1350,,900,,
2025/5/5,10:00,1350,,823,,
2025/5/5,10:15,1350,,803,,
2025/5/5,10:30,1350,,790,,
2025/5/5,10:45,1350,,865,,
2025/5/5,11:00,1350,,953,,
2025/5/5,11:15,1350,,,,1066
2025/5/5,11:30,1350,,,,1013
2025/5/5,11:45,1350,,,,855
2025/5/5,12:00,1350,,,,738
2025/5/5,12:15,1350,,,,550
2025/5/5,12:30,1350,,,,533
2025/5/5,12:45,1350,,,,549
2025/5/5,13:00,1350,,,,837
2025/5/5,13:15,1350,,,,905
2025/5/5,13:30,1350,,,,1013
2025/5/5,13:45,1350,,,,1048
2025/5/5,14:00,1350,,,,1031
2025/5/5,14:15,1350,,1105,,
2025/5/5,14:30,1350,,1041,,
2025/5/5,14:45,1350,,857,,
2025/5/5,15:00,1350,,647,,
2025/5/5,15:15,1350,,752,,
2025/5/5,15:30,1350,,887,,
2025/5/5,15:45,1350,,885,,
2025/5/5,16:00,1350,,793,,
2025/5/5,16:15,1350,,904,,
2025/5/5,16:30,1350,,888,,
2025/5/5,16:45,1350,,737,,
2025/5/5,17:00,1350,,704,,
2025/5/5,17:15,1350,,604,,
2025/5/5,17:30,1350,,552,,
2025/5/5,17:45,1350,,823,,
2025/5/5,18:00,1350,,978,,
2025/5/5,18:15,1350,,982,,
2025/5/5,18:30,1350,,962,,
2025/5/5,18:45,1350,,910,,
2025/5/5,19:00,1350,,862,,
2025/5/5,19:15,1350,,774,,
2025/5/5,19:30,1350,,507,,
2025/5/5,19:45,1350,,488,,
2025/5/5,20:00,1350,,453,,
2025/5/5,20:15,1350,,502,,
2025/5/5,20:30,1350,,454,,
2025/5/5,20:45,1350,,493,,
2025/5/5,21:00,1350,,474,,
2025/5/5,21:15,1350,,517,,
2025/5/5,21:30,1350,,525,,
2025/5/5,21:45,1350,,506,,
2025/5/5,22:00,1350,,490,,
2025/5/5,22:15,1350,,413,,
2025/5/5,22:30,1350,,446,,
2025/5/5,22:45,1350,,387,,
2025/5/5,23:00,1350,,418,,
2025/5/5,23:15,1350,,389,,
2025/5/5,23:30,1350,,320,,
2025/5/5,23:45,1350,,330,,
2025/5/6,00:00,1350,,299,,
2025/5/6,00:15,1350,,,,245
2025/5/6,00:30,1350,,,,147
2025/5/6,00:45,1350,,,,149
2025/5/6,01:00,1350,,,,147
2025/5/6,01:15,1350,,,,131
2025/5/6,01:30,1350,,,,126
2025/5/6,01:45,1350,,,,123
2025/5/6,02:00,1350,,,,125
2025/5/6,02:15,1350,,,,123
2025/5/6,02:30,1350,,,,142
2025/5/6,02:45,1350,,,,189
2025/5/6,03:00,1350,,,,179
2025/5/6,03:15,1350,,,,178
2025/5/6,03:30,1350,,,,176
2025/5/6,03:45,1350,,,,166
2025/5/6,04:00,1350,,,,162
2025/5/6,04:15,1350,,,,152
2025/5/6,04:30,1350,,,,147
2025/5/6,04:45,1350,,,,141
2025/5/6,05:00,1350,,,,130
2025/5/6,05:15,1350,,,,130
2025/5/6,05:30,1350,,,,184
2025/5/6,05:45,1350,,,,194
2025/5/6,06:00,1350,,,,244
2025/5/6,06:15,1350,,217,,
2025/5/6,06:30,1350,,206,,
2025/5/6,06:45,1350,,205,,
2025/5/6,07:00,1350,,208,,
2025/5/6,07:15,1350,,182,,
2025/5/6,07:30,1350,,218,,
2025/5/6,07:45,1350,,238,,
2025/5/6,08:00,1350,,295,,
2025/5/6,08:15,1350,,729,,
2025/5/6,08:30,1350,,965,,
2025/5/6,08:45,1350,,1077,,
2025/5/6,09:00,1350,,1066,,
2025/5/6,09:15,1350,,1103,,
2025/5/6,09:30,1350,,1133,,
2025/5/6,09:45,1350,,1119,,
2025/5/6,10:00,1350,,937,,
2025/5/6,10:15,1350,,949,,
2025/5/6,10:30,1350,,1076,,
2025/5/6,10:45,1350,,1131,,
2025/5/6,11:00,1350,,1047,,
2025/5/6,11:15,1350,,,,1011
2025/5/6,11:30,1350,,,,1063
2025/5/6,11:45,1350,,,,954
2025/5/6,12:00,1350,,,,749
2025/5/6,12:15,1350,,,,629
2025/5/6,12:30,1350,,,,632
2025/5/6,12:45,1350,,,,675
2025/5/6,13:00,1350,,,,862
2025/5/6,13:15,1350,,,,957
2025/5/6,13:30,1350,,,,963
2025/5/6,13:45,1350,,,,834
2025/5/6,14:00,1350,,,,878
2025/5/6,14:15,1350,,1026,,
2025/5/6,14:30,1350,,1046,,
2025/5/6,14:45,1350,,1065,,
2025/5/6,15:00,1350,,1047,,
2025/5/6,15:15,1350,,1088,,
2025/5/6,15:30,1350,,1071,,
2025/5/6,15:45,1350,,914,,
2025/5/6,16:00,1350,,1072,,
2025/5/6,16:15,1350,,1104,,
2025/5/6,16:30,1350,,1122,,
2025/5/6,16:45,1350,,1089,,
2025/5/6,17:00,1350,,827,,
2025/5/6,17:15,1350,,515,,
2025/5/6,17:30,1350,,451,,
2025/5/6,17:45,1350,,639,,
2025/5/6,18:00,1350,,675,,
2025/5/6,18:15,1350,,521,,
2025/5/6,18:30,1350,,524,,
2025/5/6,18:45,1350,,586,,
2025/5/6,19:00,1350,,536,,
2025/5/6,19:15,1350,,306,,
2025/5/6,19:30,1350,,222,,
2025/5/6,19:45,1350,,194,,
2025/5/6,20:00,1350,,187,,
2025/5/6,20:15,1350,,194,,
2025/5/6,20:30,1350,,158,,
2025/5/6,20:45,1350,,144,,
2025/5/6,21:00,1350,,126,,
2025/5/6,21:15,1350,,131,,
2025/5/6,21:30,1350,,126,,
2025/5/6,21:45,1350,,112,,
2025/5/6,22:00,1350,,107,,
2025/5/6,22:15,1350,,110,,
2025/5/6,22:30,1350,,110,,
2025/5/6,22:45,1350,,117,,
2025/5/6,23:00,1350,,115,,
2025/5/6,23:15,1350,,115,,
2025/5/6,23:30,1350,,114,,
2025/5/6,23:45,1350,,106,,
2025/5/7,00:00,1350,,107,,
2025/5/7,00:15,1350,,,,102
2025/5/7,00:30,1350,,,,104
2025/5/7,00:45,1350,,,,109
2025/5/7,01:00,1350,,,,107
2025/5/7,01:15,1350,,,,109
2025/5/7,01:30,1350,,,,101
2025/5/7,01:45,1350,,,,96
2025/5/7,02:00,1350,,,,94
2025/5/7,02:15,1350,,,,99
2025/5/7,02:30,1350,,,,82
2025/5/7,02:45,1350,,,,78
2025/5/7,03:00,1350,,,,77
2025/5/7,03:15,1350,,,,75
2025/5/7,03:30,1350,,,,77
2025/5/7,03:45,1350,,,,66
2025/5/7,04:00,1350,,,,66
2025/5/7,04:15,1350,,,,66
2025/5/7,04:30,1350,,,,66
2025/5/7,04:45,1350,,,,64
2025/5/7,05:00,1350,,,,67
2025/5/7,05:15,1350,,,,70
2025/5/7,05:30,1350,,,,72
2025/5/7,05:45,1350,,,,83
2025/5/7,06:00,1350,,,,94
2025/5/7,06:15,1350,,200,,
2025/5/7,06:30,1350,,210,,
2025/5/7,06:45,1350,,200,,
2025/5/7,07:00,1350,,173,,
2025/5/7,07:15,1350,,176,,
2025/5/7,07:30,1350,,212,,
2025/5/7,07:45,1350,,225,,
2025/5/7,08:00,1350,,284,,
2025/5/7,08:15,1350,,599,,
2025/5/7,08:30,1350,,921,,
2025/5/7,08:45,1350,,921,,
2025/5/7,09:00,1350,,824,,
2025/5/7,09:15,1350,,886,,
2025/5/7,09:30,1350,,995,,
2025/5/7,09:45,1350,,1011,,
2025/5/7,10:00,1350,,932,,
2025/5/7,10:15,1350,,930,,
2025/5/7,10:30,1350,,958,,
2025/5/7,10:45,1350,,1002,,
2025/5/7,11:00,1350,,1001,,
2025/5/7,11:15,1350,,,,1004
2025/5/7,11:30,1350,,,,973
2025/5/7,11:45,1350,,,,973
2025/5/7,12:00,1350,,,,770
2025/5/7,12:15,1350,,,,502
2025/5/7,12:30,1350,,,,499
2025/5/7,12:45,1350,,,,539
2025/5/7,13:00,1350,,,,808
2025/5/7,13:15,1350,,,,818
2025/5/7,13:30,1350,,,,782
2025/5/7,13:45,1350,,,,704
2025/5/7,14:00,1350,,,,764
2025/5/7,14:15,1350,,699,,
2025/5/7,14:30,1350,,810,,
2025/5/7,14:45,1350,,896,,
2025/5/7,15:00,1350,,852,,
2025/5/7,15:15,1350,,890,,
2025/5/7,15:30,1350,,946,,
2025/5/7,15:45,1350,,922,,
2025/5/7,16:00,1350,,871,,
2025/5/7,16:15,1350,,862,,
2025/5/7,16:30,1350,,850,,
2025/5/7,16:45,1350,,779,,
2025/5/7,17:00,1350,,547,,
2025/5/7,17:15,1350,,398,,
2025/5/7,17:30,1350,,338,,
2025/5/7,17:45,1350,,551,,
2025/5/7,18:00,1350,,631,,
2025/5/7,18:15,1350,,599,,
2025/5/7,18:30,1350,,598,,
2025/5/7,18:45,1350,,574,,
2025/5/7,19:00,1350,,544,,
2025/5/7,19:15,1350,,550,,
2025/5/7,19:30,1350,,325,,
2025/5/7,19:45,1350,,178,,
2025/5/7,20:00,1350,,179,,
2025/5/7,20:15,1350,,174,,
2025/5/7,20:30,1350,,171,,
2025/5/7,20:45,1350,,154,,
2025/5/7,21:00,1350,,150,,
2025/5/7,21:15,1350,,150,,
2025/5/7,21:30,1350,,147,,
2025/5/7,21:45,1350,,130,,
2025/5/7,22:00,1350,,131,,
2025/5/7,22:15,1350,,128,,
2025/5/7,22:30,1350,,128,,
2025/5/7,22:45,1350,,130,,
2025/5/7,23:00,1350,,123,,
2025/5/7,23:15,1350,,123,,
2025/5/7,23:30,1350,,114,,
2025/5/7,23:45,1350,,110,,
2025/5/8,00:00,1350,,110,,
2025/5/8,00:15,1350,,,,107
2025/5/8,00:30,1350,,,,110
2025/5/8,00:45,1350,,,,110
2025/5/8,01:00,1350,,,,110
2025/5/8,01:15,1350,,,,106
2025/5/8,01:30,1350,,,,104
2025/5/8,01:45,1350,,,,104
2025/5/8,02:00,1350,,,,101
2025/5/8,02:15,1350,,,,104
2025/5/8,02:30,1350,,,,102
2025/5/8,02:45,1350,,,,102
2025/5/8,03:00,1350,,,,101
2025/5/8,03:15,1350,,,,102
2025/5/8,03:30,1350,,,,101
2025/5/8,03:45,1350,,,,96
2025/5/8,04:00,1350,,,,93
2025/5/8,04:15,1350,,,,117
2025/5/8,04:30,1350,,,,125
2025/5/8,04:45,1350,,,,122
2025/5/8,05:00,1350,,,,126
2025/5/8,05:15,1350,,,,126
2025/5/8,05:30,1350,,,,128
2025/5/8,05:45,1350,,,,178
2025/5/8,06:00,1350,,,,231
2025/5/8,06:15,1350,,205,,
2025/5/8,06:30,1350,,178,,
2025/5/8,06:45,1350,,182,,
2025/5/8,07:00,1350,,183,,
2025/5/8,07:15,1350,,174,,
2025/5/8,07:30,1350,,226,,
2025/5/8,07:45,1350,,232,,
2025/5/8,08:00,1350,,285,,
2025/5/8,08:15,1350,,732,,
2025/5/8,08:30,1350,,931,,
2025/5/8,08:45,1350,,1013,,
2025/5/8,09:00,1350,,1001,,
2025/5/8,09:15,1350,,936,,
2025/5/8,09:30,1350,,917,,
2025/5/8,09:45,1350,,1008,,
2025/5/8,10:00,1350,,1034,,
2025/5/8,10:15,1350,,1114,,
2025/5/8,10:30,1350,,1091,,
2025/5/8,10:45,1350,,1186,,
2025/5/8,11:00,1350,,1162,,
2025/5/8,11:15,1350,,,,1152
2025/5/8,11:30,1350,,,,1203
2025/5/8,11:45,1350,,,,1267
2025/5/8,12:00,1350,,,,1040
2025/5/8,12:15,1350,,,,733
2025/5/8,12:30,1350,,,,573
2025/5/8,12:45,1350,,,,599
2025/5/8,13:00,1350,,,,965
2025/5/8,13:15,1350,,,,1006
2025/5/8,13:30,1350,,,,1046
2025/5/8,13:45,1350,,,,1106
2025/5/8,14:00,1350,,,,1119
2025/5/8,14:15,1350,,1054,,
2025/5/8,14:30,1350,,1149,,
2025/5/8,14:45,1350,,1150,,
2025/5/8,15:00,1350,,1041,,
2025/5/8,15:15,1350,,1052,,
2025/5/8,15:30,1350,,1107,,
2025/5/8,15:45,1350,,1080,,
2025/5/8,16:00,1350,,1059,,
2025/5/8,16:15,1350,,1059,,
2025/5/8,16:30,1350,,1024,,
2025/5/8,16:45,1350,,1048,,
2025/5/8,17:00,1350,,807,,
2025/5/8,17:15,1350,,572,,
2025/5/8,17:30,1350,,478,,
2025/5/8,17:45,1350,,715,,
2025/5/8,18:00,1350,,914,,
2025/5/8,18:15,1350,,1001,,
2025/5/8,18:30,1350,,1030,,
2025/5/8,18:45,1350,,987,,
2025/5/8,19:00,1350,,963,,
2025/5/8,19:15,1350,,792,,
2025/5/8,19:30,1350,,549,,
2025/5/8,19:45,1350,,446,,
2025/5/8,20:00,1350,,363,,
2025/5/8,20:15,1350,,296,,
2025/5/8,20:30,1350,,269,,
2025/5/8,20:45,1350,,266,,
2025/5/8,21:00,1350,,237,,
2025/5/8,21:15,1350,,206,,
2025/5/8,21:30,1350,,181,,
2025/5/8,21:45,1350,,158,,
2025/5/8,22:00,1350,,160,,
2025/5/8,22:15,1350,,150,,
2025/5/8,22:30,1350,,154,,
2025/5/8,22:45,1350,,166,,
2025/5/8,23:00,1350,,163,,
2025/5/8,23:15,1350,,154,,
2025/5/8,23:30,1350,,149,,
2025/5/8,23:45,1350,,147,,
2025/5/9,00:00,1350,,149,,
2025/5/9,00:15,1350,,,,150
2025/5/9,00:30,1350,,,,146
2025/5/9,00:45,1350,,,,139
2025/5/9,01:00,1350,,,,138
2025/5/9,01:15,1350,,,,130
2025/5/9,01:30,1350,,,,123
2025/5/9,01:45,1350,,,,118
2025/5/9,02:00,1350,,,,118
2025/5/9,02:15,1350,,,,122
2025/5/9,02:30,1350,,,,122
2025/5/9,02:45,1350,,,,163
2025/5/9,03:00,1350,,,,117
2025/5/9,03:15,1350,,,,110
2025/5/9,03:30,1350,,,,110
2025/5/9,03:45,1350,,,,110
2025/5/9,04:00,1350,,,,109
2025/5/9,04:15,1350,,,,162
2025/5/9,04:30,1350,,,,170
2025/5/9,04:45,1350,,,,166
2025/5/9,05:00,1350,,,,163
2025/5/9,05:15,1350,,,,162
2025/5/9,05:30,1350,,,,155
2025/5/9,05:45,1350,,,,142
2025/5/9,06:00,1350,,,,138
2025/5/9,06:15,1350,,137,,
2025/5/9,06:30,1350,,138,,
2025/5/9,06:45,1350,,153,,
2025/5/9,07:00,1350,,201,,
2025/5/9,07:15,1350,,126,,
2025/5/9,07:30,1350,,166,,
2025/5/9,07:45,1350,,176,,
2025/5/9,08:00,1350,,239,,
2025/5/9,08:15,1350,,593,,
2025/5/9,08:30,1350,,839,,
2025/5/9,08:45,1350,,867,,
2025/5/9,09:00,1350,,892,,
2025/5/9,09:15,1350,,848,,
2025/5/9,09:30,1350,,864,,
2025/5/9,09:45,1350,,910,,
2025/5/9,10:00,1350,,834,,
2025/5/9,10:15,1350,,892,,
2025/5/9,10:30,1350,,984,,
2025/5/9,10:45,1350,,1024,,
2025/5/9,11:00,1350,,1075,,
2025/5/9,11:15,1350,,,,1124
2025/5/9,11:30,1350,,,,1142
2025/5/9,11:45,1350,,,,1152
2025/5/9,12:00,1350,,,,918
2025/5/9,12:15,1350,,,,617
2025/5/9,12:30,1350,,,,564
2025/5/9,12:45,1350,,,,586
2025/5/9,13:00,1350,,,,907
2025/5/9,13:15,1350,,,,984
2025/5/9,13:30,1350,,,,960
2025/5/9,13:45,1350,,,,1032
2025/5/9,14:00,1350,,,,1098
2025/5/9,14:15,1350,,1094,,
2025/5/9,14:30,1350,,1062,,
2025/5/9,14:45,1350,,982,,
2025/5/9,15:00,1350,,931,,
2025/5/9,15:15,1350,,1032,,
2025/5/9,15:30,1350,,1091,,
2025/5/9,15:45,1350,,1109,,
2025/5/9,16:00,1350,,1117,,
2025/5/9,16:15,1350,,1174,,
2025/5/9,16:30,1350,,1160,,
2025/5/9,16:45,1350,,916,,
2025/5/9,17:00,1350,,700,,
2025/5/9,17:15,1350,,485,,
2025/5/9,17:30,1350,,459,,
2025/5/9,17:45,1350,,496,,
2025/5/9,18:00,1350,,533,,
2025/5/9,18:15,1350,,538,,
2025/5/9,18:30,1350,,421,,
2025/5/9,18:45,1350,,357,,
2025/5/9,19:00,1350,,358,,
2025/5/9,19:15,1350,,370,,
2025/5/9,19:30,1350,,262,,
2025/5/9,19:45,1350,,163,,
2025/5/9,20:00,1350,,157,,
2025/5/9,20:15,1350,,150,,
2025/5/9,20:30,1350,,152,,
2025/5/9,20:45,1350,,136,,
2025/5/9,21:00,1350,,126,,
2025/5/9,21:15,1350,,122,,
2025/5/9,21:30,1350,,122,,
2025/5/9,21:45,1350,,101,,
2025/5/9,22:00,1350,,99,,
2025/5/9,22:15,1350,,102,,
2025/5/9,22:30,1350,,104,,
2025/5/9,22:45,1350,,104,,
2025/5/9,23:00,1350,,101,,
2025/5/9,23:15,1350,,99,,
2025/5/9,23:30,1350,,104,,
2025/5/9,23:45,1350,,104,,
2025/5/10,00:00,1350,,99,,
2025/5/10,00:15,1350,,,,96
2025/5/10,00:30,1350,,,,101
2025/5/10,00:45,1350,,,,104
2025/5/10,01:00,1350,,,,98
2025/5/10,01:15,1350,,,,98
2025/5/10,01:30,1350,,,,93
2025/5/10,01:45,1350,,,,96
2025/5/10,02:00,1350,,,,93
2025/5/10,02:15,1350,,,,90
2025/5/10,02:30,1350,,,,90
2025/5/10,02:45,1350,,,,93
2025/5/10,03:00,1350,,,,94
2025/5/10,03:15,1350,,,,91
2025/5/10,03:30,1350,,,,90
2025/5/10,03:45,1350,,,,90
2025/5/10,04:00,1350,,,,94
2025/5/10,04:15,1350,,,,85
2025/5/10,04:30,1350,,,,83
2025/5/10,04:45,1350,,,,82
2025/5/10,05:00,1350,,,,93
2025/5/10,05:15,1350,,,,90
2025/5/10,05:30,1350,,,,82
2025/5/10,05:45,1350,,,,82
2025/5/10,06:00,1350,,,,87
2025/5/10,06:15,1350,,,81,
2025/5/10,06:30,1350,,,80,
2025/5/10,06:45,1350,,,90,
2025/5/10,07:00,1350,,,94,
2025/5/10,07:15,1350,,,72,
2025/5/10,07:30,1350,,,75,
2025/5/10,07:45,1350,,,81,
2025/5/10,08:00,1350,,,92,
2025/5/10,08:15,1350,,,180,
2025/5/10,08:30,1350,,,251,
2025/5/10,08:45,1350,,,224,
2025/5/10,09:00,1350,,,240,
2025/5/10,09:15,1350,,,235,
2025/5/10,09:30,1350,,,285,
2025/5/10,09:45,1350,,,250,
2025/5/10,10:00,1350,,,218,
2025/5/10,10:15,1350,,,198,
2025/5/10,10:30,1350,,,203,
2025/5/10,10:45,1350,,,248,
2025/5/10,11:00,1350,,,287,
2025/5/10,11:15,1350,,,,262
2025/5/10,11:30,1350,,,,264
2025/5/10,11:45,1350,,,,288
2025/5/10,12:00,1350,,,,277
2025/5/10,12:15,1350,,,,193
2025/5/10,12:30,1350,,,,167
2025/5/10,12:45,1350,,,,184
2025/5/10,13:00,1350,,,,262
2025/5/10,13:15,1350,,,,261
2025/5/10,13:30,1350,,,,326
2025/5/10,13:45,1350,,,,283
2025/5/10,14:00,1350,,,,262
2025/5/10,14:15,1350,,,277,
2025/5/10,14:30,1350,,,283,
2025/5/10,14:45,1350,,,322,
2025/5/10,15:00,1350,,,232,
2025/5/10,15:15,1350,,,257,
2025/5/10,15:30,1350,,,274,
2025/5/10,15:45,1350,,,306,
2025/5/10,16:00,1350,,,228,
2025/5/10,16:15,1350,,,186,
2025/5/10,16:30,1350,,,149,
2025/5/10,16:45,1350,,,130,
2025/5/10,17:00,1350,,,122,
2025/5/10,17:15,1350,,,116,
2025/5/10,17:30,1350,,,104,
2025/5/10,17:45,1350,,,97,
2025/5/10,18:00,1350,,,101,
2025/5/10,18:15,1350,,,104,
2025/5/10,18:30,1350,,,93,
2025/5/10,18:45,1350,,,96,
2025/5/10,19:00,1350,,,102,
2025/5/10,19:15,1350,,,94,
2025/5/10,19:30,1350,,,96,
2025/5/10,19:45,1350,,,96,
2025/5/10,20:00,1350,,,99,
2025/5/10,20:15,1350,,,94,
2025/5/10,20:30,1350,,,99,
2025/5/10,20:45,1350,,,93,
2025/5/10,21:00,1350,,,91,
2025/5/10,21:15,1350,,,101,
2025/5/10,21:30,1350,,,96,
2025/5/10,21:45,1350,,,91,
2025/5/10,22:00,1350,,,99,
2025/5/10,22:15,1350,,,91,
2025/5/10,22:30,1350,,,88,
2025/5/10,22:45,1350,,,93,
2025/5/10,23:00,1350,,,91,
2025/5/10,23:15,1350,,,90,
2025/5/10,23:30,1350,,,90,
2025/5/10,23:45,1350,,,94,
2025/5/11,00:00,1350,,,77,
2025/5/11,00:15,1350,,,,72
2025/5/11,00:30,1350,,,,78
2025/5/11,00:45,1350,,,,72
2025/5/11,01:00,1350,,,,69
2025/5/11,01:15,1350,,,,77
2025/5/11,01:30,1350,,,,74
2025/5/11,01:45,1350,,,,59
2025/5/11,02:00,1350,,,,64
2025/5/11,02:15,1350,,,,64
2025/5/11,02:30,1350,,,,59
2025/5/11,02:45,1350,,,,61
2025/5/11,03:00,1350,,,,64
2025/5/11,03:15,1350,,,,59
2025/5/11,03:30,1350,,,,59
2025/5/11,03:45,1350,,,,67
2025/5/11,04:00,1350,,,,58
2025/5/11,04:15,1350,,,,59
2025/5/11,04:30,1350,,,,64
2025/5/11,04:45,1350,,,,59
2025/5/11,05:00,1350,,,,64
2025/5/11,05:15,1350,,,,69
2025/5/11,05:30,1350,,,,58
2025/5/11,05:45,1350,,,,60
2025/5/11,06:00,1350,,,,64
2025/5/11,06:15,1350,,,,59
2025/5/11,06:30,1350,,,,61
2025/5/11,06:45,1350,,,,69
2025/5/11,07:00,1350,,,,61
2025/5/11,07:15,1350,,,,61
2025/5/11,07:30,1350,,,,63
2025/5/11,07:45,1350,,,,57
2025/5/11,08:00,1350,,,,59
2025/5/11,08:15,1350,,,,69
2025/5/11,08:30,1350,,,,62
2025/5/11,08:45,1350,,,,65
2025/5/11,09:00,1350,,,,67
2025/5/11,09:15,1350,,,,63
2025/5/11,09:30,1350,,,,62
2025/5/11,09:45,1350,,,,68
2025/5/11,10:00,1350,,,,62
2025/5/11,10:15,1350,,,,66
2025/5/11,10:30,1350,,,,68
2025/5/11,10:45,1350,,,,60
2025/5/11,11:00,1350,,,,64
2025/5/11,11:15,1350,,,,64
2025/5/11,11:30,1350,,,,64
2025/5/11,11:45,1350,,,,67
2025/5/11,12:00,1350,,,,62
2025/5/11,12:15,1350,,,,67
2025/5/11,12:30,1350,,,,59
2025/5/11,12:45,1350,,,,58
2025/5/11,13:00,1350,,,,67
2025/5/11,13:15,1350,,,,61
2025/5/11,13:30,1350,,,,66
2025/5/11,13:45,1350,,,,63
2025/5/11,14:00,1350,,,,60
2025/5/11,14:15,1350,,,,67
2025/5/11,14:30,1350,,,,64
2025/5/11,14:45,1350,,,,66
2025/5/11,15:00,1350,,,,66
2025/5/11,15:15,1350,,,,62
2025/5/11,15:30,1350,,,,67
2025/5/11,15:45,1350,,,,57
2025/5/11,16:00,1350,,,,62
2025/5/11,16:15,1350,,,,69
2025/5/11,16:30,1350,,,,62
2025/5/11,16:45,1350,,,,67
2025/5/11,17:00,1350,,,,64
2025/5/11,17:15,1350,,,,67
2025/5/11,17:30,1350,,,,59
2025/5/11,17:45,1350,,,,64
2025/5/11,18:00,1350,,,,62
2025/5/11,18:15,1350,,,,66
2025/5/11,18:30,1350,,,,58
2025/5/11,18:45,1350,,,,64
2025/5/11,19:00,1350,,,,61
2025/5/11,19:15,1350,,,,59
2025/5/11,19:30,1350,,,,59
2025/5/11,19:45,1350,,,,61
2025/5/11,20:00,1350,,,,67
2025/5/11,20:15,1350,,,,58
2025/5/11,20:30,1350,,,,62
2025/5/11,20:45,1350,,,,58
2025/5/11,21:00,1350,,,,62
2025/5/11,21:15,1350,,,,59
2025/5/11,21:30,1350,,,,61
2025/5/11,21:45,1350,,,,64
2025/5/11,22:00,1350,,,,58
2025/5/11,22:15,1350,,,,64
2025/5/11,22:30,1350,,,,58
2025/5/11,22:45,1350,,,,61
2025/5/11,23:00,1350,,,,64
2025/5/11,23:15,1350,,,,61
2025/5/11,23:30,1350,,,,64
2025/5/11,23:45,1350,,,,59
2025/5/12,00:00,1350,,,,62
2025/5/12,00:15,1350,,,,56
2025/5/12,00:30,1350,,,,64
2025/5/12,00:45,1350,,,,59
2025/5/12,01:00,1350,,,,62
2025/5/12,01:15,1350,,,,58
2025/5/12,01:30,1350,,,,66
2025/5/12,01:45,1350,,,,59
2025/5/12,02:00,1350,,,,61
2025/5/12,02:15,1350,,,,62
2025/5/12,02:30,1350,,,,59
2025/5/12,02:45,1350,,,,66
2025/5/12,03:00,1350,,,,56
2025/5/12,03:15,1350,,,,64
2025/5/12,03:30,1350,,,,58
2025/5/12,03:45,1350,,,,61
2025/5/12,04:00,1350,,,,61
2025/5/12,04:15,1350,,,,58
2025/5/12,04:30,1350,,,,64
2025/5/12,04:45,1350,,,,56
2025/5/12,05:00,1350,,,,64
2025/5/12,05:15,1350,,,,62
2025/5/12,05:30,1350,,,,61
2025/5/12,05:45,1350,,,,59
2025/5/12,06:00,1350,,,,63
2025/5/12,06:15,1350,,60,,
2025/5/12,06:30,1350,,66,,
2025/5/12,06:45,1350,,103,,
2025/5/12,07:00,1350,,70,,
2025/5/12,07:15,1350,,180,,
2025/5/12,07:30,1350,,244,,
2025/5/12,07:45,1350,,224,,
2025/5/12,08:00,1350,,248,,
2025/5/12,08:15,1350,,534,,
2025/5/12,08:30,1350,,711,,
2025/5/12,08:45,1350,,832,,
2025/5/12,09:00,1350,,876,,
2025/5/12,09:15,1350,,979,,
2025/5/12,09:30,1350,,946,,
2025/5/12,09:45,1350,,851,,
2025/5/12,10:00,1350,,818,,
2025/5/12,10:15,1350,,873,,
2025/5/12,10:30,1350,,764,,
2025/5/12,10:45,1350,,897,,
2025/5/12,11:00,1350,,1005,,
2025/5/12,11:15,1350,,,,960
2025/5/12,11:30,1350,,,,845
2025/5/12,11:45,1350,,,,894
2025/5/12,12:00,1350,,,,797
2025/5/12,12:15,1350,,,,485
2025/5/12,12:30,1350,,,,484
2025/5/12,12:45,1350,,,,511
2025/5/12,13:00,1350,,,,785
2025/5/12,13:15,1350,,,,903
2025/5/12,13:30,1350,,,,867
2025/5/12,13:45,1350,,,,875
2025/5/12,14:00,1350,,,,857
2025/5/12,14:15,1350,,981,,
2025/5/12,14:30,1350,,963,,
2025/5/12,14:45,1350,,929,,
2025/5/12,15:00,1350,,899,,
2025/5/12,15:15,1350,,864,,
2025/5/12,15:30,1350,,1014,,
2025/5/12,15:45,1350,,1044,,
2025/5/12,16:00,1350,,1020,,
2025/5/12,16:15,1350,,995,,
2025/5/12,16:30,1350,,1003,,
2025/5/12,16:45,1350,,998,,
2025/5/12,17:00,1350,,832,,
2025/5/12,17:15,1350,,804,,
2025/5/12,17:30,1350,,746,,
2025/5/12,17:45,1350,,938,,
2025/5/12,18:00,1350,,1012,,
2025/5/12,18:15,1350,,1007,,
2025/5/12,18:30,1350,,958,,
2025/5/12,18:45,1350,,945,,
2025/5/12,19:00,1350,,854,,
2025/5/12,19:15,1350,,808,,
2025/5/12,19:30,1350,,611,,
2025/5/12,19:45,1350,,422,,
2025/5/12,20:00,1350,,418,,
2025/5/12,20:15,1350,,410,,
2025/5/12,20:30,1350,,354,,
2025/5/12,20:45,1350,,320,,
2025/5/12,21:00,1350,,310,,
2025/5/12,21:15,1350,,294,,
2025/5/12,21:30,1350,,277,,
2025/5/12,21:45,1350,,251,,
2025/5/12,22:00,1350,,235,,
2025/5/12,22:15,1350,,230,,
2025/5/12,22:30,1350,,230,,
2025/5/12,22:45,1350,,242,,
2025/5/12,23:00,1350,,235,,
2025/5/12,23:15,1350,,166,,
2025/5/12,23:30,1350,,157,,
2025/5/12,23:45,1350,,149,,
2025/5/13,00:00,1350,,150,,
2025/5/13,00:15,1350,,,,155
2025/5/13,00:30,1350,,,,150
2025/5/13,00:45,1350,,,,146
2025/5/13,01:00,1350,,,,134
2025/5/13,01:15,1350,,,,134
2025/5/13,01:30,1350,,,,126
2025/5/13,01:45,1350,,,,118
2025/5/13,02:00,1350,,,,120
2025/5/13,02:15,1350,,,,122
2025/5/13,02:30,1350,,,,117
2025/5/13,02:45,1350,,,,120
2025/5/13,03:00,1350,,,,117
2025/5/13,03:15,1350,,,,114
2025/5/13,03:30,1350,,,,112
2025/5/13,03:45,1350,,,,102
2025/5/13,04:00,1350,,,,99
2025/5/13,04:15,1350,,,,150
2025/5/13,04:30,1350,,,,165
2025/5/13,04:45,1350,,,,163
2025/5/13,05:00,1350,,,,166
2025/5/13,05:15,1350,,,,168
2025/5/13,05:30,1350,,,,216
2025/5/13,05:45,1350,,,,226
2025/5/13,06:00,1350,,,,220
2025/5/13,06:15,1350,,209,,
2025/5/13,06:30,1350,,189,,
2025/5/13,06:45,1350,,191,,
2025/5/13,07:00,1350,,182,,
2025/5/13,07:15,1350,,160,,
2025/5/13,07:30,1350,,195,,
2025/5/13,07:45,1350,,208,,
2025/5/13,08:00,1350,,285,,
2025/5/13,08:15,1350,,757,,
2025/5/13,08:30,1350,,1019,,
2025/5/13,08:45,1350,,1044,,
2025/5/13,09:00,1350,,1092,,
2025/5/13,09:15,1350,,1144,,
2025/5/13,09:30,1350,,1160,,
2025/5/13,09:45,1350,,1161,,
2025/5/13,10:00,1350,,1151,,
2025/5/13,10:15,1350,,1225,,
2025/5/13,10:30,1350,,1197,,
2025/5/13,10:45,1350,,1231,,
2025/5/13,11:00,1350,,1288,,
2025/5/13,11:15,1350,,,,1331
2025/5/13,11:30,1350,,,,1280
2025/5/13,11:45,1350,,,,1129
2025/5/13,12:00,1350,,,,845
2025/5/13,12:15,1350,,,,629
2025/5/13,12:30,1350,,,,583
2025/5/13,12:45,1350,,,,608
2025/5/13,13:00,1350,,,,855
2025/5/13,13:15,1350,,,,959
2025/5/13,13:30,1350,,,,943
2025/5/13,13:45,1350,,,,949
2025/5/13,14:00,1350,,,,976
2025/5/13,14:15,1350,,928,,
2025/5/13,14:30,1350,,898,,
2025/5/13,14:45,1350,,962,,
2025/5/13,15:00,1350,,853,,
2025/5/13,15:15,1350,,955,,
2025/5/13,15:30,1350,,1111,,
2025/5/13,15:45,1350,,1152,,
2025/5/13,16:00,1350,,1132,,
2025/5/13,16:15,1350,,1138,,
2025/5/13,16:30,1350,,1184,,
2025/5/13,16:45,1350,,1132,,
2025/5/13,17:00,1350,,811,,
2025/5/13,17:15,1350,,578,,
2025/5/13,17:30,1350,,523,,
2025/5/13,17:45,1350,,690,,
2025/5/13,18:00,1350,,720,,
2025/5/13,18:15,1350,,593,,
2025/5/13,18:30,1350,,652,,
2025/5/13,18:45,1350,,564,,
2025/5/13,19:00,1350,,590,,
2025/5/13,19:15,1350,,493,,
2025/5/13,19:30,1350,,379,,
2025/5/13,19:45,1350,,352,,
2025/5/13,20:00,1350,,325,,
2025/5/13,20:15,1350,,325,,
2025/5/13,20:30,1350,,301,,
2025/5/13,20:45,1350,,286,,
2025/5/13,21:00,1350,,274,,
2025/5/13,21:15,1350,,256,,
2025/5/13,21:30,1350,,248,,
2025/5/13,21:45,1350,,270,,
2025/5/13,22:00,1350,,234,,
2025/5/13,22:15,1350,,163,,
2025/5/13,22:30,1350,,163,,
2025/5/13,22:45,1350,,157,,
2025/5/13,23:00,1350,,155,,
2025/5/13,23:15,1350,,155,,
2025/5/13,23:30,1350,,154,,
2025/5/13,23:45,1350,,149,,
2025/5/14,00:00,1350,,144,,
2025/5/14,00:15,1350,,,,133
2025/5/14,00:30,1350,,,,128
2025/5/14,00:45,1350,,,,130
2025/5/14,01:00,1350,,,,130
2025/5/14,01:15,1350,,,,133
2025/5/14,01:30,1350,,,,133
2025/5/14,01:45,1350,,,,126
2025/5/14,02:00,1350,,,,126
2025/5/14,02:15,1350,,,,128
2025/5/14,02:30,1350,,,,138
2025/5/14,02:45,1350,,,,213
2025/5/14,03:00,1350,,,,206
2025/5/14,03:15,1350,,,,205
2025/5/14,03:30,1350,,,,203
2025/5/14,03:45,1350,,,,190
2025/5/14,04:00,1350,,,,181
2025/5/14,04:15,1350,,,,181
2025/5/14,04:30,1350,,,,171
2025/5/14,04:45,1350,,,,168
2025/5/14,05:00,1350,,,,166
2025/5/14,05:15,1350,,,,162
2025/5/14,05:30,1350,,,,167
2025/5/14,05:45,1350,,,,209
2025/5/14,06:00,1350,,,,225
2025/5/14,06:15,1350,,224,,
2025/5/14,06:30,1350,,222,,
2025/5/14,06:45,1350,,223,,
2025/5/14,07:00,1350,,225,,
2025/5/14,07:15,1350,,251,,
2025/5/14,07:30,1350,,216,,
2025/5/14,07:45,1350,,265,,
2025/5/14,08:00,1350,,365,,
2025/5/14,08:15,1350,,796,,
2025/5/14,08:30,1350,,921,,
2025/5/14,08:45,1350,,845,,
2025/5/14,09:00,1350,,854,,
2025/5/14,09:15,1350,,804,,
2025/5/14,09:30,1350,,897,,
2025/5/14,09:45,1350,,993,,
2025/5/14,10:00,1350,,864,,
2025/5/14,10:15,1350,,911,,
2025/5/14,10:30,1350,,978,,
2025/5/14,10:45,1350,,1065,,
2025/5/14,11:00,1350,,1189,,
2025/5/14,11:15,1350,,,,1220
2025/5/14,11:30,1350,,,,1228
2025/5/14,11:45,1350,,,,1185
2025/5/14,12:00,1350,,,,1020
2025/5/14,12:15,1350,,,,698
2025/5/14,12:30,1350,,,,696
2025/5/14,12:45,1350,,,,753
2025/5/14,13:00,1350,,,,1198
2025/5/14,13:15,1350,,,,1177
2025/5/14,13:30,1350,,,,1099
2025/5/14,13:45,1350,,,,1007
2025/5/14,14:00,1350,,,,921
2025/5/14,14:15,1350,,929,,
2025/5/14,14:30,1350,,923,,
2025/5/14,14:45,1350,,982,,
2025/5/14,15:00,1350,,833,,
2025/5/14,15:15,1350,,838,,
2025/5/14,15:30,1350,,818,,
2025/5/14,15:45,1350,,987,,
2025/5/14,16:00,1350,,1025,,
2025/5/14,16:15,1350,,1034,,
2025/5/14,16:30,1350,,1053,,
2025/5/14,16:45,1350,,895,,
2025/5/14,17:00,1350,,637,,
2025/5/14,17:15,1350,,368,,
2025/5/14,17:30,1350,,331,,
2025/5/14,17:45,1350,,489,,
2025/5/14,18:00,1350,,562,,
2025/5/14,18:15,1350,,537,,
2025/5/14,18:30,1350,,484,,
2025/5/14,18:45,1350,,534,,
2025/5/14,19:00,1350,,443,,
2025/5/14,19:15,1350,,347,,
2025/5/14,19:30,1350,,226,,
2025/5/14,19:45,1350,,174,,
2025/5/14,20:00,1350,,165,,
2025/5/14,20:15,1350,,163,,
2025/5/14,20:30,1350,,147,,
2025/5/14,20:45,1350,,139,,
2025/5/14,21:00,1350,,134,,
2025/5/14,21:15,1350,,138,,
2025/5/14,21:30,1350,,134,,
2025/5/14,21:45,1350,,122,,
2025/5/14,22:00,1350,,125,,
2025/5/14,22:15,1350,,117,,
2025/5/14,22:30,1350,,125,,
2025/5/14,22:45,1350,,120,,
2025/5/14,23:00,1350,,133,,
2025/5/14,23:15,1350,,123,,
2025/5/14,23:30,1350,,130,,
2025/5/14,23:45,1350,,126,,
2025/5/15,00:00,1350,,128,,
2025/5/15,00:15,1350,,,,131
2025/5/15,00:30,1350,,,,130
2025/5/15,00:45,1350,,,,133
2025/5/15,01:00,1350,,,,125
2025/5/15,01:15,1350,,,,125
2025/5/15,01:30,1350,,,,122
2025/5/15,01:45,1350,,,,120
2025/5/15,02:00,1350,,,,115
2025/5/15,02:15,1350,,,,118
2025/5/15,02:30,1350,,,,110
2025/5/15,02:45,1350,,,,115
2025/5/15,03:00,1350,,,,109
2025/5/15,03:15,1350,,,,126
2025/5/15,03:30,1350,,,,166
2025/5/15,03:45,1350,,,,154
2025/5/15,04:00,1350,,,,154
2025/5/15,04:15,1350,,,,150
2025/5/15,04:30,1350,,,,152
2025/5/15,04:45,1350,,,,144
2025/5/15,05:00,1350,,,,146
2025/5/15,05:15,1350,,,,139
2025/5/15,05:30,1350,,,,150
2025/5/15,05:45,1350,,,,152
2025/5/15,06:00,1350,,,,151
2025/5/15,06:15,1350,,156,,
2025/5/15,06:30,1350,,154,,
2025/5/15,06:45,1350,,154,,
2025/5/15,07:00,1350,,142,,
2025/5/15,07:15,1350,,124,,
2025/5/15,07:30,1350,,164,,
2025/5/15,07:45,1350,,185,,
2025/5/15,08:00,1350,,259,,
2025/5/15,08:15,1350,,612,,
2025/5/15,08:30,1350,,774,,
2025/5/15,08:45,1350,,797,,
2025/5/15,09:00,1350,,799,,
2025/5/15,09:15,1350,,777,,
2025/5/15,09:30,1350,,776,,
2025/5/15,09:45,1350,,742,,
2025/5/15,10:00,1350,,616,,
2025/5/15,10:15,1350,,810,,
2025/5/15,10:30,1350,,882,,
2025/5/15,10:45,1350,,933,,
2025/5/15,11:00,1350,,916,,
2025/5/15,11:15,1350,,,,977
2025/5/15,11:30,1350,,,,1001
2025/5/15,11:45,1350,,,,1003
2025/5/15,12:00,1350,,,,872
2025/5/15,12:15,1350,,,,551
2025/5/15,12:30,1350,,,,484
2025/5/15,12:45,1350,,,,481
2025/5/15,13:00,1350,,,,807
2025/5/15,13:15,1350,,,,818
2025/5/15,13:30,1350,,,,807
2025/5/15,13:45,1350,,,,919
2025/5/15,14:00,1350,,,,867
2025/5/15,14:15,1350,,809,,
2025/5/15,14:30,1350,,879,,
2025/5/15,14:45,1350,,862,,
2025/5/15,15:00,1350,,735,,
2025/5/15,15:15,1350,,867,,
2025/5/15,15:30,1350,,852,,
2025/5/15,15:45,1350,,778,,
2025/5/15,16:00,1350,,778,,
2025/5/15,16:15,1350,,770,,
2025/5/15,16:30,1350,,685,,
2025/5/15,16:45,1350,,706,,
2025/5/15,17:00,1350,,616,,
2025/5/15,17:15,1350,,511,,
2025/5/15,17:30,1350,,488,,
2025/5/15,17:45,1350,,507,,
2025/5/15,18:00,1350,,452,,
2025/5/15,18:15,1350,,434,,
2025/5/15,18:30,1350,,406,,
2025/5/15,18:45,1350,,380,,
2025/5/15,19:00,1350,,342,,
2025/5/15,19:15,1350,,382,,
2025/5/15,19:30,1350,,227,,
2025/5/15,19:45,1350,,189,,
2025/5/15,20:00,1350,,181,,
2025/5/15,20:15,1350,,178,,
2025/5/15,20:30,1350,,174,,
2025/5/15,20:45,1350,,160,,
2025/5/15,21:00,1350,,158,,
2025/5/15,21:15,1350,,163,,
2025/5/15,21:30,1350,,146,,
2025/5/15,21:45,1350,,134,,
2025/5/15,22:00,1350,,117,,
2025/5/15,22:15,1350,,117,,
2025/5/15,22:30,1350,,122,,
2025/5/15,22:45,1350,,115,,
2025/5/15,23:00,1350,,120,,
2025/5/15,23:15,1350,,112,,
2025/5/15,23:30,1350,,118,,
2025/5/15,23:45,1350,,110,,
2025/5/16,00:00,1350,,117,,
2025/5/16,00:15,1350,,,,115
2025/5/16,00:30,1350,,,,115
2025/5/16,00:45,1350,,,,117
2025/5/16,01:00,1350,,,,112
2025/5/16,01:15,1350,,,,118
2025/5/16,01:30,1350,,,,112
2025/5/16,01:45,1350,,,,114
2025/5/16,02:00,1350,,,,107
2025/5/16,02:15,1350,,,,106
2025/5/16,02:30,1350,,,,107
2025/5/16,02:45,1350,,,,123
2025/5/16,03:00,1350,,,,139
2025/5/16,03:15,1350,,,,133
2025/5/16,03:30,1350,,,,128
2025/5/16,03:45,1350,,,,110
2025/5/16,04:00,1350,,,,112
2025/5/16,04:15,1350,,,,114
2025/5/16,04:30,1350,,,,107
2025/5/16,04:45,1350,,,,110
2025/5/16,05:00,1350,,,,114
2025/5/16,05:15,1350,,,,112
2025/5/16,05:30,1350,,,,110
2025/5/16,05:45,1350,,,,95
2025/5/16,06:00,1350,,,,122
2025/5/16,06:15,1350,,,,120
2025/5/16,06:30,1350,,,,122
2025/5/16,06:45,1350,,,,124
2025/5/16,07:00,1350,,,,142
2025/5/16,07:15,1350,,,,198
2025/5/16,07:30,1350,,,,260
2025/5/16,07:45,1350,,,,291
2025/5/16,08:00,1350,,,,353
2025/5/16,08:15,1350,,,,758
2025/5/16,08:30,1350,,,,955
2025/5/16,08:45,1350,,,,862
2025/5/16,09:00,1350,,,,906
2025/5/16,09:15,1350,,933,,
2025/5/16,09:30,1350,,970,,
2025/5/16,09:45,1350,,995,,
2025/5/16,10:00,1350,,786,,
2025/5/16,10:15,1350,,829,,
2025/5/16,10:30,1350,,965,,
2025/5/16,10:45,1350,,1070,,
2025/5/16,11:00,1350,,1056,,
2025/5/16,11:15,1350,,1035,,
2025/5/16,11:30,1350,,1010,,
2025/5/16,11:45,1350,,948,,
2025/5/16,12:00,1350,,764,,
2025/5/16,12:15,1350,,521,,
2025/5/16,12:30,1350,,461,,
2025/5/16,12:45,1350,,480,,
2025/5/16,13:00,1350,,838,,
2025/5/16,13:15,1350,,979,,
2025/5/16,13:30,1350,,919,,
2025/5/16,13:45,1350,,885,,
2025/5/16,14:00,1350,,816,,
2025/5/16,14:15,1350,,800,,
2025/5/16,14:30,1350,,773,,
2025/5/16,14:45,1350,,645,,
2025/5/16,15:00,1350,,596,,
2025/5/16,15:15,1350,,659,,
2025/5/16,15:30,1350,,602,,
2025/5/16,15:45,1350,,619,,
2025/5/16,16:00,1350,,607,,
2025/5/16,16:15,1350,539,,,
2025/5/16,16:30,1350,543,,,
2025/5/16,16:45,1350,498,,,
2025/5/16,17:00,1350,430,,,
2025/5/16,17:15,1350,227,,,
2025/5/16,17:30,1350,205,,,
2025/5/16,17:45,1350,226,,,
2025/5/16,18:00,1350,191,,,
2025/5/16,18:15,1350,176,,,
2025/5/16,18:30,1350,176,,,
2025/5/16,18:45,1350,173,,,
2025/5/16,19:00,1350,163,,,
2025/5/16,19:15,1350,154,,,
2025/5/16,19:30,1350,147,,,
2025/5/16,19:45,1350,128,,,
2025/5/16,20:00,1350,125,,,
2025/5/16,20:15,1350,123,,,
2025/5/16,20:30,1350,123,,,
2025/5/16,20:45,1350,115,,,
2025/5/16,21:00,1350,110,,,
2025/5/16,21:15,1350,112,,,
2025/5/16,21:30,1350,115,,,
2025/5/16,21:45,1350,104,,,
2025/5/16,22:00,1350,94,,,
2025/5/16,22:15,1350,,96,,
2025/5/16,22:30,1350,,99,,
2025/5/16,22:45,1350,,104,,
2025/5/16,23:00,1350,,99,,
2025/5/16,23:15,1350,,98,,
2025/5/16,23:30,1350,,99,,
2025/5/16,23:45,1350,,102,,
2025/5/17,00:00,1350,,94,,
2025/5/17,00:15,1350,,,,94
2025/5/17,00:30,1350,,,,101
2025/5/17,00:45,1350,,,,104
2025/5/17,01:00,1350,,,,94
2025/5/17,01:15,1350,,,,98
2025/5/17,01:30,1350,,,,96
2025/5/17,01:45,1350,,,,102
2025/5/17,02:00,1350,,,,98
2025/5/17,02:15,1350,,,,99
2025/5/17,02:30,1350,,,,77
2025/5/17,02:45,1350,,,,80
2025/5/17,03:00,1350,,,,75
2025/5/17,03:15,1350,,,,74
2025/5/17,03:30,1350,,,,70
2025/5/17,03:45,1350,,,,78
2025/5/17,04:00,1350,,,,72
2025/5/17,04:15,1350,,,,72
2025/5/17,04:30,1350,,,,66
2025/5/17,04:45,1350,,,,74
2025/5/17,05:00,1350,,,,72
2025/5/17,05:15,1350,,,,70
2025/5/17,05:30,1350,,,,69
2025/5/17,05:45,1350,,,,75
2025/5/17,06:00,1350,,,,69
2025/5/17,06:15,1350,,,,66
2025/5/17,06:30,1350,,,,67
2025/5/17,06:45,1350,,,,83
2025/5/17,07:00,1350,,,,91
2025/5/17,07:15,1350,,,,207
2025/5/17,07:30,1350,,,,263
2025/5/17,07:45,1350,,,,270
2025/5/17,08:00,1350,,,,271
2025/5/17,08:15,1350,,,,325
2025/5/17,08:30,1350,,,,335
2025/5/17,08:45,1350,,,,367
2025/5/17,09:00,1350,,,378,
2025/5/17,09:15,1350,,,433,
2025/5/17,09:30,1350,,,368,
2025/5/17,09:45,1350,,,382,
2025/5/17,10:00,1350,,,382,
2025/5/17,10:15,1350,,,403,
2025/5/17,10:30,1350,,,459,
2025/5/17,10:45,1350,,,468,
2025/5/17,11:00,1350,,,430,
2025/5/17,11:15,1350,,,448,
2025/5/17,11:30,1350,,,407,
2025/5/17,11:45,1350,,,413,
2025/5/17,12:00,1350,,,404,
2025/5/17,12:15,1350,,,348,
2025/5/17,12:30,1350,,,332,
2025/5/17,12:45,1350,,,321,
2025/5/17,13:00,1350,,,309,
2025/5/17,13:15,1350,,,310,
2025/5/17,13:30,1350,,,270,
2025/5/17,13:45,1350,,,290,
2025/5/17,14:00,1350,,,291,
2025/5/17,14:15,1350,,,272,
2025/5/17,14:30,1350,,,279,
2025/5/17,14:45,1350,,,240,
2025/5/17,15:00,1350,,,232,
2025/5/17,15:15,1350,,,240,
2025/5/17,15:30,1350,,,165,
2025/5/17,15:45,1350,,,166,
2025/5/17,16:00,1350,,,144,
2025/5/17,16:15,1350,,,129,
2025/5/17,16:30,1350,,,126,
2025/5/17,16:45,1350,,,125,
2025/5/17,17:00,1350,,,142,
2025/5/17,17:15,1350,,,122,
2025/5/17,17:30,1350,,,106,
2025/5/17,17:45,1350,,,105,
2025/5/17,18:00,1350,,,106,
2025/5/17,18:15,1350,,,107,
2025/5/17,18:30,1350,,,104,
2025/5/17,18:45,1350,,,101,
2025/5/17,19:00,1350,,,98,
2025/5/17,19:15,1350,,,99,
2025/5/17,19:30,1350,,,98,
2025/5/17,19:45,1350,,,96,
2025/5/17,20:00,1350,,,94,
2025/5/17,20:15,1350,,,91,
2025/5/17,20:30,1350,,,90,
2025/5/17,20:45,1350,,,86,
2025/5/17,21:00,1350,,,90,
2025/5/17,21:15,1350,,,93,
2025/5/17,21:30,1350,,,94,
2025/5/17,21:45,1350,,,86,
2025/5/17,22:00,1350,,,90,
2025/5/17,22:15,1350,,,90,
2025/5/17,22:30,1350,,,90,
2025/5/17,22:45,1350,,,88,
2025/5/17,23:00,1350,,,93,
2025/5/17,23:15,1350,,,93,
2025/5/17,23:30,1350,,,90,
2025/5/17,23:45,1350,,,88,
2025/5/18,00:00,1350,,,91,
2025/5/18,00:15,1350,,,,90
2025/5/18,00:30,1350,,,,88
2025/5/18,00:45,1350,,,,86
2025/5/18,01:00,1350,,,,86
2025/5/18,01:15,1350,,,,83
2025/5/18,01:30,1350,,,,85
2025/5/18,01:45,1350,,,,74
2025/5/18,02:00,1350,,,,74
2025/5/18,02:15,1350,,,,77
2025/5/18,02:30,1350,,,,74
2025/5/18,02:45,1350,,,,74
2025/5/18,03:00,1350,,,,74
2025/5/18,03:15,1350,,,,72
2025/5/18,03:30,1350,,,,72
2025/5/18,03:45,1350,,,,75
2025/5/18,04:00,1350,,,,74
2025/5/18,04:15,1350,,,,74
2025/5/18,04:30,1350,,,,70
2025/5/18,04:45,1350,,,,74
2025/5/18,05:00,1350,,,,77
2025/5/18,05:15,1350,,,,75
2025/5/18,05:30,1350,,,,73
2025/5/18,05:45,1350,,,,73
2025/5/18,06:00,1350,,,,74
2025/5/18,06:15,1350,,,,71
2025/5/18,06:30,1350,,,,76
2025/5/18,06:45,1350,,,,75
2025/5/18,07:00,1350,,,,78
2025/5/18,07:15,1350,,,,78
2025/5/18,07:30,1350,,,,79
2025/5/18,07:45,1350,,,,74
2025/5/18,08:00,1350,,,,77
2025/5/18,08:15,1350,,,,90
2025/5/18,08:30,1350,,,,82
2025/5/18,08:45,1350,,,,81
2025/5/18,09:00,1350,,,,82
2025/5/18,09:15,1350,,,,94
2025/5/18,09:30,1350,,,,83
2025/5/18,09:45,1350,,,,83
2025/5/18,10:00,1350,,,,80
2025/5/18,10:15,1350,,,,86
2025/5/18,10:30,1350,,,,85
2025/5/18,10:45,1350,,,,84
2025/5/18,11:00,1350,,,,83
2025/5/18,11:15,1350,,,,83
2025/5/18,11:30,1350,,,,86
2025/5/18,11:45,1350,,,,82
2025/5/18,12:00,1350,,,,83
2025/5/18,12:15,1350,,,,88
2025/5/18,12:30,1350,,,,82
2025/5/18,12:45,1350,,,,86
2025/5/18,13:00,1350,,,,83
2025/5/18,13:15,1350,,,,86
2025/5/18,13:30,1350,,,,81
2025/5/18,13:45,1350,,,,87
2025/5/18,14:00,1350,,,,92
2025/5/18,14:15,1350,,,,82
2025/5/18,14:30,1350,,,,83
2025/5/18,14:45,1350,,,,83
2025/5/18,15:00,1350,,,,84
2025/5/18,15:15,1350,,,,89
2025/5/18,15:30,1350,,,,81
2025/5/18,15:45,1350,,,,82
2025/5/18,16:00,1350,,,,78
2025/5/18,16:15,1350,,,,83
2025/5/18,16:30,1350,,,,88
2025/5/18,16:45,1350,,,,100
2025/5/18,17:00,1350,,,,108
2025/5/18,17:15,1350,,,,80
2025/5/18,17:30,1350,,,,80
2025/5/18,17:45,1350,,,,81
2025/5/18,18:00,1350,,,,75
2025/5/18,18:15,1350,,,,73
2025/5/18,18:30,1350,,,,73
2025/5/18,18:45,1350,,,,82
2025/5/18,19:00,1350,,,,80
2025/5/18,19:15,1350,,,,72
2025/5/18,19:30,1350,,,,74
2025/5/18,19:45,1350,,,,75
2025/5/18,20:00,1350,,,,85
2025/5/18,20:15,1350,,,,77
2025/5/18,20:30,1350,,,,77
2025/5/18,20:45,1350,,,,72
2025/5/18,21:00,1350,,,,78
2025/5/18,21:15,1350,,,,80
2025/5/18,21:30,1350,,,,74
2025/5/18,21:45,1350,,,,74
2025/5/18,22:00,1350,,,,75
2025/5/18,22:15,1350,,,,83
2025/5/18,22:30,1350,,,,74
2025/5/18,22:45,1350,,,,77
2025/5/18,23:00,1350,,,,74
2025/5/18,23:15,1350,,,,78
2025/5/18,23:30,1350,,,,80
2025/5/18,23:45,1350,,,,75
2025/5/19,00:00,1350,,,,74
2025/5/19,00:15,1350,,,,74
2025/5/19,00:30,1350,,,,82
2025/5/19,00:45,1350,,,,75
2025/5/19,01:00,1350,,,,74
2025/5/19,01:15,1350,,,,75
2025/5/19,01:30,1350,,,,83
2025/5/19,01:45,1350,,,,74
2025/5/19,02:00,1350,,,,75
2025/5/19,02:15,1350,,,,74
2025/5/19,02:30,1350,,,,80
2025/5/19,02:45,1350,,,,77
2025/5/19,03:00,1350,,,,74
2025/5/19,03:15,1350,,,,74
2025/5/19,03:30,1350,,,,78
2025/5/19,03:45,1350,,,,77
2025/5/19,04:00,1350,,,,72
2025/5/19,04:15,1350,,,,72
2025/5/19,04:30,1350,,,,80
2025/5/19,04:45,1350,,,,75
2025/5/19,05:00,1350,,,,75
2025/5/19,05:15,1350,,,,74
2025/5/19,05:30,1350,,,,79
2025/5/19,05:45,1350,,,,74
2025/5/19,06:00,1350,,,,70
2025/5/19,06:15,1350,,,,73
2025/5/19,06:30,1350,,,,78
2025/5/19,06:45,1350,,,,74
2025/5/19,07:00,1350,,,,72
2025/5/19,07:15,1350,,,,75
2025/5/19,07:30,1350,,,,80
2025/5/19,07:45,1350,,,,74
2025/5/19,08:00,1350,,,,78
2025/5/19,08:15,1350,,,,117
2025/5/19,08:30,1350,,,,99
2025/5/19,08:45,1350,,,,92
2025/5/19,09:00,1350,,,,94
2025/5/19,09:15,1350,,99,,
2025/5/19,09:30,1350,,106,,
2025/5/19,09:45,1350,,105,,
2025/5/19,10:00,1350,,163,,
2025/5/19,10:15,1350,,127,,
2025/5/19,10:30,1350,,141,,
2025/5/19,10:45,1350,,134,,
2025/5/19,11:00,1350,,130,,
2025/5/19,11:15,1350,,139,,
2025/5/19,11:30,1350,,144,,
2025/5/19,11:45,1350,,139,,
2025/5/19,12:00,1350,,131,,
2025/5/19,12:15,1350,,136,,
2025/5/19,12:30,1350,,137,,
2025/5/19,12:45,1350,,139,,
2025/5/19,13:00,1350,,131,,
2025/5/19,13:15,1350,,138,,
2025/5/19,13:30,1350,,133,,
2025/5/19,13:45,1350,,130,,
2025/5/19,14:00,1350,,141,,
2025/5/19,14:15,1350,,138,,
2025/5/19,14:30,1350,,130,,
2025/5/19,14:45,1350,,127,,
2025/5/19,15:00,1350,,135,,
2025/5/19,15:15,1350,,136,,
2025/5/19,15:30,1350,,125,,
2025/5/19,15:45,1350,,125,,
2025/5/19,16:00,1350,,129,,
2025/5/19,16:15,1350,137,,,
2025/5/19,16:30,1350,127,,,
2025/5/19,16:45,1350,107,,,
2025/5/19,17:00,1350,90,,,
2025/5/19,17:15,1350,95,,,
2025/5/19,17:30,1350,141,,,
2025/5/19,17:45,1350,87,,,
2025/5/19,18:00,1350,87,,,
2025/5/19,18:15,1350,91,,,
2025/5/19,18:30,1350,88,,,
2025/5/19,18:45,1350,85,,,
2025/5/19,19:00,1350,86,,,
2025/5/19,19:15,1350,91,,,
2025/5/19,19:30,1350,91,,,
2025/5/19,19:45,1350,82,,,
2025/5/19,20:00,1350,86,,,
2025/5/19,20:15,1350,88,,,
2025/5/19,20:30,1350,90,,,
2025/5/19,20:45,1350,85,,,
2025/5/19,21:00,1350,85,,,
2025/5/19,21:15,1350,90,,,
2025/5/19,21:30,1350,91,,,
2025/5/19,21:45,1350,86,,,
2025/5/19,22:00,1350,85,,,
2025/5/19,22:15,1350,,94,,
2025/5/19,22:30,1350,,90,,
2025/5/19,22:45,1350,,86,,
2025/5/19,23:00,1350,,90,,
2025/5/19,23:15,1350,,96,,
2025/5/19,23:30,1350,,86,,
2025/5/19,23:45,1350,,85,,
2025/5/20,00:00,1350,,90,,
2025/5/20,00:15,1350,,,,96
2025/5/20,00:30,1350,,,,88
2025/5/20,00:45,1350,,,,86
2025/5/20,01:00,1350,,,,90
2025/5/20,01:15,1350,,,,107
2025/5/20,01:30,1350,,,,106
2025/5/20,01:45,1350,,,,101
2025/5/20,02:00,1350,,,,110
2025/5/20,02:15,1350,,,,106
2025/5/20,02:30,1350,,,,102
2025/5/20,02:45,1350,,,,104
2025/5/20,03:00,1350,,,,112
2025/5/20,03:15,1350,,,,106
2025/5/20,03:30,1350,,,,101
2025/5/20,03:45,1350,,,,94
2025/5/20,04:00,1350,,,,98
2025/5/20,04:15,1350,,,,91
2025/5/20,04:30,1350,,,,93
2025/5/20,04:45,1350,,,,101
2025/5/20,05:00,1350,,,,98
2025/5/20,05:15,1350,,,,93
2025/5/20,05:30,1350,,,,92
2025/5/20,05:45,1350,,,,99
2025/5/20,06:00,1350,,,,91
2025/5/20,06:15,1350,,,,96
2025/5/20,06:30,1350,,,,95
2025/5/20,06:45,1350,,,,119
2025/5/20,07:00,1350,,,,135
2025/5/20,07:15,1350,,,,146
2025/5/20,07:30,1350,,,,193
2025/5/20,07:45,1350,,,,204
2025/5/20,08:00,1350,,,,213
2025/5/20,08:15,1350,,,,532
2025/5/20,08:30,1350,,,,776
2025/5/20,08:45,1350,,,,755
2025/5/20,09:00,1350,,,,773
2025/5/20,09:15,1350,,829,,
2025/5/20,09:30,1350,,717,,
2025/5/20,09:45,1350,,714,,
2025/5/20,10:00,1350,,637,,
2025/5/20,10:15,1350,,602,,
2025/5/20,10:30,1350,,618,,
2025/5/20,10:45,1350,,633,,
2025/5/20,11:00,1350,,775,,
2025/5/20,11:15,1350,,769,,
2025/5/20,11:30,1350,,737,,
2025/5/20,11:45,1350,,679,,
2025/5/20,12:00,1350,,683,,
2025/5/20,12:15,1350,,486,,
2025/5/20,12:30,1350,,450,,
2025/5/20,12:45,1350,,452,,
2025/5/20,13:00,1350,,724,,
2025/5/20,13:15,1350,,684,,
2025/5/20,13:30,1350,,632,,
2025/5/20,13:45,1350,,692,,
2025/5/20,14:00,1350,,649,,
2025/5/20,14:15,1350,,745,,
2025/5/20,14:30,1350,,767,,
2025/5/20,14:45,1350,,696,,
2025/5/20,15:00,1350,,609,,
2025/5/20,15:15,1350,,692,,
2025/5/20,15:30,1350,,699,,
2025/5/20,15:45,1350,,792,,
2025/5/20,16:00,1350,,800,,
2025/5/20,16:15,1350,574,,,
2025/5/20,16:30,1350,566,,,
2025/5/20,16:45,1350,576,,,
2025/5/20,17:00,1350,466,,,
2025/5/20,17:15,1350,308,,,
2025/5/20,17:30,1350,276,,,
2025/5/20,17:45,1350,424,,,
2025/5/20,18:00,1350,472,,,
2025/5/20,18:15,1350,434,,,
2025/5/20,18:30,1350,437,,,
2025/5/20,18:45,1350,437,,,
2025/5/20,19:00,1350,270,,,
2025/5/20,19:15,1350,213,,,
2025/5/20,19:30,1350,176,,,
2025/5/20,19:45,1350,171,,,
2025/5/20,20:00,1350,166,,,
2025/5/20,20:15,1350,168,,,
2025/5/20,20:30,1350,150,,,
2025/5/20,20:45,1350,146,,,
2025/5/20,21:00,1350,139,,,
2025/5/20,21:15,1350,130,,,
2025/5/20,21:30,1350,128,,,
2025/5/20,21:45,1350,120,,,
2025/5/20,22:00,1350,133,,,
2025/5/20,22:15,1350,,162,,
2025/5/20,22:30,1350,,336,,
2025/5/20,22:45,1350,,410,,
2025/5/20,23:00,1350,,390,,
2025/5/20,23:15,1350,,419,,
2025/5/20,23:30,1350,,427,,
2025/5/20,23:45,1350,,429,,
2025/5/21,00:00,1350,,461,,
2025/5/21,00:15,1350,,,,422
2025/5/21,00:30,1350,,,,482
2025/5/21,00:45,1350,,,,432
2025/5/21,01:00,1350,,,,480
2025/5/21,01:15,1350,,,,414
2025/5/21,01:30,1350,,,,394
2025/5/21,01:45,1350,,,,238
2025/5/21,02:00,1350,,,,234
2025/5/21,02:15,1350,,,,230
2025/5/21,02:30,1350,,,,237
2025/5/21,02:45,1350,,,,224
2025/5/21,03:00,1350,,,,214
2025/5/21,03:15,1350,,,,242
2025/5/21,03:30,1350,,,,245
2025/5/21,03:45,1350,,,,221
2025/5/21,04:00,1350,,,,168
2025/5/21,04:15,1350,,,,166
2025/5/21,04:30,1350,,,,152
2025/5/21,04:45,1350,,,,142
2025/5/21,05:00,1350,,,,146
2025/5/21,05:15,1350,,,,142
2025/5/21,05:30,1350,,,,134
2025/5/21,05:45,1350,,,,132
2025/5/21,06:00,1350,,,,148
2025/5/21,06:15,1350,,,,181
2025/5/21,06:30,1350,,,,181
2025/5/21,06:45,1350,,,,163
2025/5/21,07:00,1350,,,,154
2025/5/21,07:15,1350,,,,180
2025/5/21,07:30,1350,,,,221
2025/5/21,07:45,1350,,,,238
2025/5/21,08:00,1350,,,,304
2025/5/21,08:15,1350,,,,747
2025/5/21,08:30,1350,,,,938
2025/5/21,08:45,1350,,,,1020
2025/5/21,09:00,1350,,,,1064
2025/5/21,09:15,1350,,1024,,
2025/5/21,09:30,1350,,1036,,
2025/5/21,09:45,1350,,1006,,
2025/5/21,10:00,1350,,887,,
2025/5/21,10:15,1350,,971,,
2025/5/21,10:30,1350,,1044,,
2025/5/21,10:45,1350,,1020,,
2025/5/21,11:00,1350,,998,,
2025/5/21,11:15,1350,,1056,,
2025/5/21,11:30,1350,,1040,,
2025/5/21,11:45,1350,,1096,,
2025/5/21,12:00,1350,,905,,
2025/5/21,12:15,1350,,627,,
2025/5/21,12:30,1350,,597,,
2025/5/21,12:45,1350,,571,,
2025/5/21,13:00,1350,,863,,
2025/5/21,13:15,1350,,1014,,
2025/5/21,13:30,1350,,1038,,
2025/5/21,13:45,1350,,1026,,
2025/5/21,14:00,1350,,1040,,
2025/5/21,14:15,1350,,1015,,
2025/5/21,14:30,1350,,875,,
2025/5/21,14:45,1350,,748,,
2025/5/21,15:00,1350,,592,,
2025/5/21,15:15,1350,,638,,
2025/5/21,15:30,1350,,651,,
2025/5/21,15:45,1350,,660,,
2025/5/21,16:00,1350,,757,,
2025/5/21,16:15,1350,497,,,
2025/5/21,16:30,1350,442,,,
2025/5/21,16:45,1350,460,,,
2025/5/21,17:00,1350,388,,,
2025/5/21,17:15,1350,299,,,
2025/5/21,17:30,1350,268,,,
2025/5/21,17:45,1350,284,,,
2025/5/21,18:00,1350,291,,,
2025/5/21,18:15,1350,281,,,
2025/5/21,18:30,1350,283,,,
2025/5/21,18:45,1350,262,,,
2025/5/21,19:00,1350,272,,,
2025/5/21,19:15,1350,246,,,
2025/5/21,19:30,1350,195,,,
2025/5/21,19:45,1350,190,,,
2025/5/21,20:00,1350,184,,,
2025/5/21,20:15,1350,186,,,
2025/5/21,20:30,1350,182,,,
2025/5/21,20:45,1350,166,,,
2025/5/21,21:00,1350,170,,,
2025/5/21,21:15,1350,157,,,
2025/5/21,21:30,1350,154,,,
2025/5/21,21:45,1350,139,,,
2025/5/21,22:00,1350,139,,,
2025/5/21,22:15,1350,,259,,
2025/5/21,22:30,1350,,374,,
2025/5/21,22:45,1350,,429,,
2025/5/21,23:00,1350,,418,,
2025/5/21,23:15,1350,,462,,
2025/5/21,23:30,1350,,440,,
2025/5/21,23:45,1350,,443,,
2025/5/22,00:00,1350,,491,,
2025/5/22,00:15,1350,,,,472
2025/5/22,00:30,1350,,,,534
2025/5/22,00:45,1350,,,,517
2025/5/22,01:00,1350,,,,542
2025/5/22,01:15,1350,,,,410
2025/5/22,01:30,1350,,,,410
2025/5/22,01:45,1350,,,,390
2025/5/22,02:00,1350,,,,363
2025/5/22,02:15,1350,,,,370
2025/5/22,02:30,1350,,,,397
2025/5/22,02:45,1350,,,,381
2025/5/22,03:00,1350,,,,400
2025/5/22,03:15,1350,,,,395
2025/5/22,03:30,1350,,,,379
2025/5/22,03:45,1350,,,,347
2025/5/22,04:00,1350,,,,318
2025/5/22,04:15,1350,,,,270
2025/5/22,04:30,1350,,,,213
2025/5/22,04:45,1350,,,,165
2025/5/22,05:00,1350,,,,150
2025/5/22,05:15,1350,,,,154
2025/5/22,05:30,1350,,,,147
2025/5/22,05:45,1350,,,,148
2025/5/22,06:00,1350,,,,145
2025/5/22,06:15,1350,,,,147
2025/5/22,06:30,1350,,,,145
2025/5/22,06:45,1350,,,,178
2025/5/22,07:00,1350,,,,196
2025/5/22,07:15,1350,,,,187
2025/5/22,07:30,1350,,,,200
2025/5/22,07:45,1350,,,,229
2025/5/22,08:00,1350,,,,322
2025/5/22,08:15,1350,,,,741
2025/5/22,08:30,1350,,,,914
2025/5/22,08:45,1350,,,,941
2025/5/22,09:00,1350,,,,1026
2025/5/22,09:15,1350,,1056,,
2025/5/22,09:30,1350,,1120,,
2025/5/22,09:45,1350,,1153,,
2025/5/22,10:00,1350,,957,,
2025/5/22,10:15,1350,,1032,,
2025/5/22,10:30,1350,,882,,
2025/5/22,10:45,1350,,992,,
2025/5/22,11:00,1350,,1090,,
2025/5/22,11:15,1350,,1105,,
2025/5/22,11:30,1350,,1124,,
2025/5/22,11:45,1350,,1165,,
2025/5/22,12:00,1350,,964,,
2025/5/22,12:15,1350,,652,,
2025/5/22,12:30,1350,,575,,
2025/5/22,12:45,1350,,602,,
2025/5/22,13:00,1350,,829,,
2025/5/22,13:15,1350,,930,,
2025/5/22,13:30,1350,,885,,
2025/5/22,13:45,1350,,823,,
2025/5/22,14:00,1350,,800,,
2025/5/22,14:15,1350,,713,,
2025/5/22,14:30,1350,,735,,
2025/5/22,14:45,1350,,642,,
2025/5/22,15:00,1350,,600,,
2025/5/22,15:15,1350,,578,,
2025/5/22,15:30,1350,,570,,
2025/5/22,15:45,1350,,539,,
2025/5/22,16:00,1350,,457,,
2025/5/22,16:15,1350,429,,,
2025/5/22,16:30,1350,410,,,
2025/5/22,16:45,1350,392,,,
2025/5/22,17:00,1350,374,,,
2025/5/22,17:15,1350,290,,,
2025/5/22,17:30,1350,272,,,
2025/5/22,17:45,1350,289,,,
2025/5/22,18:00,1350,288,,,
2025/5/22,18:15,1350,332,,,
2025/5/22,18:30,1350,287,,,
2025/5/22,18:45,1350,280,,,
2025/5/22,19:00,1350,267,,,
2025/5/22,19:15,1350,234,,,
2025/5/22,19:30,1350,208,,,
2025/5/22,19:45,1350,198,,,
2025/5/22,20:00,1350,192,,,
2025/5/22,20:15,1350,187,,,
2025/5/22,20:30,1350,179,,,
2025/5/22,20:45,1350,162,,,
2025/5/22,21:00,1350,147,,,
2025/5/22,21:15,1350,157,,,
2025/5/22,21:30,1350,154,,,
2025/5/22,21:45,1350,144,,,
2025/5/22,22:00,1350,147,,,
2025/5/22,22:15,1350,,184,,
2025/5/22,22:30,1350,,285,,
2025/5/22,22:45,1350,,427,,
2025/5/22,23:00,1350,,451,,
2025/5/22,23:15,1350,,478,,
2025/5/22,23:30,1350,,430,,
2025/5/22,23:45,1350,,490,,
2025/5/23,00:00,1350,,486,,
2025/5/23,00:15,1350,,,,499
2025/5/23,00:30,1350,,,,504
2025/5/23,00:45,1350,,,,512
2025/5/23,01:00,1350,,,,589
2025/5/23,01:15,1350,,,,579
2025/5/23,01:30,1350,,,,584
2025/5/23,01:45,1350,,,,496
2025/5/23,02:00,1350,,,,406
2025/5/23,02:15,1350,,,,430
2025/5/23,02:30,1350,,,,432
2025/5/23,02:45,1350,,,,414
2025/5/23,03:00,1350,,,,386
2025/5/23,03:15,1350,,,,378
2025/5/23,03:30,1350,,,,347
2025/5/23,03:45,1350,,,,291
2025/5/23,04:00,1350,,,,278
2025/5/23,04:15,1350,,,,283
2025/5/23,04:30,1350,,,,258
2025/5/23,04:45,1350,,,,230
2025/5/23,05:00,1350,,,,189
2025/5/23,05:15,1350,,,,159
2025/5/23,05:30,1350,,,,153
2025/5/23,05:45,1350,,,,152
2025/5/23,06:00,1350,,,,156
2025/5/23,06:15,1350,,,,151
2025/5/23,06:30,1350,,,,151
2025/5/23,06:45,1350,,,,150
2025/5/23,07:00,1350,,,,154
2025/5/23,07:15,1350,,,,185
2025/5/23,07:30,1350,,,,262
2025/5/23,07:45,1350,,,,257
2025/5/23,08:00,1350,,,,297
2025/5/23,08:15,1350,,,,640
2025/5/23,08:30,1350,,,,888
2025/5/23,08:45,1350,,,,933
2025/5/23,09:00,1350,,,,1000
2025/5/23,09:15,1350,,1077,,
2025/5/23,09:30,1350,,1121,,
2025/5/23,09:45,1350,,1118,,
2025/5/23,10:00,1350,,1056,,
2025/5/23,10:15,1350,,1075,,
2025/5/23,10:30,1350,,1067,,
2025/5/23,10:45,1350,,1059,,
2025/5/23,11:00,1350,,942,,
2025/5/23,11:15,1350,,843,,
2025/5/23,11:30,1350,,968,,
2025/5/23,11:45,1350,,1099,,
2025/5/23,12:00,1350,,934,,
2025/5/23,12:15,1350,,633,,
2025/5/23,12:30,1350,,663,,
2025/5/23,12:45,1350,,691,,
2025/5/23,13:00,1350,,1017,,
2025/5/23,13:15,1350,,1028,,
2025/5/23,13:30,1350,,987,,
2025/5/23,13:45,1350,,977,,
2025/5/23,14:00,1350,,999,,
2025/5/23,14:15,1350,,1020,,
2025/5/23,14:30,1350,,993,,
2025/5/23,14:45,1350,,963,,
2025/5/23,15:00,1350,,908,,
2025/5/23,15:15,1350,,881,,
2025/5/23,15:30,1350,,886,,
2025/5/23,15:45,1350,,760,,
2025/5/23,16:00,1350,,666,,
2025/5/23,16:15,1350,499,,,
2025/5/23,16:30,1350,458,,,
2025/5/23,16:45,1350,463,,,
2025/5/23,17:00,1350,405,,,
2025/5/23,17:15,1350,316,,,
2025/5/23,17:30,1350,283,,,
2025/5/23,17:45,1350,294,,,
2025/5/23,18:00,1350,299,,,
2025/5/23,18:15,1350,294,,,
2025/5/23,18:30,1350,274,,,
2025/5/23,18:45,1350,266,,,
2025/5/23,19:00,1350,270,,,
2025/5/23,19:15,1350,253,,,
2025/5/23,19:30,1350,216,,,
2025/5/23,19:45,1350,202,,,
2025/5/23,20:00,1350,198,,,
2025/5/23,20:15,1350,190,,,
2025/5/23,20:30,1350,182,,,
2025/5/23,20:45,1350,170,,,
2025/5/23,21:00,1350,158,,,
2025/5/23,21:15,1350,139,,,
2025/5/23,21:30,1350,133,,,
2025/5/23,21:45,1350,120,,,
2025/5/23,22:00,1350,120,,,
2025/5/23,22:15,1350,,202,,
2025/5/23,22:30,1350,,250,,
2025/5/23,22:45,1350,,298,,
2025/5/23,23:00,1350,,277,,
2025/5/23,23:15,1350,,269,,
2025/5/23,23:30,1350,,275,,
2025/5/23,23:45,1350,,299,,
2025/5/24,00:00,1350,,312,,
2025/5/24,00:15,1350,,,,296
2025/5/24,00:30,1350,,,,331
2025/5/24,00:45,1350,,,,355
2025/5/24,01:00,1350,,,,410
2025/5/24,01:15,1350,,,,403
2025/5/24,01:30,1350,,,,382
2025/5/24,01:45,1350,,,,374
2025/5/24,02:00,1350,,,,368
2025/5/24,02:15,1350,,,,346
2025/5/24,02:30,1350,,,,328
2025/5/24,02:45,1350,,,,296
2025/5/24,03:00,1350,,,,240
2025/5/24,03:15,1350,,,,200
2025/5/24,03:30,1350,,,,181
2025/5/24,03:45,1350,,,,173
2025/5/24,04:00,1350,,,,154
2025/5/24,04:15,1350,,,,149
2025/5/24,04:30,1350,,,,152
2025/5/24,04:45,1350,,,,142
2025/5/24,05:00,1350,,,,141
2025/5/24,05:15,1350,,,,182
2025/5/24,05:30,1350,,,,182
2025/5/24,05:45,1350,,,,156
2025/5/24,06:00,1350,,,,139
2025/5/24,06:15,1350,,,,137
2025/5/24,06:30,1350,,,,135
2025/5/24,06:45,1350,,,,141
2025/5/24,07:00,1350,,,,147
2025/5/24,07:15,1350,,,,158
2025/5/24,07:30,1350,,,,199
2025/5/24,07:45,1350,,,,199
2025/5/24,08:00,1350,,,,232
2025/5/24,08:15,1350,,,,297
2025/5/24,08:30,1350,,,,303
2025/5/24,08:45,1350,,,,279
2025/5/24,09:00,1350,,,344,
2025/5/24,09:15,1350,,,335,
2025/5/24,09:30,1350,,,370,
2025/5/24,09:45,1350,,,335,
2025/5/24,10:00,1350,,,326,
2025/5/24,10:15,1350,,,321,
2025/5/24,10:30,1350,,,368,
2025/5/24,10:45,1350,,,474,
2025/5/24,11:00,1350,,,492,
2025/5/24,11:15,1350,,,510,
2025/5/24,11:30,1350,,,496,
2025/5/24,11:45,1350,,,458,
2025/5/24,12:00,1350,,,478,
2025/5/24,12:15,1350,,,487,
2025/5/24,12:30,1350,,,484,
2025/5/24,12:45,1350,,,470,
2025/5/24,13:00,1350,,,467,
2025/5/24,13:15,1350,,,497,
2025/5/24,13:30,1350,,,532,
2025/5/24,13:45,1350,,,573,
2025/5/24,14:00,1350,,,532,
2025/5/24,14:15,1350,,,550,
2025/5/24,14:30,1350,,,543,
2025/5/24,14:45,1350,,,531,
2025/5/24,15:00,1350,,,525,
2025/5/24,15:15,1350,,,536,
2025/5/24,15:30,1350,,,517,
2025/5/24,15:45,1350,,,480,
2025/5/24,16:00,1350,,,497,
2025/5/24,16:15,1350,,,476,
2025/5/24,16:30,1350,,,365,
2025/5/24,16:45,1350,,,334,
2025/5/24,17:00,1350,,,285,
2025/5/24,17:15,1350,,,273,
2025/5/24,17:30,1350,,,277,
2025/5/24,17:45,1350,,,269,
2025/5/24,18:00,1350,,,267,
2025/5/24,18:15,1350,,,265,
2025/5/24,18:30,1350,,,292,
2025/5/24,18:45,1350,,,307,
2025/5/24,19:00,1350,,,299,
2025/5/24,19:15,1350,,,266,
2025/5/24,19:30,1350,,,266,
2025/5/24,19:45,1350,,,262,
2025/5/24,20:00,1350,,,262,
2025/5/24,20:15,1350,,,262,
2025/5/24,20:30,1350,,,269,
2025/5/24,20:45,1350,,,261,
2025/5/24,21:00,1350,,,264,
2025/5/24,21:15,1350,,,304,
2025/5/24,21:30,1350,,,341,
2025/5/24,21:45,1350,,,288,
2025/5/24,22:00,1350,,,245,
2025/5/24,22:15,1350,,,238,
2025/5/24,22:30,1350,,,242,
2025/5/24,22:45,1350,,,219,
2025/5/24,23:00,1350,,,203,
2025/5/24,23:15,1350,,,192,
2025/5/24,23:30,1350,,,139,
2025/5/24,23:45,1350,,,126,
2025/5/25,00:00,1350,,,126,
2025/5/25,00:15,1350,,,,117
2025/5/25,00:30,1350,,,,122
2025/5/25,00:45,1350,,,,115
2025/5/25,01:00,1350,,,,112
2025/5/25,01:15,1350,,,,115
2025/5/25,01:30,1350,,,,120
2025/5/25,01:45,1350,,,,109
2025/5/25,02:00,1350,,,,82
2025/5/25,02:15,1350,,,,90
2025/5/25,02:30,1350,,,,88
2025/5/25,02:45,1350,,,,83
2025/5/25,03:00,1350,,,,86
2025/5/25,03:15,1350,,,,88
2025/5/25,03:30,1350,,,,83
2025/5/25,03:45,1350,,,,86
2025/5/25,04:00,1350,,,,86
2025/5/25,04:15,1350,,,,75
2025/5/25,04:30,1350,,,,74
2025/5/25,04:45,1350,,,,78
2025/5/25,05:00,1350,,,,74
2025/5/25,05:15,1350,,,,77
2025/5/25,05:30,1350,,,,75
2025/5/25,05:45,1350,,,,69
2025/5/25,06:00,1350,,,,77
2025/5/25,06:15,1350,,,,60
2025/5/25,06:30,1350,,,,59
2025/5/25,06:45,1350,,,,58
2025/5/25,07:00,1350,,,,55
2025/5/25,07:15,1350,,,,59
2025/5/25,07:30,1350,,,,57
2025/5/25,07:45,1350,,,,53
2025/5/25,08:00,1350,,,,60
2025/5/25,08:15,1350,,,,58
2025/5/25,08:30,1350,,,,55
2025/5/25,08:45,1350,,,,62
2025/5/25,09:00,1350,,,,60
2025/5/25,09:15,1350,,,,54
2025/5/25,09:30,1350,,,,60
2025/5/25,09:45,1350,,,,63
2025/5/25,10:00,1350,,,,54
2025/5/25,10:15,1350,,,,59
2025/5/25,10:30,1350,,,,66
2025/5/25,10:45,1350,,,,54
2025/5/25,11:00,1350,,,,60
2025/5/25,11:15,1350,,,,65
2025/5/25,11:30,1350,,,,57
2025/5/25,11:45,1350,,,,59
2025/5/25,12:00,1350,,,,66
2025/5/25,12:15,1350,,,,61
2025/5/25,12:30,1350,,,,55
2025/5/25,12:45,1350,,,,61
2025/5/25,13:00,1350,,,,61
2025/5/25,13:15,1350,,,,57
2025/5/25,13:30,1350,,,,62
2025/5/25,13:45,1350,,,,58
2025/5/25,14:00,1350,,,,59
2025/5/25,14:15,1350,,,,63
2025/5/25,14:30,1350,,,,59
2025/5/25,14:45,1350,,,,59
2025/5/25,15:00,1350,,,,59
2025/5/25,15:15,1350,,,,57
2025/5/25,15:30,1350,,,,60
2025/5/25,15:45,1350,,,,56
2025/5/25,16:00,1350,,,,63
2025/5/25,16:15,1350,,,,55
2025/5/25,16:30,1350,,,,57
2025/5/25,16:45,1350,,,,61
2025/5/25,17:00,1350,,,,54
2025/5/25,17:15,1350,,,,58
2025/5/25,17:30,1350,,,,57
2025/5/25,17:45,1350,,,,60
2025/5/25,18:00,1350,,,,57
2025/5/25,18:15,1350,,,,55
2025/5/25,18:30,1350,,,,58
2025/5/25,18:45,1350,,,,54
2025/5/25,19:00,1350,,,,59
2025/5/25,19:15,1350,,,,61
2025/5/25,19:30,1350,,,,53
2025/5/25,19:45,1350,,,,62
2025/5/25,20:00,1350,,,,56
2025/5/25,20:15,1350,,,,58
2025/5/25,20:30,1350,,,,59
2025/5/25,20:45,1350,,,,50
2025/5/25,21:00,1350,,,,61
2025/5/25,21:15,1350,,,,58
2025/5/25,21:30,1350,,,,53
2025/5/25,21:45,1350,,,,59
2025/5/25,22:00,1350,,,,56
2025/5/25,22:15,1350,,,,53
2025/5/25,22:30,1350,,,,59
2025/5/25,22:45,1350,,,,59
2025/5/25,23:00,1350,,,,53
2025/5/25,23:15,1350,,,,61
2025/5/25,23:30,1350,,,,56
2025/5/25,23:45,1350,,,,51
2025/5/26,00:00,1350,,,,58
2025/5/26,00:15,1350,,,,59
2025/5/26,00:30,1350,,,,53
2025/5/26,00:45,1350,,,,59
2025/5/26,01:00,1350,,,,59
2025/5/26,01:15,1350,,,,51
2025/5/26,01:30,1350,,,,58
2025/5/26,01:45,1350,,,,56
2025/5/26,02:00,1350,,,,54
2025/5/26,02:15,1350,,,,61
2025/5/26,02:30,1350,,,,54
2025/5/26,02:45,1350,,,,56
2025/5/26,03:00,1350,,,,56
2025/5/26,03:15,1350,,,,54
2025/5/26,03:30,1350,,,,58
2025/5/26,03:45,1350,,,,53
2025/5/26,04:00,1350,,,,59
2025/5/26,04:15,1350,,,,56
2025/5/26,04:30,1350,,,,54
2025/5/26,04:45,1350,,,,56
2025/5/26,05:00,1350,,,,56
2025/5/26,05:15,1350,,,,51
2025/5/26,05:30,1350,,,,58
2025/5/26,05:45,1350,,,,56
2025/5/26,06:00,1350,,,,56
2025/5/26,06:15,1350,,,,56
2025/5/26,06:30,1350,,,,52
2025/5/26,06:45,1350,,,,56
2025/5/26,07:00,1350,,,,62
2025/5/26,07:15,1350,,,,160
2025/5/26,07:30,1350,,,,220
2025/5/26,07:45,1350,,,,217
2025/5/26,08:00,1350,,,,287
2025/5/26,08:15,1350,,,,663
2025/5/26,08:30,1350,,,,848
2025/5/26,08:45,1350,,,,841
2025/5/26,09:00,1350,,,,916
2025/5/26,09:15,1350,,944,,
2025/5/26,09:30,1350,,964,,
2025/5/26,09:45,1350,,937,,
2025/5/26,10:00,1350,,844,,
2025/5/26,10:15,1350,,889,,
2025/5/26,10:30,1350,,897,,
2025/5/26,10:45,1350,,973,,
2025/5/26,11:00,1350,,996,,
2025/5/26,11:15,1350,,899,,
2025/5/26,11:30,1350,,825,,
2025/5/26,11:45,1350,,767,,
2025/5/26,12:00,1350,,688,,
2025/5/26,12:15,1350,,527,,
2025/5/26,12:30,1350,,484,,
2025/5/26,12:45,1350,,506,,
2025/5/26,13:00,1350,,657,,
2025/5/26,13:15,1350,,649,,
2025/5/26,13:30,1350,,606,,
2025/5/26,13:45,1350,,640,,
2025/5/26,14:00,1350,,484,,
2025/5/26,14:15,1350,,504,,
2025/5/26,14:30,1350,,614,,
2025/5/26,14:45,1350,,548,,
2025/5/26,15:00,1350,,566,,
2025/5/26,15:15,1350,,538,,
2025/5/26,15:30,1350,,570,,
2025/5/26,15:45,1350,,492,,
2025/5/26,16:00,1350,,507,,
2025/5/26,16:15,1350,346,,,
2025/5/26,16:30,1350,322,,,
2025/5/26,16:45,1350,318,,,
2025/5/26,17:00,1350,285,,,
2025/5/26,17:15,1350,233,,,
2025/5/26,17:30,1350,230,,,
2025/5/26,17:45,1350,254,,,
2025/5/26,18:00,1350,255,,,
2025/5/26,18:15,1350,255,,,
2025/5/26,18:30,1350,242,,,
2025/5/26,18:45,1350,242,,,
2025/5/26,19:00,1350,240,,,
2025/5/26,19:15,1350,218,,,
2025/5/26,19:30,1350,178,,,
2025/5/26,19:45,1350,173,,,
2025/5/26,20:00,1350,174,,,
2025/5/26,20:15,1350,170,,,
2025/5/26,20:30,1350,163,,,
2025/5/26,20:45,1350,162,,,
2025/5/26,21:00,1350,157,,,
2025/5/26,21:15,1350,147,,,
2025/5/26,21:30,1350,144,,,
2025/5/26,21:45,1350,141,,,
2025/5/26,22:00,1350,138,,,
2025/5/26,22:15,1350,,226,,
2025/5/26,22:30,1350,,256,,
2025/5/26,22:45,1350,,272,,
2025/5/26,23:00,1350,,277,,
2025/5/26,23:15,1350,,285,,
2025/5/26,23:30,1350,,282,,
2025/5/26,23:45,1350,,248,,
2025/5/27,00:00,1350,,243,,
2025/5/27,00:15,1350,,,,248
2025/5/27,00:30,1350,,,,232
2025/5/27,00:45,1350,,,,222
2025/5/27,01:00,1350,,,,208
2025/5/27,01:15,1350,,,,171
2025/5/27,01:30,1350,,,,165
2025/5/27,01:45,1350,,,,152
2025/5/27,02:00,1350,,,,176
2025/5/27,02:15,1350,,,,227
2025/5/27,02:30,1350,,,,216
2025/5/27,02:45,1350,,,,166
2025/5/27,03:00,1350,,,,138
2025/5/27,03:15,1350,,,,133
2025/5/27,03:30,1350,,,,130
2025/5/27,03:45,1350,,,,125
2025/5/27,04:00,1350,,,,120
2025/5/27,04:15,1350,,,,112
2025/5/27,04:30,1350,,,,104
2025/5/27,04:45,1350,,,,102
2025/5/27,05:00,1350,,,,102
2025/5/27,05:15,1350,,,,106
2025/5/27,05:30,1350,,,,105
2025/5/27,05:45,1350,,,,128
2025/5/27,06:00,1350,,,,169
2025/5/27,06:15,1350,,,,174
2025/5/27,06:30,1350,,,,168
2025/5/27,06:45,1350,,,,170
2025/5/27,07:00,1350,,,,170
2025/5/27,07:15,1350,,,,166
2025/5/27,07:30,1350,,,,198
2025/5/27,07:45,1350,,,,207
2025/5/27,08:00,1350,,,,274
2025/5/27,08:15,1350,,,,492
2025/5/27,08:30,1350,,,,671
2025/5/27,08:45,1350,,,,734
2025/5/27,09:00,1350,,,,781
2025/5/27,09:15,1350,,805,,
2025/5/27,09:30,1350,,783,,
2025/5/27,09:45,1350,,712,,
2025/5/27,10:00,1350,,644,,
2025/5/27,10:15,1350,,721,,
2025/5/27,10:30,1350,,689,,
2025/5/27,10:45,1350,,711,,
2025/5/27,11:00,1350,,770,,
2025/5/27,11:15,1350,,781,,
2025/5/27,11:30,1350,,829,,
2025/5/27,11:45,1350,,871,,
2025/5/27,12:00,1350,,724,,
2025/5/27,12:15,1350,,633,,
2025/5/27,12:30,1350,,574,,
2025/5/27,12:45,1350,,586,,
2025/5/27,13:00,1350,,706,,
2025/5/27,13:15,1350,,701,,
2025/5/27,13:30,1350,,678,,
2025/5/27,13:45,1350,,718,,
2025/5/27,14:00,1350,,690,,
2025/5/27,14:15,1350,,650,,
2025/5/27,14:30,1350,,688,,
2025/5/27,14:45,1350,,637,,
2025/5/27,15:00,1350,,573,,
2025/5/27,15:15,1350,,529,,
2025/5/27,15:30,1350,,464,,
2025/5/27,15:45,1350,,496,,
2025/5/27,16:00,1350,,425,,
2025/5/27,16:15,1350,367,,,
2025/5/27,16:30,1350,369,,,
2025/5/27,16:45,1350,363,,,
2025/5/27,17:00,1350,328,,,
2025/5/27,17:15,1350,278,,,
2025/5/27,17:30,1350,270,,,
2025/5/27,17:45,1350,305,,,
2025/5/27,18:00,1350,273,,,
2025/5/27,18:15,1350,267,,,
2025/5/27,18:30,1350,279,,,
2025/5/27,18:45,1350,277,,,
2025/5/27,19:00,1350,286,,,
2025/5/27,19:15,1350,270,,,
2025/5/27,19:30,1350,203,,,
2025/5/27,19:45,1350,197,,,
2025/5/27,20:00,1350,187,,,
2025/5/27,20:15,1350,174,,,
2025/5/27,20:30,1350,173,,,
2025/5/27,20:45,1350,173,,,
2025/5/27,21:00,1350,165,,,
2025/5/27,21:15,1350,158,,,
2025/5/27,21:30,1350,149,,,
2025/5/27,21:45,1350,131,,,
2025/5/27,22:00,1350,139,,,
2025/5/27,22:15,1350,,254,,
2025/5/27,22:30,1350,,275,,
2025/5/27,22:45,1350,,286,,
2025/5/27,23:00,1350,,325,,
2025/5/27,23:15,1350,,282,,
2025/5/27,23:30,1350,,278,,
2025/5/27,23:45,1350,,301,,
2025/5/28,00:00,1350,,310,,
2025/5/28,00:15,1350,,,,338
2025/5/28,00:30,1350,,,,368
2025/5/28,00:45,1350,,,,424
2025/5/28,01:00,1350,,,,454
2025/5/28,01:15,1350,,,,450
2025/5/28,01:30,1350,,,,422
2025/5/28,01:45,1350,,,,414
2025/5/28,02:00,1350,,,,424
2025/5/28,02:15,1350,,,,422
2025/5/28,02:30,1350,,,,406
2025/5/28,02:45,1350,,,,370
2025/5/28,03:00,1350,,,,315
2025/5/28,03:15,1350,,,,285
2025/5/28,03:30,1350,,,,243
2025/5/28,03:45,1350,,,,203
2025/5/28,04:00,1350,,,,197
2025/5/28,04:15,1350,,,,189
2025/5/28,04:30,1350,,,,173
2025/5/28,04:45,1350,,,,173
2025/5/28,05:00,1350,,,,182
2025/5/28,05:15,1350,,,,208
2025/5/28,05:30,1350,,,,205
2025/5/28,05:45,1350,,,,165
2025/5/28,06:00,1350,,,,162
2025/5/28,06:15,1350,,,,156
2025/5/28,06:30,1350,,,,149
2025/5/28,06:45,1350,,,,149
2025/5/28,07:00,1350,,,,149
2025/5/28,07:15,1350,,,,211
2025/5/28,07:30,1350,,,,254
2025/5/28,07:45,1350,,,,265
2025/5/28,08:00,1350,,,,301
2025/5/28,08:15,1350,,,,516
2025/5/28,08:30,1350,,,,654
2025/5/28,08:45,1350,,,,696
2025/5/28,09:00,1350,,,,724
2025/5/28,09:15,1350,,779,,
2025/5/28,09:30,1350,,756,,
2025/5/28,09:45,1350,,774,,
2025/5/28,10:00,1350,,728,,
2025/5/28,10:15,1350,,714,,
2025/5/28,10:30,1350,,709,,
2025/5/28,10:45,1350,,738,,
2025/5/28,11:00,1350,,721,,
2025/5/28,11:15,1350,,728,,
2025/5/28,11:30,1350,,739,,
2025/5/28,11:45,1350,,671,,
2025/5/28,12:00,1350,,637,,
2025/5/28,12:15,1350,,564,,
2025/5/28,12:30,1350,,580,,
2025/5/28,12:45,1350,,546,,
2025/5/28,13:00,1350,,661,,
2025/5/28,13:15,1350,,693,,
2025/5/28,13:30,1350,,758,,
2025/5/28,13:45,1350,,749,,
2025/5/28,14:00,1350,,761,,
2025/5/28,14:15,1350,,771,,
2025/5/28,14:30,1350,,733,,
2025/5/28,14:45,1350,,633,,
2025/5/28,15:00,1350,,568,,
2025/5/28,15:15,1350,,570,,
2025/5/28,15:30,1350,,629,,
2025/5/28,15:45,1350,,547,,
2025/5/28,16:00,1350,,431,,
2025/5/28,16:15,1350,423,,,
2025/5/28,16:30,1350,463,,,
2025/5/28,16:45,1350,419,,,
2025/5/28,17:00,1350,339,,,
2025/5/28,17:15,1350,270,,,
2025/5/28,17:30,1350,254,,,
2025/5/28,17:45,1350,288,,,
2025/5/28,18:00,1350,282,,,
2025/5/28,18:15,1350,278,,,
2025/5/28,18:30,1350,275,,,
2025/5/28,18:45,1350,282,,,
2025/5/28,19:00,1350,272,,,
2025/5/28,19:15,1350,269,,,
2025/5/28,19:30,1350,197,,,
2025/5/28,19:45,1350,187,,,
2025/5/28,20:00,1350,186,,,
2025/5/28,20:15,1350,179,,,
2025/5/28,20:30,1350,174,,,
2025/5/28,20:45,1350,171,,,
2025/5/28,21:00,1350,170,,,
2025/5/28,21:15,1350,155,,,
2025/5/28,21:30,1350,147,,,
2025/5/28,21:45,1350,134,,,
2025/5/28,22:00,1350,130,,,
2025/5/28,22:15,1350,,230,,
2025/5/28,22:30,1350,,272,,
2025/5/28,22:45,1350,,272,,
2025/5/28,23:00,1350,,302,,
2025/5/28,23:15,1350,,315,,
2025/5/28,23:30,1350,,277,,
2025/5/28,23:45,1350,,280,,
2025/5/29,00:00,1350,,304,,
2025/5/29,00:15,1350,,,,310
2025/5/29,00:30,1350,,,,347
2025/5/29,00:45,1350,,,,378
2025/5/29,01:00,1350,,,,440
2025/5/29,01:15,1350,,,,453
2025/5/29,01:30,1350,,,,440
2025/5/29,01:45,1350,,,,413
2025/5/29,02:00,1350,,,,416
2025/5/29,02:15,1350,,,,437
2025/5/29,02:30,1350,,,,410
2025/5/29,02:45,1350,,,,392
2025/5/29,03:00,1350,,,,346
2025/5/29,03:15,1350,,,,298
2025/5/29,03:30,1350,,,,267
2025/5/29,03:45,1350,,,,232
2025/5/29,04:00,1350,,,,173
2025/5/29,04:15,1350,,,,162
2025/5/29,04:30,1350,,,,144
2025/5/29,04:45,1350,,,,136
2025/5/29,05:00,1350,,,,139
2025/5/29,05:15,1350,,,,142
2025/5/29,05:30,1350,,,,131
2025/5/29,05:45,1350,,,,156
2025/5/29,06:00,1350,,,,194
2025/5/29,06:15,1350,,,,209
2025/5/29,06:30,1350,,,,231
2025/5/29,06:45,1350,,,,226
2025/5/29,07:00,1350,,,,197
2025/5/29,07:15,1350,,,,213
2025/5/29,07:30,1350,,,,272
2025/5/29,07:45,1350,,,,273
2025/5/29,08:00,1350,,,,311
2025/5/29,08:15,1350,,,,476
2025/5/29,08:30,1350,,,,759
2025/5/29,08:45,1350,,,,786
2025/5/29,09:00,1350,,,,830
2025/5/29,09:15,1350,,811,,
2025/5/29,09:30,1350,,816,,
2025/5/29,09:45,1350,,946,,
2025/5/29,10:00,1350,,778,,
2025/5/29,10:15,1350,,770,,
2025/5/29,10:30,1350,,848,,
2025/5/29,10:45,1350,,861,,
2025/5/29,11:00,1350,,856,,
2025/5/29,11:15,1350,,795,,
2025/5/29,11:30,1350,,677,,
2025/5/29,11:45,1350,,668,,
2025/5/29,12:00,1350,,672,,
2025/5/29,12:15,1350,,577,,
2025/5/29,12:30,1350,,583,,
2025/5/29,12:45,1350,,588,,
2025/5/29,13:00,1350,,783,,
2025/5/29,13:15,1350,,823,,
2025/5/29,13:30,1350,,842,,
2025/5/29,13:45,1350,,795,,
2025/5/29,14:00,1350,,561,,
2025/5/29,14:15,1350,,536,,
2025/5/29,14:30,1350,,492,,
2025/5/29,14:45,1350,,491,,
2025/5/29,15:00,1350,,460,,
2025/5/29,15:15,1350,,435,,
2025/5/29,15:30,1350,,449,,
2025/5/29,15:45,1350,,392,,
2025/5/29,16:00,1350,,463,,
2025/5/29,16:15,1350,386,,,
2025/5/29,16:30,1350,327,,,
2025/5/29,16:45,1350,296,,,
2025/5/29,17:00,1350,262,,,
2025/5/29,17:15,1350,227,,,
2025/5/29,17:30,1350,219,,,
2025/5/29,17:45,1350,199,,,
2025/5/29,18:00,1350,196,,,
2025/5/29,18:15,1350,185,,,
2025/5/29,18:30,1350,189,,,
2025/5/29,18:45,1350,178,,,
2025/5/29,19:00,1350,166,,,
2025/5/29,19:15,1350,168,,,
2025/5/29,19:30,1350,157,,,
2025/5/29,19:45,1350,142,,,
2025/5/29,20:00,1350,157,,,
2025/5/29,20:15,1350,147,,,
2025/5/29,20:30,1350,144,,,
2025/5/29,20:45,1350,141,,,
2025/5/29,21:00,1350,139,,,
2025/5/29,21:15,1350,125,,,
2025/5/29,21:30,1350,133,,,
2025/5/29,21:45,1350,122,,,
2025/5/29,22:00,1350,120,,,
2025/5/29,22:15,1350,,253,,
2025/5/29,22:30,1350,,261,,
2025/5/29,22:45,1350,,277,,
2025/5/29,23:00,1350,,298,,
2025/5/29,23:15,1350,,262,,
2025/5/29,23:30,1350,,262,,
2025/5/29,23:45,1350,,278,,
2025/5/30,00:00,1350,,296,,
2025/5/30,00:15,1350,,,,322
2025/5/30,00:30,1350,,,,349
2025/5/30,00:45,1350,,,,406
2025/5/30,01:00,1350,,,,448
2025/5/30,01:15,1350,,,,456
2025/5/30,01:30,1350,,,,426
2025/5/30,01:45,1350,,,,398
2025/5/30,02:00,1350,,,,397
2025/5/30,02:15,1350,,,,381
2025/5/30,02:30,1350,,,,362
2025/5/30,02:45,1350,,,,326
2025/5/30,03:00,1350,,,,264
2025/5/30,03:15,1350,,,,234
2025/5/30,03:30,1350,,,,208
2025/5/30,03:45,1350,,,,160
2025/5/30,04:00,1350,,,,122
2025/5/30,04:15,1350,,,,122
2025/5/30,04:30,1350,,,,115
2025/5/30,04:45,1350,,,,122
2025/5/30,05:00,1350,,,,115
2025/5/30,05:15,1350,,,,114
2025/5/30,05:30,1350,,,,112
2025/5/30,05:45,1350,,,,96
2025/5/30,06:00,1350,,,,101
2025/5/30,06:15,1350,,,,99
2025/5/30,06:30,1350,,,,102
2025/5/30,06:45,1350,,,,101
2025/5/30,07:00,1350,,,,90
2025/5/30,07:15,1350,,,,64
2025/5/30,07:30,1350,,,,56
2025/5/30,07:45,1350,,,,55
2025/5/30,08:00,1350,,,,65
2025/5/30,08:15,1350,,,,114
2025/5/30,08:30,1350,,,,82
2025/5/30,08:45,1350,,,,93
2025/5/30,09:00,1350,,,,94
2025/5/30,09:15,1350,,95,,
2025/5/30,09:30,1350,,96,,
2025/5/30,09:45,1350,,108,,
2025/5/30,10:00,1350,,94,,
2025/5/30,10:15,1350,,119,,
2025/5/30,10:30,1350,,112,,
2025/5/30,10:45,1350,,100,,
2025/5/30,11:00,1350,,89,,
2025/5/30,11:15,1350,,97,,
2025/5/30,11:30,1350,,108,,
2025/5/30,11:45,1350,,103,,
2025/5/30,12:00,1350,,104,,
2025/5/30,12:15,1350,,83,,
2025/5/30,12:30,1350,,76,,
2025/5/30,12:45,1350,,83,,
2025/5/30,13:00,1350,,111,,
2025/5/30,13:15,1350,,118,,
2025/5/30,13:30,1350,,104,,
2025/5/30,13:45,1350,,115,,
2025/5/30,14:00,1350,,110,,
2025/5/30,14:15,1350,,103,,
2025/5/30,14:30,1350,,91,,
2025/5/30,14:45,1350,,101,,
2025/5/30,15:00,1350,,80,,
2025/5/30,15:15,1350,,94,,
2025/5/30,15:30,1350,,108,,
2025/5/30,15:45,1350,,111,,
2025/5/30,16:00,1350,,94,,
2025/5/30,16:15,1350,99,,,
2025/5/30,16:30,1350,105,,,
2025/5/30,16:45,1350,103,,,
2025/5/30,17:00,1350,78,,,
2025/5/30,17:15,1350,55,,,
2025/5/30,17:30,1350,60,,,
2025/5/30,17:45,1350,55,,,
2025/5/30,18:00,1350,53,,,
2025/5/30,18:15,1350,54,,,
2025/5/30,18:30,1350,49,,,
2025/5/30,18:45,1350,49,,,
2025/5/30,19:00,1350,54,,,
2025/5/30,19:15,1350,53,,,
2025/5/30,19:30,1350,50,,,
2025/5/30,19:45,1350,56,,,
2025/5/30,20:00,1350,51,,,
2025/5/30,20:15,1350,48,,,
2025/5/30,20:30,1350,53,,,
2025/5/30,20:45,1350,50,,,
2025/5/30,21:00,1350,48,,,
2025/5/30,21:15,1350,54,,,
2025/5/30,21:30,1350,48,,,
2025/5/30,21:45,1350,46,,,
2025/5/30,22:00,1350,53,,,
2025/5/30,22:15,1350,,50,,
2025/5/30,22:30,1350,,45,,
2025/5/30,22:45,1350,,54,,
2025/5/30,23:00,1350,,53,,
2025/5/30,23:15,1350,,48,,
2025/5/30,23:30,1350,,53,,
2025/5/30,23:45,1350,,48,,
2025/5/31,00:00,1350,,45,,
2025/5/31,00:15,1350,,,,51
2025/5/31,00:30,1350,,,,50
2025/5/31,00:45,1350,,,,48
2025/5/31,01:00,1350,,,,51
2025/5/31,01:15,1350,,,,50
2025/5/31,01:30,1350,,,,51
2025/5/31,01:45,1350,,,,45
2025/5/31,02:00,1350,,,,51
2025/5/31,02:15,1350,,,,53
2025/5/31,02:30,1350,,,,48
2025/5/31,02:45,1350,,,,50
2025/5/31,03:00,1350,,,,51
2025/5/31,03:15,1350,,,,46
2025/5/31,03:30,1350,,,,50
2025/5/31,03:45,1350,,,,53
2025/5/31,04:00,1350,,,,45
2025/5/31,04:15,1350,,,,50
2025/5/31,04:30,1350,,,,54
2025/5/31,04:45,1350,,,,45
2025/5/31,05:00,1350,,,,53
2025/5/31,05:15,1350,,,,56
2025/5/31,05:30,1350,,,,46
2025/5/31,05:45,1350,,,,50
2025/5/31,06:00,1350,,,,50
2025/5/31,06:15,1350,,,,48
2025/5/31,06:30,1350,,,,52
2025/5/31,06:45,1350,,,,51
2025/5/31,07:00,1350,,,,70
2025/5/31,07:15,1350,,,,79
2025/5/31,07:30,1350,,,,51
2025/5/31,07:45,1350,,,,64
2025/5/31,08:00,1350,,,,61
2025/5/31,08:15,1350,,,,112
2025/5/31,08:30,1350,,,,91
2025/5/31,08:45,1350,,,,102
2025/5/31,09:00,1350,,,,104
2025/5/31,09:15,1350,,,,102
2025/5/31,09:30,1350,,,,114
2025/5/31,09:45,1350,,,,104
2025/5/31,10:00,1350,,,,80
2025/5/31,10:15,1350,,,,109
2025/5/31,10:30,1350,,,,96
2025/5/31,10:45,1350,,,,112
2025/5/31,11:00,1350,,,,118
2025/5/31,11:15,1350,,,,108
2025/5/31,11:30,1350,,,,100
2025/5/31,11:45,1350,,,,113
2025/5/31,12:00,1350,,,,103
2025/5/31,12:15,1350,,,,81
2025/5/31,12:30,1350,,,,76
2025/5/31,12:45,1350,,,,84
2025/5/31,13:00,1350,,,,98
2025/5/31,13:15,1350,,,,108
2025/5/31,13:30,1350,,,,110
2025/5/31,13:45,1350,,,,91
2025/5/31,14:00,1350,,,,84
2025/5/31,14:15,1350,,,,90
2025/5/31,14:30,1350,,,,98
2025/5/31,14:45,1350,,,,93
2025/5/31,15:00,1350,,,,78
2025/5/31,15:15,1350,,,,103
2025/5/31,15:30,1350,,,,96
2025/5/31,15:45,1350,,,,94
2025/5/31,16:00,1350,,,,97
2025/5/31,16:15,1350,,,,87
2025/5/31,16:30,1350,,,,92
2025/5/31,16:45,1350,,,,98
2025/5/31,17:00,1350,,,,83
2025/5/31,17:15,1350,,,,56
2025/5/31,17:30,1350,,,,55
2025/5/31,17:45,1350,,,,59
2025/5/31,18:00,1350,,,,52
2025/5/31,18:15,1350,,,,48
2025/5/31,18:30,1350,,,,51
2025/5/31,18:45,1350,,,,57
2025/5/31,19:00,1350,,,,50
2025/5/31,19:15,1350,,,,50
2025/5/31,19:30,1350,,,,58
2025/5/31,19:45,1350,,,,50
2025/5/31,20:00,1350,,,,46
2025/5/31,20:15,1350,,,,54
2025/5/31,20:30,1350,,,,54
2025/5/31,20:45,1350,,,,46
2025/5/31,21:00,1350,,,,50
2025/5/31,21:15,1350,,,,56
2025/5/31,21:30,1350,,,,46
2025/5/31,21:45,1350,,,,48
2025/5/31,22:00,1350,,,,54
2025/5/31,22:15,1350,,,,53
2025/5/31,22:30,1350,,,,46
2025/5/31,22:45,1350,,,,53
2025/5/31,23:00,1350,,,,56
2025/5/31,23:15,1350,,,,51
2025/5/31,23:30,1350,,,,46
2025/5/31,23:45,1350,,,,56
2025/6/1,00:00,1350,,,,51
2025/6/1,00:15,1350,,,,46
2025/6/1,00:30,1350,,,,51
2025/6/1,00:45,1350,,,,54
2025/6/1,01:00,1350,,,,48
2025/6/1,01:15,1350,,,,50
2025/6/1,01:30,1350,,,,56
2025/6/1,01:45,1350,,,,50
2025/6/1,02:00,1350,,,,48
2025/6/1,02:15,1350,,,,54
2025/6/1,02:30,1350,,,,53
2025/6/1,02:45,1350,,,,46
2025/6/1,03:00,1350,,,,50
2025/6/1,03:15,1350,,,,58
2025/6/1,03:30,1350,,,,48
2025/6/1,03:45,1350,,,,48
2025/6/1,04:00,1350,,,,54
2025/6/1,04:15,1350,,,,50
2025/6/1,04:30,1350,,,,46
2025/6/1,04:45,1350,,,,53
2025/6/1,05:00,1350,,,,56
2025/6/1,05:15,1350,,,,51
2025/6/1,05:30,1350,,,,52
2025/6/1,05:45,1350,,,,52
2025/6/1,06:00,1350,,,,45
2025/6/1,06:15,1350,,,,52
2025/6/1,06:30,1350,,,,53
2025/6/1,06:45,1350,,,,51
2025/6/1,07:00,1350,,,,54
2025/6/1,07:15,1350,,,,55
2025/6/1,07:30,1350,,,,47
2025/6/1,07:45,1350,,,,49
2025/6/1,08:00,1350,,,,59
2025/6/1,08:15,1350,,,,56
2025/6/1,08:30,1350,,,,56
2025/6/1,08:45,1350,,,,64
2025/6/1,09:00,1350,,,,56
2025/6/1,09:15,1350,,,,58
2025/6/1,09:30,1350,,,,65
2025/6/1,09:45,1350,,,,58
2025/6/1,10:00,1350,,,,60
2025/6/1,10:15,1350,,,,68
2025/6/1,10:30,1350,,,,62
2025/6/1,10:45,1350,,,,58
2025/6/1,11:00,1350,,,,66
2025/6/1,11:15,1350,,,,67
2025/6/1,11:30,1350,,,,62
2025/6/1,11:45,1350,,,,69
2025/6/1,12:00,1350,,,,65
2025/6/1,12:15,1350,,,,60
2025/6/1,12:30,1350,,,,65
2025/6/1,12:45,1350,,,,71
2025/6/1,13:00,1350,,,,61
2025/6/1,13:15,1350,,,,66
2025/6/1,13:30,1350,,,,71
2025/6/1,13:45,1350,,,,66
2025/6/1,14:00,1350,,,,62
2025/6/1,14:15,1350,,,,70
2025/6/1,14:30,1350,,,,94
2025/6/1,14:45,1350,,,,83
2025/6/1,15:00,1350,,,,61
2025/6/1,15:15,1350,,,,64
2025/6/1,15:30,1350,,,,58
2025/6/1,15:45,1350,,,,56
2025/6/1,16:00,1350,,,,55
2025/6/1,16:15,1350,,,,68
2025/6/1,16:30,1350,,,,60
2025/6/1,16:45,1350,,,,56
2025/6/1,17:00,1350,,,,57
2025/6/1,17:15,1350,,,,62
2025/6/1,17:30,1350,,,,56
2025/6/1,17:45,1350,,,,55
2025/6/1,18:00,1350,,,,57
2025/6/1,18:15,1350,,,,55
2025/6/1,18:30,1350,,,,50
2025/6/1,18:45,1350,,,,58
2025/6/1,19:00,1350,,,,56
2025/6/1,19:15,1350,,,,50
2025/6/1,19:30,1350,,,,54
2025/6/1,19:45,1350,,,,62
2025/6/1,20:00,1350,,,,54
2025/6/1,20:15,1350,,,,50
2025/6/1,20:30,1350,,,,59
2025/6/1,20:45,1350,,,,51
2025/6/1,21:00,1350,,,,51
2025/6/1,21:15,1350,,,,58
2025/6/1,21:30,1350,,,,54
2025/6/1,21:45,1350,,,,50
2025/6/1,22:00,1350,,,,54
2025/6/1,22:15,1350,,,,58
2025/6/1,22:30,1350,,,,48
2025/6/1,22:45,1350,,,,54
2025/6/1,23:00,1350,,,,61
2025/6/1,23:15,1350,,,,53
2025/6/1,23:30,1350,,,,50
2025/6/1,23:45,1350,,,,58
2025/6/2,00:00,1350,,,,51
2025/6/2,00:15,1350,,,,51
2025/6/2,00:30,1350,,,,53
2025/6/2,00:45,1350,,,,58
2025/6/2,01:00,1350,,,,53
2025/6/2,01:15,1350,,,,51
2025/6/2,01:30,1350,,,,58
2025/6/2,01:45,1350,,,,51
2025/6/2,02:00,1350,,,,53
2025/6/2,02:15,1350,,,,59
2025/6/2,02:30,1350,,,,54
2025/6/2,02:45,1350,,,,51
2025/6/2,03:00,1350,,,,58
2025/6/2,03:15,1350,,,,54
2025/6/2,03:30,1350,,,,50
2025/6/2,03:45,1350,,,,54
2025/6/2,04:00,1350,,,,51
2025/6/2,04:15,1350,,,,58
2025/6/2,04:30,1350,,,,51
2025/6/2,04:45,1350,,,,50
2025/6/2,05:00,1350,,,,61
2025/6/2,05:15,1350,,,,53
2025/6/2,05:30,1350,,,,54
2025/6/2,05:45,1350,,,,50
2025/6/2,06:00,1350,,,,55
2025/6/2,06:15,1350,,,,53
2025/6/2,06:30,1350,,,,46
2025/6/2,06:45,1350,,,,66
2025/6/2,07:00,1350,,,,66
2025/6/2,07:15,1350,,,,153
2025/6/2,07:30,1350,,,,234
2025/6/2,07:45,1350,,,,246
2025/6/2,08:00,1350,,,,274
2025/6/2,08:15,1350,,,,697
2025/6/2,08:30,1350,,,,909
2025/6/2,08:45,1350,,,,929
2025/6/2,09:00,1350,,,,947
2025/6/2,09:15,1350,,1002,,
2025/6/2,09:30,1350,,1099,,
2025/6/2,09:45,1350,,1066,,
2025/6/2,10:00,1350,,850,,
2025/6/2,10:15,1350,,847,,
2025/6/2,10:30,1350,,929,,
2025/6/2,10:45,1350,,843,,
2025/6/2,11:00,1350,,814,,
2025/6/2,11:15,1350,,864,,
2025/6/2,11:30,1350,,881,,
2025/6/2,11:45,1350,,998,,
2025/6/2,12:00,1350,,873,,
2025/6/2,12:15,1350,,589,,
2025/6/2,12:30,1350,,579,,
2025/6/2,12:45,1350,,592,,
2025/6/2,13:00,1350,,911,,
2025/6/2,13:15,1350,,1045,,
2025/6/2,13:30,1350,,1109,,
2025/6/2,13:45,1350,,1102,,
2025/6/2,14:00,1350,,1069,,
2025/6/2,14:15,1350,,1086,,
2025/6/2,14:30,1350,,1057,,
2025/6/2,14:45,1350,,1097,,
2025/6/2,15:00,1350,,989,,
2025/6/2,15:15,1350,,1044,,
2025/6/2,15:30,1350,,1042,,
2025/6/2,15:45,1350,,943,,
2025/6/2,16:00,1350,,880,,
2025/6/2,16:15,1350,619,,,
2025/6/2,16:30,1350,473,,,
2025/6/2,16:45,1350,410,,,
2025/6/2,17:00,1350,355,,,
2025/6/2,17:15,1350,296,,,
2025/6/2,17:30,1350,264,,,
2025/6/2,17:45,1350,291,,,
2025/6/2,18:00,1350,290,,,
2025/6/2,18:15,1350,281,,,
2025/6/2,18:30,1350,285,,,
2025/6/2,18:45,1350,293,,,
2025/6/2,19:00,1350,282,,,
2025/6/2,19:15,1350,277,,,
2025/6/2,19:30,1350,230,,,
2025/6/2,19:45,1350,222,,,
2025/6/2,20:00,1350,187,,,
2025/6/2,20:15,1350,195,,,
2025/6/2,20:30,1350,176,,,
2025/6/2,20:45,1350,192,,,
2025/6/2,21:00,1350,162,,,
2025/6/2,21:15,1350,146,,,
2025/6/2,21:30,1350,139,,,
2025/6/2,21:45,1350,126,,,
2025/6/2,22:00,1350,184,,,
2025/6/2,22:15,1350,,285,,
2025/6/2,22:30,1350,,278,,
2025/6/2,22:45,1350,,296,,
2025/6/2,23:00,1350,,336,,
2025/6/2,23:15,1350,,315,,
2025/6/2,23:30,1350,,315,,
2025/6/2,23:45,1350,,304,,
2025/6/3,00:00,1350,,307,,
2025/6/3,00:15,1350,,,,346
2025/6/3,00:30,1350,,,,371
2025/6/3,00:45,1350,,,,435
2025/6/3,01:00,1350,,,,472
2025/6/3,01:15,1350,,,,448
2025/6/3,01:30,1350,,,,427
2025/6/3,01:45,1350,,,,418
2025/6/3,02:00,1350,,,,470
2025/6/3,02:15,1350,,,,507
2025/6/3,02:30,1350,,,,483
2025/6/3,02:45,1350,,,,430
2025/6/3,03:00,1350,,,,394
2025/6/3,03:15,1350,,,,341
2025/6/3,03:30,1350,,,,333
2025/6/3,03:45,1350,,,,334
2025/6/3,04:00,1350,,,,344
2025/6/3,04:15,1350,,,,342
2025/6/3,04:30,1350,,,,309
2025/6/3,04:45,1350,,,,278
2025/6/3,05:00,1350,,,,269
2025/6/3,05:15,1350,,,,251
2025/6/3,05:30,1350,,,,245
2025/6/3,05:45,1350,,,,249
2025/6/3,06:00,1350,,,,252
2025/6/3,06:15,1350,,,,249
2025/6/3,06:30,1350,,,,240
2025/6/3,06:45,1350,,,,263
2025/6/3,07:00,1350,,,,299
2025/6/3,07:15,1350,,,,322
2025/6/3,07:30,1350,,,,339
2025/6/3,07:45,1350,,,,327
2025/6/3,08:00,1350,,,,330
2025/6/3,08:15,1350,,,,625
2025/6/3,08:30,1350,,,,862
2025/6/3,08:45,1350,,,,919
2025/6/3,09:00,1350,,,,1017
2025/6/3,09:15,1350,,1143,,
2025/6/3,09:30,1350,,1260,,
2025/6/3,09:45,1350,,1264,,
2025/6/3,10:00,1350,,1122,,
2025/6/3,10:15,1350,,1197,,
2025/6/3,10:30,1350,,1286,,
2025/6/3,10:45,1350,,1290,,
2025/6/3,11:00,1350,,1246,,
2025/6/3,11:15,1350,,1148,,
2025/6/3,11:30,1350,,1051,,
2025/6/3,11:45,1350,,1193,,
2025/6/3,12:00,1350,,1152,,
2025/6/3,12:15,1350,,854,,
2025/6/3,12:30,1350,,812,,
2025/6/3,12:45,1350,,798,,
2025/6/3,13:00,1350,,916,,
2025/6/3,13:15,1350,,1023,,
2025/6/3,13:30,1350,,1033,,
2025/6/3,13:45,1350,,988,,
2025/6/3,14:00,1350,,1020,,
2025/6/3,14:15,1350,,1020,,
2025/6/3,14:30,1350,,959,,
2025/6/3,14:45,1350,,1045,,
2025/6/3,15:00,1350,,963,,
2025/6/3,15:15,1350,,873,,
2025/6/3,15:30,1350,,962,,
2025/6/3,15:45,1350,,916,,
2025/6/3,16:00,1350,,861,,
2025/6/3,16:15,1350,739,,,
2025/6/3,16:30,1350,610,,,
2025/6/3,16:45,1350,581,,,
2025/6/3,17:00,1350,555,,,
2025/6/3,17:15,1350,489,,,
2025/6/3,17:30,1350,479,,,
2025/6/3,17:45,1350,460,,,
2025/6/3,18:00,1350,467,,,
2025/6/3,18:15,1350,468,,,
2025/6/3,18:30,1350,463,,,
2025/6/3,18:45,1350,451,,,
2025/6/3,19:00,1350,451,,,
2025/6/3,19:15,1350,438,,,
2025/6/3,19:30,1350,379,,,
2025/6/3,19:45,1350,394,,,
2025/6/3,20:00,1350,397,,,
2025/6/3,20:15,1350,390,,,
2025/6/3,20:30,1350,326,,,
2025/6/3,20:45,1350,310,,,
2025/6/3,21:00,1350,307,,,
2025/6/3,21:15,1350,282,,,
2025/6/3,21:30,1350,264,,,
2025/6/3,21:45,1350,261,,,
2025/6/3,22:00,1350,250,,,
2025/6/3,22:15,1350,,253,,
2025/6/3,22:30,1350,,302,,
2025/6/3,22:45,1350,,336,,
2025/6/3,23:00,1350,,334,,
2025/6/3,23:15,1350,,320,,
2025/6/3,23:30,1350,,323,,
2025/6/3,23:45,1350,,350,,
2025/6/4,00:00,1350,,395,,
2025/6/4,00:15,1350,,,,421
2025/6/4,00:30,1350,,,,475
2025/6/4,00:45,1350,,,,451
2025/6/4,01:00,1350,,,,363
2025/6/4,01:15,1350,,,,470
2025/6/4,01:30,1350,,,,494
2025/6/4,01:45,1350,,,,488
2025/6/4,02:00,1350,,,,432
2025/6/4,02:15,1350,,,,413
2025/6/4,02:30,1350,,,,406
2025/6/4,02:45,1350,,,,397
2025/6/4,03:00,1350,,,,358
2025/6/4,03:15,1350,,,,322
2025/6/4,03:30,1350,,,,267
2025/6/4,03:45,1350,,,,230
2025/6/4,04:00,1350,,,,226
2025/6/4,04:15,1350,,,,258
2025/6/4,04:30,1350,,,,216
2025/6/4,04:45,1350,,,,218
2025/6/4,05:00,1350,,,,216
2025/6/4,05:15,1350,,,,218
2025/6/4,05:30,1350,,,,214
2025/6/4,05:45,1350,,,,212
2025/6/4,06:00,1350,,,,222
2025/6/4,06:15,1350,,,,231
2025/6/4,06:30,1350,,,,217
2025/6/4,06:45,1350,,,,191
2025/6/4,07:00,1350,,,,193
2025/6/4,07:15,1350,,,,248
2025/6/4,07:30,1350,,,,296
2025/6/4,07:45,1350,,,,287
2025/6/4,08:00,1350,,,,291
2025/6/4,08:15,1350,,,,723
2025/6/4,08:30,1350,,,,1022
2025/6/4,08:45,1350,,,,1007
2025/6/4,09:00,1350,,,,987
2025/6/4,09:15,1350,,894,,
2025/6/4,09:30,1350,,867,,
2025/6/4,09:45,1350,,961,,
2025/6/4,10:00,1350,,895,,
2025/6/4,10:15,1350,,919,,
2025/6/4,10:30,1350,,1058,,
2025/6/4,10:45,1350,,1076,,
2025/6/4,11:00,1350,,1094,,
2025/6/4,11:15,1350,,1273,,
2025/6/4,11:30,1350,,1281,,
2025/6/4,11:45,1350,,1131,,
2025/6/4,12:00,1350,,931,,
2025/6/4,12:15,1350,,644,,
2025/6/4,12:30,1350,,614,,
2025/6/4,12:45,1350,,593,,
2025/6/4,13:00,1350,,984,,
2025/6/4,13:15,1350,,1025,,
2025/6/4,13:30,1350,,1057,,
2025/6/4,13:45,1350,,1070,,
2025/6/4,14:00,1350,,1038,,
2025/6/4,14:15,1350,,1108,,
2025/6/4,14:30,1350,,1134,,
2025/6/4,14:45,1350,,1199,,
2025/6/4,15:00,1350,,1024,,
2025/6/4,15:15,1350,,1082,,
2025/6/4,15:30,1350,,1131,,
2025/6/4,15:45,1350,,1128,,
2025/6/4,16:00,1350,,1108,,
2025/6/4,16:15,1350,681,,,
2025/6/4,16:30,1350,567,,,
2025/6/4,16:45,1350,523,,,
2025/6/4,17:00,1350,466,,,
2025/6/4,17:15,1350,389,,,
2025/6/4,17:30,1350,372,,,
2025/6/4,17:45,1350,410,,,
2025/6/4,18:00,1350,401,,,
2025/6/4,18:15,1350,390,,,
2025/6/4,18:30,1350,397,,,
2025/6/4,18:45,1350,400,,,
2025/6/4,19:00,1350,439,,,
2025/6/4,19:15,1350,400,,,
2025/6/4,19:30,1350,352,,,
2025/6/4,19:45,1350,304,,,
2025/6/4,20:00,1350,307,,,
2025/6/4,20:15,1350,314,,,
2025/6/4,20:30,1350,290,,,
2025/6/4,20:45,1350,275,,,
2025/6/4,21:00,1350,258,,,
2025/6/4,21:15,1350,261,,,
2025/6/4,21:30,1350,237,,,
2025/6/4,21:45,1350,274,,,
2025/6/4,22:00,1350,294,,,
2025/6/4,22:15,1350,,306,,
2025/6/4,22:30,1350,,322,,
2025/6/4,22:45,1350,,354,,
2025/6/4,23:00,1350,,314,,
2025/6/4,23:15,1350,,322,,
2025/6/4,23:30,1350,,352,,
2025/6/4,23:45,1350,,346,,
2025/6/5,00:00,1350,,350,,
2025/6/5,00:15,1350,,,,394
2025/6/5,00:30,1350,,,,320
2025/6/5,00:45,1350,,,,304
2025/6/5,01:00,1350,,,,446
2025/6/5,01:15,1350,,,,358
2025/6/5,01:30,1350,,,,317
2025/6/5,01:45,1350,,,,275
2025/6/5,02:00,1350,,,,261
2025/6/5,02:15,1350,,,,280
2025/6/5,02:30,1350,,,,277
2025/6/5,02:45,1350,,,,254
2025/6/5,03:00,1350,,,,235
2025/6/5,03:15,1350,,,,222
2025/6/5,03:30,1350,,,,226
2025/6/5,03:45,1350,,,,224
2025/6/5,04:00,1350,,,,216
2025/6/5,04:15,1350,,,,222
2025/6/5,04:30,1350,,,,226
2025/6/5,04:45,1350,,,,219
2025/6/5,05:00,1350,,,,222
2025/6/5,05:15,1350,,,,256
2025/6/5,05:30,1350,,,,250
2025/6/5,05:45,1350,,,,216
2025/6/5,06:00,1350,,,,191
2025/6/5,06:15,1350,,,,193
2025/6/5,06:30,1350,,,,190
2025/6/5,06:45,1350,,,,182
2025/6/5,07:00,1350,,,,180
2025/6/5,07:15,1350,,,,176
2025/6/5,07:30,1350,,,,236
2025/6/5,07:45,1350,,,,271
2025/6/5,08:00,1350,,,,295
2025/6/5,08:15,1350,,,,823
2025/6/5,08:30,1350,,,,1111
2025/6/5,08:45,1350,,,,1139
2025/6/5,09:00,1350,,,,1149
2025/6/5,09:15,1350,,1074,,
2025/6/5,09:30,1350,,1243,,
2025/6/5,09:45,1350,,1289,,
2025/6/5,10:00,1350,,1079,,
2025/6/5,10:15,1350,,1228,,
2025/6/5,10:30,1350,,1346,,
2025/6/5,10:45,1350,,1412,,
2025/6/5,11:00,1350,,1477,,
2025/6/5,11:15,1350,,1504,,
2025/6/5,11:30,1350,,1523,,
2025/6/5,11:45,1350,,1603,,
2025/6/5,12:00,1350,,1336,,
2025/6/5,12:15,1350,,957,,
2025/6/5,12:30,1350,,804,,
2025/6/5,12:45,1350,,770,,
2025/6/5,13:00,1350,,1283,,
2025/6/5,13:15,1350,,1403,,
2025/6/5,13:30,1350,,1424,,
2025/6/5,13:45,1350,,1357,,
2025/6/5,14:00,1350,,1322,,
2025/6/5,14:15,1350,,1269,,
2025/6/5,14:30,1350,,1224,,
2025/6/5,14:45,1350,,1149,,
2025/6/5,15:00,1350,,971,,
2025/6/5,15:15,1350,,1059,,
2025/6/5,15:30,1350,,1139,,
2025/6/5,15:45,1350,,1043,,
2025/6/5,16:00,1350,,1026,,
2025/6/5,16:15,1350,602,,,
2025/6/5,16:30,1350,437,,,
2025/6/5,16:45,1350,399,,,
2025/6/5,17:00,1350,354,,,
2025/6/5,17:15,1350,287,,,
2025/6/5,17:30,1350,258,,,
2025/6/5,17:45,1350,262,,,
2025/6/5,18:00,1350,258,,,
2025/6/5,18:15,1350,257,,,
2025/6/5,18:30,1350,248,,,
2025/6/5,18:45,1350,246,,,
2025/6/5,19:00,1350,247,,,
2025/6/5,19:15,1350,246,,,
2025/6/5,19:30,1350,187,,,
2025/6/5,19:45,1350,168,,,
2025/6/5,20:00,1350,176,,,
2025/6/5,20:15,1350,168,,,
2025/6/5,20:30,1350,165,,,
2025/6/5,20:45,1350,152,,,
2025/6/5,21:00,1350,184,,,
2025/6/5,21:15,1350,162,,,
2025/6/5,21:30,1350,141,,,
2025/6/5,21:45,1350,126,,,
2025/6/5,22:00,1350,128,,,
2025/6/5,22:15,1350,,254,,
2025/6/5,22:30,1350,,342,,
2025/6/5,22:45,1350,,341,,
2025/6/5,23:00,1350,,400,,
2025/6/5,23:15,1350,,381,,
2025/6/5,23:30,1350,,384,,
2025/6/5,23:45,1350,,403,,
2025/6/6,00:00,1350,,363,,
2025/6/6,00:15,1350,,,,402
2025/6/6,00:30,1350,,,,464
2025/6/6,00:45,1350,,,,466
2025/6/6,01:00,1350,,,,542
2025/6/6,01:15,1350,,,,542
2025/6/6,01:30,1350,,,,480
2025/6/6,01:45,1350,,,,518
2025/6/6,02:00,1350,,,,475
2025/6/6,02:15,1350,,,,392
2025/6/6,02:30,1350,,,,360
2025/6/6,02:45,1350,,,,333
2025/6/6,03:00,1350,,,,301
2025/6/6,03:15,1350,,,,238
2025/6/6,03:30,1350,,,,206
2025/6/6,03:45,1350,,,,160
2025/6/6,04:00,1350,,,,149
2025/6/6,04:15,1350,,,,146
2025/6/6,04:30,1350,,,,147
2025/6/6,04:45,1350,,,,146
2025/6/6,05:00,1350,,,,146
2025/6/6,05:15,1350,,,,166
2025/6/6,05:30,1350,,,,184
2025/6/6,05:45,1350,,,,172
2025/6/6,06:00,1350,,,,120
2025/6/6,06:15,1350,,,,116
2025/6/6,06:30,1350,,,,118
2025/6/6,06:45,1350,,,,121
2025/6/6,07:00,1350,,,,121
2025/6/6,07:15,1350,,,,120
2025/6/6,07:30,1350,,,,188
2025/6/6,07:45,1350,,,,197
2025/6/6,08:00,1350,,,,224
2025/6/6,08:15,1350,,,,312
2025/6/6,08:30,1350,,,,342
2025/6/6,08:45,1350,,,,344
2025/6/6,09:00,1350,,,,339
2025/6/6,09:15,1350,,294,,
2025/6/6,09:30,1350,,287,,
2025/6/6,09:45,1350,,295,,
2025/6/6,10:00,1350,,303,,
2025/6/6,10:15,1350,,324,,
2025/6/6,10:30,1350,,376,,
2025/6/6,10:45,1350,,341,,
2025/6/6,11:00,1350,,342,,
2025/6/6,11:15,1350,,342,,
2025/6/6,11:30,1350,,329,,
2025/6/6,11:45,1350,,330,,
2025/6/6,12:00,1350,,325,,
2025/6/6,12:15,1350,,309,,
2025/6/6,12:30,1350,,304,,
2025/6/6,12:45,1350,,295,,
2025/6/6,13:00,1350,,284,,
2025/6/6,13:15,1350,,303,,
2025/6/6,13:30,1350,,302,,
2025/6/6,13:45,1350,,283,,
2025/6/6,14:00,1350,,250,,
2025/6/6,14:15,1350,,219,,
2025/6/6,14:30,1350,,222,,
2025/6/6,14:45,1350,,234,,
2025/6/6,15:00,1350,,228,,
2025/6/6,15:15,1350,,232,,
2025/6/6,15:30,1350,,220,,
2025/6/6,15:45,1350,,203,,
2025/6/6,16:00,1350,,202,,
2025/6/6,16:15,1350,192,,,
2025/6/6,16:30,1350,191,,,
2025/6/6,16:45,1350,208,,,
2025/6/6,17:00,1350,190,,,
2025/6/6,17:15,1350,167,,,
2025/6/6,17:30,1350,182,,,
2025/6/6,17:45,1350,178,,,
2025/6/6,18:00,1350,152,,,
2025/6/6,18:15,1350,135,,,
2025/6/6,18:30,1350,137,,,
2025/6/6,18:45,1350,139,,,
2025/6/6,19:00,1350,179,,,
2025/6/6,19:15,1350,170,,,
2025/6/6,19:30,1350,107,,,
2025/6/6,19:45,1350,86,,,
2025/6/6,20:00,1350,88,,,
2025/6/6,20:15,1350,86,,,
2025/6/6,20:30,1350,88,,,
2025/6/6,20:45,1350,86,,,
2025/6/6,21:00,1350,88,,,
2025/6/6,21:15,1350,86,,,
2025/6/6,21:30,1350,90,,,
2025/6/6,21:45,1350,80,,,
2025/6/6,22:00,1350,83,,,
2025/6/6,22:15,1350,,117,,
2025/6/6,22:30,1350,,80,,
2025/6/6,22:45,1350,,82,,
2025/6/6,23:00,1350,,82,,
2025/6/6,23:15,1350,,78,,
2025/6/6,23:30,1350,,78,,
2025/6/6,23:45,1350,,75,,
2025/6/7,00:00,1350,,72,,
2025/6/7,00:15,1350,,,,78
2025/6/7,00:30,1350,,,,80
2025/6/7,00:45,1350,,,,75
2025/6/7,01:00,1350,,,,72
2025/6/7,01:15,1350,,,,78
2025/6/7,01:30,1350,,,,78
2025/6/7,01:45,1350,,,,74
2025/6/7,02:00,1350,,,,72
2025/6/7,02:15,1350,,,,78
2025/6/7,02:30,1350,,,,80
2025/6/7,02:45,1350,,,,74
2025/6/7,03:00,1350,,,,70
2025/6/7,03:15,1350,,,,75
2025/6/7,03:30,1350,,,,80
2025/6/7,03:45,1350,,,,72
2025/6/7,04:00,1350,,,,70
2025/6/7,04:15,1350,,,,78
2025/6/7,04:30,1350,,,,78
2025/6/7,04:45,1350,,,,70
2025/6/7,05:00,1350,,,,74
2025/6/7,05:15,1350,,,,82
2025/6/7,05:30,1350,,,,74
2025/6/7,05:45,1350,,,,58
2025/6/7,06:00,1350,,,,55
2025/6/7,06:15,1350,,,,66
2025/6/7,06:30,1350,,,,57
2025/6/7,06:45,1350,,,,69
2025/6/7,07:00,1350,,,,73
2025/6/7,07:15,1350,,,,81
2025/6/7,07:30,1350,,,,121
2025/6/7,07:45,1350,,,,134
2025/6/7,08:00,1350,,,,170
2025/6/7,08:15,1350,,,,224
2025/6/7,08:30,1350,,,,272
2025/6/7,08:45,1350,,,,284
2025/6/7,09:00,1350,,,299,
2025/6/7,09:15,1350,,,330,
2025/6/7,09:30,1350,,,342,
2025/6/7,09:45,1350,,,311,
2025/6/7,10:00,1350,,,309,
2025/6/7,10:15,1350,,,283,
2025/6/7,10:30,1350,,,317,
2025/6/7,10:45,1350,,,314,
2025/6/7,11:00,1350,,,294,
2025/6/7,11:15,1350,,,302,
2025/6/7,11:30,1350,,,325,
2025/6/7,11:45,1350,,,334,
2025/6/7,12:00,1350,,,282,
2025/6/7,12:15,1350,,,252,
2025/6/7,12:30,1350,,,236,
2025/6/7,12:45,1350,,,231,
2025/6/7,13:00,1350,,,213,
2025/6/7,13:15,1350,,,183,
2025/6/7,13:30,1350,,,160,
2025/6/7,13:45,1350,,,156,
2025/6/7,14:00,1350,,,160,
2025/6/7,14:15,1350,,,159,
2025/6/7,14:30,1350,,,163,
2025/6/7,14:45,1350,,,159,
2025/6/7,15:00,1350,,,120,
2025/6/7,15:15,1350,,,127,
2025/6/7,15:30,1350,,,120,
2025/6/7,15:45,1350,,,117,
2025/6/7,16:00,1350,,,118,
2025/6/7,16:15,1350,,,134,
2025/6/7,16:30,1350,,,120,
2025/6/7,16:45,1350,,,106,
2025/6/7,17:00,1350,,,90,
2025/6/7,17:15,1350,,,64,
2025/6/7,17:30,1350,,,60,
2025/6/7,17:45,1350,,,57,
2025/6/7,18:00,1350,,,56,
2025/6/7,18:15,1350,,,56,
2025/6/7,18:30,1350,,,55,
2025/6/7,18:45,1350,,,56,
2025/6/7,19:00,1350,,,58,
2025/6/7,19:15,1350,,,59,
2025/6/7,19:30,1350,,,56,
2025/6/7,19:45,1350,,,58,
2025/6/7,20:00,1350,,,56,
2025/6/7,20:15,1350,,,61,
2025/6/7,20:30,1350,,,58,
2025/6/7,20:45,1350,,,54,
2025/6/7,21:00,1350,,,56,
2025/6/7,21:15,1350,,,59,
2025/6/7,21:30,1350,,,59,
2025/6/7,21:45,1350,,,53,
2025/6/7,22:00,1350,,,56,
2025/6/7,22:15,1350,,,56,
2025/6/7,22:30,1350,,,56,
2025/6/7,22:45,1350,,,62,
2025/6/7,23:00,1350,,,56,
2025/6/7,23:15,1350,,,54,
2025/6/7,23:30,1350,,,53,
2025/6/7,23:45,1350,,,61,
2025/6/8,00:00,1350,,,56,
2025/6/8,00:15,1350,,,,53
2025/6/8,00:30,1350,,,,53
2025/6/8,00:45,1350,,,,61
2025/6/8,01:00,1350,,,,59
2025/6/8,01:15,1350,,,,53
2025/6/8,01:30,1350,,,,54
2025/6/8,01:45,1350,,,,56
2025/6/8,02:00,1350,,,,62
2025/6/8,02:15,1350,,,,56
2025/6/8,02:30,1350,,,,54
2025/6/8,02:45,1350,,,,53
2025/6/8,03:00,1350,,,,59
2025/6/8,03:15,1350,,,,59
2025/6/8,03:30,1350,,,,54
2025/6/8,03:45,1350,,,,53
2025/6/8,04:00,1350,,,,53
2025/6/8,04:15,1350,,,,59
2025/6/8,04:30,1350,,,,56
2025/6/8,04:45,1350,,,,53
2025/6/8,05:00,1350,,,,58
2025/6/8,05:15,1350,,,,62
2025/6/8,05:30,1350,,,,60
2025/6/8,05:45,1350,,,,50
2025/6/8,06:00,1350,,,,51
2025/6/8,06:15,1350,,,,53
2025/6/8,06:30,1350,,,,60
2025/6/8,06:45,1350,,,,60
2025/6/8,07:00,1350,,,,56
2025/6/8,07:15,1350,,,,53
2025/6/8,07:30,1350,,,,55
2025/6/8,07:45,1350,,,,61
2025/6/8,08:00,1350,,,,59
2025/6/8,08:15,1350,,,,60
2025/6/8,08:30,1350,,,,60
2025/6/8,08:45,1350,,,,68
2025/6/8,09:00,1350,,,,67
2025/6/8,09:15,1350,,,,63
2025/6/8,09:30,1350,,,,56
2025/6/8,09:45,1350,,,,63
2025/6/8,10:00,1350,,,,69
2025/6/8,10:15,1350,,,,66
2025/6/8,10:30,1350,,,,58
2025/6/8,10:45,1350,,,,59
2025/6/8,11:00,1350,,,,65
2025/6/8,11:15,1350,,,,70
2025/6/8,11:30,1350,,,,63
2025/6/8,11:45,1350,,,,60
2025/6/8,12:00,1350,,,,66
2025/6/8,12:15,1350,,,,68
2025/6/8,12:30,1350,,,,67
2025/6/8,12:45,1350,,,,61
2025/6/8,13:00,1350,,,,60
2025/6/8,13:15,1350,,,,68
2025/6/8,13:30,1350,,,,70
2025/6/8,13:45,1350,,,,72
2025/6/8,14:00,1350,,,,63
2025/6/8,14:15,1350,,,,64
2025/6/8,14:30,1350,,,,64
2025/6/8,14:45,1350,,,,67
2025/6/8,15:00,1350,,,,70
2025/6/8,15:15,1350,,,,63
2025/6/8,15:30,1350,,,,61
2025/6/8,15:45,1350,,,,61
2025/6/8,16:00,1350,,,,59
2025/6/8,16:15,1350,,,,68
2025/6/8,16:30,1350,,,,63
2025/6/8,16:45,1350,,,,59
2025/6/8,17:00,1350,,,,61
2025/6/8,17:15,1350,,,,58
2025/6/8,17:30,1350,,,,66
2025/6/8,17:45,1350,,,,61
2025/6/8,18:00,1350,,,,56
2025/6/8,18:15,1350,,,,53
2025/6/8,18:30,1350,,,,57
2025/6/8,18:45,1350,,,,63
2025/6/8,19:00,1350,,,,61
2025/6/8,19:15,1350,,,,54
2025/6/8,19:30,1350,,,,53
2025/6/8,19:45,1350,,,,56
2025/6/8,20:00,1350,,,,61
2025/6/8,20:15,1350,,,,62
2025/6/8,20:30,1350,,,,54
2025/6/8,20:45,1350,,,,54
2025/6/8,21:00,1350,,,,54
2025/6/8,21:15,1350,,,,59
2025/6/8,21:30,1350,,,,59
2025/6/8,21:45,1350,,,,54
2025/6/8,22:00,1350,,,,54
2025/6/8,22:15,1350,,,,54
2025/6/8,22:30,1350,,,,61
2025/6/8,22:45,1350,,,,58
2025/6/8,23:00,1350,,,,56
2025/6/8,23:15,1350,,,,54
2025/6/8,23:30,1350,,,,54
2025/6/8,23:45,1350,,,,62
2025/6/9,00:00,1350,,,,56
2025/6/9,00:15,1350,,,,94
2025/6/9,00:30,1350,,,,61
2025/6/9,00:45,1350,,,,53
2025/6/9,01:00,1350,,,,59
2025/6/9,01:15,1350,,,,59
2025/6/9,01:30,1350,,,,56
2025/6/9,01:45,1350,,,,53
2025/6/9,02:00,1350,,,,54
2025/6/9,02:15,1350,,,,59
2025/6/9,02:30,1350,,,,59
2025/6/9,02:45,1350,,,,51
2025/6/9,03:00,1350,,,,54
2025/6/9,03:15,1350,,,,54
2025/6/9,03:30,1350,,,,59
2025/6/9,03:45,1350,,,,54
2025/6/9,04:00,1350,,,,51
2025/6/9,04:15,1350,,,,53
2025/6/9,04:30,1350,,,,54
2025/6/9,04:45,1350,,,,59
2025/6/9,05:00,1350,,,,59
2025/6/9,05:15,1350,,,,56
2025/6/9,05:30,1350,,,,51
2025/6/9,05:45,1350,,,,57
2025/6/9,06:00,1350,,,,56
2025/6/9,06:15,1350,,,,54
2025/6/9,06:30,1350,,,,50
2025/6/9,06:45,1350,,,,69
2025/6/9,07:00,1350,,,,74
2025/6/9,07:15,1350,,,,143
2025/6/9,07:30,1350,,,,268
2025/6/9,07:45,1350,,,,335
2025/6/9,08:00,1350,,,,347
2025/6/9,08:15,1350,,,,698
2025/6/9,08:30,1350,,,,1084
2025/6/9,08:45,1350,,,,1143
2025/6/9,09:00,1350,,,,1089
2025/6/9,09:15,1350,,1054,,
2025/6/9,09:30,1350,,1018,,
2025/6/9,09:45,1350,,999,,
2025/6/9,10:00,1350,,980,,
2025/6/9,10:15,1350,,1014,,
2025/6/9,10:30,1350,,1022,,
2025/6/9,10:45,1350,,894,,
2025/6/9,11:00,1350,,983,,
2025/6/9,11:15,1350,,1025,,
2025/6/9,11:30,1350,,951,,
2025/6/9,11:45,1350,,1015,,
2025/6/9,12:00,1350,,897,,
2025/6/9,12:15,1350,,614,,
2025/6/9,12:30,1350,,590,,
2025/6/9,12:45,1350,,572,,
2025/6/9,13:00,1350,,795,,
2025/6/9,13:15,1350,,899,,
2025/6/9,13:30,1350,,894,,
2025/6/9,13:45,1350,,901,,
2025/6/9,14:00,1350,,1014,,
2025/6/9,14:15,1350,,1030,,
2025/6/9,14:30,1350,,998,,
2025/6/9,14:45,1350,,957,,
2025/6/9,15:00,1350,,769,,
2025/6/9,15:15,1350,,827,,
2025/6/9,15:30,1350,,928,,
2025/6/9,15:45,1350,,915,,
2025/6/9,16:00,1350,,851,,
2025/6/9,16:15,1350,651,,,
2025/6/9,16:30,1350,525,,,
2025/6/9,16:45,1350,587,,,
2025/6/9,17:00,1350,493,,,
2025/6/9,17:15,1350,468,,,
2025/6/9,17:30,1350,393,,,
2025/6/9,17:45,1350,461,,,
2025/6/9,18:00,1350,422,,,
2025/6/9,18:15,1350,438,,,
2025/6/9,18:30,1350,440,,,
2025/6/9,18:45,1350,411,,,
2025/6/9,19:00,1350,448,,,
2025/6/9,19:15,1350,395,,,
2025/6/9,19:30,1350,386,,,
2025/6/9,19:45,1350,266,,,
2025/6/9,20:00,1350,250,,,
2025/6/9,20:15,1350,182,,,
2025/6/9,20:30,1350,158,,,
2025/6/9,20:45,1350,152,,,
2025/6/9,21:00,1350,154,,,
2025/6/9,21:15,1350,149,,,
2025/6/9,21:30,1350,133,,,
2025/6/9,21:45,1350,125,,,
2025/6/9,22:00,1350,134,,,
2025/6/9,22:15,1350,,267,,
2025/6/9,22:30,1350,,301,,
2025/6/9,22:45,1350,,360,,
2025/6/9,23:00,1350,,320,,
2025/6/9,23:15,1350,,325,,
2025/6/9,23:30,1350,,344,,
2025/6/9,23:45,1350,,394,,
2025/6/10,00:00,1350,,358,,
2025/6/10,00:15,1350,,,,374
2025/6/10,00:30,1350,,,,413
2025/6/10,00:45,1350,,,,366
2025/6/10,01:00,1350,,,,363
2025/6/10,01:15,1350,,,,390
2025/6/10,01:30,1350,,,,413
2025/6/10,01:45,1350,,,,350
2025/6/10,02:00,1350,,,,360
2025/6/10,02:15,1350,,,,310
2025/6/10,02:30,1350,,,,259
2025/6/10,02:45,1350,,,,250
2025/6/10,03:00,1350,,,,208
2025/6/10,03:15,1350,,,,197
2025/6/10,03:30,1350,,,,197
2025/6/10,03:45,1350,,,,178
2025/6/10,04:00,1350,,,,173
2025/6/10,04:15,1350,,,,173
2025/6/10,04:30,1350,,,,163
2025/6/10,04:45,1350,,,,165
2025/6/10,05:00,1350,,,,166
2025/6/10,05:15,1350,,,,170
2025/6/10,05:30,1350,,,,163
2025/6/10,05:45,1350,,,,160
2025/6/10,06:00,1350,,,,166
2025/6/10,06:15,1350,,,,166
2025/6/10,06:30,1350,,,,144
2025/6/10,06:45,1350,,,,149
2025/6/10,07:00,1350,,,,140
2025/6/10,07:15,1350,,,,199
2025/6/10,07:30,1350,,,,289
2025/6/10,07:45,1350,,,,421
2025/6/10,08:00,1350,,,,481
2025/6/10,08:15,1350,,,,882
2025/6/10,08:30,1350,,,,1153
2025/6/10,08:45,1350,,,,1125
2025/6/10,09:00,1350,,,,1048
2025/6/10,09:15,1350,,972,,
2025/6/10,09:30,1350,,999,,
2025/6/10,09:45,1350,,1103,,
2025/6/10,10:00,1350,,1073,,
2025/6/10,10:15,1350,,1116,,
2025/6/10,10:30,1350,,1266,,
2025/6/10,10:45,1350,,1377,,
2025/6/10,11:00,1350,,1393,,
2025/6/10,11:15,1350,,1417,,
2025/6/10,11:30,1350,,1407,,
2025/6/10,11:45,1350,,1421,,
2025/6/10,12:00,1350,,1209,,
2025/6/10,12:15,1350,,907,,
2025/6/10,12:30,1350,,776,,
2025/6/10,12:45,1350,,789,,
2025/6/10,13:00,1350,,1118,,
2025/6/10,13:15,1350,,1193,,
2025/6/10,13:30,1350,,1210,,
2025/6/10,13:45,1350,,1138,,
2025/6/10,14:00,1350,,1035,,
2025/6/10,14:15,1350,,1096,,
2025/6/10,14:30,1350,,1112,,
2025/6/10,14:45,1350,,1063,,
2025/6/10,15:00,1350,,996,,
2025/6/10,15:15,1350,,1026,,
2025/6/10,15:30,1350,,990,,
2025/6/10,15:45,1350,,981,,
2025/6/10,16:00,1350,,926,,
2025/6/10,16:15,1350,585,,,
2025/6/10,16:30,1350,492,,,
2025/6/10,16:45,1350,455,,,
2025/6/10,17:00,1350,417,,,
2025/6/10,17:15,1350,357,,,
2025/6/10,17:30,1350,317,,,
2025/6/10,17:45,1350,335,,,
2025/6/10,18:00,1350,347,,,
2025/6/10,18:15,1350,330,,,
2025/6/10,18:30,1350,327,,,
2025/6/10,18:45,1350,326,,,
2025/6/10,19:00,1350,330,,,
2025/6/10,19:15,1350,306,,,
2025/6/10,19:30,1350,226,,,
2025/6/10,19:45,1350,234,,,
2025/6/10,20:00,1350,186,,,
2025/6/10,20:15,1350,184,,,
2025/6/10,20:30,1350,179,,,
2025/6/10,20:45,1350,173,,,
2025/6/10,21:00,1350,166,,,
2025/6/10,21:15,1350,165,,,
2025/6/10,21:30,1350,158,,,
2025/6/10,21:45,1350,138,,,
2025/6/10,22:00,1350,154,,,
2025/6/10,22:15,1350,,304,,
2025/6/10,22:30,1350,,326,,
2025/6/10,22:45,1350,,411,,
2025/6/10,23:00,1350,,366,,
2025/6/10,23:15,1350,,371,,
2025/6/10,23:30,1350,,424,,
2025/6/10,23:45,1350,,403,,
2025/6/11,00:00,1350,,424,,
2025/6/11,00:15,1350,,,,451
2025/6/11,00:30,1350,,,,422
2025/6/11,00:45,1350,,,,474
2025/6/11,01:00,1350,,,,456
2025/6/11,01:15,1350,,,,403
2025/6/11,01:30,1350,,,,474
2025/6/11,01:45,1350,,,,357
2025/6/11,02:00,1350,,,,278
2025/6/11,02:15,1350,,,,270
2025/6/11,02:30,1350,,,,246
2025/6/11,02:45,1350,,,,219
2025/6/11,03:00,1350,,,,216
2025/6/11,03:15,1350,,,,219
2025/6/11,03:30,1350,,,,216
2025/6/11,03:45,1350,,,,197
2025/6/11,04:00,1350,,,,194
2025/6/11,04:15,1350,,,,198
2025/6/11,04:30,1350,,,,198
2025/6/11,04:45,1350,,,,202
2025/6/11,05:00,1350,,,,197
2025/6/11,05:15,1350,,,,197
2025/6/11,05:30,1350,,,,193
2025/6/11,05:45,1350,,,,197
2025/6/11,06:00,1350,,,,176
2025/6/11,06:15,1350,,,,163
2025/6/11,06:30,1350,,,,160
2025/6/11,06:45,1350,,,,154
2025/6/11,07:00,1350,,,,193
2025/6/11,07:15,1350,,,,218
2025/6/11,07:30,1350,,,,277
2025/6/11,07:45,1350,,,,314
2025/6/11,08:00,1350,,,,422
2025/6/11,08:15,1350,,,,909
2025/6/11,08:30,1350,,,,1207
2025/6/11,08:45,1350,,,,1239
2025/6/11,09:00,1350,,,,1234
2025/6/11,09:15,1350,,1250,,
2025/6/11,09:30,1350,,1330,,
2025/6/11,09:45,1350,,1353,,
2025/6/11,10:00,1350,,1236,,
2025/6/11,10:15,1350,,1203,,
2025/6/11,10:30,1350,,1256,,
2025/6/11,10:45,1350,,1241,,
2025/6/11,11:00,1350,,1298,,
2025/6/11,11:15,1350,,1241,,
2025/6/11,11:30,1350,,1226,,
2025/6/11,11:45,1350,,1169,,
2025/6/11,12:00,1350,,1039,,
2025/6/11,12:15,1350,,755,,
2025/6/11,12:30,1350,,741,,
2025/6/11,12:45,1350,,737,,
2025/6/11,13:00,1350,,1050,,
2025/6/11,13:15,1350,,1149,,
2025/6/11,13:30,1350,,1162,,
2025/6/11,13:45,1350,,1099,,
2025/6/11,14:00,1350,,1077,,
2025/6/11,14:15,1350,,1100,,
2025/6/11,14:30,1350,,1040,,
2025/6/11,14:45,1350,,1111,,
2025/6/11,15:00,1350,,1047,,
2025/6/11,15:15,1350,,1063,,
2025/6/11,15:30,1350,,1113,,
2025/6/11,15:45,1350,,1163,,
2025/6/11,16:00,1350,,1120,,
2025/6/11,16:15,1350,787,,,
2025/6/11,16:30,1350,737,,,
2025/6/11,16:45,1350,662,,,
2025/6/11,17:00,1350,613,,,
2025/6/11,17:15,1350,462,,,
2025/6/11,17:30,1350,421,,,
2025/6/11,17:45,1350,504,,,
2025/6/11,18:00,1350,533,,,
2025/6/11,18:15,1350,529,,,
2025/6/11,18:30,1350,528,,,
2025/6/11,18:45,1350,610,,,
2025/6/11,19:00,1350,531,,,
2025/6/11,19:15,1350,573,,,
2025/6/11,19:30,1350,403,,,
2025/6/11,19:45,1350,333,,,
2025/6/11,20:00,1350,357,,,
2025/6/11,20:15,1350,395,,,
2025/6/11,20:30,1350,299,,,
2025/6/11,20:45,1350,270,,,
2025/6/11,21:00,1350,256,,,
2025/6/11,21:15,1350,248,,,
2025/6/11,21:30,1350,272,,,
2025/6/11,21:45,1350,272,,,
2025/6/11,22:00,1350,283,,,
2025/6/11,22:15,1350,,304,,
2025/6/11,22:30,1350,,354,,
2025/6/11,22:45,1350,,422,,
2025/6/11,23:00,1350,,490,,
2025/6/11,23:15,1350,,477,,
2025/6/11,23:30,1350,,517,,
2025/6/11,23:45,1350,,549,,
2025/6/12,00:00,1350,,486,,
2025/6/12,00:15,1350,,,,541
2025/6/12,00:30,1350,,,,539
2025/6/12,00:45,1350,,,,542
2025/6/12,01:00,1350,,,,555
2025/6/12,01:15,1350,,,,464
2025/6/12,01:30,1350,,,,419
2025/6/12,01:45,1350,,,,370
2025/6/12,02:00,1350,,,,350
2025/6/12,02:15,1350,,,,299
2025/6/12,02:30,1350,,,,259
2025/6/12,02:45,1350,,,,254
2025/6/12,03:00,1350,,,,253
2025/6/12,03:15,1350,,,,246
2025/6/12,03:30,1350,,,,242
2025/6/12,03:45,1350,,,,195
2025/6/12,04:00,1350,,,,194
2025/6/12,04:15,1350,,,,192
2025/6/12,04:30,1350,,,,194
2025/6/12,04:45,1350,,,,192
2025/6/12,05:00,1350,,,,194
2025/6/12,05:15,1350,,,,194
2025/6/12,05:30,1350,,,,187
2025/6/12,05:45,1350,,,,185
2025/6/12,06:00,1350,,,,187
2025/6/12,06:15,1350,,,,185
2025/6/12,06:30,1350,,,,170
2025/6/12,06:45,1350,,,,174
2025/6/12,07:00,1350,,,,178
2025/6/12,07:15,1350,,,,214
2025/6/12,07:30,1350,,,,284
2025/6/12,07:45,1350,,,,346
2025/6/12,08:00,1350,,,,425
2025/6/12,08:15,1350,,,,856
2025/6/12,08:30,1350,,,,1058
2025/6/12,08:45,1350,,,,1169
2025/6/12,09:00,1350,,,,1164
2025/6/12,09:15,1350,,1184,,
2025/6/12,09:30,1350,,1205,,
2025/6/12,09:45,1350,,1292,,
2025/6/12,10:00,1350,,1213,,
2025/6/12,10:15,1350,,1273,,
2025/6/12,10:30,1350,,1287,,
2025/6/12,10:45,1350,,1340,,
2025/6/12,11:00,1350,,1314,,
2025/6/12,11:15,1350,,1271,,
2025/6/12,11:30,1350,,1250,,
2025/6/12,11:45,1350,,1248,,
2025/6/12,12:00,1350,,1101,,
2025/6/12,12:15,1350,,779,,
2025/6/12,12:30,1350,,655,,
2025/6/12,12:45,1350,,656,,
2025/6/12,13:00,1350,,1133,,
2025/6/12,13:15,1350,,1172,,
2025/6/12,13:30,1350,,1180,,
2025/6/12,13:45,1350,,1220,,
2025/6/12,14:00,1350,,1199,,
2025/6/12,14:15,1350,,1170,,
2025/6/12,14:30,1350,,1137,,
2025/6/12,14:45,1350,,1042,,
2025/6/12,15:00,1350,,1021,,
2025/6/12,15:15,1350,,1053,,
2025/6/12,15:30,1350,,1063,,
2025/6/12,15:45,1350,,1087,,
2025/6/12,16:00,1350,,1045,,
2025/6/12,16:15,1350,709,,,
2025/6/12,16:30,1350,545,,,
2025/6/12,16:45,1350,480,,,
2025/6/12,17:00,1350,420,,,
2025/6/12,17:15,1350,395,,,
2025/6/12,17:30,1350,382,,,
2025/6/12,17:45,1350,374,,,
2025/6/12,18:00,1350,411,,,
2025/6/12,18:15,1350,460,,,
2025/6/12,18:30,1350,518,,,
2025/6/12,18:45,1350,414,,,
2025/6/12,19:00,1350,402,,,
2025/6/12,19:15,1350,443,,,
2025/6/12,19:30,1350,275,,,
2025/6/12,19:45,1350,242,,,
2025/6/12,20:00,1350,234,,,
2025/6/12,20:15,1350,218,,,
2025/6/12,20:30,1350,198,,,
2025/6/12,20:45,1350,203,,,
2025/6/12,21:00,1350,190,,,
2025/6/12,21:15,1350,168,,,
2025/6/12,21:30,1350,163,,,
2025/6/12,21:45,1350,149,,,
2025/6/12,22:00,1350,141,,,
2025/6/12,22:15,1350,,222,,
2025/6/12,22:30,1350,,418,,
2025/6/12,22:45,1350,,426,,
2025/6/12,23:00,1350,,472,,
2025/6/12,23:15,1350,,454,,
2025/6/12,23:30,1350,,504,,
2025/6/12,23:45,1350,,512,,
2025/6/13,00:00,1350,,528,,
2025/6/13,00:15,1350,,,,570
2025/6/13,00:30,1350,,,,550
2025/6/13,00:45,1350,,,,611
2025/6/13,01:00,1350,,,,611
2025/6/13,01:15,1350,,,,555
2025/6/13,01:30,1350,,,,491
2025/6/13,01:45,1350,,,,470
2025/6/13,02:00,1350,,,,438
2025/6/13,02:15,1350,,,,434
2025/6/13,02:30,1350,,,,430
2025/6/13,02:45,1350,,,,410
2025/6/13,03:00,1350,,,,394
2025/6/13,03:15,1350,,,,358
2025/6/13,03:30,1350,,,,328
2025/6/13,03:45,1350,,,,280
2025/6/13,04:00,1350,,,,254
2025/6/13,04:15,1350,,,,237
2025/6/13,04:30,1350,,,,221
2025/6/13,04:45,1350,,,,184
2025/6/13,05:00,1350,,,,182
2025/6/13,05:15,1350,,,,179
2025/6/13,05:30,1350,,,,175
2025/6/13,05:45,1350,,,,177
2025/6/13,06:00,1350,,,,166
2025/6/13,06:15,1350,,,,148
2025/6/13,06:30,1350,,,,145
2025/6/13,06:45,1350,,,,153
2025/6/13,07:00,1350,,,,142
2025/6/13,07:15,1350,,,,199
2025/6/13,07:30,1350,,,,239
2025/6/13,07:45,1350,,,,246
2025/6/13,08:00,1350,,,,307
2025/6/13,08:15,1350,,,,394
2025/6/13,08:30,1350,,,,475
2025/6/13,08:45,1350,,,,488
2025/6/13,09:00,1350,,,,500
2025/6/13,09:15,1350,,551,,
2025/6/13,09:30,1350,,476,,
2025/6/13,09:45,1350,,623,,
2025/6/13,10:00,1350,,704,,
2025/6/13,10:15,1350,,717,,
2025/6/13,10:30,1350,,755,,
2025/6/13,10:45,1350,,679,,
2025/6/13,11:00,1350,,702,,
2025/6/13,11:15,1350,,710,,
2025/6/13,11:30,1350,,675,,
2025/6/13,11:45,1350,,705,,
2025/6/13,12:00,1350,,649,,
2025/6/13,12:15,1350,,577,,
2025/6/13,12:30,1350,,574,,
2025/6/13,12:45,1350,,551,,
2025/6/13,13:00,1350,,604,,
2025/6/13,13:15,1350,,524,,
2025/6/13,13:30,1350,,519,,
2025/6/13,13:45,1350,,572,,
2025/6/13,14:00,1350,,551,,
2025/6/13,14:15,1350,,573,,
2025/6/13,14:30,1350,,492,,
2025/6/13,14:45,1350,,452,,
2025/6/13,15:00,1350,,466,,
2025/6/13,15:15,1350,,427,,
2025/6/13,15:30,1350,,482,,
2025/6/13,15:45,1350,,438,,
2025/6/13,16:00,1350,,397,,
2025/6/13,16:15,1350,359,,,
2025/6/13,16:30,1350,325,,,
2025/6/13,16:45,1350,312,,,
2025/6/13,17:00,1350,265,,,
2025/6/13,17:15,1350,200,,,
2025/6/13,17:30,1350,201,,,
2025/6/13,17:45,1350,235,,,
2025/6/13,18:00,1350,278,,,
2025/6/13,18:15,1350,311,,,
2025/6/13,18:30,1350,260,,,
2025/6/13,18:45,1350,256,,,
2025/6/13,19:00,1350,269,,,
2025/6/13,19:15,1350,229,,,
2025/6/13,19:30,1350,170,,,
2025/6/13,19:45,1350,142,,,
2025/6/13,20:00,1350,144,,,
2025/6/13,20:15,1350,133,,,
2025/6/13,20:30,1350,126,,,
2025/6/13,20:45,1350,118,,,
2025/6/13,21:00,1350,106,,,
2025/6/13,21:15,1350,110,,,
2025/6/13,21:30,1350,107,,,
2025/6/13,21:45,1350,82,,,
2025/6/13,22:00,1350,78,,,
2025/6/13,22:15,1350,,85,,
2025/6/13,22:30,1350,,82,,
2025/6/13,22:45,1350,,82,,
2025/6/13,23:00,1350,,83,,
2025/6/13,23:15,1350,,86,,
2025/6/13,23:30,1350,,80,,
2025/6/13,23:45,1350,,78,,
2025/6/14,00:00,1350,,82,,
2025/6/14,00:15,1350,,,,83
2025/6/14,00:30,1350,,,,78
2025/6/14,00:45,1350,,,,78
2025/6/14,01:00,1350,,,,86
2025/6/14,01:15,1350,,,,80
2025/6/14,01:30,1350,,,,78
2025/6/14,01:45,1350,,,,85
2025/6/14,02:00,1350,,,,85
2025/6/14,02:15,1350,,,,80
2025/6/14,02:30,1350,,,,80
2025/6/14,02:45,1350,,,,85
2025/6/14,03:00,1350,,,,78
2025/6/14,03:15,1350,,,,80
2025/6/14,03:30,1350,,,,85
2025/6/14,03:45,1350,,,,85
2025/6/14,04:00,1350,,,,78
2025/6/14,04:15,1350,,,,77
2025/6/14,04:30,1350,,,,85
2025/6/14,04:45,1350,,,,80
2025/6/14,05:00,1350,,,,82
2025/6/14,05:15,1350,,,,82
2025/6/14,05:30,1350,,,,86
2025/6/14,05:45,1350,,,,77
2025/6/14,06:00,1350,,,,76
2025/6/14,06:15,1350,,,,75
2025/6/14,06:30,1350,,,,71
2025/6/14,06:45,1350,,,,66
2025/6/14,07:00,1350,,,,75
2025/6/14,07:15,1350,,,,99
2025/6/14,07:30,1350,,,,78
2025/6/14,07:45,1350,,,,72
2025/6/14,08:00,1350,,,,102
2025/6/14,08:15,1350,,,,150
2025/6/14,08:30,1350,,,,248
2025/6/14,08:45,1350,,,,322
2025/6/14,09:00,1350,,,369,
2025/6/14,09:15,1350,,,398,
2025/6/14,09:30,1350,,,379,
2025/6/14,09:45,1350,,,365,
2025/6/14,10:00,1350,,,206,
2025/6/14,10:15,1350,,,240,
2025/6/14,10:30,1350,,,296,
2025/6/14,10:45,1350,,,230,
2025/6/14,11:00,1350,,,217,
2025/6/14,11:15,1350,,,250,
2025/6/14,11:30,1350,,,224,
2025/6/14,11:45,1350,,,249,
2025/6/14,12:00,1350,,,233,
2025/6/14,12:15,1350,,,153,
2025/6/14,12:30,1350,,,134,
2025/6/14,12:45,1350,,,139,
2025/6/14,13:00,1350,,,213,
2025/6/14,13:15,1350,,,252,
2025/6/14,13:30,1350,,,216,
2025/6/14,13:45,1350,,,211,
2025/6/14,14:00,1350,,,314,
2025/6/14,14:15,1350,,,278,
2025/6/14,14:30,1350,,,200,
2025/6/14,14:45,1350,,,242,
2025/6/14,15:00,1350,,,175,
2025/6/14,15:15,1350,,,176,
2025/6/14,15:30,1350,,,250,
2025/6/14,15:45,1350,,,186,
2025/6/14,16:00,1350,,,189,
2025/6/14,16:15,1350,,,251,
2025/6/14,16:30,1350,,,152,
2025/6/14,16:45,1350,,,107,
2025/6/14,17:00,1350,,,100,
2025/6/14,17:15,1350,,,82,
2025/6/14,17:30,1350,,,84,
2025/6/14,17:45,1350,,,82,
2025/6/14,18:00,1350,,,80,
2025/6/14,18:15,1350,,,80,
2025/6/14,18:30,1350,,,79,
2025/6/14,18:45,1350,,,79,
2025/6/14,19:00,1350,,,78,
2025/6/14,19:15,1350,,,82,
2025/6/14,19:30,1350,,,80,
2025/6/14,19:45,1350,,,85,
2025/6/14,20:00,1350,,,88,
2025/6/14,20:15,1350,,,82,
2025/6/14,20:30,1350,,,78,
2025/6/14,20:45,1350,,,77,
2025/6/14,21:00,1350,,,83,
2025/6/14,21:15,1350,,,83,
2025/6/14,21:30,1350,,,80,
2025/6/14,21:45,1350,,,77,
2025/6/14,22:00,1350,,,77,
2025/6/14,22:15,1350,,,86,
2025/6/14,22:30,1350,,,82,
2025/6/14,22:45,1350,,,78,
2025/6/14,23:00,1350,,,82,
2025/6/14,23:15,1350,,,86,
2025/6/14,23:30,1350,,,66,
2025/6/14,23:45,1350,,,59,
2025/6/15,00:00,1350,,,62,
2025/6/15,00:15,1350,,,,67
2025/6/15,00:30,1350,,,,61
2025/6/15,00:45,1350,,,,62
2025/6/15,01:00,1350,,,,64
2025/6/15,01:15,1350,,,,66
2025/6/15,01:30,1350,,,,61
2025/6/15,01:45,1350,,,,59
2025/6/15,02:00,1350,,,,69
2025/6/15,02:15,1350,,,,66
2025/6/15,02:30,1350,,,,59
2025/6/15,02:45,1350,,,,64
2025/6/15,03:00,1350,,,,66
2025/6/15,03:15,1350,,,,61
2025/6/15,03:30,1350,,,,61
2025/6/15,03:45,1350,,,,67
2025/6/15,04:00,1350,,,,62
2025/6/15,04:15,1350,,,,62
2025/6/15,04:30,1350,,,,104
2025/6/15,04:45,1350,,,,69
2025/6/15,05:00,1350,,,,66
2025/6/15,05:15,1350,,,,64
2025/6/15,05:30,1350,,,,64
2025/6/15,05:45,1350,,,,63
2025/6/15,06:00,1350,,,,61
2025/6/15,06:15,1350,,,,63
2025/6/15,06:30,1350,,,,66
2025/6/15,06:45,1350,,,,63
2025/6/15,07:00,1350,,,,62
2025/6/15,07:15,1350,,,,66
2025/6/15,07:30,1350,,,,64
2025/6/15,07:45,1350,,,,63
2025/6/15,08:00,1350,,,,64
2025/6/15,08:15,1350,,,,75
2025/6/15,08:30,1350,,,,68
2025/6/15,08:45,1350,,,,69
2025/6/15,09:00,1350,,,,74
2025/6/15,09:15,1350,,,,76
2025/6/15,09:30,1350,,,,71
2025/6/15,09:45,1350,,,,69
2025/6/15,10:00,1350,,,,77
2025/6/15,10:15,1350,,,,78
2025/6/15,10:30,1350,,,,79
2025/6/15,10:45,1350,,,,73
2025/6/15,11:00,1350,,,,79
2025/6/15,11:15,1350,,,,78
2025/6/15,11:30,1350,,,,77
2025/6/15,11:45,1350,,,,77
2025/6/15,12:00,1350,,,,83
2025/6/15,12:15,1350,,,,78
2025/6/15,12:30,1350,,,,72
2025/6/15,12:45,1350,,,,72
2025/6/15,13:00,1350,,,,77
2025/6/15,13:15,1350,,,,78
2025/6/15,13:30,1350,,,,73
2025/6/15,13:45,1350,,,,75
2025/6/15,14:00,1350,,,,75
2025/6/15,14:15,1350,,,,81
2025/6/15,14:30,1350,,,,73
2025/6/15,14:45,1350,,,,73
2025/6/15,15:00,1350,,,,74
2025/6/15,15:15,1350,,,,78
2025/6/15,15:30,1350,,,,70
2025/6/15,15:45,1350,,,,69
2025/6/15,16:00,1350,,,,68
2025/6/15,16:15,1350,,,,76
2025/6/15,16:30,1350,,,,76
2025/6/15,16:45,1350,,,,70
2025/6/15,17:00,1350,,,,69
2025/6/15,17:15,1350,,,,65
2025/6/15,17:30,1350,,,,76
2025/6/15,17:45,1350,,,,66
2025/6/15,18:00,1350,,,,64
2025/6/15,18:15,1350,,,,62
2025/6/15,18:30,1350,,,,66
2025/6/15,18:45,1350,,,,70
2025/6/15,19:00,1350,,,,61
2025/6/15,19:15,1350,,,,61
2025/6/15,19:30,1350,,,,62
2025/6/15,19:45,1350,,,,70
2025/6/15,20:00,1350,,,,67
2025/6/15,20:15,1350,,,,62
2025/6/15,20:30,1350,,,,61
2025/6/15,20:45,1350,,,,70
2025/6/15,21:00,1350,,,,62
2025/6/15,21:15,1350,,,,62
2025/6/15,21:30,1350,,,,62
2025/6/15,21:45,1350,,,,70
2025/6/15,22:00,1350,,,,61
2025/6/15,22:15,1350,,,,62
2025/6/15,22:30,1350,,,,64
2025/6/15,22:45,1350,,,,72
2025/6/15,23:00,1350,,,,62
2025/6/15,23:15,1350,,,,62
2025/6/15,23:30,1350,,,,66
2025/6/15,23:45,1350,,,,67
2025/6/16,00:00,1350,,,,59
2025/6/16,00:15,1350,,,,59
2025/6/16,00:30,1350,,,,67
2025/6/16,00:45,1350,,,,66
2025/6/16,01:00,1350,,,,61
2025/6/16,01:15,1350,,,,62
2025/6/16,01:30,1350,,,,67
2025/6/16,01:45,1350,,,,61
2025/6/16,02:00,1350,,,,62
2025/6/16,02:15,1350,,,,69
2025/6/16,02:30,1350,,,,61
2025/6/16,02:45,1350,,,,61
2025/6/16,03:00,1350,,,,67
2025/6/16,03:15,1350,,,,59
2025/6/16,03:30,1350,,,,59
2025/6/16,03:45,1350,,,,66
2025/6/16,04:00,1350,,,,67
2025/6/16,04:15,1350,,,,101
2025/6/16,04:30,1350,,,,66
2025/6/16,04:45,1350,,,,61
2025/6/16,05:00,1350,,,,69
2025/6/16,05:15,1350,,,,66
2025/6/16,05:30,1350,,,,67
2025/6/16,05:45,1350,,,,59
2025/6/16,06:00,1350,,,,58
2025/6/16,06:15,1350,,,,64
2025/6/16,06:30,1350,,,,63
2025/6/16,06:45,1350,,,,65
2025/6/16,07:00,1350,,,,68
2025/6/16,07:15,1350,,,,177
2025/6/16,07:30,1350,,,,261
2025/6/16,07:45,1350,,,,281
2025/6/16,08:00,1350,,,,321
2025/6/16,08:15,1350,,,,601
2025/6/16,08:30,1350,,,,857
2025/6/16,08:45,1350,,,,786
2025/6/16,09:00,1350,,,,883
2025/6/16,09:15,1350,,849,,
2025/6/16,09:30,1350,,846,,
2025/6/16,09:45,1350,,946,,
2025/6/16,10:00,1350,,855,,
2025/6/16,10:15,1350,,842,,
2025/6/16,10:30,1350,,920,,
2025/6/16,10:45,1350,,886,,
2025/6/16,11:00,1350,,989,,
2025/6/16,11:15,1350,,1012,,
2025/6/16,11:30,1350,,1073,,
2025/6/16,11:45,1350,,1045,,
2025/6/16,12:00,1350,,913,,
2025/6/16,12:15,1350,,723,,
2025/6/16,12:30,1350,,672,,
2025/6/16,12:45,1350,,721,,
2025/6/16,13:00,1350,,1060,,
2025/6/16,13:15,1350,,1143,,
2025/6/16,13:30,1350,,1079,,
2025/6/16,13:45,1350,,1033,,
2025/6/16,14:00,1350,,960,,
2025/6/16,14:15,1350,,883,,
2025/6/16,14:30,1350,,955,,
2025/6/16,14:45,1350,,930,,
2025/6/16,15:00,1350,,792,,
2025/6/16,15:15,1350,,855,,
2025/6/16,15:30,1350,,831,,
2025/6/16,15:45,1350,,795,,
2025/6/16,16:00,1350,,804,,
2025/6/16,16:15,1350,490,,,
2025/6/16,16:30,1350,509,,,
2025/6/16,16:45,1350,466,,,
2025/6/16,17:00,1350,380,,,
2025/6/16,17:15,1350,354,,,
2025/6/16,17:30,1350,451,,,
2025/6/16,17:45,1350,476,,,
2025/6/16,18:00,1350,489,,,
2025/6/16,18:15,1350,496,,,
2025/6/16,18:30,1350,490,,,
2025/6/16,18:45,1350,499,,,
2025/6/16,19:00,1350,485,,,
2025/6/16,19:15,1350,450,,,
2025/6/16,19:30,1350,450,,,
2025/6/16,19:45,1350,402,,,
2025/6/16,20:00,1350,390,,,
2025/6/16,20:15,1350,418,,,
2025/6/16,20:30,1350,379,,,
2025/6/16,20:45,1350,349,,,
2025/6/16,21:00,1350,384,,,
2025/6/16,21:15,1350,350,,,
2025/6/16,21:30,1350,342,,,
2025/6/16,21:45,1350,347,,,
2025/6/16,22:00,1350,344,,,
2025/6/16,22:15,1350,,459,,
2025/6/16,22:30,1350,,504,,
2025/6/16,22:45,1350,,475,,
2025/6/16,23:00,1350,,494,,
2025/6/16,23:15,1350,,491,,
2025/6/16,23:30,1350,,466,,
2025/6/16,23:45,1350,,534,,
2025/6/17,00:00,1350,,534,,
2025/6/17,00:15,1350,,,,533
2025/6/17,00:30,1350,,,,483
2025/6/17,00:45,1350,,,,453
2025/6/17,01:00,1350,,,,472
2025/6/17,01:15,1350,,,,464
2025/6/17,01:30,1350,,,,434
2025/6/17,01:45,1350,,,,435
2025/6/17,02:00,1350,,,,427
2025/6/17,02:15,1350,,,,397
2025/6/17,02:30,1350,,,,381
2025/6/17,02:45,1350,,,,307
2025/6/17,03:00,1350,,,,285
2025/6/17,03:15,1350,,,,253
2025/6/17,03:30,1350,,,,222
2025/6/17,03:45,1350,,,,186
2025/6/17,04:00,1350,,,,176
2025/6/17,04:15,1350,,,,170
2025/6/17,04:30,1350,,,,162
2025/6/17,04:45,1350,,,,165
2025/6/17,05:00,1350,,,,165
2025/6/17,05:15,1350,,,,166
2025/6/17,05:30,1350,,,,165
2025/6/17,05:45,1350,,,,166
2025/6/17,06:00,1350,,,,167
2025/6/17,06:15,1350,,,,168
2025/6/17,06:30,1350,,,,166
2025/6/17,06:45,1350,,,,170
2025/6/17,07:00,1350,,,,152
2025/6/17,07:15,1350,,,,202
2025/6/17,07:30,1350,,,,255
2025/6/17,07:45,1350,,,,273
2025/6/17,08:00,1350,,,,292
2025/6/17,08:15,1350,,,,851
2025/6/17,08:30,1350,,,,1125
2025/6/17,08:45,1350,,,,1195
2025/6/17,09:00,1350,,,,1177
2025/6/17,09:15,1350,,1203,,
2025/6/17,09:30,1350,,1266,,
2025/6/17,09:45,1350,,1275,,
2025/6/17,10:00,1350,,1164,,
2025/6/17,10:15,1350,,1217,,
2025/6/17,10:30,1350,,1306,,
2025/6/17,10:45,1350,,1331,,
2025/6/17,11:00,1350,,1341,,
2025/6/17,11:15,1350,,1275,,
2025/6/17,11:30,1350,,1231,,
2025/6/17,11:45,1350,,1214,,
2025/6/17,12:00,1350,,1045,,
2025/6/17,12:15,1350,,713,,
2025/6/17,12:30,1350,,691,,
2025/6/17,12:45,1350,,690,,
2025/6/17,13:00,1350,,1063,,
2025/6/17,13:15,1350,,1126,,
2025/6/17,13:30,1350,,1099,,
2025/6/17,13:45,1350,,1137,,
2025/6/17,14:00,1350,,1094,,
2025/6/17,14:15,1350,,1026,,
2025/6/17,14:30,1350,,1067,,
2025/6/17,14:45,1350,,1087,,
2025/6/17,15:00,1350,,974,,
2025/6/17,15:15,1350,,1035,,
2025/6/17,15:30,1350,,1079,,
2025/6/17,15:45,1350,,1120,,
2025/6/17,16:00,1350,,1095,,
2025/6/17,16:15,1350,748,,,
2025/6/17,16:30,1350,621,,,
2025/6/17,16:45,1350,637,,,
2025/6/17,17:00,1350,560,,,
2025/6/17,17:15,1350,413,,,
2025/6/17,17:30,1350,410,,,
2025/6/17,17:45,1350,479,,,
2025/6/17,18:00,1350,537,,,
2025/6/17,18:15,1350,485,,,
2025/6/17,18:30,1350,512,,,
2025/6/17,18:45,1350,519,,,
2025/6/17,19:00,1350,486,,,
2025/6/17,19:15,1350,509,,,
2025/6/17,19:30,1350,438,,,
2025/6/17,19:45,1350,402,,,
2025/6/17,20:00,1350,424,,,
2025/6/17,20:15,1350,419,,,
2025/6/17,20:30,1350,360,,,
2025/6/17,20:45,1350,368,,,
2025/6/17,21:00,1350,398,,,
2025/6/17,21:15,1350,376,,,
2025/6/17,21:30,1350,370,,,
2025/6/17,21:45,1350,370,,,
2025/6/17,22:00,1350,379,,,
2025/6/17,22:15,1350,,381,,
2025/6/17,22:30,1350,,440,,
2025/6/17,22:45,1350,,426,,
2025/6/17,23:00,1350,,376,,
2025/6/17,23:15,1350,,358,,
2025/6/17,23:30,1350,,402,,
2025/6/17,23:45,1350,,469,,
2025/6/18,00:00,1350,,451,,
2025/6/18,00:15,1350,,,,464
2025/6/18,00:30,1350,,,,462
2025/6/18,00:45,1350,,,,458
2025/6/18,01:00,1350,,,,464
2025/6/18,01:15,1350,,,,467
2025/6/18,01:30,1350,,,,458
2025/6/18,01:45,1350,,,,453
2025/6/18,02:00,1350,,,,421
2025/6/18,02:15,1350,,,,426
2025/6/18,02:30,1350,,,,422
2025/6/18,02:45,1350,,,,406
2025/6/18,03:00,1350,,,,394
2025/6/18,03:15,1350,,,,350
2025/6/18,03:30,1350,,,,322
2025/6/18,03:45,1350,,,,278
2025/6/18,04:00,1350,,,,253
2025/6/18,04:15,1350,,,,216
2025/6/18,04:30,1350,,,,190
2025/6/18,04:45,1350,,,,186
2025/6/18,05:00,1350,,,,189
2025/6/18,05:15,1350,,,,190
2025/6/18,05:30,1350,,,,171
2025/6/18,05:45,1350,,,,171
2025/6/18,06:00,1350,,,,156
2025/6/18,06:15,1350,,,,165
2025/6/18,06:30,1350,,,,156
2025/6/18,06:45,1350,,,,164
2025/6/18,07:00,1350,,,,167
2025/6/18,07:15,1350,,,,221
2025/6/18,07:30,1350,,,,269
2025/6/18,07:45,1350,,,,283
2025/6/18,08:00,1350,,,,303
2025/6/18,08:15,1350,,,,670
2025/6/18,08:30,1350,,,,877
2025/6/18,08:45,1350,,,,991
2025/6/18,09:00,1350,,,,1162
2025/6/18,09:15,1350,,1224,,
2025/6/18,09:30,1350,,1185,,
2025/6/18,09:45,1350,,1148,,
2025/6/18,10:00,1350,,1090,,
2025/6/18,10:15,1350,,1191,,
2025/6/18,10:30,1350,,1205,,
2025/6/18,10:45,1350,,1180,,
2025/6/18,11:00,1350,,1217,,
2025/6/18,11:15,1350,,1350,,
2025/6/18,11:30,1350,,1325,,
2025/6/18,11:45,1350,,1257,,
2025/6/18,12:00,1350,,1083,,
2025/6/18,12:15,1350,,822,,
2025/6/18,12:30,1350,,801,,
2025/6/18,12:45,1350,,837,,
2025/6/18,13:00,1350,,1127,,
2025/6/18,13:15,1350,,1228,,
2025/6/18,13:30,1350,,1169,,
2025/6/18,13:45,1350,,1142,,
2025/6/18,14:00,1350,,1011,,
2025/6/18,14:15,1350,,1004,,
2025/6/18,14:30,1350,,878,,
2025/6/18,14:45,1350,,807,,
2025/6/18,15:00,1350,,700,,
2025/6/18,15:15,1350,,685,,
2025/6/18,15:30,1350,,677,,
2025/6/18,15:45,1350,,650,,
2025/6/18,16:00,1350,,618,,
2025/6/18,16:15,1350,644,,,
2025/6/18,16:30,1350,638,,,
2025/6/18,16:45,1350,613,,,
2025/6/18,17:00,1350,443,,,
2025/6/18,17:15,1350,366,,,
2025/6/18,17:30,1350,365,,,
2025/6/18,17:45,1350,449,,,
2025/6/18,18:00,1350,484,,,
2025/6/18,18:15,1350,523,,,
2025/6/18,18:30,1350,514,,,
2025/6/18,18:45,1350,579,,,
2025/6/18,19:00,1350,515,,,
2025/6/18,19:15,1350,522,,,
2025/6/18,19:30,1350,328,,,
2025/6/18,19:45,1350,291,,,
2025/6/18,20:00,1350,285,,,
2025/6/18,20:15,1350,264,,,
2025/6/18,20:30,1350,243,,,
2025/6/18,20:45,1350,227,,,
2025/6/18,21:00,1350,205,,,
2025/6/18,21:15,1350,198,,,
2025/6/18,21:30,1350,211,,,
2025/6/18,21:45,1350,190,,,
2025/6/18,22:00,1350,184,,,
2025/6/18,22:15,1350,,258,,
2025/6/18,22:30,1350,,282,,
2025/6/18,22:45,1350,,299,,
2025/6/18,23:00,1350,,405,,
2025/6/18,23:15,1350,,403,,
2025/6/18,23:30,1350,,352,,
2025/6/18,23:45,1350,,459,,
2025/6/19,00:00,1350,,394,,
2025/6/19,00:15,1350,,,,400
2025/6/19,00:30,1350,,,,443
2025/6/19,00:45,1350,,,,451
2025/6/19,01:00,1350,,,,437
2025/6/19,01:15,1350,,,,482
2025/6/19,01:30,1350,,,,461
2025/6/19,01:45,1350,,,,446
2025/6/19,02:00,1350,,,,442
2025/6/19,02:15,1350,,,,435
2025/6/19,02:30,1350,,,,413
2025/6/19,02:45,1350,,,,387
2025/6/19,03:00,1350,,,,349
2025/6/19,03:15,1350,,,,312
2025/6/19,03:30,1350,,,,274
2025/6/19,03:45,1350,,,,226
2025/6/19,04:00,1350,,,,211
2025/6/19,04:15,1350,,,,211
2025/6/19,04:30,1350,,,,194
2025/6/19,04:45,1350,,,,168
2025/6/19,05:00,1350,,,,162
2025/6/19,05:15,1350,,,,158
2025/6/19,05:30,1350,,,,153
2025/6/19,05:45,1350,,,,142
2025/6/19,06:00,1350,,,,145
2025/6/19,06:15,1350,,,,147
2025/6/19,06:30,1350,,,,151
2025/6/19,06:45,1350,,,,149
2025/6/19,07:00,1350,,,,156
2025/6/19,07:15,1350,,,,174
2025/6/19,07:30,1350,,,,212
2025/6/19,07:45,1350,,,,221
2025/6/19,08:00,1350,,,,231
2025/6/19,08:15,1350,,,,447
2025/6/19,08:30,1350,,,,711
2025/6/19,08:45,1350,,,,663
2025/6/19,09:00,1350,,,,774
2025/6/19,09:15,1350,,722,,
2025/6/19,09:30,1350,,847,,
2025/6/19,09:45,1350,,797,,
2025/6/19,10:00,1350,,701,,
2025/6/19,10:15,1350,,732,,
2025/6/19,10:30,1350,,702,,
2025/6/19,10:45,1350,,776,,
2025/6/19,11:00,1350,,845,,
2025/6/19,11:15,1350,,851,,
2025/6/19,11:30,1350,,903,,
2025/6/19,11:45,1350,,812,,
2025/6/19,12:00,1350,,687,,
2025/6/19,12:15,1350,,409,,
2025/6/19,12:30,1350,,376,,
2025/6/19,12:45,1350,,379,,
2025/6/19,13:00,1350,,684,,
2025/6/19,13:15,1350,,852,,
2025/6/19,13:30,1350,,840,,
2025/6/19,13:45,1350,,791,,
2025/6/19,14:00,1350,,710,,
2025/6/19,14:15,1350,,658,,
2025/6/19,14:30,1350,,743,,
2025/6/19,14:45,1350,,605,,
2025/6/19,15:00,1350,,572,,
2025/6/19,15:15,1350,,741,,
2025/6/19,15:30,1350,,825,,
2025/6/19,15:45,1350,,790,,
2025/6/19,16:00,1350,,781,,
2025/6/19,16:15,1350,724,,,
2025/6/19,16:30,1350,549,,,
2025/6/19,16:45,1350,602,,,
2025/6/19,17:00,1350,443,,,
2025/6/19,17:15,1350,284,,,
2025/6/19,17:30,1350,255,,,
2025/6/19,17:45,1350,321,,,
2025/6/19,18:00,1350,400,,,
2025/6/19,18:15,1350,442,,,
2025/6/19,18:30,1350,390,,,
2025/6/19,18:45,1350,424,,,
2025/6/19,19:00,1350,429,,,
2025/6/19,19:15,1350,392,,,
2025/6/19,19:30,1350,240,,,
2025/6/19,19:45,1350,174,,,
2025/6/19,20:00,1350,166,,,
2025/6/19,20:15,1350,166,,,
2025/6/19,20:30,1350,166,,,
2025/6/19,20:45,1350,146,,,
2025/6/19,21:00,1350,149,,,
2025/6/19,21:15,1350,142,,,
2025/6/19,21:30,1350,146,,,
2025/6/19,21:45,1350,128,,,
2025/6/19,22:00,1350,120,,,
2025/6/19,22:15,1350,,120,,
2025/6/19,22:30,1350,,138,,
2025/6/19,22:45,1350,,155,,
2025/6/19,23:00,1350,,146,,
2025/6/19,23:15,1350,,158,,
2025/6/19,23:30,1350,,227,,
2025/6/19,23:45,1350,,266,,
2025/6/20,00:00,1350,,267,,
2025/6/20,00:15,1350,,,,282
2025/6/20,00:30,1350,,,,286
2025/6/20,00:45,1350,,,,290
2025/6/20,01:00,1350,,,,307
2025/6/20,01:15,1350,,,,318
2025/6/20,01:30,1350,,,,294
2025/6/20,01:45,1350,,,,258
2025/6/20,02:00,1350,,,,262
2025/6/20,02:15,1350,,,,258
2025/6/20,02:30,1350,,,,251
2025/6/20,02:45,1350,,,,238
2025/6/20,03:00,1350,,,,226
2025/6/20,03:15,1350,,,,224
2025/6/20,03:30,1350,,,,197
2025/6/20,03:45,1350,,,,179
2025/6/20,04:00,1350,,,,152
2025/6/20,04:15,1350,,,,150
2025/6/20,04:30,1350,,,,150
2025/6/20,04:45,1350,,,,147
2025/6/20,05:00,1350,,,,162
2025/6/20,05:15,1350,,,,146
2025/6/20,05:30,1350,,,,145
2025/6/20,05:45,1350,,,,136
2025/6/20,06:00,1350,,,,129
2025/6/20,06:15,1350,,,,135
2025/6/20,06:30,1350,,,,135
2025/6/20,06:45,1350,,,,144
2025/6/20,07:00,1350,,,,183
2025/6/20,07:15,1350,,,,225
2025/6/20,07:30,1350,,,,264
2025/6/20,07:45,1350,,,,297
2025/6/20,08:00,1350,,,,300
2025/6/20,08:15,1350,,,,428
2025/6/20,08:30,1350,,,,567
2025/6/20,08:45,1350,,,,543
2025/6/20,09:00,1350,,,,582
2025/6/20,09:15,1350,,612,,
2025/6/20,09:30,1350,,638,,
2025/6/20,09:45,1350,,633,,
2025/6/20,10:00,1350,,630,,
2025/6/20,10:15,1350,,639,,
2025/6/20,10:30,1350,,617,,
2025/6/20,10:45,1350,,606,,
2025/6/20,11:00,1350,,695,,
2025/6/20,11:15,1350,,644,,
2025/6/20,11:30,1350,,595,,
2025/6/20,11:45,1350,,603,,
2025/6/20,12:00,1350,,533,,
2025/6/20,12:15,1350,,452,,
2025/6/20,12:30,1350,,460,,
2025/6/20,12:45,1350,,469,,
2025/6/20,13:00,1350,,568,,
2025/6/20,13:15,1350,,611,,
2025/6/20,13:30,1350,,676,,
2025/6/20,13:45,1350,,558,,
2025/6/20,14:00,1350,,563,,
2025/6/20,14:15,1350,,510,,
2025/6/20,14:30,1350,,576,,
2025/6/20,14:45,1350,,445,,
2025/6/20,15:00,1350,,404,,
2025/6/20,15:15,1350,,359,,
2025/6/20,15:30,1350,,419,,
2025/6/20,15:45,1350,,387,,
2025/6/20,16:00,1350,,316,,
2025/6/20,16:15,1350,332,,,
2025/6/20,16:30,1350,333,,,
2025/6/20,16:45,1350,366,,,
2025/6/20,17:00,1350,269,,,
2025/6/20,17:15,1350,194,,,
2025/6/20,17:30,1350,193,,,
2025/6/20,17:45,1350,191,,,
2025/6/20,18:00,1350,212,,,
2025/6/20,18:15,1350,199,,,
2025/6/20,18:30,1350,201,,,
2025/6/20,18:45,1350,187,,,
2025/6/20,19:00,1350,194,,,
2025/6/20,19:15,1350,184,,,
2025/6/20,19:30,1350,174,,,
2025/6/20,19:45,1350,147,,,
2025/6/20,20:00,1350,144,,,
2025/6/20,20:15,1350,142,,,
2025/6/20,20:30,1350,133,,,
2025/6/20,20:45,1350,125,,,
2025/6/20,21:00,1350,123,,,
2025/6/20,21:15,1350,123,,,
2025/6/20,21:30,1350,118,,,
2025/6/20,21:45,1350,102,,,
2025/6/20,22:00,1350,98,,,
2025/6/20,22:15,1350,,126,,
2025/6/20,22:30,1350,,142,,
2025/6/20,22:45,1350,,141,,
2025/6/20,23:00,1350,,141,,
2025/6/20,23:15,1350,,154,,
2025/6/20,23:30,1350,,160,,
2025/6/20,23:45,1350,,170,,
2025/6/21,00:00,1350,,170,,
2025/6/21,00:15,1350,,,,162
2025/6/21,00:30,1350,,,,152
2025/6/21,00:45,1350,,,,150
2025/6/21,01:00,1350,,,,154
2025/6/21,01:15,1350,,,,147
2025/6/21,01:30,1350,,,,136
2025/6/21,01:45,1350,,,,125
2025/6/21,02:00,1350,,,,130
2025/6/21,02:15,1350,,,,133
2025/6/21,02:30,1350,,,,122
2025/6/21,02:45,1350,,,,126
2025/6/21,03:00,1350,,,,125
2025/6/21,03:15,1350,,,,130
2025/6/21,03:30,1350,,,,130
2025/6/21,03:45,1350,,,,118
2025/6/21,04:00,1350,,,,120
2025/6/21,04:15,1350,,,,118
2025/6/21,04:30,1350,,,,102
2025/6/21,04:45,1350,,,,93
2025/6/21,05:00,1350,,,,91
2025/6/21,05:15,1350,,,,91
2025/6/21,05:30,1350,,,,95
2025/6/21,05:45,1350,,,,94
2025/6/21,06:00,1350,,,,85
2025/6/21,06:15,1350,,,,90
2025/6/21,06:30,1350,,,,86
2025/6/21,06:45,1350,,,,100
2025/6/21,07:00,1350,,,,106
2025/6/21,07:15,1350,,,,114
2025/6/21,07:30,1350,,,,139
2025/6/21,07:45,1350,,,,148
2025/6/21,08:00,1350,,,,160
2025/6/21,08:15,1350,,,,264
2025/6/21,08:30,1350,,,,285
2025/6/21,08:45,1350,,,,259
2025/6/21,09:00,1350,,,284,
2025/6/21,09:15,1350,,,297,
2025/6/21,09:30,1350,,,274,
2025/6/21,09:45,1350,,,302,
2025/6/21,10:00,1350,,,338,
2025/6/21,10:15,1350,,,395,
2025/6/21,10:30,1350,,,431,
2025/6/21,10:45,1350,,,457,
2025/6/21,11:00,1350,,,462,
2025/6/21,11:15,1350,,,497,
2025/6/21,11:30,1350,,,535,
2025/6/21,11:45,1350,,,505,
2025/6/21,12:00,1350,,,468,
2025/6/21,12:15,1350,,,391,
2025/6/21,12:30,1350,,,342,
2025/6/21,12:45,1350,,,306,
2025/6/21,13:00,1350,,,323,
2025/6/21,13:15,1350,,,314,
2025/6/21,13:30,1350,,,297,
2025/6/21,13:45,1350,,,255,
2025/6/21,14:00,1350,,,272,
2025/6/21,14:15,1350,,,267,
2025/6/21,14:30,1350,,,265,
2025/6/21,14:45,1350,,,275,
2025/6/21,15:00,1350,,,264,
2025/6/21,15:15,1350,,,272,
2025/6/21,15:30,1350,,,288,
2025/6/21,15:45,1350,,,271,
2025/6/21,16:00,1350,,,295,
2025/6/21,16:15,1350,,,263,
2025/6/21,16:30,1350,,,254,
2025/6/21,16:45,1350,,,208,
2025/6/21,17:00,1350,,,185,
2025/6/21,17:15,1350,,,157,
2025/6/21,17:30,1350,,,139,
2025/6/21,17:45,1350,,,153,
2025/6/21,18:00,1350,,,162,
2025/6/21,18:15,1350,,,162,
2025/6/21,18:30,1350,,,149,
2025/6/21,18:45,1350,,,150,
2025/6/21,19:00,1350,,,144,
2025/6/21,19:15,1350,,,136,
2025/6/21,19:30,1350,,,138,
2025/6/21,19:45,1350,,,117,
2025/6/21,20:00,1350,,,125,
2025/6/21,20:15,1350,,,117,
2025/6/21,20:30,1350,,,106,
2025/6/21,20:45,1350,,,98,
2025/6/21,21:00,1350,,,90,
2025/6/21,21:15,1350,,,93,
2025/6/21,21:30,1350,,,96,
2025/6/21,21:45,1350,,,78,
2025/6/21,22:00,1350,,,80,
2025/6/21,22:15,1350,,,82,
2025/6/21,22:30,1350,,,83,
2025/6/21,22:45,1350,,,86,
2025/6/21,23:00,1350,,,83,
2025/6/21,23:15,1350,,,82,
2025/6/21,23:30,1350,,,80,
2025/6/21,23:45,1350,,,82,
2025/6/22,00:00,1350,,,70,
2025/6/22,00:15,1350,,,,62
2025/6/22,00:30,1350,,,,64
2025/6/22,00:45,1350,,,,62
2025/6/22,01:00,1350,,,,67
2025/6/22,01:15,1350,,,,66
2025/6/22,01:30,1350,,,,61
2025/6/22,01:45,1350,,,,58
2025/6/22,02:00,1350,,,,64
2025/6/22,02:15,1350,,,,64
2025/6/22,02:30,1350,,,,67
2025/6/22,02:45,1350,,,,61
2025/6/22,03:00,1350,,,,62
2025/6/22,03:15,1350,,,,61
2025/6/22,03:30,1350,,,,67
2025/6/22,03:45,1350,,,,62
2025/6/22,04:00,1350,,,,61
2025/6/22,04:15,1350,,,,59
2025/6/22,04:30,1350,,,,62
2025/6/22,04:45,1350,,,,67
2025/6/22,05:00,1350,,,,64
2025/6/22,05:15,1350,,,,62
2025/6/22,05:30,1350,,,,60
2025/6/22,05:45,1350,,,,63
2025/6/22,06:00,1350,,,,62
2025/6/22,06:15,1350,,,,59
2025/6/22,06:30,1350,,,,61
2025/6/22,06:45,1350,,,,63
2025/6/22,07:00,1350,,,,72
2025/6/22,07:15,1350,,,,60
2025/6/22,07:30,1350,,,,61
2025/6/22,07:45,1350,,,,61
2025/6/22,08:00,1350,,,,69
2025/6/22,08:15,1350,,,,117
2025/6/22,08:30,1350,,,,69
2025/6/22,08:45,1350,,,,67
2025/6/22,09:00,1350,,,,69
2025/6/22,09:15,1350,,,,78
2025/6/22,09:30,1350,,,,69
2025/6/22,09:45,1350,,,,66
2025/6/22,10:00,1350,,,,70
2025/6/22,10:15,1350,,,,75
2025/6/22,10:30,1350,,,,77
2025/6/22,10:45,1350,,,,73
2025/6/22,11:00,1350,,,,74
2025/6/22,11:15,1350,,,,76
2025/6/22,11:30,1350,,,,82
2025/6/22,11:45,1350,,,,82
2025/6/22,12:00,1350,,,,74
2025/6/22,12:15,1350,,,,74
2025/6/22,12:30,1350,,,,72
2025/6/22,12:45,1350,,,,77
2025/6/22,13:00,1350,,,,79
2025/6/22,13:15,1350,,,,77
2025/6/22,13:30,1350,,,,71
2025/6/22,13:45,1350,,,,74
2025/6/22,14:00,1350,,,,78
2025/6/22,14:15,1350,,,,80
2025/6/22,14:30,1350,,,,74
2025/6/22,14:45,1350,,,,73
2025/6/22,15:00,1350,,,,70
2025/6/22,15:15,1350,,,,76
2025/6/22,15:30,1350,,,,78
2025/6/22,15:45,1350,,,,69
2025/6/22,16:00,1350,,,,71
2025/6/22,16:15,1350,,,,69
2025/6/22,16:30,1350,,,,70
2025/6/22,16:45,1350,,,,77
2025/6/22,17:00,1350,,,,68
2025/6/22,17:15,1350,,,,67
2025/6/22,17:30,1350,,,,66
2025/6/22,17:45,1350,,,,64
2025/6/22,18:00,1350,,,,70
2025/6/22,18:15,1350,,,,66
2025/6/22,18:30,1350,,,,64
2025/6/22,18:45,1350,,,,61
2025/6/22,19:00,1350,,,,61
2025/6/22,19:15,1350,,,,70
2025/6/22,19:30,1350,,,,66
2025/6/22,19:45,1350,,,,66
2025/6/22,20:00,1350,,,,64
2025/6/22,20:15,1350,,,,64
2025/6/22,20:30,1350,,,,69
2025/6/22,20:45,1350,,,,66
2025/6/22,21:00,1350,,,,59
2025/6/22,21:15,1350,,,,62
2025/6/22,21:30,1350,,,,66
2025/6/22,21:45,1350,,,,69
2025/6/22,22:00,1350,,,,62
2025/6/22,22:15,1350,,,,62
2025/6/22,22:30,1350,,,,59
2025/6/22,22:45,1350,,,,69
2025/6/22,23:00,1350,,,,67
2025/6/22,23:15,1350,,,,62
2025/6/22,23:30,1350,,,,59
2025/6/22,23:45,1350,,,,62
2025/6/23,00:00,1350,,,,67
2025/6/23,00:15,1350,,,,61
2025/6/23,00:30,1350,,,,61
2025/6/23,00:45,1350,,,,59
2025/6/23,01:00,1350,,,,67
2025/6/23,01:15,1350,,,,64
2025/6/23,01:30,1350,,,,59
2025/6/23,01:45,1350,,,,61
2025/6/23,02:00,1350,,,,67
2025/6/23,02:15,1350,,,,67
2025/6/23,02:30,1350,,,,58
2025/6/23,02:45,1350,,,,59
2025/6/23,03:00,1350,,,,66
2025/6/23,03:15,1350,,,,66
2025/6/23,03:30,1350,,,,58
2025/6/23,03:45,1350,,,,61
2025/6/23,04:00,1350,,,,61
2025/6/23,04:15,1350,,,,69
2025/6/23,04:30,1350,,,,61
2025/6/23,04:45,1350,,,,61
2025/6/23,05:00,1350,,,,78
2025/6/23,05:15,1350,,,,102
2025/6/23,05:30,1350,,,,59
2025/6/23,05:45,1350,,,,58
2025/6/23,06:00,1350,,,,58
2025/6/23,06:15,1350,,,,67
2025/6/23,06:30,1350,,,,65
2025/6/23,06:45,1350,,,,85
2025/6/23,07:00,1350,,,,85
2025/6/23,07:15,1350,,,,101
2025/6/23,07:30,1350,,,,134
2025/6/23,07:45,1350,,,,145
2025/6/23,08:00,1350,,,,200
2025/6/23,08:15,1350,,,,706
2025/6/23,08:30,1350,,,,1024
2025/6/23,08:45,1350,,,,985
2025/6/23,09:00,1350,,,,986
2025/6/23,09:15,1350,,964,,
2025/6/23,09:30,1350,,1003,,
2025/6/23,09:45,1350,,1057,,
2025/6/23,10:00,1350,,978,,
2025/6/23,10:15,1350,,1069,,
2025/6/23,10:30,1350,,1104,,
2025/6/23,10:45,1350,,1111,,
2025/6/23,11:00,1350,,1022,,
2025/6/23,11:15,1350,,869,,
2025/6/23,11:30,1350,,1135,,
2025/6/23,11:45,1350,,1168,,
2025/6/23,12:00,1350,,1006,,
2025/6/23,12:15,1350,,625,,
2025/6/23,12:30,1350,,578,,
2025/6/23,12:45,1350,,629,,
2025/6/23,13:00,1350,,1087,,
2025/6/23,13:15,1350,,1230,,
2025/6/23,13:30,1350,,1095,,
2025/6/23,13:45,1350,,1018,,
2025/6/23,14:00,1350,,1080,,
2025/6/23,14:15,1350,,1160,,
2025/6/23,14:30,1350,,1128,,
2025/6/23,14:45,1350,,1034,,
2025/6/23,15:00,1350,,887,,
2025/6/23,15:15,1350,,949,,
2025/6/23,15:30,1350,,908,,
2025/6/23,15:45,1350,,827,,
2025/6/23,16:00,1350,,790,,
2025/6/23,16:15,1350,618,,,
2025/6/23,16:30,1350,617,,,
2025/6/23,16:45,1350,487,,,
2025/6/23,17:00,1350,403,,,
2025/6/23,17:15,1350,340,,,
2025/6/23,17:30,1350,322,,,
2025/6/23,17:45,1350,494,,,
2025/6/23,18:00,1350,633,,,
2025/6/23,18:15,1350,592,,,
2025/6/23,18:30,1350,656,,,
2025/6/23,18:45,1350,503,,,
2025/6/23,19:00,1350,504,,,
2025/6/23,19:15,1350,459,,,
2025/6/23,19:30,1350,346,,,
2025/6/23,19:45,1350,214,,,
2025/6/23,20:00,1350,200,,,
2025/6/23,20:15,1350,192,,,
2025/6/23,20:30,1350,190,,,
2025/6/23,20:45,1350,178,,,
2025/6/23,21:00,1350,174,,,
2025/6/23,21:15,1350,168,,,
2025/6/23,21:30,1350,166,,,
2025/6/23,21:45,1350,154,,,
2025/6/23,22:00,1350,152,,,
2025/6/23,22:15,1350,,304,,
2025/6/23,22:30,1350,,360,,
2025/6/23,22:45,1350,,392,,
2025/6/23,23:00,1350,,362,,
2025/6/23,23:15,1350,,366,,
2025/6/23,23:30,1350,,397,,
2025/6/23,23:45,1350,,406,,
2025/6/24,00:00,1350,,418,,
2025/6/24,00:15,1350,,,,466
2025/6/24,00:30,1350,,,,515
2025/6/24,00:45,1350,,,,531
2025/6/24,01:00,1350,,,,587
2025/6/24,01:15,1350,,,,536
2025/6/24,01:30,1350,,,,480
2025/6/24,01:45,1350,,,,472
2025/6/24,02:00,1350,,,,466
2025/6/24,02:15,1350,,,,411
2025/6/24,02:30,1350,,,,381
2025/6/24,02:45,1350,,,,349
2025/6/24,03:00,1350,,,,320
2025/6/24,03:15,1350,,,,291
2025/6/24,03:30,1350,,,,270
2025/6/24,03:45,1350,,,,243
2025/6/24,04:00,1350,,,,198
2025/6/24,04:15,1350,,,,190
2025/6/24,04:30,1350,,,,186
2025/6/24,04:45,1350,,,,194
2025/6/24,05:00,1350,,,,194
2025/6/24,05:15,1350,,,,197
2025/6/24,05:30,1350,,,,186
2025/6/24,05:45,1350,,,,178
2025/6/24,06:00,1350,,,,163
2025/6/24,06:15,1350,,,,155
2025/6/24,06:30,1350,,,,154
2025/6/24,06:45,1350,,,,148
2025/6/24,07:00,1350,,,,151
2025/6/24,07:15,1350,,,,204
2025/6/24,07:30,1350,,,,268
2025/6/24,07:45,1350,,,,271
2025/6/24,08:00,1350,,,,331
2025/6/24,08:15,1350,,,,704
2025/6/24,08:30,1350,,,,1075
2025/6/24,08:45,1350,,,,1098
2025/6/24,09:00,1350,,,,1083
2025/6/24,09:15,1350,,1078,,
2025/6/24,09:30,1350,,1051,,
2025/6/24,09:45,1350,,1093,,
2025/6/24,10:00,1350,,1036,,
2025/6/24,10:15,1350,,1095,,
2025/6/24,10:30,1350,,1162,,
2025/6/24,10:45,1350,,1147,,
2025/6/24,11:00,1350,,1175,,
2025/6/24,11:15,1350,,1161,,
2025/6/24,11:30,1350,,1123,,
2025/6/24,11:45,1350,,1131,,
2025/6/24,12:00,1350,,1017,,
2025/6/24,12:15,1350,,571,,
2025/6/24,12:30,1350,,526,,
2025/6/24,12:45,1350,,555,,
2025/6/24,13:00,1350,,1003,,
2025/6/24,13:15,1350,,997,,
2025/6/24,13:30,1350,,930,,
2025/6/24,13:45,1350,,773,,
2025/6/24,14:00,1350,,680,,
2025/6/24,14:15,1350,,763,,
2025/6/24,14:30,1350,,745,,
2025/6/24,14:45,1350,,700,,
2025/6/24,15:00,1350,,723,,
2025/6/24,15:15,1350,,674,,
2025/6/24,15:30,1350,,693,,
2025/6/24,15:45,1350,,605,,
2025/6/24,16:00,1350,,688,,
2025/6/24,16:15,1350,646,,,
2025/6/24,16:30,1350,712,,,
2025/6/24,16:45,1350,632,,,
2025/6/24,17:00,1350,542,,,
2025/6/24,17:15,1350,311,,,
2025/6/24,17:30,1350,275,,,
2025/6/24,17:45,1350,444,,,
2025/6/24,18:00,1350,533,,,
2025/6/24,18:15,1350,483,,,
2025/6/24,18:30,1350,499,,,
2025/6/24,18:45,1350,490,,,
2025/6/24,19:00,1350,445,,,
2025/6/24,19:15,1350,374,,,
2025/6/24,19:30,1350,226,,,
2025/6/24,19:45,1350,192,,,
2025/6/24,20:00,1350,322,,,
2025/6/24,20:15,1350,309,,,
2025/6/24,20:30,1350,282,,,
2025/6/24,20:45,1350,315,,,
2025/6/24,21:00,1350,190,,,
2025/6/24,21:15,1350,222,,,
2025/6/24,21:30,1350,176,,,
2025/6/24,21:45,1350,165,,,
2025/6/24,22:00,1350,264,,,
2025/6/24,22:15,1350,,309,,
2025/6/24,22:30,1350,,334,,
2025/6/24,22:45,1350,,427,,
2025/6/24,23:00,1350,,432,,
2025/6/24,23:15,1350,,435,,
2025/6/24,23:30,1350,,461,,
2025/6/24,23:45,1350,,448,,
2025/6/25,00:00,1350,,418,,
2025/6/25,00:15,1350,,,,360
2025/6/25,00:30,1350,,,,355
2025/6/25,00:45,1350,,,,403
2025/6/25,01:00,1350,,,,421
2025/6/25,01:15,1350,,,,322
2025/6/25,01:30,1350,,,,283
2025/6/25,01:45,1350,,,,261
2025/6/25,02:00,1350,,,,250
2025/6/25,02:15,1350,,,,240
2025/6/25,02:30,1350,,,,232
2025/6/25,02:45,1350,,,,218
2025/6/25,03:00,1350,,,,205
2025/6/25,03:15,1350,,,,178
2025/6/25,03:30,1350,,,,163
2025/6/25,03:45,1350,,,,146
2025/6/25,04:00,1350,,,,149
2025/6/25,04:15,1350,,,,146
2025/6/25,04:30,1350,,,,139
2025/6/25,04:45,1350,,,,141
2025/6/25,05:00,1350,,,,144
2025/6/25,05:15,1350,,,,158
2025/6/25,05:30,1350,,,,144
2025/6/25,05:45,1350,,,,136
2025/6/25,06:00,1350,,,,135
2025/6/25,06:15,1350,,,,140
2025/6/25,06:30,1350,,,,176
2025/6/25,06:45,1350,,,,189
2025/6/25,07:00,1350,,,,204
2025/6/25,07:15,1350,,,,230
2025/6/25,07:30,1350,,,,287
2025/6/25,07:45,1350,,,,297
2025/6/25,08:00,1350,,,,370
2025/6/25,08:15,1350,,,,805
2025/6/25,08:30,1350,,,,1054
2025/6/25,08:45,1350,,,,989
2025/6/25,09:00,1350,,,,1090
2025/6/25,09:15,1350,,1131,,
2025/6/25,09:30,1350,,1065,,
2025/6/25,09:45,1350,,1072,,
2025/6/25,10:00,1350,,968,,
2025/6/25,10:15,1350,,952,,
2025/6/25,10:30,1350,,900,,
2025/6/25,10:45,1350,,951,,
2025/6/25,11:00,1350,,896,,
2025/6/25,11:15,1350,,967,,
2025/6/25,11:30,1350,,940,,
2025/6/25,11:45,1350,,1044,,
2025/6/25,12:00,1350,,879,,
2025/6/25,12:15,1350,,709,,
2025/6/25,12:30,1350,,667,,
2025/6/25,12:45,1350,,683,,
2025/6/25,13:00,1350,,865,,
2025/6/25,13:15,1350,,812,,
2025/6/25,13:30,1350,,878,,
2025/6/25,13:45,1350,,1052,,
2025/6/25,14:00,1350,,1106,,
2025/6/25,14:15,1350,,1031,,
2025/6/25,14:30,1350,,778,,
2025/6/25,14:45,1350,,888,,
2025/6/25,15:00,1350,,931,,
2025/6/25,15:15,1350,,993,,
2025/6/25,15:30,1350,,881,,
2025/6/25,15:45,1350,,657,,
2025/6/25,16:00,1350,,829,,
2025/6/25,16:15,1350,841,,,
2025/6/25,16:30,1350,758,,,
2025/6/25,16:45,1350,710,,,
2025/6/25,17:00,1350,683,,,
2025/6/25,17:15,1350,363,,,
2025/6/25,17:30,1350,391,,,
2025/6/25,17:45,1350,617,,,
2025/6/25,18:00,1350,684,,,
2025/6/25,18:15,1350,694,,,
2025/6/25,18:30,1350,715,,,
2025/6/25,18:45,1350,723,,,
2025/6/25,19:00,1350,774,,,
2025/6/25,19:15,1350,755,,,
2025/6/25,19:30,1350,576,,,
2025/6/25,19:45,1350,314,,,
2025/6/25,20:00,1350,339,,,
2025/6/25,20:15,1350,320,,,
2025/6/25,20:30,1350,288,,,
2025/6/25,20:45,1350,386,,,
2025/6/25,21:00,1350,314,,,
2025/6/25,21:15,1350,371,,,
2025/6/25,21:30,1350,294,,,
2025/6/25,21:45,1350,302,,,
2025/6/25,22:00,1350,275,,,
2025/6/25,22:15,1350,,307,,
2025/6/25,22:30,1350,,424,,
2025/6/25,22:45,1350,,325,,
2025/6/25,23:00,1350,,320,,
2025/6/25,23:15,1350,,341,,
2025/6/25,23:30,1350,,360,,
2025/6/25,23:45,1350,,427,,
2025/6/26,00:00,1350,,338,,
2025/6/26,00:15,1350,,,,339
2025/6/26,00:30,1350,,,,341
2025/6/26,00:45,1350,,,,352
2025/6/26,01:00,1350,,,,358
2025/6/26,01:15,1350,,,,360
2025/6/26,01:30,1350,,,,352
2025/6/26,01:45,1350,,,,288
2025/6/26,02:00,1350,,,,275
2025/6/26,02:15,1350,,,,267
2025/6/26,02:30,1350,,,,266
2025/6/26,02:45,1350,,,,242
2025/6/26,03:00,1350,,,,206
2025/6/26,03:15,1350,,,,203
2025/6/26,03:30,1350,,,,208
2025/6/26,03:45,1350,,,,190
2025/6/26,04:00,1350,,,,186
2025/6/26,04:15,1350,,,,186
2025/6/26,04:30,1350,,,,189
2025/6/26,04:45,1350,,,,184
2025/6/26,05:00,1350,,,,187
2025/6/26,05:15,1350,,,,192
2025/6/26,05:30,1350,,,,185
2025/6/26,05:45,1350,,,,190
2025/6/26,06:00,1350,,,,181
2025/6/26,06:15,1350,,,,159
2025/6/26,06:30,1350,,,,148
2025/6/26,06:45,1350,,,,146
2025/6/26,07:00,1350,,,,179
2025/6/26,07:15,1350,,,,197
2025/6/26,07:30,1350,,,,241
2025/6/26,07:45,1350,,,,244
2025/6/26,08:00,1350,,,,320
2025/6/26,08:15,1350,,,,641
2025/6/26,08:30,1350,,,,963
2025/6/26,08:45,1350,,,,987
2025/6/26,09:00,1350,,,,992
2025/6/26,09:15,1350,,934,,
2025/6/26,09:30,1350,,871,,
2025/6/26,09:45,1350,,895,,
2025/6/26,10:00,1350,,859,,
2025/6/26,10:15,1350,,939,,
2025/6/26,10:30,1350,,887,,
2025/6/26,10:45,1350,,895,,
2025/6/26,11:00,1350,,848,,
2025/6/26,11:15,1350,,984,,
2025/6/26,11:30,1350,,918,,
2025/6/26,11:45,1350,,930,,
2025/6/26,12:00,1350,,882,,
2025/6/26,12:15,1350,,633,,
2025/6/26,12:30,1350,,602,,
2025/6/26,12:45,1350,,593,,
2025/6/26,13:00,1350,,869,,
2025/6/26,13:15,1350,,904,,
2025/6/26,13:30,1350,,773,,
2025/6/26,13:45,1350,,803,,
2025/6/26,14:00,1350,,752,,
2025/6/26,14:15,1350,,787,,
2025/6/26,14:30,1350,,749,,
2025/6/26,14:45,1350,,704,,
2025/6/26,15:00,1350,,690,,
2025/6/26,15:15,1350,,651,,
2025/6/26,15:30,1350,,694,,
2025/6/26,15:45,1350,,658,,
2025/6/26,16:00,1350,,712,,
2025/6/26,16:15,1350,672,,,
2025/6/26,16:30,1350,742,,,
2025/6/26,16:45,1350,757,,,
2025/6/26,17:00,1350,503,,,
2025/6/26,17:15,1350,329,,,
2025/6/26,17:30,1350,311,,,
2025/6/26,17:45,1350,538,,,
2025/6/26,18:00,1350,644,,,
2025/6/26,18:15,1350,581,,,
2025/6/26,18:30,1350,626,,,
2025/6/26,18:45,1350,607,,,
2025/6/26,19:00,1350,546,,,
2025/6/26,19:15,1350,539,,,
2025/6/26,19:30,1350,392,,,
2025/6/26,19:45,1350,371,,,
2025/6/26,20:00,1350,384,,,
2025/6/26,20:15,1350,336,,,
2025/6/26,20:30,1350,346,,,
2025/6/26,20:45,1350,363,,,
2025/6/26,21:00,1350,322,,,
2025/6/26,21:15,1350,336,,,
2025/6/26,21:30,1350,333,,,
2025/6/26,21:45,1350,315,,,
2025/6/26,22:00,1350,386,,,
2025/6/26,22:15,1350,,454,,
2025/6/26,22:30,1350,,446,,
2025/6/26,22:45,1350,,466,,
2025/6/26,23:00,1350,,520,,
2025/6/26,23:15,1350,,502,,
2025/6/26,23:30,1350,,518,,
2025/6/26,23:45,1350,,563,,
2025/6/27,00:00,1350,,590,,
2025/6/27,00:15,1350,,,,614
2025/6/27,00:30,1350,,,,635
2025/6/27,00:45,1350,,,,603
2025/6/27,01:00,1350,,,,491
2025/6/27,01:15,1350,,,,459
2025/6/27,01:30,1350,,,,440
2025/6/27,01:45,1350,,,,434
2025/6/27,02:00,1350,,,,424
2025/6/27,02:15,1350,,,,392
2025/6/27,02:30,1350,,,,381
2025/6/27,02:45,1350,,,,346
2025/6/27,03:00,1350,,,,312
2025/6/27,03:15,1350,,,,283
2025/6/27,03:30,1350,,,,261
2025/6/27,03:45,1350,,,,250
2025/6/27,04:00,1350,,,,235
2025/6/27,04:15,1350,,,,227
2025/6/27,04:30,1350,,,,216
2025/6/27,04:45,1350,,,,203
2025/6/27,05:00,1350,,,,202
2025/6/27,05:15,1350,,,,199
2025/6/27,05:30,1350,,,,195
2025/6/27,05:45,1350,,,,181
2025/6/27,06:00,1350,,,,167
2025/6/27,06:15,1350,,,,168
2025/6/27,06:30,1350,,,,203
2025/6/27,06:45,1350,,,,216
2025/6/27,07:00,1350,,,,214
2025/6/27,07:15,1350,,,,234
2025/6/27,07:30,1350,,,,300
2025/6/27,07:45,1350,,,,330
2025/6/27,08:00,1350,,,,389
2025/6/27,08:15,1350,,,,608
2025/6/27,08:30,1350,,,,893
2025/6/27,08:45,1350,,,,938
2025/6/27,09:00,1350,,,,907
2025/6/27,09:15,1350,,923,,
2025/6/27,09:30,1350,,1010,,
2025/6/27,09:45,1350,,995,,
2025/6/27,10:00,1350,,992,,
2025/6/27,10:15,1350,,1002,,
2025/6/27,10:30,1350,,1076,,
2025/6/27,10:45,1350,,1083,,
2025/6/27,11:00,1350,,1006,,
2025/6/27,11:15,1350,,984,,
2025/6/27,11:30,1350,,1047,,
2025/6/27,11:45,1350,,966,,
2025/6/27,12:00,1350,,903,,
2025/6/27,12:15,1350,,773,,
2025/6/27,12:30,1350,,709,,
2025/6/27,12:45,1350,,645,,
2025/6/27,13:00,1350,,796,,
2025/6/27,13:15,1350,,879,,
2025/6/27,13:30,1350,,826,,
2025/6/27,13:45,1350,,891,,
2025/6/27,14:00,1350,,826,,
2025/6/27,14:15,1350,,846,,
2025/6/27,14:30,1350,,777,,
2025/6/27,14:45,1350,,829,,
2025/6/27,15:00,1350,,710,,
2025/6/27,15:15,1350,,757,,
2025/6/27,15:30,1350,,628,,
2025/6/27,15:45,1350,,681,,
2025/6/27,16:00,1350,,617,,
2025/6/27,16:15,1350,644,,,
2025/6/27,16:30,1350,642,,,
2025/6/27,16:45,1350,685,,,
2025/6/27,17:00,1350,485,,,
2025/6/27,17:15,1350,364,,,
2025/6/27,17:30,1350,466,,,
2025/6/27,17:45,1350,509,,,
2025/6/27,18:00,1350,462,,,
2025/6/27,18:15,1350,440,,,
2025/6/27,18:30,1350,469,,,
2025/6/27,18:45,1350,420,,,
2025/6/27,19:00,1350,446,,,
2025/6/27,19:15,1350,403,,,
2025/6/27,19:30,1350,352,,,
2025/6/27,19:45,1350,386,,,
2025/6/27,20:00,1350,309,,,
2025/6/27,20:15,1350,218,,,
2025/6/27,20:30,1350,171,,,
2025/6/27,20:45,1350,179,,,
2025/6/27,21:00,1350,203,,,
2025/6/27,21:15,1350,293,,,
2025/6/27,21:30,1350,322,,,
2025/6/27,21:45,1350,243,,,
2025/6/27,22:00,1350,342,,,
2025/6/27,22:15,1350,,427,,
2025/6/27,22:30,1350,,426,,
2025/6/27,22:45,1350,,466,,
2025/6/27,23:00,1350,,451,,
2025/6/27,23:15,1350,,474,,
2025/6/27,23:30,1350,,422,,
2025/6/27,23:45,1350,,379,,
2025/6/28,00:00,1350,,395,,
2025/6/28,00:15,1350,,,,416
2025/6/28,00:30,1350,,,,416
2025/6/28,00:45,1350,,,,435
2025/6/28,01:00,1350,,,,450
2025/6/28,01:15,1350,,,,442
2025/6/28,01:30,1350,,,,413
2025/6/28,01:45,1350,,,,402
2025/6/28,02:00,1350,,,,397
2025/6/28,02:15,1350,,,,339
2025/6/28,02:30,1350,,,,318
2025/6/28,02:45,1350,,,,296
2025/6/28,03:00,1350,,,,266
2025/6/28,03:15,1350,,,,235
2025/6/28,03:30,1350,,,,163
2025/6/28,03:45,1350,,,,130
2025/6/28,04:00,1350,,,,133
2025/6/28,04:15,1350,,,,139
2025/6/28,04:30,1350,,,,126
2025/6/28,04:45,1350,,,,117
2025/6/28,05:00,1350,,,,115
2025/6/28,05:15,1350,,,,123
2025/6/28,05:30,1350,,,,114
2025/6/28,05:45,1350,,,,117
2025/6/28,06:00,1350,,,,111
2025/6/28,06:15,1350,,,,111
2025/6/28,06:30,1350,,,,105
2025/6/28,06:45,1350,,,,83
2025/6/28,07:00,1350,,,,73
2025/6/28,07:15,1350,,,,74
2025/6/28,07:30,1350,,,,85
2025/6/28,07:45,1350,,,,82
2025/6/28,08:00,1350,,,,109
2025/6/28,08:15,1350,,,,105
2025/6/28,08:30,1350,,,,100
2025/6/28,08:45,1350,,,,109
2025/6/28,09:00,1350,,,97,
2025/6/28,09:15,1350,,,97,
2025/6/28,09:30,1350,,,95,
2025/6/28,09:45,1350,,,95,
2025/6/28,10:00,1350,,,94,
2025/6/28,10:15,1350,,,94,
2025/6/28,10:30,1350,,,100,
2025/6/28,10:45,1350,,,110,
2025/6/28,11:00,1350,,,102,
2025/6/28,11:15,1350,,,106,
2025/6/28,11:30,1350,,,122,
2025/6/28,11:45,1350,,,118,
2025/6/28,12:00,1350,,,110,
2025/6/28,12:15,1350,,,102,
2025/6/28,12:30,1350,,,105,
2025/6/28,12:45,1350,,,100,
2025/6/28,13:00,1350,,,93,
2025/6/28,13:15,1350,,,105,
2025/6/28,13:30,1350,,,108,
2025/6/28,13:45,1350,,,111,
2025/6/28,14:00,1350,,,97,
2025/6/28,14:15,1350,,,141,
2025/6/28,14:30,1350,,,149,
2025/6/28,14:45,1350,,,142,
2025/6/28,15:00,1350,,,125,
2025/6/28,15:15,1350,,,125,
2025/6/28,15:30,1350,,,129,
2025/6/28,15:45,1350,,,132,
2025/6/28,16:00,1350,,,137,
2025/6/28,16:15,1350,,,133,
2025/6/28,16:30,1350,,,93,
2025/6/28,16:45,1350,,,89,
2025/6/28,17:00,1350,,,90,
2025/6/28,17:15,1350,,,90,
2025/6/28,17:30,1350,,,69,
2025/6/28,17:45,1350,,,71,
2025/6/28,18:00,1350,,,75,
2025/6/28,18:15,1350,,,67,
2025/6/28,18:30,1350,,,77,
2025/6/28,18:45,1350,,,72,
2025/6/28,19:00,1350,,,67,
2025/6/28,19:15,1350,,,67,
2025/6/28,19:30,1350,,,67,
2025/6/28,19:45,1350,,,78,
2025/6/28,20:00,1350,,,75,
2025/6/28,20:15,1350,,,70,
2025/6/28,20:30,1350,,,69,
2025/6/28,20:45,1350,,,69,
2025/6/28,21:00,1350,,,77,
2025/6/28,21:15,1350,,,69,
2025/6/28,21:30,1350,,,66,
2025/6/28,21:45,1350,,,69,
2025/6/28,22:00,1350,,,70,
2025/6/28,22:15,1350,,,74,
2025/6/28,22:30,1350,,,72,
2025/6/28,22:45,1350,,,69,
2025/6/28,23:00,1350,,,69,
2025/6/28,23:15,1350,,,70,
2025/6/28,23:30,1350,,,74,
2025/6/28,23:45,1350,,,67,
2025/6/29,00:00,1350,,,66,
2025/6/29,00:15,1350,,,,67
2025/6/29,00:30,1350,,,,74
2025/6/29,00:45,1350,,,,86
2025/6/29,01:00,1350,,,,69
2025/6/29,01:15,1350,,,,67
2025/6/29,01:30,1350,,,,67
2025/6/29,01:45,1350,,,,72
2025/6/29,02:00,1350,,,,66
2025/6/29,02:15,1350,,,,66
2025/6/29,02:30,1350,,,,74
2025/6/29,02:45,1350,,,,74
2025/6/29,03:00,1350,,,,67
2025/6/29,03:15,1350,,,,67
2025/6/29,03:30,1350,,,,72
2025/6/29,03:45,1350,,,,70
2025/6/29,04:00,1350,,,,64
2025/6/29,04:15,1350,,,,66
2025/6/29,04:30,1350,,,,69
2025/6/29,04:45,1350,,,,70
2025/6/29,05:00,1350,,,,69
2025/6/29,05:15,1350,,,,72
2025/6/29,05:30,1350,,,,73
2025/6/29,05:45,1350,,,,69
2025/6/29,06:00,1350,,,,63
2025/6/29,06:15,1350,,,,65
2025/6/29,06:30,1350,,,,69
2025/6/29,06:45,1350,,,,73
2025/6/29,07:00,1350,,,,70
2025/6/29,07:15,1350,,,,68
2025/6/29,07:30,1350,,,,72
2025/6/29,07:45,1350,,,,66
2025/6/29,08:00,1350,,,,67
2025/6/29,08:15,1350,,,,74
2025/6/29,08:30,1350,,,,76
2025/6/29,08:45,1350,,,,78
2025/6/29,09:00,1350,,,,72
2025/6/29,09:15,1350,,,,72
2025/6/29,09:30,1350,,,,72
2025/6/29,09:45,1350,,,,79
2025/6/29,10:00,1350,,,,89
2025/6/29,10:15,1350,,,,78
2025/6/29,10:30,1350,,,,81
2025/6/29,10:45,1350,,,,86
2025/6/29,11:00,1350,,,,80
2025/6/29,11:15,1350,,,,78
2025/6/29,11:30,1350,,,,82
2025/6/29,11:45,1350,,,,86
2025/6/29,12:00,1350,,,,79
2025/6/29,12:15,1350,,,,80
2025/6/29,12:30,1350,,,,72
2025/6/29,12:45,1350,,,,88
2025/6/29,13:00,1350,,,,81
2025/6/29,13:15,1350,,,,80
2025/6/29,13:30,1350,,,,81
2025/6/29,13:45,1350,,,,87
2025/6/29,14:00,1350,,,,79
2025/6/29,14:15,1350,,,,79
2025/6/29,14:30,1350,,,,75
2025/6/29,14:45,1350,,,,82
2025/6/29,15:00,1350,,,,84
2025/6/29,15:15,1350,,,,77
2025/6/29,15:30,1350,,,,78
2025/6/29,15:45,1350,,,,78
2025/6/29,16:00,1350,,,,85
2025/6/29,16:15,1350,,,,80
2025/6/29,16:30,1350,,,,89
2025/6/29,16:45,1350,,,,76
2025/6/29,17:00,1350,,,,77
2025/6/29,17:15,1350,,,,81
2025/6/29,17:30,1350,,,,76
2025/6/29,17:45,1350,,,,75
2025/6/29,18:00,1350,,,,73
2025/6/29,18:15,1350,,,,78
2025/6/29,18:30,1350,,,,73
2025/6/29,18:45,1350,,,,69
2025/6/29,19:00,1350,,,,71
2025/6/29,19:15,1350,,,,70
2025/6/29,19:30,1350,,,,78
2025/6/29,19:45,1350,,,,74
2025/6/29,20:00,1350,,,,72
2025/6/29,20:15,1350,,,,70
2025/6/29,20:30,1350,,,,72
2025/6/29,20:45,1350,,,,75
2025/6/29,21:00,1350,,,,67
2025/6/29,21:15,1350,,,,67
2025/6/29,21:30,1350,,,,69
2025/6/29,21:45,1350,,,,78
2025/6/29,22:00,1350,,,,72
2025/6/29,22:15,1350,,,,69
2025/6/29,22:30,1350,,,,67
2025/6/29,22:45,1350,,,,72
2025/6/29,23:00,1350,,,,74
2025/6/29,23:15,1350,,,,69
2025/6/29,23:30,1350,,,,75
2025/6/29,23:45,1350,,,,78
2025/6/30,00:00,1350,,,,75
2025/6/30,00:15,1350,,,,67
2025/6/30,00:30,1350,,,,70
2025/6/30,00:45,1350,,,,72
2025/6/30,01:00,1350,,,,72
2025/6/30,01:15,1350,,,,67
2025/6/30,01:30,1350,,,,66
2025/6/30,01:45,1350,,,,74
2025/6/30,02:00,1350,,,,72
2025/6/30,02:15,1350,,,,69
2025/6/30,02:30,1350,,,,74
2025/6/30,02:45,1350,,,,72
2025/6/30,03:00,1350,,,,67
2025/6/30,03:15,1350,,,,66
2025/6/30,03:30,1350,,,,74
2025/6/30,03:45,1350,,,,67
2025/6/30,04:00,1350,,,,64
2025/6/30,04:15,1350,,,,72
2025/6/30,04:30,1350,,,,74
2025/6/30,04:45,1350,,,,66
2025/6/30,05:00,1350,,,,70
2025/6/30,05:15,1350,,,,77
2025/6/30,05:30,1350,,,,69
2025/6/30,05:45,1350,,,,64
2025/6/30,06:00,1350,,,,65
2025/6/30,06:15,1350,,,,73
2025/6/30,06:30,1350,,,,66
2025/6/30,06:45,1350,,,,72
2025/6/30,07:00,1350,,,,88
2025/6/30,07:15,1350,,,,145
2025/6/30,07:30,1350,,,,176
2025/6/30,07:45,1350,,,,187
2025/6/30,08:00,1350,,,,266
2025/6/30,08:15,1350,,,,398
2025/6/30,08:30,1350,,,,483
2025/6/30,08:45,1350,,,,527
2025/6/30,09:00,1350,,,,578
2025/6/30,09:15,1350,,554,,
2025/6/30,09:30,1350,,551,,
2025/6/30,09:45,1350,,536,,
2025/6/30,10:00,1350,,547,,
2025/6/30,10:15,1350,,556,,
2025/6/30,10:30,1350,,572,,
2025/6/30,10:45,1350,,668,,
2025/6/30,11:00,1350,,579,,
2025/6/30,11:15,1350,,553,,
2025/6/30,11:30,1350,,627,,
2025/6/30,11:45,1350,,542,,
2025/6/30,12:00,1350,,513,,
2025/6/30,12:15,1350,,474,,
2025/6/30,12:30,1350,,448,,
2025/6/30,12:45,1350,,447,,
2025/6/30,13:00,1350,,489,,
2025/6/30,13:15,1350,,554,,
2025/6/30,13:30,1350,,532,,
2025/6/30,13:45,1350,,540,,
2025/6/30,14:00,1350,,539,,
2025/6/30,14:15,1350,,571,,
2025/6/30,14:30,1350,,610,,
2025/6/30,14:45,1350,,572,,
2025/6/30,15:00,1350,,605,,
2025/6/30,15:15,1350,,639,,
2025/6/30,15:30,1350,,779,,
2025/6/30,15:45,1350,,773,,
2025/6/30,16:00,1350,,726,,
2025/6/30,16:15,1350,504,,,
2025/6/30,16:30,1350,426,,,
2025/6/30,16:45,1350,408,,,
2025/6/30,17:00,1350,374,,,
2025/6/30,17:15,1350,328,,,
2025/6/30,17:30,1350,400,,,
2025/6/30,17:45,1350,351,,,
2025/6/30,18:00,1350,356,,,
2025/6/30,18:15,1350,368,,,
2025/6/30,18:30,1350,306,,,
2025/6/30,18:45,1350,334,,,
2025/6/30,19:00,1350,341,,,
2025/6/30,19:15,1350,299,,,
2025/6/30,19:30,1350,278,,,
2025/6/30,19:45,1350,270,,,
2025/6/30,20:00,1350,200,,,
2025/6/30,20:15,1350,195,,,
2025/6/30,20:30,1350,221,,,
2025/6/30,20:45,1350,246,,,
2025/6/30,21:00,1350,205,,,
2025/6/30,21:15,1350,205,,,
2025/6/30,21:30,1350,216,,,
2025/6/30,21:45,1350,256,,,
2025/6/30,22:00,1350,246,,,
2025/6/30,22:15,1350,,211,,
2025/6/30,22:30,1350,,250,,
2025/6/30,22:45,1350,,206,,
2025/6/30,23:00,1350,,198,,
2025/6/30,23:15,1350,,192,,
2025/6/30,23:30,1350,,253,,
2025/6/30,23:45,1350,,216,,
2025/7/1,00:00,1350,,181,,
2025/7/1,00:15,1350,,,,176
2025/7/1,00:30,1350,,,,192
2025/7/1,00:45,1350,,,,198
2025/7/1,01:00,1350,,,,202
2025/7/1,01:15,1350,,,,200
2025/7/1,01:30,1350,,,,200
2025/7/1,01:45,1350,,,,190
2025/7/1,02:00,1350,,,,190
2025/7/1,02:15,1350,,,,192
2025/7/1,02:30,1350,,,,182
2025/7/1,02:45,1350,,,,182
2025/7/1,03:00,1350,,,,179
2025/7/1,03:15,1350,,,,178
2025/7/1,03:30,1350,,,,173
2025/7/1,03:45,1350,,,,166
2025/7/1,04:00,1350,,,,163
2025/7/1,04:15,1350,,,,166
2025/7/1,04:30,1350,,,,165
2025/7/1,04:45,1350,,,,163
2025/7/1,05:00,1350,,,,165
2025/7/1,05:15,1350,,,,173
2025/7/1,05:30,1350,,,,213
2025/7/1,05:45,1350,,,,216
2025/7/1,06:00,1350,,,,200
2025/7/1,06:15,1350,,,,246
2025/7/1,06:30,1350,,,,254
2025/7/1,06:45,1350,,,,243
2025/7/1,07:00,1350,,,,155
2025/7/1,07:15,1350,,,,177
2025/7/1,07:30,1350,,,,215
2025/7/1,07:45,1350,,,,259
2025/7/1,08:00,1350,,,,359
2025/7/1,08:15,1350,,,,617
2025/7/1,08:30,1350,,,,933
2025/7/1,08:45,1350,,,,956
2025/7/1,09:00,1350,,,,954
2025/7/1,09:15,1350,,847,,
2025/7/1,09:30,1350,,945,,
2025/7/1,09:45,1350,,961,,
2025/7/1,10:00,1350,,928,,
2025/7/1,10:15,1350,,996,,
2025/7/1,10:30,1350,,1034,,
2025/7/1,10:45,1350,,1056,,
2025/7/1,11:00,1350,,1060,,
2025/7/1,11:15,1350,,1114,,
2025/7/1,11:30,1350,,1193,,
2025/7/1,11:45,1350,,1258,,
2025/7/1,12:00,1350,,1059,,
2025/7/1,12:15,1350,,712,,
2025/7/1,12:30,1350,,704,,
2025/7/1,12:45,1350,,723,,
2025/7/1,13:00,1350,,1175,,
2025/7/1,13:15,1350,,1223,,
2025/7/1,13:30,1350,,1088,,
2025/7/1,13:45,1350,,1091,,
2025/7/1,14:00,1350,,1251,,
2025/7/1,14:15,1350,,1193,,
2025/7/1,14:30,1350,,1141,,
2025/7/1,14:45,1350,,1122,,
2025/7/1,15:00,1350,,1020,,
2025/7/1,15:15,1350,,1072,,
2025/7/1,15:30,1350,,1093,,
2025/7/1,15:45,1350,,1023,,
2025/7/1,16:00,1350,,1009,,
2025/7/1,16:15,1350,591,,,
2025/7/1,16:30,1350,540,,,
2025/7/1,16:45,1350,515,,,
2025/7/1,17:00,1350,461,,,
2025/7/1,17:15,1350,343,,,
2025/7/1,17:30,1350,372,,,
2025/7/1,17:45,1350,482,,,
2025/7/1,18:00,1350,506,,,
2025/7/1,18:15,1350,520,,,
2025/7/1,18:30,1350,553,,,
2025/7/1,18:45,1350,550,,,
2025/7/1,19:00,1350,488,,,
2025/7/1,19:15,1350,488,,,
2025/7/1,19:30,1350,362,,,
2025/7/1,19:45,1350,394,,,
2025/7/1,20:00,1350,371,,,
2025/7/1,20:15,1350,354,,,
2025/7/1,20:30,1350,381,,,
2025/7/1,20:45,1350,318,,,
2025/7/1,21:00,1350,368,,,
2025/7/1,21:15,1350,334,,,
2025/7/1,21:30,1350,355,,,
2025/7/1,21:45,1350,317,,,
2025/7/1,22:00,1350,245,,,
2025/7/1,22:15,1350,,318,,
2025/7/1,22:30,1350,,336,,
2025/7/1,22:45,1350,,466,,
2025/7/1,23:00,1350,,448,,
2025/7/1,23:15,1350,,397,,
2025/7/1,23:30,1350,,341,,
2025/7/1,23:45,1350,,358,,
2025/7/2,00:00,1350,,360,,
2025/7/2,00:15,1350,,,,341
2025/7/2,00:30,1350,,,,304
2025/7/2,00:45,1350,,,,315
2025/7/2,01:00,1350,,,,323
2025/7/2,01:15,1350,,,,330
2025/7/2,01:30,1350,,,,318
2025/7/2,01:45,1350,,,,301
2025/7/2,02:00,1350,,,,286
2025/7/2,02:15,1350,,,,267
2025/7/2,02:30,1350,,,,246
2025/7/2,02:45,1350,,,,230
2025/7/2,03:00,1350,,,,176
2025/7/2,03:15,1350,,,,179
2025/7/2,03:30,1350,,,,174
2025/7/2,03:45,1350,,,,160
2025/7/2,04:00,1350,,,,155
2025/7/2,04:15,1350,,,,157
2025/7/2,04:30,1350,,,,187
2025/7/2,04:45,1350,,,,205
2025/7/2,05:00,1350,,,,211
2025/7/2,05:15,1350,,,,213
2025/7/2,05:30,1350,,,,208
2025/7/2,05:45,1350,,,,206
2025/7/2,06:00,1350,,,,167
2025/7/2,06:15,1350,,,,152
2025/7/2,06:30,1350,,,,164
2025/7/2,06:45,1350,,,,151
2025/7/2,07:00,1350,,,,162
2025/7/2,07:15,1350,,,,217
2025/7/2,07:30,1350,,,,261
2025/7/2,07:45,1350,,,,266
2025/7/2,08:00,1350,,,,356
2025/7/2,08:15,1350,,,,675
2025/7/2,08:30,1350,,,,1055
2025/7/2,08:45,1350,,,,1069
2025/7/2,09:00,1350,,,,1097
2025/7/2,09:15,1350,,1102,,
2025/7/2,09:30,1350,,1106,,
2025/7/2,09:45,1350,,1056,,
2025/7/2,10:00,1350,,957,,
2025/7/2,10:15,1350,,1047,,
2025/7/2,10:30,1350,,1014,,
2025/7/2,10:45,1350,,1085,,
2025/7/2,11:00,1350,,1230,,
2025/7/2,11:15,1350,,1304,,
2025/7/2,11:30,1350,,1337,,
2025/7/2,11:45,1350,,1355,,
2025/7/2,12:00,1350,,1140,,
2025/7/2,12:15,1350,,710,,
2025/7/2,12:30,1350,,623,,
2025/7/2,12:45,1350,,646,,
2025/7/2,13:00,1350,,1125,,
2025/7/2,13:15,1350,,1177,,
2025/7/2,13:30,1350,,1177,,
2025/7/2,13:45,1350,,1159,,
2025/7/2,14:00,1350,,1135,,
2025/7/2,14:15,1350,,1177,,
2025/7/2,14:30,1350,,1199,,
2025/7/2,14:45,1350,,1157,,
2025/7/2,15:00,1350,,1009,,
2025/7/2,15:15,1350,,1050,,
2025/7/2,15:30,1350,,1081,,
2025/7/2,15:45,1350,,1069,,
2025/7/2,16:00,1350,,1067,,
2025/7/2,16:15,1350,856,,,
2025/7/2,16:30,1350,605,,,
2025/7/2,16:45,1350,577,,,
2025/7/2,17:00,1350,501,,,
2025/7/2,17:15,1350,402,,,
2025/7/2,17:30,1350,508,,,
2025/7/2,17:45,1350,576,,,
2025/7/2,18:00,1350,607,,,
2025/7/2,18:15,1350,546,,,
2025/7/2,18:30,1350,573,,,
2025/7/2,18:45,1350,519,,,
2025/7/2,19:00,1350,550,,,
2025/7/2,19:15,1350,590,,,
2025/7/2,19:30,1350,456,,,
2025/7/2,19:45,1350,291,,,
2025/7/2,20:00,1350,235,,,
2025/7/2,20:15,1350,237,,,
2025/7/2,20:30,1350,251,,,
2025/7/2,20:45,1350,323,,,
2025/7/2,21:00,1350,312,,,
2025/7/2,21:15,1350,400,,,
2025/7/2,21:30,1350,394,,,
2025/7/2,21:45,1350,298,,,
2025/7/2,22:00,1350,349,,,
2025/7/2,22:15,1350,,330,,
2025/7/2,22:30,1350,,334,,
2025/7/2,22:45,1350,,360,,
2025/7/2,23:00,1350,,378,,
2025/7/2,23:15,1350,,333,,
2025/7/2,23:30,1350,,314,,
2025/7/2,23:45,1350,,334,,
2025/7/3,00:00,1350,,334,,
2025/7/3,00:15,1350,,,,350
2025/7/3,00:30,1350,,,,382
2025/7/3,00:45,1350,,,,411
2025/7/3,01:00,1350,,,,453
2025/7/3,01:15,1350,,,,493
2025/7/3,01:30,1350,,,,536
2025/7/3,01:45,1350,,,,528
2025/7/3,02:00,1350,,,,485
2025/7/3,02:15,1350,,,,435
2025/7/3,02:30,1350,,,,394
2025/7/3,02:45,1350,,,,365
2025/7/3,03:00,1350,,,,336
2025/7/3,03:15,1350,,,,306
2025/7/3,03:30,1350,,,,278
2025/7/3,03:45,1350,,,,226
2025/7/3,04:00,1350,,,,214
2025/7/3,04:15,1350,,,,218
2025/7/3,04:30,1350,,,,211
2025/7/3,04:45,1350,,,,243
2025/7/3,05:00,1350,,,,256
2025/7/3,05:15,1350,,,,258
2025/7/3,05:30,1350,,,,241
2025/7/3,05:45,1350,,,,235
2025/7/3,06:00,1350,,,,235
2025/7/3,06:15,1350,,,,229
2025/7/3,06:30,1350,,,,225
2025/7/3,06:45,1350,,,,185
2025/7/3,07:00,1350,,,,150
2025/7/3,07:15,1350,,,,158
2025/7/3,07:30,1350,,,,218
2025/7/3,07:45,1350,,,,282
2025/7/3,08:00,1350,,,,356
2025/7/3,08:15,1350,,,,741
2025/7/3,08:30,1350,,,,1061
2025/7/3,08:45,1350,,,,1082
2025/7/3,09:00,1350,,,,1118
2025/7/3,09:15,1350,,1095,,
2025/7/3,09:30,1350,,1069,,
2025/7/3,09:45,1350,,1092,,
2025/7/3,10:00,1350,,1086,,
2025/7/3,10:15,1350,,1095,,
2025/7/3,10:30,1350,,1222,,
2025/7/3,10:45,1350,,1233,,
2025/7/3,11:00,1350,,1217,,
2025/7/3,11:15,1350,,1225,,
2025/7/3,11:30,1350,,1118,,
2025/7/3,11:45,1350,,1144,,
2025/7/3,12:00,1350,,943,,
2025/7/3,12:15,1350,,777,,
2025/7/3,12:30,1350,,712,,
2025/7/3,12:45,1350,,697,,
2025/7/3,13:00,1350,,933,,
2025/7/3,13:15,1350,,1014,,
2025/7/3,13:30,1350,,994,,
2025/7/3,13:45,1350,,1054,,
2025/7/3,14:00,1350,,990,,
2025/7/3,14:15,1350,,1055,,
2025/7/3,14:30,1350,,982,,
2025/7/3,14:45,1350,,1035,,
2025/7/3,15:00,1350,,921,,
2025/7/3,15:15,1350,,1035,,
2025/7/3,15:30,1350,,1043,,
2025/7/3,15:45,1350,,997,,
2025/7/3,16:00,1350,,933,,
2025/7/3,16:15,1350,713,,,
2025/7/3,16:30,1350,613,,,
2025/7/3,16:45,1350,612,,,
2025/7/3,17:00,1350,595,,,
2025/7/3,17:15,1350,481,,,
2025/7/3,17:30,1350,471,,,
2025/7/3,17:45,1350,640,,,
2025/7/3,18:00,1350,625,,,
2025/7/3,18:15,1350,577,,,
2025/7/3,18:30,1350,485,,,
2025/7/3,18:45,1350,636,,,
2025/7/3,19:00,1350,665,,,
2025/7/3,19:15,1350,590,,,
2025/7/3,19:30,1350,486,,,
2025/7/3,19:45,1350,358,,,
2025/7/3,20:00,1350,349,,,
2025/7/3,20:15,1350,394,,,
2025/7/3,20:30,1350,323,,,
2025/7/3,20:45,1350,366,,,
2025/7/3,21:00,1350,374,,,
2025/7/3,21:15,1350,349,,,
2025/7/3,21:30,1350,392,,,
2025/7/3,21:45,1350,342,,,
2025/7/3,22:00,1350,354,,,
2025/7/3,22:15,1350,,381,,
2025/7/3,22:30,1350,,325,,
2025/7/3,22:45,1350,,370,,
2025/7/3,23:00,1350,,360,,
2025/7/3,23:15,1350,,310,,
2025/7/3,23:30,1350,,314,,
2025/7/3,23:45,1350,,285,,
2025/7/4,00:00,1350,,304,,
2025/7/4,00:15,1350,,,,342
2025/7/4,00:30,1350,,,,298
2025/7/4,00:45,1350,,,,283
2025/7/4,01:00,1350,,,,171
2025/7/4,01:15,1350,,,,173
2025/7/4,01:30,1350,,,,170
2025/7/4,01:45,1350,,,,155
2025/7/4,02:00,1350,,,,155
2025/7/4,02:15,1350,,,,158
2025/7/4,02:30,1350,,,,152
2025/7/4,02:45,1350,,,,142
2025/7/4,03:00,1350,,,,139
2025/7/4,03:15,1350,,,,142
2025/7/4,03:30,1350,,,,142
2025/7/4,03:45,1350,,,,126
2025/7/4,04:00,1350,,,,122
2025/7/4,04:15,1350,,,,120
2025/7/4,04:30,1350,,,,126
2025/7/4,04:45,1350,,,,120
2025/7/4,05:00,1350,,,,123
2025/7/4,05:15,1350,,,,123
2025/7/4,05:30,1350,,,,126
2025/7/4,05:45,1350,,,,117
2025/7/4,06:00,1350,,,,102
2025/7/4,06:15,1350,,,,103
2025/7/4,06:30,1350,,,,101
2025/7/4,06:45,1350,,,,100
2025/7/4,07:00,1350,,,,84
2025/7/4,07:15,1350,,,,83
2025/7/4,07:30,1350,,,,91
2025/7/4,07:45,1350,,,,109
2025/7/4,08:00,1350,,,,217
2025/7/4,08:15,1350,,,,305
2025/7/4,08:30,1350,,,,436
2025/7/4,08:45,1350,,,,543
2025/7/4,09:00,1350,,,,484
2025/7/4,09:15,1350,,552,,
2025/7/4,09:30,1350,,465,,
2025/7/4,09:45,1350,,527,,
2025/7/4,10:00,1350,,492,,
2025/7/4,10:15,1350,,600,,
2025/7/4,10:30,1350,,708,,
2025/7/4,10:45,1350,,664,,
2025/7/4,11:00,1350,,695,,
2025/7/4,11:15,1350,,645,,
2025/7/4,11:30,1350,,730,,
2025/7/4,11:45,1350,,709,,
2025/7/4,12:00,1350,,647,,
2025/7/4,12:15,1350,,520,,
2025/7/4,12:30,1350,,470,,
2025/7/4,12:45,1350,,438,,
2025/7/4,13:00,1350,,524,,
2025/7/4,13:15,1350,,600,,
2025/7/4,13:30,1350,,596,,
2025/7/4,13:45,1350,,658,,
2025/7/4,14:00,1350,,608,,
2025/7/4,14:15,1350,,644,,
2025/7/4,14:30,1350,,595,,
2025/7/4,14:45,1350,,608,,
2025/7/4,15:00,1350,,518,,
2025/7/4,15:15,1350,,559,,
2025/7/4,15:30,1350,,553,,
2025/7/4,15:45,1350,,527,,
2025/7/4,16:00,1350,,526,,
2025/7/4,16:15,1350,346,,,
2025/7/4,16:30,1350,338,,,
2025/7/4,16:45,1350,292,,,
2025/7/4,17:00,1350,249,,,
2025/7/4,17:15,1350,223,,,
2025/7/4,17:30,1350,208,,,
2025/7/4,17:45,1350,207,,,
2025/7/4,18:00,1350,213,,,
2025/7/4,18:15,1350,207,,,
2025/7/4,18:30,1350,178,,,
2025/7/4,18:45,1350,155,,,
2025/7/4,19:00,1350,162,,,
2025/7/4,19:15,1350,166,,,
2025/7/4,19:30,1350,125,,,
2025/7/4,19:45,1350,94,,,
2025/7/4,20:00,1350,96,,,
2025/7/4,20:15,1350,88,,,
2025/7/4,20:30,1350,93,,,
2025/7/4,20:45,1350,85,,,
2025/7/4,21:00,1350,86,,,
2025/7/4,21:15,1350,85,,,
2025/7/4,21:30,1350,94,,,
2025/7/4,21:45,1350,80,,,
2025/7/4,22:00,1350,75,,,
2025/7/4,22:15,1350,,75,,
2025/7/4,22:30,1350,,83,,
2025/7/4,22:45,1350,,83,,
2025/7/4,23:00,1350,,80,,
2025/7/4,23:15,1350,,77,,
2025/7/4,23:30,1350,,78,,
2025/7/4,23:45,1350,,83,,
2025/7/5,00:00,1350,,77,,
2025/7/5,00:15,1350,,,,77
2025/7/5,00:30,1350,,,,80
2025/7/5,00:45,1350,,,,86
2025/7/5,01:00,1350,,,,80
2025/7/5,01:15,1350,,,,77
2025/7/5,01:30,1350,,,,78
2025/7/5,01:45,1350,,,,83
2025/7/5,02:00,1350,,,,82
2025/7/5,02:15,1350,,,,80
2025/7/5,02:30,1350,,,,78
2025/7/5,02:45,1350,,,,99
2025/7/5,03:00,1350,,,,80
2025/7/5,03:15,1350,,,,77
2025/7/5,03:30,1350,,,,78
2025/7/5,03:45,1350,,,,82
2025/7/5,04:00,1350,,,,82
2025/7/5,04:15,1350,,,,77
2025/7/5,04:30,1350,,,,77
2025/7/5,04:45,1350,,,,82
2025/7/5,05:00,1350,,,,85
2025/7/5,05:15,1350,,,,80
2025/7/5,05:30,1350,,,,78
2025/7/5,05:45,1350,,,,78
2025/7/5,06:00,1350,,,,83
2025/7/5,06:15,1350,,,,79
2025/7/5,06:30,1350,,,,76
2025/7/5,06:45,1350,,,,81
2025/7/5,07:00,1350,,,,77
2025/7/5,07:15,1350,,,,63
2025/7/5,07:30,1350,,,,66
2025/7/5,07:45,1350,,,,72
2025/7/5,08:00,1350,,,,82
2025/7/5,08:15,1350,,,,137
2025/7/5,08:30,1350,,,,209
2025/7/5,08:45,1350,,,,218
2025/7/5,09:00,1350,,,266,
2025/7/5,09:15,1350,,,227,
2025/7/5,09:30,1350,,,242,
2025/7/5,09:45,1350,,,235,
2025/7/5,10:00,1350,,,205,
2025/7/5,10:15,1350,,,246,
2025/7/5,10:30,1350,,,220,
2025/7/5,10:45,1350,,,242,
2025/7/5,11:00,1350,,,174,
2025/7/5,11:15,1350,,,236,
2025/7/5,11:30,1350,,,197,
2025/7/5,11:45,1350,,,237,
2025/7/5,12:00,1350,,,219,
2025/7/5,12:15,1350,,,135,
2025/7/5,12:30,1350,,,131,
2025/7/5,12:45,1350,,,134,
2025/7/5,13:00,1350,,,241,
2025/7/5,13:15,1350,,,258,
2025/7/5,13:30,1350,,,202,
2025/7/5,13:45,1350,,,273,
2025/7/5,14:00,1350,,,213,
2025/7/5,14:15,1350,,,261,
2025/7/5,14:30,1350,,,225,
2025/7/5,14:45,1350,,,273,
2025/7/5,15:00,1350,,,173,
2025/7/5,15:15,1350,,,245,
2025/7/5,15:30,1350,,,230,
2025/7/5,15:45,1350,,,230,
2025/7/5,16:00,1350,,,161,
2025/7/5,16:15,1350,,,118,
2025/7/5,16:30,1350,,,116,
2025/7/5,16:45,1350,,,109,
2025/7/5,17:00,1350,,,99,
2025/7/5,17:15,1350,,,86,
2025/7/5,17:30,1350,,,81,
2025/7/5,17:45,1350,,,77,
2025/7/5,18:00,1350,,,78,
2025/7/5,18:15,1350,,,83,
2025/7/5,18:30,1350,,,80,
2025/7/5,18:45,1350,,,77,
2025/7/5,19:00,1350,,,75,
2025/7/5,19:15,1350,,,82,
2025/7/5,19:30,1350,,,90,
2025/7/5,19:45,1350,,,80,
2025/7/5,20:00,1350,,,80,
2025/7/5,20:15,1350,,,86,
2025/7/5,20:30,1350,,,82,
2025/7/5,20:45,1350,,,69,
2025/7/5,21:00,1350,,,64,
2025/7/5,21:15,1350,,,91,
2025/7/5,21:30,1350,,,107,
2025/7/5,21:45,1350,,,109,
2025/7/5,22:00,1350,,,107,
2025/7/5,22:15,1350,,,112,
2025/7/5,22:30,1350,,,110,
2025/7/5,22:45,1350,,,106,
2025/7/5,23:00,1350,,,109,
2025/7/5,23:15,1350,,,114,
2025/7/5,23:30,1350,,,102,
2025/7/5,23:45,1350,,,118,
2025/7/6,00:00,1350,,,112,
2025/7/6,00:15,1350,,,,106
2025/7/6,00:30,1350,,,,101
2025/7/6,00:45,1350,,,,112
2025/7/6,01:00,1350,,,,104
2025/7/6,01:15,1350,,,,104
2025/7/6,01:30,1350,,,,109
2025/7/6,01:45,1350,,,,101
2025/7/6,02:00,1350,,,,106
2025/7/6,02:15,1350,,,,112
2025/7/6,02:30,1350,,,,102
2025/7/6,02:45,1350,,,,104
2025/7/6,03:00,1350,,,,109
2025/7/6,03:15,1350,,,,101
2025/7/6,03:30,1350,,,,101
2025/7/6,03:45,1350,,,,109
2025/7/6,04:00,1350,,,,101
2025/7/6,04:15,1350,,,,101
2025/7/6,04:30,1350,,,,107
2025/7/6,04:45,1350,,,,102
2025/7/6,05:00,1350,,,,102
2025/7/6,05:15,1350,,,,110
2025/7/6,05:30,1350,,,,103
2025/7/6,05:45,1350,,,,90
2025/7/6,06:00,1350,,,,93
2025/7/6,06:15,1350,,,,100
2025/7/6,06:30,1350,,,,90
2025/7/6,06:45,1350,,,,97
2025/7/6,07:00,1350,,,,104
2025/7/6,07:15,1350,,,,98
2025/7/6,07:30,1350,,,,94
2025/7/6,07:45,1350,,,,92
2025/7/6,08:00,1350,,,,95
2025/7/6,08:15,1350,,,,66
2025/7/6,08:30,1350,,,,62
2025/7/6,08:45,1350,,,,63
2025/7/6,09:00,1350,,,,68
2025/7/6,09:15,1350,,,,64
2025/7/6,09:30,1350,,,,61
2025/7/6,09:45,1350,,,,61
2025/7/6,10:00,1350,,,,69
2025/7/6,10:15,1350,,,,61
2025/7/6,10:30,1350,,,,62
2025/7/6,10:45,1350,,,,76
2025/7/6,11:00,1350,,,,70
2025/7/6,11:15,1350,,,,62
2025/7/6,11:30,1350,,,,63
2025/7/6,11:45,1350,,,,68
2025/7/6,12:00,1350,,,,68
2025/7/6,12:15,1350,,,,60
2025/7/6,12:30,1350,,,,58
2025/7/6,12:45,1350,,,,65
2025/7/6,13:00,1350,,,,63
2025/7/6,13:15,1350,,,,64
2025/7/6,13:30,1350,,,,61
2025/7/6,13:45,1350,,,,66
2025/7/6,14:00,1350,,,,64
2025/7/6,14:15,1350,,,,61
2025/7/6,14:30,1350,,,,63
2025/7/6,14:45,1350,,,,67
2025/7/6,15:00,1350,,,,69
2025/7/6,15:15,1350,,,,63
2025/7/6,15:30,1350,,,,61
2025/7/6,15:45,1350,,,,64
2025/7/6,16:00,1350,,,,68
2025/7/6,16:15,1350,,,,61
2025/7/6,16:30,1350,,,,64
2025/7/6,16:45,1350,,,,63
2025/7/6,17:00,1350,,,,67
2025/7/6,17:15,1350,,,,62
2025/7/6,17:30,1350,,,,62
2025/7/6,17:45,1350,,,,61
2025/7/6,18:00,1350,,,,66
2025/7/6,18:15,1350,,,,58
2025/7/6,18:30,1350,,,,59
2025/7/6,18:45,1350,,,,57
2025/7/6,19:00,1350,,,,64
2025/7/6,19:15,1350,,,,61
2025/7/6,19:30,1350,,,,59
2025/7/6,19:45,1350,,,,74
2025/7/6,20:00,1350,,,,70
2025/7/6,20:15,1350,,,,58
2025/7/6,20:30,1350,,,,58
2025/7/6,20:45,1350,,,,56
2025/7/6,21:00,1350,,,,66
2025/7/6,21:15,1350,,,,59
2025/7/6,21:30,1350,,,,58
2025/7/6,21:45,1350,,,,58
2025/7/6,22:00,1350,,,,64
2025/7/6,22:15,1350,,,,56
2025/7/6,22:30,1350,,,,58
2025/7/6,22:45,1350,,,,64
2025/7/6,23:00,1350,,,,64
2025/7/6,23:15,1350,,,,61
2025/7/6,23:30,1350,,,,59
2025/7/6,23:45,1350,,,,62
2025/7/7,00:00,1350,,,,61
2025/7/7,00:15,1350,,,,58
2025/7/7,00:30,1350,,,,58
2025/7/7,00:45,1350,,,,61
2025/7/7,01:00,1350,,,,62
2025/7/7,01:15,1350,,,,56
2025/7/7,01:30,1350,,,,58
2025/7/7,01:45,1350,,,,64
2025/7/7,02:00,1350,,,,59
2025/7/7,02:15,1350,,,,59
2025/7/7,02:30,1350,,,,62
2025/7/7,02:45,1350,,,,62
2025/7/7,03:00,1350,,,,58
2025/7/7,03:15,1350,,,,58
2025/7/7,03:30,1350,,,,62
2025/7/7,03:45,1350,,,,58
2025/7/7,04:00,1350,,,,58
2025/7/7,04:15,1350,,,,64
2025/7/7,04:30,1350,,,,56
2025/7/7,04:45,1350,,,,56
2025/7/7,05:00,1350,,,,62
2025/7/7,05:15,1350,,,,77
2025/7/7,05:30,1350,,,,59
2025/7/7,05:45,1350,,,,58
2025/7/7,06:00,1350,,,,60
2025/7/7,06:15,1350,,,,58
2025/7/7,06:30,1350,,,,58
2025/7/7,06:45,1350,,,,73
2025/7/7,07:00,1350,,,,77
2025/7/7,07:15,1350,,,,99
2025/7/7,07:30,1350,,,,134
2025/7/7,07:45,1350,,,,162
2025/7/7,08:00,1350,,,,220
2025/7/7,08:15,1350,,,,346
2025/7/7,08:30,1350,,,,421
2025/7/7,08:45,1350,,,,545
2025/7/7,09:00,1350,,,,554
2025/7/7,09:15,1350,,561,,
2025/7/7,09:30,1350,,576,,
2025/7/7,09:45,1350,,567,,
2025/7/7,10:00,1350,,538,,
2025/7/7,10:15,1350,,532,,
2025/7/7,10:30,1350,,500,,
2025/7/7,10:45,1350,,505,,
2025/7/7,11:00,1350,,505,,
2025/7/7,11:15,1350,,576,,
2025/7/7,11:30,1350,,582,,
2025/7/7,11:45,1350,,605,,
2025/7/7,12:00,1350,,623,,
2025/7/7,12:15,1350,,610,,
2025/7/7,12:30,1350,,594,,
2025/7/7,12:45,1350,,590,,
2025/7/7,13:00,1350,,634,,
2025/7/7,13:15,1350,,653,,
2025/7/7,13:30,1350,,620,,
2025/7/7,13:45,1350,,609,,
2025/7/7,14:00,1350,,598,,
2025/7/7,14:15,1350,,568,,
2025/7/7,14:30,1350,,547,,
2025/7/7,14:45,1350,,486,,
2025/7/7,15:00,1350,,453,,
2025/7/7,15:15,1350,,448,,
2025/7/7,15:30,1350,,446,,
2025/7/7,15:45,1350,,420,,
2025/7/7,16:00,1350,,425,,
2025/7/7,16:15,1350,405,,,
2025/7/7,16:30,1350,417,,,
2025/7/7,16:45,1350,397,,,
2025/7/7,17:00,1350,316,,,
2025/7/7,17:15,1350,343,,,
2025/7/7,17:30,1350,418,,,
2025/7/7,17:45,1350,413,,,
2025/7/7,18:00,1350,365,,,
2025/7/7,18:15,1350,410,,,
2025/7/7,18:30,1350,400,,,
2025/7/7,18:45,1350,389,,,
2025/7/7,19:00,1350,412,,,
2025/7/7,19:15,1350,381,,,
2025/7/7,19:30,1350,339,,,
2025/7/7,19:45,1350,341,,,
2025/7/7,20:00,1350,336,,,
2025/7/7,20:15,1350,323,,,
2025/7/7,20:30,1350,349,,,
2025/7/7,20:45,1350,341,,,
2025/7/7,21:00,1350,336,,,
2025/7/7,21:15,1350,368,,,
2025/7/7,21:30,1350,347,,,
2025/7/7,21:45,1350,394,,,
2025/7/7,22:00,1350,416,,,
2025/7/7,22:15,1350,,378,,
2025/7/7,22:30,1350,,445,,
2025/7/7,22:45,1350,,450,,
2025/7/7,23:00,1350,,480,,
2025/7/7,23:15,1350,,467,,
2025/7/7,23:30,1350,,338,,
2025/7/7,23:45,1350,,363,,
2025/7/8,00:00,1350,,331,,
2025/7/8,00:15,1350,,,,357
2025/7/8,00:30,1350,,,,395
2025/7/8,00:45,1350,,,,445
2025/7/8,01:00,1350,,,,470
2025/7/8,01:15,1350,,,,478
2025/7/8,01:30,1350,,,,482
2025/7/8,01:45,1350,,,,470
2025/7/8,02:00,1350,,,,474
2025/7/8,02:15,1350,,,,472
2025/7/8,02:30,1350,,,,475
2025/7/8,02:45,1350,,,,478
2025/7/8,03:00,1350,,,,469
2025/7/8,03:15,1350,,,,432
2025/7/8,03:30,1350,,,,440
2025/7/8,03:45,1350,,,,429
2025/7/8,04:00,1350,,,,411
2025/7/8,04:15,1350,,,,389
2025/7/8,04:30,1350,,,,365
2025/7/8,04:45,1350,,,,331
2025/7/8,05:00,1350,,,,293
2025/7/8,05:15,1350,,,,266
2025/7/8,05:30,1350,,,,234
2025/7/8,05:45,1350,,,,193
2025/7/8,06:00,1350,,,,180
2025/7/8,06:15,1350,,,,178
2025/7/8,06:30,1350,,,,181
2025/7/8,06:45,1350,,,,219
2025/7/8,07:00,1350,,,,219
2025/7/8,07:15,1350,,,,253
2025/7/8,07:30,1350,,,,315
2025/7/8,07:45,1350,,,,334
2025/7/8,08:00,1350,,,,422
2025/7/8,08:15,1350,,,,725
2025/7/8,08:30,1350,,,,1002
2025/7/8,08:45,1350,,,,1057
2025/7/8,09:00,1350,,,,1096
2025/7/8,09:15,1350,,1088,,
2025/7/8,09:30,1350,,1028,,
2025/7/8,09:45,1350,,1197,,
2025/7/8,10:00,1350,,1183,,
2025/7/8,10:15,1350,,1220,,
2025/7/8,10:30,1350,,1274,,
2025/7/8,10:45,1350,,1132,,
2025/7/8,11:00,1350,,1031,,
2025/7/8,11:15,1350,,1120,,
2025/7/8,11:30,1350,,1020,,
2025/7/8,11:45,1350,,910,,
2025/7/8,12:00,1350,,770,,
2025/7/8,12:15,1350,,496,,
2025/7/8,12:30,1350,,454,,
2025/7/8,12:45,1350,,452,,
2025/7/8,13:00,1350,,698,,
2025/7/8,13:15,1350,,934,,
2025/7/8,13:30,1350,,945,,
2025/7/8,13:45,1350,,903,,
2025/7/8,14:00,1350,,801,,
2025/7/8,14:15,1350,,711,,
2025/7/8,14:30,1350,,917,,
2025/7/8,14:45,1350,,895,,
2025/7/8,15:00,1350,,844,,
2025/7/8,15:15,1350,,893,,
2025/7/8,15:30,1350,,916,,
2025/7/8,15:45,1350,,896,,
2025/7/8,16:00,1350,,899,,
2025/7/8,16:15,1350,577,,,
2025/7/8,16:30,1350,546,,,
2025/7/8,16:45,1350,582,,,
2025/7/8,17:00,1350,384,,,
2025/7/8,17:15,1350,300,,,
2025/7/8,17:30,1350,273,,,
2025/7/8,17:45,1350,314,,,
2025/7/8,18:00,1350,397,,,
2025/7/8,18:15,1350,338,,,
2025/7/8,18:30,1350,386,,,
2025/7/8,18:45,1350,341,,,
2025/7/8,19:00,1350,350,,,
2025/7/8,19:15,1350,314,,,
2025/7/8,19:30,1350,261,,,
2025/7/8,19:45,1350,170,,,
2025/7/8,20:00,1350,154,,,
2025/7/8,20:15,1350,154,,,
2025/7/8,20:30,1350,152,,,
2025/7/8,20:45,1350,157,,,
2025/7/8,21:00,1350,149,,,
2025/7/8,21:15,1350,149,,,
2025/7/8,21:30,1350,144,,,
2025/7/8,21:45,1350,142,,,
2025/7/8,22:00,1350,165,,,
2025/7/8,22:15,1350,,341,,
2025/7/8,22:30,1350,,478,,
2025/7/8,22:45,1350,,429,,
2025/7/8,23:00,1350,,501,,
2025/7/8,23:15,1350,,477,,
2025/7/8,23:30,1350,,496,,
2025/7/8,23:45,1350,,518,,
2025/7/9,00:00,1350,,507,,
2025/7/9,00:15,1350,,,,531
2025/7/9,00:30,1350,,,,517
2025/7/9,00:45,1350,,,,560
2025/7/9,01:00,1350,,,,446
2025/7/9,01:15,1350,,,,446
2025/7/9,01:30,1350,,,,442
2025/7/9,01:45,1350,,,,430
2025/7/9,02:00,1350,,,,416
2025/7/9,02:15,1350,,,,398
2025/7/9,02:30,1350,,,,395
2025/7/9,02:45,1350,,,,398
2025/7/9,03:00,1350,,,,379
2025/7/9,03:15,1350,,,,358
2025/7/9,03:30,1350,,,,322
2025/7/9,03:45,1350,,,,280
2025/7/9,04:00,1350,,,,248
2025/7/9,04:15,1350,,,,190
2025/7/9,04:30,1350,,,,181
2025/7/9,04:45,1350,,,,174
2025/7/9,05:00,1350,,,,174
2025/7/9,05:15,1350,,,,173
2025/7/9,05:30,1350,,,,165
2025/7/9,05:45,1350,,,,157
2025/7/9,06:00,1350,,,,150
2025/7/9,06:15,1350,,,,147
2025/7/9,06:30,1350,,,,146
2025/7/9,06:45,1350,,,,149
2025/7/9,07:00,1350,,,,149
2025/7/9,07:15,1350,,,,178
2025/7/9,07:30,1350,,,,216
2025/7/9,07:45,1350,,,,221
2025/7/9,08:00,1350,,,,309
2025/7/9,08:15,1350,,,,560
2025/7/9,08:30,1350,,,,810
2025/7/9,08:45,1350,,,,760
2025/7/9,09:00,1350,,,,870
2025/7/9,09:15,1350,,957,,
2025/7/9,09:30,1350,,924,,
2025/7/9,09:45,1350,,889,,
2025/7/9,10:00,1350,,880,,
2025/7/9,10:15,1350,,863,,
2025/7/9,10:30,1350,,886,,
2025/7/9,10:45,1350,,1132,,
2025/7/9,11:00,1350,,1085,,
2025/7/9,11:15,1350,,1119,,
2025/7/9,11:30,1350,,1126,,
2025/7/9,11:45,1350,,1123,,
2025/7/9,12:00,1350,,960,,
2025/7/9,12:15,1350,,633,,
2025/7/9,12:30,1350,,632,,
2025/7/9,12:45,1350,,656,,
2025/7/9,13:00,1350,,953,,
2025/7/9,13:15,1350,,1058,,
2025/7/9,13:30,1350,,1006,,
2025/7/9,13:45,1350,,961,,
2025/7/9,14:00,1350,,978,,
2025/7/9,14:15,1350,,1020,,
2025/7/9,14:30,1350,,1007,,
2025/7/9,14:45,1350,,1019,,
2025/7/9,15:00,1350,,909,,
2025/7/9,15:15,1350,,928,,
2025/7/9,15:30,1350,,910,,
2025/7/9,15:45,1350,,897,,
2025/7/9,16:00,1350,,851,,
2025/7/9,16:15,1350,699,,,
2025/7/9,16:30,1350,612,,,
2025/7/9,16:45,1350,561,,,
2025/7/9,17:00,1350,382,,,
2025/7/9,17:15,1350,345,,,
2025/7/9,17:30,1350,334,,,
2025/7/9,17:45,1350,330,,,
2025/7/9,18:00,1350,353,,,
2025/7/9,18:15,1350,366,,,
2025/7/9,18:30,1350,387,,,
2025/7/9,18:45,1350,403,,,
2025/7/9,19:00,1350,400,,,
2025/7/9,19:15,1350,390,,,
2025/7/9,19:30,1350,304,,,
2025/7/9,19:45,1350,306,,,
2025/7/9,20:00,1350,291,,,
2025/7/9,20:15,1350,294,,,
2025/7/9,20:30,1350,267,,,
2025/7/9,20:45,1350,232,,,
2025/7/9,21:00,1350,173,,,
2025/7/9,21:15,1350,152,,,
2025/7/9,21:30,1350,141,,,
2025/7/9,21:45,1350,139,,,
2025/7/9,22:00,1350,163,,,
2025/7/9,22:15,1350,,318,,
2025/7/9,22:30,1350,,379,,
2025/7/9,22:45,1350,,360,,
2025/7/9,23:00,1350,,410,,
2025/7/9,23:15,1350,,384,,
2025/7/9,23:30,1350,,414,,
2025/7/9,23:45,1350,,430,,
2025/7/10,00:00,1350,,424,,
2025/7/10,00:15,1350,,,,454
2025/7/10,00:30,1350,,,,429
2025/7/10,00:45,1350,,,,443
2025/7/10,01:00,1350,,,,464
2025/7/10,01:15,1350,,,,430
2025/7/10,01:30,1350,,,,470
2025/7/10,01:45,1350,,,,354
2025/7/10,02:00,1350,,,,264
2025/7/10,02:15,1350,,,,254
2025/7/10,02:30,1350,,,,243
2025/7/10,02:45,1350,,,,230
2025/7/10,03:00,1350,,,,264
2025/7/10,03:15,1350,,,,259
2025/7/10,03:30,1350,,,,232
2025/7/10,03:45,1350,,,,189
2025/7/10,04:00,1350,,,,189
2025/7/10,04:15,1350,,,,182
2025/7/10,04:30,1350,,,,186
2025/7/10,04:45,1350,,,,184
2025/7/10,05:00,1350,,,,187
2025/7/10,05:15,1350,,,,190
2025/7/10,05:30,1350,,,,147
2025/7/10,05:45,1350,,,,134
2025/7/10,06:00,1350,,,,127
2025/7/10,06:15,1350,,,,129
2025/7/10,06:30,1350,,,,132
2025/7/10,06:45,1350,,,,128
2025/7/10,07:00,1350,,,,115
2025/7/10,07:15,1350,,,,162
2025/7/10,07:30,1350,,,,204
2025/7/10,07:45,1350,,,,229
2025/7/10,08:00,1350,,,,304
2025/7/10,08:15,1350,,,,584
2025/7/10,08:30,1350,,,,808
2025/7/10,08:45,1350,,,,824
2025/7/10,09:00,1350,,,,846
2025/7/10,09:15,1350,,907,,
2025/7/10,09:30,1350,,984,,
2025/7/10,09:45,1350,,896,,
2025/7/10,10:00,1350,,932,,
2025/7/10,10:15,1350,,955,,
2025/7/10,10:30,1350,,907,,
2025/7/10,10:45,1350,,967,,
2025/7/10,11:00,1350,,1072,,
2025/7/10,11:15,1350,,1158,,
2025/7/10,11:30,1350,,1243,,
2025/7/10,11:45,1350,,1187,,
2025/7/10,12:00,1350,,1011,,
2025/7/10,12:15,1350,,742,,
2025/7/10,12:30,1350,,672,,
2025/7/10,12:45,1350,,652,,
2025/7/10,13:00,1350,,921,,
2025/7/10,13:15,1350,,1066,,
2025/7/10,13:30,1350,,1073,,
2025/7/10,13:45,1350,,1056,,
2025/7/10,14:00,1350,,1046,,
2025/7/10,14:15,1350,,1073,,
2025/7/10,14:30,1350,,1072,,
2025/7/10,14:45,1350,,1069,,
2025/7/10,15:00,1350,,902,,
2025/7/10,15:15,1350,,950,,
2025/7/10,15:30,1350,,1020,,
2025/7/10,15:45,1350,,1010,,
2025/7/10,16:00,1350,,867,,
2025/7/10,16:15,1350,631,,,
2025/7/10,16:30,1350,605,,,
2025/7/10,16:45,1350,663,,,
2025/7/10,17:00,1350,564,,,
2025/7/10,17:15,1350,516,,,
2025/7/10,17:30,1350,547,,,
2025/7/10,17:45,1350,649,,,
2025/7/10,18:00,1350,700,,,
2025/7/10,18:15,1350,595,,,
2025/7/10,18:30,1350,582,,,
2025/7/10,18:45,1350,464,,,
2025/7/10,19:00,1350,405,,,
2025/7/10,19:15,1350,304,,,
2025/7/10,19:30,1350,222,,,
2025/7/10,19:45,1350,186,,,
2025/7/10,20:00,1350,165,,,
2025/7/10,20:15,1350,147,,,
2025/7/10,20:30,1350,163,,,
2025/7/10,20:45,1350,184,,,
2025/7/10,21:00,1350,182,,,
2025/7/10,21:15,1350,181,,,
2025/7/10,21:30,1350,181,,,
2025/7/10,21:45,1350,165,,,
2025/7/10,22:00,1350,168,,,
2025/7/10,22:15,1350,,270,,
2025/7/10,22:30,1350,,354,,
2025/7/10,22:45,1350,,312,,
2025/7/10,23:00,1350,,341,,
2025/7/10,23:15,1350,,296,,
2025/7/10,23:30,1350,,285,,
2025/7/10,23:45,1350,,322,,
2025/7/11,00:00,1350,,285,,
2025/7/11,00:15,1350,,,,328
2025/7/11,00:30,1350,,,,296
2025/7/11,00:45,1350,,,,310
2025/7/11,01:00,1350,,,,326
2025/7/11,01:15,1350,,,,222
2025/7/11,01:30,1350,,,,131
2025/7/11,01:45,1350,,,,109
2025/7/11,02:00,1350,,,,104
2025/7/11,02:15,1350,,,,101
2025/7/11,02:30,1350,,,,99
2025/7/11,02:45,1350,,,,96
2025/7/11,03:00,1350,,,,94
2025/7/11,03:15,1350,,,,94
2025/7/11,03:30,1350,,,,96
2025/7/11,03:45,1350,,,,83
2025/7/11,04:00,1350,,,,83
2025/7/11,04:15,1350,,,,83
2025/7/11,04:30,1350,,,,80
2025/7/11,04:45,1350,,,,83
2025/7/11,05:00,1350,,,,83
2025/7/11,05:15,1350,,,,77
2025/7/11,05:30,1350,,,,68
2025/7/11,05:45,1350,,,,69
2025/7/11,06:00,1350,,,,69
2025/7/11,06:15,1350,,,,71
2025/7/11,06:30,1350,,,,68
2025/7/11,06:45,1350,,,,76
2025/7/11,07:00,1350,,,,76
2025/7/11,07:15,1350,,,,78
2025/7/11,07:30,1350,,,,110
2025/7/11,07:45,1350,,,,117
2025/7/11,08:00,1350,,,,179
2025/7/11,08:15,1350,,,,232
2025/7/11,08:30,1350,,,,336
2025/7/11,08:45,1350,,,,337
2025/7/11,09:00,1350,,,,308
2025/7/11,09:15,1350,,317,,
2025/7/11,09:30,1350,,353,,
2025/7/11,09:45,1350,,323,,
2025/7/11,10:00,1350,,288,,
2025/7/11,10:15,1350,,334,,
2025/7/11,10:30,1350,,450,,
2025/7/11,10:45,1350,,473,,
2025/7/11,11:00,1350,,489,,
2025/7/11,11:15,1350,,511,,
2025/7/11,11:30,1350,,526,,
2025/7/11,11:45,1350,,502,,
2025/7/11,12:00,1350,,464,,
2025/7/11,12:15,1350,,404,,
2025/7/11,12:30,1350,,329,,
2025/7/11,12:45,1350,,322,,
2025/7/11,13:00,1350,,401,,
2025/7/11,13:15,1350,,436,,
2025/7/11,13:30,1350,,460,,
2025/7/11,13:45,1350,,471,,
2025/7/11,14:00,1350,,547,,
2025/7/11,14:15,1350,,499,,
2025/7/11,14:30,1350,,551,,
2025/7/11,14:45,1350,,464,,
2025/7/11,15:00,1350,,398,,
2025/7/11,15:15,1350,,399,,
2025/7/11,15:30,1350,,385,,
2025/7/11,15:45,1350,,382,,
2025/7/11,16:00,1350,,366,,
2025/7/11,16:15,1350,371,,,
2025/7/11,16:30,1350,406,,,
2025/7/11,16:45,1350,390,,,
2025/7/11,17:00,1350,449,,,
2025/7/11,17:15,1350,381,,,
2025/7/11,17:30,1350,355,,,
2025/7/11,17:45,1350,321,,,
2025/7/11,18:00,1350,296,,,
2025/7/11,18:15,1350,238,,,
2025/7/11,18:30,1350,214,,,
2025/7/11,18:45,1350,186,,,
2025/7/11,19:00,1350,182,,,
2025/7/11,19:15,1350,178,,,
2025/7/11,19:30,1350,133,,,
2025/7/11,19:45,1350,117,,,
2025/7/11,20:00,1350,117,,,
2025/7/11,20:15,1350,114,,,
2025/7/11,20:30,1350,107,,,
2025/7/11,20:45,1350,107,,,
2025/7/11,21:00,1350,99,,,
2025/7/11,21:15,1350,96,,,
2025/7/11,21:30,1350,94,,,
2025/7/11,21:45,1350,101,,,
2025/7/11,22:00,1350,99,,,
2025/7/11,22:15,1350,,96,,
2025/7/11,22:30,1350,,94,,
2025/7/11,22:45,1350,,102,,
2025/7/11,23:00,1350,,99,,
2025/7/11,23:15,1350,,98,,
2025/7/11,23:30,1350,,93,,
2025/7/11,23:45,1350,,99,,
2025/7/12,00:00,1350,,99,,
2025/7/12,00:15,1350,,,,93
2025/7/12,00:30,1350,,,,91
2025/7/12,00:45,1350,,,,101
2025/7/12,01:00,1350,,,,80
2025/7/12,01:15,1350,,,,72
2025/7/12,01:30,1350,,,,72
2025/7/12,01:45,1350,,,,67
2025/7/12,02:00,1350,,,,58
2025/7/12,02:15,1350,,,,53
2025/7/12,02:30,1350,,,,51
2025/7/12,02:45,1350,,,,58
2025/7/12,03:00,1350,,,,56
2025/7/12,03:15,1350,,,,51
2025/7/12,03:30,1350,,,,51
2025/7/12,03:45,1350,,,,58
2025/7/12,04:00,1350,,,,54
2025/7/12,04:15,1350,,,,51
2025/7/12,04:30,1350,,,,51
2025/7/12,04:45,1350,,,,59
2025/7/12,05:00,1350,,,,56
2025/7/12,05:15,1350,,,,56
2025/7/12,05:30,1350,,,,51
2025/7/12,05:45,1350,,,,58
2025/7/12,06:00,1350,,,,52
2025/7/12,06:15,1350,,,,52
2025/7/12,06:30,1350,,,,55
2025/7/12,06:45,1350,,,,63
2025/7/12,07:00,1350,,,,60
2025/7/12,07:15,1350,,,,65
2025/7/12,07:30,1350,,,,76
2025/7/12,07:45,1350,,,,81
2025/7/12,08:00,1350,,,,107
2025/7/12,08:15,1350,,,,105
2025/7/12,08:30,1350,,,,101
2025/7/12,08:45,1350,,,,98
2025/7/12,09:00,1350,,,134,
2025/7/12,09:15,1350,,,132,
2025/7/12,09:30,1350,,,108,
2025/7/12,09:45,1350,,,106,
2025/7/12,10:00,1350,,,114,
2025/7/12,10:15,1350,,,115,
2025/7/12,10:30,1350,,,120,
2025/7/12,10:45,1350,,,118,
2025/7/12,11:00,1350,,,121,
2025/7/12,11:15,1350,,,148,
2025/7/12,11:30,1350,,,108,
2025/7/12,11:45,1350,,,113,
2025/7/12,12:00,1350,,,109,
2025/7/12,12:15,1350,,,112,
2025/7/12,12:30,1350,,,108,
2025/7/12,12:45,1350,,,113,
2025/7/12,13:00,1350,,,163,
2025/7/12,13:15,1350,,,179,
2025/7/12,13:30,1350,,,144,
2025/7/12,13:45,1350,,,141,
2025/7/12,14:00,1350,,,152,
2025/7/12,14:15,1350,,,155,
2025/7/12,14:30,1350,,,147,
2025/7/12,14:45,1350,,,151,
2025/7/12,15:00,1350,,,141,
2025/7/12,15:15,1350,,,133,
2025/7/12,15:30,1350,,,124,
2025/7/12,15:45,1350,,,116,
2025/7/12,16:00,1350,,,104,
2025/7/12,16:15,1350,,,107,
2025/7/12,16:30,1350,,,122,
2025/7/12,16:45,1350,,,99,
2025/7/12,17:00,1350,,,68,
2025/7/12,17:15,1350,,,69,
2025/7/12,17:30,1350,,,68,
2025/7/12,17:45,1350,,,61,
2025/7/12,18:00,1350,,,62,
2025/7/12,18:15,1350,,,65,
2025/7/12,18:30,1350,,,65,
2025/7/12,18:45,1350,,,62,
2025/7/12,19:00,1350,,,66,
2025/7/12,19:15,1350,,,61,
2025/7/12,19:30,1350,,,61,
2025/7/12,19:45,1350,,,64,
2025/7/12,20:00,1350,,,67,
2025/7/12,20:15,1350,,,64,
2025/7/12,20:30,1350,,,66,
2025/7/12,20:45,1350,,,66,
2025/7/12,21:00,1350,,,54,
2025/7/12,21:15,1350,,,46,
2025/7/12,21:30,1350,,,50,
2025/7/12,21:45,1350,,,46,
2025/7/12,22:00,1350,,,46,
2025/7/12,22:15,1350,,,48,
2025/7/12,22:30,1350,,,48,
2025/7/12,22:45,1350,,,50,
2025/7/12,23:00,1350,,,50,
2025/7/12,23:15,1350,,,50,
2025/7/12,23:30,1350,,,48,
2025/7/12,23:45,1350,,,46,
2025/7/13,00:00,1350,,,46,
2025/7/13,00:15,1350,,,,48
2025/7/13,00:30,1350,,,,46
2025/7/13,00:45,1350,,,,48
2025/7/13,01:00,1350,,,,46
2025/7/13,01:15,1350,,,,48
2025/7/13,01:30,1350,,,,46
2025/7/13,01:45,1350,,,,45
2025/7/13,02:00,1350,,,,48
2025/7/13,02:15,1350,,,,50
2025/7/13,02:30,1350,,,,48
2025/7/13,02:45,1350,,,,46
2025/7/13,03:00,1350,,,,46
2025/7/13,03:15,1350,,,,48
2025/7/13,03:30,1350,,,,48
2025/7/13,03:45,1350,,,,46
2025/7/13,04:00,1350,,,,46
2025/7/13,04:15,1350,,,,46
2025/7/13,04:30,1350,,,,46
2025/7/13,04:45,1350,,,,48
2025/7/13,05:00,1350,,,,50
2025/7/13,05:15,1350,,,,48
2025/7/13,05:30,1350,,,,48
2025/7/13,05:45,1350,,,,44
2025/7/13,06:00,1350,,,,47
2025/7/13,06:15,1350,,,,43
2025/7/13,06:30,1350,,,,47
2025/7/13,06:45,1350,,,,50
2025/7/13,07:00,1350,,,,52
2025/7/13,07:15,1350,,,,48
2025/7/13,07:30,1350,,,,49
2025/7/13,07:45,1350,,,,48
2025/7/13,08:00,1350,,,,50
2025/7/13,08:15,1350,,,,58
2025/7/13,08:30,1350,,,,58
2025/7/13,08:45,1350,,,,60
2025/7/13,09:00,1350,,,,57
2025/7/13,09:15,1350,,,,58
2025/7/13,09:30,1350,,,,56
2025/7/13,09:45,1350,,,,58
2025/7/13,10:00,1350,,,,58
2025/7/13,10:15,1350,,,,59
2025/7/13,10:30,1350,,,,59
2025/7/13,10:45,1350,,,,57
2025/7/13,11:00,1350,,,,59
2025/7/13,11:15,1350,,,,64
2025/7/13,11:30,1350,,,,66
2025/7/13,11:45,1350,,,,65
2025/7/13,12:00,1350,,,,65
2025/7/13,12:15,1350,,,,66
2025/7/13,12:30,1350,,,,60
2025/7/13,12:45,1350,,,,60
2025/7/13,13:00,1350,,,,60
2025/7/13,13:15,1350,,,,62
2025/7/13,13:30,1350,,,,59
2025/7/13,13:45,1350,,,,59
2025/7/13,14:00,1350,,,,61
2025/7/13,14:15,1350,,,,62
2025/7/13,14:30,1350,,,,62
2025/7/13,14:45,1350,,,,64
2025/7/13,15:00,1350,,,,62
2025/7/13,15:15,1350,,,,61
2025/7/13,15:30,1350,,,,63
2025/7/13,15:45,1350,,,,61
2025/7/13,16:00,1350,,,,60
2025/7/13,16:15,1350,,,,65
2025/7/13,16:30,1350,,,,63
2025/7/13,16:45,1350,,,,58
2025/7/13,17:00,1350,,,,57
2025/7/13,17:15,1350,,,,57
2025/7/13,17:30,1350,,,,58
2025/7/13,17:45,1350,,,,55
2025/7/13,18:00,1350,,,,51
2025/7/13,18:15,1350,,,,50
2025/7/13,18:30,1350,,,,50
2025/7/13,18:45,1350,,,,52
2025/7/13,19:00,1350,,,,50
2025/7/13,19:15,1350,,,,51
2025/7/13,19:30,1350,,,,50
2025/7/13,19:45,1350,,,,51
2025/7/13,20:00,1350,,,,53
2025/7/13,20:15,1350,,,,51
2025/7/13,20:30,1350,,,,48
2025/7/13,20:45,1350,,,,51
2025/7/13,21:00,1350,,,,48
2025/7/13,21:15,1350,,,,50
2025/7/13,21:30,1350,,,,48
2025/7/13,21:45,1350,,,,53
2025/7/13,22:00,1350,,,,50
2025/7/13,22:15,1350,,,,48
2025/7/13,22:30,1350,,,,48
2025/7/13,22:45,1350,,,,51
2025/7/13,23:00,1350,,,,54
2025/7/13,23:15,1350,,,,54
2025/7/13,23:30,1350,,,,48
2025/7/13,23:45,1350,,,,50
2025/7/14,00:00,1350,,,,45
2025/7/14,00:15,1350,,,,50
2025/7/14,00:30,1350,,,,51
2025/7/14,00:45,1350,,,,56
2025/7/14,01:00,1350,,,,56
2025/7/14,01:15,1350,,,,56
2025/7/14,01:30,1350,,,,53
2025/7/14,01:45,1350,,,,54
2025/7/14,02:00,1350,,,,56
2025/7/14,02:15,1350,,,,64
2025/7/14,02:30,1350,,,,59
2025/7/14,02:45,1350,,,,53
2025/7/14,03:00,1350,,,,51
2025/7/14,03:15,1350,,,,54
2025/7/14,03:30,1350,,,,56
2025/7/14,03:45,1350,,,,50
2025/7/14,04:00,1350,,,,50
2025/7/14,04:15,1350,,,,51
2025/7/14,04:30,1350,,,,56
2025/7/14,04:45,1350,,,,48
2025/7/14,05:00,1350,,,,51
2025/7/14,05:15,1350,,,,96
2025/7/14,05:30,1350,,,,61
2025/7/14,05:45,1350,,,,52
2025/7/14,06:00,1350,,,,46
2025/7/14,06:15,1350,,,,48
2025/7/14,06:30,1350,,,,56
2025/7/14,06:45,1350,,,,70
2025/7/14,07:00,1350,,,,98
2025/7/14,07:15,1350,,,,176
2025/7/14,07:30,1350,,,,294
2025/7/14,07:45,1350,,,,320
2025/7/14,08:00,1350,,,,405
2025/7/14,08:15,1350,,,,887
2025/7/14,08:30,1350,,,,1119
2025/7/14,08:45,1350,,,,1146
2025/7/14,09:00,1350,,,,1158
2025/7/14,09:15,1350,,1068,,
2025/7/14,09:30,1350,,1042,,
2025/7/14,09:45,1350,,1166,,
2025/7/14,10:00,1350,,1044,,
2025/7/14,10:15,1350,,1073,,
2025/7/14,10:30,1350,,1274,,
2025/7/14,10:45,1350,,1333,,
2025/7/14,11:00,1350,,1352,,
2025/7/14,11:15,1350,,1231,,
2025/7/14,11:30,1350,,1248,,
2025/7/14,11:45,1350,,1392,,
2025/7/14,12:00,1350,,1235,,
2025/7/14,12:15,1350,,874,,
2025/7/14,12:30,1350,,886,,
2025/7/14,12:45,1350,,925,,
2025/7/14,13:00,1350,,1350,,
2025/7/14,13:15,1350,,1319,,
2025/7/14,13:30,1350,,1263,,
2025/7/14,13:45,1350,,1163,,
2025/7/14,14:00,1350,,1048,,
2025/7/14,14:15,1350,,1121,,
2025/7/14,14:30,1350,,1112,,
2025/7/14,14:45,1350,,1051,,
2025/7/14,15:00,1350,,891,,
2025/7/14,15:15,1350,,1019,,
2025/7/14,15:30,1350,,1082,,
2025/7/14,15:45,1350,,1115,,
2025/7/14,16:00,1350,,1068,,
2025/7/14,16:15,1350,715,,,
2025/7/14,16:30,1350,663,,,
2025/7/14,16:45,1350,684,,,
2025/7/14,17:00,1350,482,,,
2025/7/14,17:15,1350,351,,,
2025/7/14,17:30,1350,298,,,
2025/7/14,17:45,1350,349,,,
2025/7/14,18:00,1350,329,,,
2025/7/14,18:15,1350,338,,,
2025/7/14,18:30,1350,405,,,
2025/7/14,18:45,1350,385,,,
2025/7/14,19:00,1350,397,,,
2025/7/14,19:15,1350,411,,,
2025/7/14,19:30,1350,299,,,
2025/7/14,19:45,1350,163,,,
2025/7/14,20:00,1350,163,,,
2025/7/14,20:15,1350,168,,,
2025/7/14,20:30,1350,160,,,
2025/7/14,20:45,1350,160,,,
2025/7/14,21:00,1350,163,,,
2025/7/14,21:15,1350,150,,,
2025/7/14,21:30,1350,149,,,
2025/7/14,21:45,1350,165,,,
2025/7/14,22:00,1350,221,,,
2025/7/14,22:15,1350,,307,,
2025/7/14,22:30,1350,,461,,
2025/7/14,22:45,1350,,422,,
2025/7/14,23:00,1350,,483,,
2025/7/14,23:15,1350,,451,,
2025/7/14,23:30,1350,,526,,
2025/7/14,23:45,1350,,531,,
2025/7/15,00:00,1350,,526,,
2025/7/15,00:15,1350,,,,563
2025/7/15,00:30,1350,,,,405
2025/7/15,00:45,1350,,,,374
2025/7/15,01:00,1350,,,,358
2025/7/15,01:15,1350,,,,328
2025/7/15,01:30,1350,,,,317
2025/7/15,01:45,1350,,,,296
2025/7/15,02:00,1350,,,,293
2025/7/15,02:15,1350,,,,286
2025/7/15,02:30,1350,,,,262
2025/7/15,02:45,1350,,,,242
2025/7/15,03:00,1350,,,,240
2025/7/15,03:15,1350,,,,219
2025/7/15,03:30,1350,,,,200
2025/7/15,03:45,1350,,,,181
2025/7/15,04:00,1350,,,,179
2025/7/15,04:15,1350,,,,181
2025/7/15,04:30,1350,,,,182
2025/7/15,04:45,1350,,,,208
2025/7/15,05:00,1350,,,,216
2025/7/15,05:15,1350,,,,208
2025/7/15,05:30,1350,,,,205
2025/7/15,05:45,1350,,,,170
2025/7/15,06:00,1350,,,,163
2025/7/15,06:15,1350,,,,158
2025/7/15,06:30,1350,,,,152
2025/7/15,06:45,1350,,,,145
2025/7/15,07:00,1350,,,,153
2025/7/15,07:15,1350,,,,199
2025/7/15,07:30,1350,,,,232
2025/7/15,07:45,1350,,,,264
2025/7/15,08:00,1350,,,,324
2025/7/15,08:15,1350,,,,626
2025/7/15,08:30,1350,,,,888
2025/7/15,08:45,1350,,,,964
2025/7/15,09:00,1350,,,,1009
2025/7/15,09:15,1350,,990,,
2025/7/15,09:30,1350,,1032,,
2025/7/15,09:45,1350,,1042,,
2025/7/15,10:00,1350,,944,,
2025/7/15,10:15,1350,,1014,,
2025/7/15,10:30,1350,,1049,,
2025/7/15,10:45,1350,,1102,,
2025/7/15,11:00,1350,,1065,,
2025/7/15,11:15,1350,,1067,,
2025/7/15,11:30,1350,,1072,,
2025/7/15,11:45,1350,,1179,,
2025/7/15,12:00,1350,,1053,,
2025/7/15,12:15,1350,,662,,
2025/7/15,12:30,1350,,687,,
2025/7/15,12:45,1350,,745,,
2025/7/15,13:00,1350,,1158,,
2025/7/15,13:15,1350,,1235,,
2025/7/15,13:30,1350,,1226,,
2025/7/15,13:45,1350,,1176,,
2025/7/15,14:00,1350,,1164,,
2025/7/15,14:15,1350,,1157,,
2025/7/15,14:30,1350,,1192,,
2025/7/15,14:45,1350,,1133,,
2025/7/15,15:00,1350,,1027,,
2025/7/15,15:15,1350,,1075,,
2025/7/15,15:30,1350,,1046,,
2025/7/15,15:45,1350,,896,,
2025/7/15,16:00,1350,,729,,
2025/7/15,16:15,1350,580,,,
2025/7/15,16:30,1350,590,,,
2025/7/15,16:45,1350,496,,,
2025/7/15,17:00,1350,440,,,
2025/7/15,17:15,1350,360,,,
2025/7/15,17:30,1350,336,,,
2025/7/15,17:45,1350,384,,,
2025/7/15,18:00,1350,460,,,
2025/7/15,18:15,1350,393,,,
2025/7/15,18:30,1350,399,,,
2025/7/15,18:45,1350,430,,,
2025/7/15,19:00,1350,383,,,
2025/7/15,19:15,1350,365,,,
2025/7/15,19:30,1350,283,,,
2025/7/15,19:45,1350,221,,,
2025/7/15,20:00,1350,214,,,
2025/7/15,20:15,1350,198,,,
2025/7/15,20:30,1350,176,,,
2025/7/15,20:45,1350,168,,,
2025/7/15,21:00,1350,171,,,
2025/7/15,21:15,1350,168,,,
2025/7/15,21:30,1350,170,,,
2025/7/15,21:45,1350,174,,,
2025/7/15,22:00,1350,192,,,
2025/7/15,22:15,1350,,317,,
2025/7/15,22:30,1350,,440,,
2025/7/15,22:45,1350,,478,,
2025/7/15,23:00,1350,,469,,
2025/7/15,23:15,1350,,502,,
2025/7/15,23:30,1350,,547,,
2025/7/15,23:45,1350,,526,,
2025/7/16,00:00,1350,,574,,
2025/7/16,00:15,1350,,,,581
2025/7/16,00:30,1350,,,,573
2025/7/16,00:45,1350,,,,626
2025/7/16,01:00,1350,,,,597
2025/7/16,01:15,1350,,,,666
2025/7/16,01:30,1350,,,,539
2025/7/16,01:45,1350,,,,434
2025/7/16,02:00,1350,,,,416
2025/7/16,02:15,1350,,,,405
2025/7/16,02:30,1350,,,,384
2025/7/16,02:45,1350,,,,382
2025/7/16,03:00,1350,,,,349
2025/7/16,03:15,1350,,,,357
2025/7/16,03:30,1350,,,,334
2025/7/16,03:45,1350,,,,299
2025/7/16,04:00,1350,,,,298
2025/7/16,04:15,1350,,,,261
2025/7/16,04:30,1350,,,,242
2025/7/16,04:45,1350,,,,235
2025/7/16,05:00,1350,,,,230
2025/7/16,05:15,1350,,,,227
2025/7/16,05:30,1350,,,,188
2025/7/16,05:45,1350,,,,163
2025/7/16,06:00,1350,,,,154
2025/7/16,06:15,1350,,,,152
2025/7/16,06:30,1350,,,,145
2025/7/16,06:45,1350,,,,139
2025/7/16,07:00,1350,,,,152
2025/7/16,07:15,1350,,,,196
2025/7/16,07:30,1350,,,,252
2025/7/16,07:45,1350,,,,263
2025/7/16,08:00,1350,,,,328
2025/7/16,08:15,1350,,,,769
2025/7/16,08:30,1350,,,,1090
2025/7/16,08:45,1350,,,,1169
2025/7/16,09:00,1350,,,,1263
2025/7/16,09:15,1350,,1320,,
2025/7/16,09:30,1350,,1282,,
2025/7/16,09:45,1350,,1314,,
2025/7/16,10:00,1350,,1200,,
2025/7/16,10:15,1350,,1268,,
2025/7/16,10:30,1350,,1329,,
2025/7/16,10:45,1350,,1375,,
2025/7/16,11:00,1350,,1385,,
2025/7/16,11:15,1350,,1344,,
2025/7/16,11:30,1350,,1313,,
2025/7/16,11:45,1350,,1292,,
2025/7/16,12:00,1350,,1024,,
2025/7/16,12:15,1350,,632,,
2025/7/16,12:30,1350,,595,,
2025/7/16,12:45,1350,,625,,
2025/7/16,13:00,1350,,1123,,
2025/7/16,13:15,1350,,1225,,
2025/7/16,13:30,1350,,1232,,
2025/7/16,13:45,1350,,1245,,
2025/7/16,14:00,1350,,1247,,
2025/7/16,14:15,1350,,1229,,
2025/7/16,14:30,1350,,1262,,
2025/7/16,14:45,1350,,1217,,
2025/7/16,15:00,1350,,1032,,
2025/7/16,15:15,1350,,1102,,
2025/7/16,15:30,1350,,1125,,
2025/7/16,15:45,1350,,1067,,
2025/7/16,16:00,1350,,970,,
2025/7/16,16:15,1350,685,,,
2025/7/16,16:30,1350,585,,,
2025/7/16,16:45,1350,548,,,
2025/7/16,17:00,1350,475,,,
2025/7/16,17:15,1350,343,,,
2025/7/16,17:30,1350,321,,,
2025/7/16,17:45,1350,338,,,
2025/7/16,18:00,1350,371,,,
2025/7/16,18:15,1350,391,,,
2025/7/16,18:30,1350,398,,,
2025/7/16,18:45,1350,339,,,
2025/7/16,19:00,1350,350,,,
2025/7/16,19:15,1350,310,,,
2025/7/16,19:30,1350,210,,,
2025/7/16,19:45,1350,189,,,
2025/7/16,20:00,1350,189,,,
2025/7/16,20:15,1350,181,,,
2025/7/16,20:30,1350,171,,,
2025/7/16,20:45,1350,160,,,
2025/7/16,21:00,1350,163,,,
2025/7/16,21:15,1350,160,,,
2025/7/16,21:30,1350,162,,,
2025/7/16,21:45,1350,162,,,
2025/7/16,22:00,1350,163,,,
2025/7/16,22:15,1350,,346,,
2025/7/16,22:30,1350,,464,,
2025/7/16,22:45,1350,,426,,
2025/7/16,23:00,1350,,454,,
2025/7/16,23:15,1350,,461,,
2025/7/16,23:30,1350,,472,,
2025/7/16,23:45,1350,,530,,
2025/7/17,00:00,1350,,485,,
2025/7/17,00:15,1350,,,,520
2025/7/17,00:30,1350,,,,456
2025/7/17,00:45,1350,,,,470
2025/7/17,01:00,1350,,,,462
2025/7/17,01:15,1350,,,,278
2025/7/17,01:30,1350,,,,282
2025/7/17,01:45,1350,,,,264
2025/7/17,02:00,1350,,,,248
2025/7/17,02:15,1350,,,,238
2025/7/17,02:30,1350,,,,230
2025/7/17,02:45,1350,,,,200
2025/7/17,03:00,1350,,,,190
2025/7/17,03:15,1350,,,,237
2025/7/17,03:30,1350,,,,238
2025/7/17,03:45,1350,,,,227
2025/7/17,04:00,1350,,,,192
2025/7/17,04:15,1350,,,,173
2025/7/17,04:30,1350,,,,168
2025/7/17,04:45,1350,,,,170
2025/7/17,05:00,1350,,,,170
2025/7/17,05:15,1350,,,,152
2025/7/17,05:30,1350,,,,146
2025/7/17,05:45,1350,,,,144
2025/7/17,06:00,1350,,,,141
2025/7/17,06:15,1350,,,,142
2025/7/17,06:30,1350,,,,129
2025/7/17,06:45,1350,,,,184
2025/7/17,07:00,1350,,,,211
2025/7/17,07:15,1350,,,,269
2025/7/17,07:30,1350,,,,315
2025/7/17,07:45,1350,,,,315
2025/7/17,08:00,1350,,,,327
2025/7/17,08:15,1350,,,,851
2025/7/17,08:30,1350,,,,1222
2025/7/17,08:45,1350,,,,1274
2025/7/17,09:00,1350,,,,1320
2025/7/17,09:15,1350,,1349,,
2025/7/17,09:30,1350,,1330,,
2025/7/17,09:45,1350,,1390,,
2025/7/17,10:00,1350,,1151,,
2025/7/17,10:15,1350,,1309,,
2025/7/17,10:30,1350,,1382,,
2025/7/17,10:45,1350,,1457,,
2025/7/17,11:00,1350,,1412,,
2025/7/17,11:15,1350,,1370,,
2025/7/17,11:30,1350,,1262,,
2025/7/17,11:45,1350,,1206,,
2025/7/17,12:00,1350,,885,,
2025/7/17,12:15,1350,,591,,
2025/7/17,12:30,1350,,585,,
2025/7/17,12:45,1350,,626,,
2025/7/17,13:00,1350,,1058,,
2025/7/17,13:15,1350,,1119,,
2025/7/17,13:30,1350,,1110,,
2025/7/17,13:45,1350,,1033,,
2025/7/17,14:00,1350,,1002,,
2025/7/17,14:15,1350,,1194,,
2025/7/17,14:30,1350,,990,,
2025/7/17,14:45,1350,,952,,
2025/7/17,15:00,1350,,892,,
2025/7/17,15:15,1350,,821,,
2025/7/17,15:30,1350,,853,,
2025/7/17,15:45,1350,,725,,
2025/7/17,16:00,1350,,741,,
2025/7/17,16:15,1350,595,,,
2025/7/17,16:30,1350,496,,,
2025/7/17,16:45,1350,470,,,
2025/7/17,17:00,1350,461,,,
2025/7/17,17:15,1350,384,,,
2025/7/17,17:30,1350,346,,,
2025/7/17,17:45,1350,360,,,
2025/7/17,18:00,1350,365,,,
2025/7/17,18:15,1350,390,,,
2025/7/17,18:30,1350,363,,,
2025/7/17,18:45,1350,318,,,
2025/7/17,19:00,1350,301,,,
2025/7/17,19:15,1350,272,,,
2025/7/17,19:30,1350,208,,,
2025/7/17,19:45,1350,176,,,
2025/7/17,20:00,1350,157,,,
2025/7/17,20:15,1350,152,,,
2025/7/17,20:30,1350,139,,,
2025/7/17,20:45,1350,134,,,
2025/7/17,21:00,1350,134,,,
2025/7/17,21:15,1350,133,,,
2025/7/17,21:30,1350,136,,,
2025/7/17,21:45,1350,134,,,
2025/7/17,22:00,1350,142,,,
2025/7/17,22:15,1350,,266,,
2025/7/17,22:30,1350,,272,,
2025/7/17,22:45,1350,,309,,
2025/7/17,23:00,1350,,322,,
2025/7/17,23:15,1350,,323,,
2025/7/17,23:30,1350,,331,,
2025/7/17,23:45,1350,,318,,
2025/7/18,00:00,1350,,344,,
2025/7/18,00:15,1350,,,,384
2025/7/18,00:30,1350,,,,410
2025/7/18,00:45,1350,,,,442
2025/7/18,01:00,1350,,,,445
2025/7/18,01:15,1350,,,,450
2025/7/18,01:30,1350,,,,450
2025/7/18,01:45,1350,,,,432
2025/7/18,02:00,1350,,,,429
2025/7/18,02:15,1350,,,,429
2025/7/18,02:30,1350,,,,408
2025/7/18,02:45,1350,,,,392
2025/7/18,03:00,1350,,,,394
2025/7/18,03:15,1350,,,,390
2025/7/18,03:30,1350,,,,408
2025/7/18,03:45,1350,,,,395
2025/7/18,04:00,1350,,,,355
2025/7/18,04:15,1350,,,,326
2025/7/18,04:30,1350,,,,291
2025/7/18,04:45,1350,,,,250
2025/7/18,05:00,1350,,,,205
2025/7/18,05:15,1350,,,,202
2025/7/18,05:30,1350,,,,173
2025/7/18,05:45,1350,,,,160
2025/7/18,06:00,1350,,,,115
2025/7/18,06:15,1350,,,,113
2025/7/18,06:30,1350,,,,113
2025/7/18,06:45,1350,,,,109
2025/7/18,07:00,1350,,,,106
2025/7/18,07:15,1350,,,,102
2025/7/18,07:30,1350,,,,136
2025/7/18,07:45,1350,,,,150
2025/7/18,08:00,1350,,,,263
2025/7/18,08:15,1350,,,,339
2025/7/18,08:30,1350,,,,392
2025/7/18,08:45,1350,,,,421
2025/7/18,09:00,1350,,,,487
2025/7/18,09:15,1350,,543,,
2025/7/18,09:30,1350,,567,,
2025/7/18,09:45,1350,,618,,
2025/7/18,10:00,1350,,526,,
2025/7/18,10:15,1350,,566,,
2025/7/18,10:30,1350,,607,,
2025/7/18,10:45,1350,,577,,
2025/7/18,11:00,1350,,581,,
2025/7/18,11:15,1350,,501,,
2025/7/18,11:30,1350,,427,,
2025/7/18,11:45,1350,,388,,
2025/7/18,12:00,1350,,380,,
2025/7/18,12:15,1350,,371,,
2025/7/18,12:30,1350,,328,,
2025/7/18,12:45,1350,,323,,
2025/7/18,13:00,1350,,367,,
2025/7/18,13:15,1350,,413,,
2025/7/18,13:30,1350,,437,,
2025/7/18,13:45,1350,,487,,
2025/7/18,14:00,1350,,595,,
2025/7/18,14:15,1350,,574,,
2025/7/18,14:30,1350,,546,,
2025/7/18,14:45,1350,,577,,
2025/7/18,15:00,1350,,522,,
2025/7/18,15:15,1350,,496,,
2025/7/18,15:30,1350,,529,,
2025/7/18,15:45,1350,,486,,
2025/7/18,16:00,1350,,388,,
2025/7/18,16:15,1350,393,,,
2025/7/18,16:30,1350,381,,,
2025/7/18,16:45,1350,341,,,
2025/7/18,17:00,1350,331,,,
2025/7/18,17:15,1350,233,,,
2025/7/18,17:30,1350,209,,,
2025/7/18,17:45,1350,212,,,
2025/7/18,18:00,1350,221,,,
2025/7/18,18:15,1350,213,,,
2025/7/18,18:30,1350,200,,,
2025/7/18,18:45,1350,192,,,
2025/7/18,19:00,1350,177,,,
2025/7/18,19:15,1350,171,,,
2025/7/18,19:30,1350,147,,,
2025/7/18,19:45,1350,120,,,
2025/7/18,20:00,1350,125,,,
2025/7/18,20:15,1350,126,,,
2025/7/18,20:30,1350,126,,,
2025/7/18,20:45,1350,114,,,
2025/7/18,21:00,1350,109,,,
2025/7/18,21:15,1350,112,,,
2025/7/18,21:30,1350,123,,,
2025/7/18,21:45,1350,106,,,
2025/7/18,22:00,1350,102,,,
2025/7/18,22:15,1350,,101,,
2025/7/18,22:30,1350,,96,,
2025/7/18,22:45,1350,,88,,
2025/7/18,23:00,1350,,86,,
2025/7/18,23:15,1350,,82,,
2025/7/18,23:30,1350,,78,,
2025/7/18,23:45,1350,,90,,
2025/7/19,00:00,1350,,82,,
2025/7/19,00:15,1350,,,,74
2025/7/19,00:30,1350,,,,83
2025/7/19,00:45,1350,,,,93
2025/7/19,01:00,1350,,,,83
2025/7/19,01:15,1350,,,,75
2025/7/19,01:30,1350,,,,85
2025/7/19,01:45,1350,,,,85
2025/7/19,02:00,1350,,,,80
2025/7/19,02:15,1350,,,,74
2025/7/19,02:30,1350,,,,78
2025/7/19,02:45,1350,,,,80
2025/7/19,03:00,1350,,,,83
2025/7/19,03:15,1350,,,,72
2025/7/19,03:30,1350,,,,80
2025/7/19,03:45,1350,,,,80
2025/7/19,04:00,1350,,,,85
2025/7/19,04:15,1350,,,,72
2025/7/19,04:30,1350,,,,74
2025/7/19,04:45,1350,,,,80
2025/7/19,05:00,1350,,,,93
2025/7/19,05:15,1350,,,,78
2025/7/19,05:30,1350,,,,78
2025/7/19,05:45,1350,,,,107
2025/7/19,06:00,1350,,,,83
2025/7/19,06:15,1350,,,,80
2025/7/19,06:30,1350,,,,79
2025/7/19,06:45,1350,,,,81
2025/7/19,07:00,1350,,,,79
2025/7/19,07:15,1350,,,,77
2025/7/19,07:30,1350,,,,75
2025/7/19,07:45,1350,,,,79
2025/7/19,08:00,1350,,,,115
2025/7/19,08:15,1350,,,,111
2025/7/19,08:30,1350,,,,113
2025/7/19,08:45,1350,,,,114
2025/7/19,09:00,1350,,,125,
2025/7/19,09:15,1350,,,126,
2025/7/19,09:30,1350,,,131,
2025/7/19,09:45,1350,,,134,
2025/7/19,10:00,1350,,,154,
2025/7/19,10:15,1350,,,127,
2025/7/19,10:30,1350,,,142,
2025/7/19,10:45,1350,,,137,
2025/7/19,11:00,1350,,,145,
2025/7/19,11:15,1350,,,130,
2025/7/19,11:30,1350,,,133,
2025/7/19,11:45,1350,,,173,
2025/7/19,12:00,1350,,,135,
2025/7/19,12:15,1350,,,129,
2025/7/19,12:30,1350,,,128,
2025/7/19,12:45,1350,,,134,
2025/7/19,13:00,1350,,,153,
2025/7/19,13:15,1350,,,162,
2025/7/19,13:30,1350,,,167,
2025/7/19,13:45,1350,,,140,
2025/7/19,14:00,1350,,,138,
2025/7/19,14:15,1350,,,140,
2025/7/19,14:30,1350,,,138,
2025/7/19,14:45,1350,,,128,
2025/7/19,15:00,1350,,,127,
2025/7/19,15:15,1350,,,129,
2025/7/19,15:30,1350,,,120,
2025/7/19,15:45,1350,,,115,
2025/7/19,16:00,1350,,,142,
2025/7/19,16:15,1350,,,149,
2025/7/19,16:30,1350,,,93,
2025/7/19,16:45,1350,,,89,
2025/7/19,17:00,1350,,,82,
2025/7/19,17:15,1350,,,70,
2025/7/19,17:30,1350,,,73,
2025/7/19,17:45,1350,,,70,
2025/7/19,18:00,1350,,,68,
2025/7/19,18:15,1350,,,73,
2025/7/19,18:30,1350,,,80,
2025/7/19,18:45,1350,,,65,
2025/7/19,19:00,1350,,,66,
2025/7/19,19:15,1350,,,72,
2025/7/19,19:30,1350,,,78,
2025/7/19,19:45,1350,,,72,
2025/7/19,20:00,1350,,,66,
2025/7/19,20:15,1350,,,66,
2025/7/19,20:30,1350,,,78,
2025/7/19,20:45,1350,,,75,
2025/7/19,21:00,1350,,,67,
2025/7/19,21:15,1350,,,66,
2025/7/19,21:30,1350,,,70,
2025/7/19,21:45,1350,,,74,
2025/7/19,22:00,1350,,,70,
2025/7/19,22:15,1350,,,70,
2025/7/19,22:30,1350,,,80,
2025/7/19,22:45,1350,,,67,
2025/7/19,23:00,1350,,,66,
2025/7/19,23:15,1350,,,67,
2025/7/19,23:30,1350,,,77,
2025/7/19,23:45,1350,,,70,
2025/7/20,00:00,1350,,,69,
2025/7/20,00:15,1350,,,,62
2025/7/20,00:30,1350,,,,69
2025/7/20,00:45,1350,,,,62
2025/7/20,01:00,1350,,,,61
2025/7/20,01:15,1350,,,,66
2025/7/20,01:30,1350,,,,66
2025/7/20,01:45,1350,,,,61
2025/7/20,02:00,1350,,,,61
2025/7/20,02:15,1350,,,,66
2025/7/20,02:30,1350,,,,66
2025/7/20,02:45,1350,,,,61
2025/7/20,03:00,1350,,,,61
2025/7/20,03:15,1350,,,,66
2025/7/20,03:30,1350,,,,66
2025/7/20,03:45,1350,,,,61
2025/7/20,04:00,1350,,,,56
2025/7/20,04:15,1350,,,,61
2025/7/20,04:30,1350,,,,56
2025/7/20,04:45,1350,,,,53
2025/7/20,05:00,1350,,,,56
2025/7/20,05:15,1350,,,,61
2025/7/20,05:30,1350,,,,54
2025/7/20,05:45,1350,,,,53
2025/7/20,06:00,1350,,,,57
2025/7/20,06:15,1350,,,,60
2025/7/20,06:30,1350,,,,51
2025/7/20,06:45,1350,,,,53
2025/7/20,07:00,1350,,,,57
2025/7/20,07:15,1350,,,,57
2025/7/20,07:30,1350,,,,54
2025/7/20,07:45,1350,,,,54
2025/7/20,08:00,1350,,,,60
2025/7/20,08:15,1350,,,,72
2025/7/20,08:30,1350,,,,63
2025/7/20,08:45,1350,,,,69
2025/7/20,09:00,1350,,,,72
2025/7/20,09:15,1350,,,,63
2025/7/20,09:30,1350,,,,63
2025/7/20,09:45,1350,,,,69
2025/7/20,10:00,1350,,,,69
2025/7/20,10:15,1350,,,,65
2025/7/20,10:30,1350,,,,63
2025/7/20,10:45,1350,,,,73
2025/7/20,11:00,1350,,,,66
2025/7/20,11:15,1350,,,,67
2025/7/20,11:30,1350,,,,70
2025/7/20,11:45,1350,,,,73
2025/7/20,12:00,1350,,,,66
2025/7/20,12:15,1350,,,,65
2025/7/20,12:30,1350,,,,68
2025/7/20,12:45,1350,,,,71
2025/7/20,13:00,1350,,,,65
2025/7/20,13:15,1350,,,,64
2025/7/20,13:30,1350,,,,69
2025/7/20,13:45,1350,,,,68
2025/7/20,14:00,1350,,,,65
2025/7/20,14:15,1350,,,,65
2025/7/20,14:30,1350,,,,70
2025/7/20,14:45,1350,,,,69
2025/7/20,15:00,1350,,,,64
2025/7/20,15:15,1350,,,,64
2025/7/20,15:30,1350,,,,72
2025/7/20,15:45,1350,,,,69
2025/7/20,16:00,1350,,,,65
2025/7/20,16:15,1350,,,,65
2025/7/20,16:30,1350,,,,73
2025/7/20,16:45,1350,,,,67
2025/7/20,17:00,1350,,,,71
2025/7/20,17:15,1350,,,,133
2025/7/20,17:30,1350,,,,75
2025/7/20,17:45,1350,,,,63
2025/7/20,18:00,1350,,,,66
2025/7/20,18:15,1350,,,,70
2025/7/20,18:30,1350,,,,71
2025/7/20,18:45,1350,,,,64
2025/7/20,19:00,1350,,,,66
2025/7/20,19:15,1350,,,,69
2025/7/20,19:30,1350,,,,72
2025/7/20,19:45,1350,,,,64
2025/7/20,20:00,1350,,,,66
2025/7/20,20:15,1350,,,,75
2025/7/20,20:30,1350,,,,70
2025/7/20,20:45,1350,,,,62
2025/7/20,21:00,1350,,,,67
2025/7/20,21:15,1350,,,,70
2025/7/20,21:30,1350,,,,64
2025/7/20,21:45,1350,,,,54
2025/7/20,22:00,1350,,,,59
2025/7/20,22:15,1350,,,,62
2025/7/20,22:30,1350,,,,54
2025/7/20,22:45,1350,,,,54
2025/7/20,23:00,1350,,,,64
2025/7/20,23:15,1350,,,,58
2025/7/20,23:30,1350,,,,54
2025/7/20,23:45,1350,,,,58
2025/7/21,00:00,1350,,,,61
2025/7/21,00:15,1350,,,,53
2025/7/21,00:30,1350,,,,53
2025/7/21,00:45,1350,,,,72
2025/7/21,01:00,1350,,,,72
2025/7/21,01:15,1350,,,,53
2025/7/21,01:30,1350,,,,58
2025/7/21,01:45,1350,,,,58
2025/7/21,02:00,1350,,,,53
2025/7/21,02:15,1350,,,,58
2025/7/21,02:30,1350,,,,56
2025/7/21,02:45,1350,,,,53
2025/7/21,03:00,1350,,,,58
2025/7/21,03:15,1350,,,,56
2025/7/21,03:30,1350,,,,53
2025/7/21,03:45,1350,,,,54
2025/7/21,04:00,1350,,,,59
2025/7/21,04:15,1350,,,,53
2025/7/21,04:30,1350,,,,53
2025/7/21,04:45,1350,,,,61
2025/7/21,05:00,1350,,,,51
2025/7/21,05:15,1350,,,,53
2025/7/21,05:30,1350,,,,58
2025/7/21,05:45,1350,,,,56
2025/7/21,06:00,1350,,,,51
2025/7/21,06:15,1350,,,,56
2025/7/21,06:30,1350,,,,56
2025/7/21,06:45,1350,,,,62
2025/7/21,07:00,1350,,,,71
2025/7/21,07:15,1350,,,,159
2025/7/21,07:30,1350,,,,251
2025/7/21,07:45,1350,,,,274
2025/7/21,08:00,1350,,,,332
2025/7/21,08:15,1350,,,,684
2025/7/21,08:30,1350,,,,906
2025/7/21,08:45,1350,,,,849
2025/7/21,09:00,1350,,,,844
2025/7/21,09:15,1350,,828,,
2025/7/21,09:30,1350,,930,,
2025/7/21,09:45,1350,,1061,,
2025/7/21,10:00,1350,,1042,,
2025/7/21,10:15,1350,,1106,,
2025/7/21,10:30,1350,,1152,,
2025/7/21,10:45,1350,,1189,,
2025/7/21,11:00,1350,,1170,,
2025/7/21,11:15,1350,,1093,,
2025/7/21,11:30,1350,,939,,
2025/7/21,11:45,1350,,1090,,
2025/7/21,12:00,1350,,850,,
2025/7/21,12:15,1350,,558,,
2025/7/21,12:30,1350,,583,,
2025/7/21,12:45,1350,,617,,
2025/7/21,13:00,1350,,950,,
2025/7/21,13:15,1350,,1018,,
2025/7/21,13:30,1350,,991,,
2025/7/21,13:45,1350,,962,,
2025/7/21,14:00,1350,,925,,
2025/7/21,14:15,1350,,944,,
2025/7/21,14:30,1350,,940,,
2025/7/21,14:45,1350,,878,,
2025/7/21,15:00,1350,,772,,
2025/7/21,15:15,1350,,747,,
2025/7/21,15:30,1350,,747,,
2025/7/21,15:45,1350,,745,,
2025/7/21,16:00,1350,,705,,
2025/7/21,16:15,1350,472,,,
2025/7/21,16:30,1350,452,,,
2025/7/21,16:45,1350,441,,,
2025/7/21,17:00,1350,402,,,
2025/7/21,17:15,1350,333,,,
2025/7/21,17:30,1350,313,,,
2025/7/21,17:45,1350,331,,,
2025/7/21,18:00,1350,329,,,
2025/7/21,18:15,1350,325,,,
2025/7/21,18:30,1350,319,,,
2025/7/21,18:45,1350,259,,,
2025/7/21,19:00,1350,258,,,
2025/7/21,19:15,1350,258,,,
2025/7/21,19:30,1350,179,,,
2025/7/21,19:45,1350,146,,,
2025/7/21,20:00,1350,155,,,
2025/7/21,20:15,1350,150,,,
2025/7/21,20:30,1350,146,,,
2025/7/21,20:45,1350,149,,,
2025/7/21,21:00,1350,158,,,
2025/7/21,21:15,1350,155,,,
2025/7/21,21:30,1350,152,,,
2025/7/21,21:45,1350,144,,,
2025/7/21,22:00,1350,203,,,
2025/7/21,22:15,1350,,261,,
2025/7/21,22:30,1350,,258,,
2025/7/21,22:45,1350,,282,,
2025/7/21,23:00,1350,,293,,
2025/7/21,23:15,1350,,286,,
2025/7/21,23:30,1350,,285,,
2025/7/21,23:45,1350,,286,,
2025/7/22,00:00,1350,,283,,
2025/7/22,00:15,1350,,,,272
2025/7/22,00:30,1350,,,,269
2025/7/22,00:45,1350,,,,264
2025/7/22,01:00,1350,,,,262
2025/7/22,01:15,1350,,,,267
2025/7/22,01:30,1350,,,,262
2025/7/22,01:45,1350,,,,254
2025/7/22,02:00,1350,,,,250
2025/7/22,02:15,1350,,,,250
2025/7/22,02:30,1350,,,,250
2025/7/22,02:45,1350,,,,248
2025/7/22,03:00,1350,,,,240
2025/7/22,03:15,1350,,,,238
2025/7/22,03:30,1350,,,,230
2025/7/22,03:45,1350,,,,250
2025/7/22,04:00,1350,,,,264
2025/7/22,04:15,1350,,,,259
2025/7/22,04:30,1350,,,,187
2025/7/22,04:45,1350,,,,162
2025/7/22,05:00,1350,,,,141
2025/7/22,05:15,1350,,,,139
2025/7/22,05:30,1350,,,,134
2025/7/22,05:45,1350,,,,133
2025/7/22,06:00,1350,,,,135
2025/7/22,06:15,1350,,,,138
2025/7/22,06:30,1350,,,,139
2025/7/22,06:45,1350,,,,141
2025/7/22,07:00,1350,,,,136
2025/7/22,07:15,1350,,,,196
2025/7/22,07:30,1350,,,,249
2025/7/22,07:45,1350,,,,265
2025/7/22,08:00,1350,,,,365
2025/7/22,08:15,1350,,,,704
2025/7/22,08:30,1350,,,,952
2025/7/22,08:45,1350,,,,1006
2025/7/22,09:00,1350,,,,1052
2025/7/22,09:15,1350,,1022,,
2025/7/22,09:30,1350,,1087,,
2025/7/22,09:45,1350,,1089,,
2025/7/22,10:00,1350,,981,,
2025/7/22,10:15,1350,,1031,,
2025/7/22,10:30,1350,,1017,,
2025/7/22,10:45,1350,,1059,,
2025/7/22,11:00,1350,,907,,
2025/7/22,11:15,1350,,905,,
2025/7/22,11:30,1350,,1041,,
2025/7/22,11:45,1350,,1056,,
2025/7/22,12:00,1350,,840,,
2025/7/22,12:15,1350,,589,,
2025/7/22,12:30,1350,,573,,
2025/7/22,12:45,1350,,602,,
2025/7/22,13:00,1350,,897,,
2025/7/22,13:15,1350,,1048,,
2025/7/22,13:30,1350,,1034,,
2025/7/22,13:45,1350,,997,,
2025/7/22,14:00,1350,,1006,,
2025/7/22,14:15,1350,,994,,
2025/7/22,14:30,1350,,1049,,
2025/7/22,14:45,1350,,1071,,
2025/7/22,15:00,1350,,941,,
2025/7/22,15:15,1350,,986,,
2025/7/22,15:30,1350,,972,,
2025/7/22,15:45,1350,,917,,
2025/7/22,16:00,1350,,910,,
2025/7/22,16:15,1350,705,,,
2025/7/22,16:30,1350,655,,,
2025/7/22,16:45,1350,675,,,
2025/7/22,17:00,1350,489,,,
2025/7/22,17:15,1350,447,,,
2025/7/22,17:30,1350,413,,,
2025/7/22,17:45,1350,430,,,
2025/7/22,18:00,1350,406,,,
2025/7/22,18:15,1350,396,,,
2025/7/22,18:30,1350,392,,,
2025/7/22,18:45,1350,367,,,
2025/7/22,19:00,1350,349,,,
2025/7/22,19:15,1350,354,,,
2025/7/22,19:30,1350,301,,,
2025/7/22,19:45,1350,280,,,
2025/7/22,20:00,1350,306,,,
2025/7/22,20:15,1350,294,,,
2025/7/22,20:30,1350,270,,,
2025/7/22,20:45,1350,288,,,
2025/7/22,21:00,1350,310,,,
2025/7/22,21:15,1350,336,,,
2025/7/22,21:30,1350,355,,,
2025/7/22,21:45,1350,381,,,
2025/7/22,22:00,1350,411,,,
2025/7/22,22:15,1350,,403,,
2025/7/22,22:30,1350,,414,,
2025/7/22,22:45,1350,,418,,
2025/7/22,23:00,1350,,410,,
2025/7/22,23:15,1350,,416,,
2025/7/22,23:30,1350,,424,,
2025/7/22,23:45,1350,,395,,
2025/7/23,00:00,1350,,413,,
2025/7/23,00:15,1350,,,,403
2025/7/23,00:30,1350,,,,386
2025/7/23,00:45,1350,,,,376
2025/7/23,01:00,1350,,,,338
2025/7/23,01:15,1350,,,,304
2025/7/23,01:30,1350,,,,275
2025/7/23,01:45,1350,,,,235
2025/7/23,02:00,1350,,,,203
2025/7/23,02:15,1350,,,,187
2025/7/23,02:30,1350,,,,189
2025/7/23,02:45,1350,,,,184
2025/7/23,03:00,1350,,,,184
2025/7/23,03:15,1350,,,,184
2025/7/23,03:30,1350,,,,184
2025/7/23,03:45,1350,,,,171
2025/7/23,04:00,1350,,,,171
2025/7/23,04:15,1350,,,,171
2025/7/23,04:30,1350,,,,168
2025/7/23,04:45,1350,,,,162
2025/7/23,05:00,1350,,,,154
2025/7/23,05:15,1350,,,,155
2025/7/23,05:30,1350,,,,154
2025/7/23,05:45,1350,,,,158
2025/7/23,06:00,1350,,,,188
2025/7/23,06:15,1350,,,,173
2025/7/23,06:30,1350,,,,169
2025/7/23,06:45,1350,,,,168
2025/7/23,07:00,1350,,,,177
2025/7/23,07:15,1350,,,,218
2025/7/23,07:30,1350,,,,236
2025/7/23,07:45,1350,,,,265
2025/7/23,08:00,1350,,,,329
2025/7/23,08:15,1350,,,,689
2025/7/23,08:30,1350,,,,838
2025/7/23,08:45,1350,,,,834
2025/7/23,09:00,1350,,,,889
2025/7/23,09:15,1350,,843,,
2025/7/23,09:30,1350,,870,,
2025/7/23,09:45,1350,,891,,
2025/7/23,10:00,1350,,899,,
2025/7/23,10:15,1350,,949,,
2025/7/23,10:30,1350,,928,,
2025/7/23,10:45,1350,,900,,
2025/7/23,11:00,1350,,968,,
2025/7/23,11:15,1350,,963,,
2025/7/23,11:30,1350,,880,,
2025/7/23,11:45,1350,,904,,
2025/7/23,12:00,1350,,772,,
2025/7/23,12:15,1350,,568,,
2025/7/23,12:30,1350,,534,,
2025/7/23,12:45,1350,,543,,
2025/7/23,13:00,1350,,869,,
2025/7/23,13:15,1350,,960,,
2025/7/23,13:30,1350,,964,,
2025/7/23,13:45,1350,,1036,,
2025/7/23,14:00,1350,,1063,,
2025/7/23,14:15,1350,,1038,,
2025/7/23,14:30,1350,,982,,
2025/7/23,14:45,1350,,870,,
2025/7/23,15:00,1350,,793,,
2025/7/23,15:15,1350,,762,,
2025/7/23,15:30,1350,,586,,
2025/7/23,15:45,1350,,557,,
2025/7/23,16:00,1350,,527,,
2025/7/23,16:15,1350,523,,,
2025/7/23,16:30,1350,489,,,
2025/7/23,16:45,1350,595,,,
2025/7/23,17:00,1350,570,,,
2025/7/23,17:15,1350,358,,,
2025/7/23,17:30,1350,328,,,
2025/7/23,17:45,1350,449,,,
2025/7/23,18:00,1350,545,,,
2025/7/23,18:15,1350,505,,,
2025/7/23,18:30,1350,492,,,
2025/7/23,18:45,1350,463,,,
2025/7/23,19:00,1350,458,,,
2025/7/23,19:15,1350,429,,,
2025/7/23,19:30,1350,365,,,
2025/7/23,19:45,1350,378,,,
2025/7/23,20:00,1350,357,,,
2025/7/23,20:15,1350,357,,,
2025/7/23,20:30,1350,354,,,
2025/7/23,20:45,1350,333,,,
2025/7/23,21:00,1350,304,,,
2025/7/23,21:15,1350,371,,,
2025/7/23,21:30,1350,347,,,
2025/7/23,21:45,1350,339,,,
2025/7/23,22:00,1350,344,,,
2025/7/23,22:15,1350,,403,,
2025/7/23,22:30,1350,,437,,
2025/7/23,22:45,1350,,443,,
2025/7/23,23:00,1350,,443,,
2025/7/23,23:15,1350,,470,,
2025/7/23,23:30,1350,,477,,
2025/7/23,23:45,1350,,466,,
2025/7/24,00:00,1350,,426,,
2025/7/24,00:15,1350,,,,445
2025/7/24,00:30,1350,,,,458
2025/7/24,00:45,1350,,,,438
2025/7/24,01:00,1350,,,,338
2025/7/24,01:15,1350,,,,363
2025/7/24,01:30,1350,,,,379
2025/7/24,01:45,1350,,,,360
2025/7/24,02:00,1350,,,,328
2025/7/24,02:15,1350,,,,339
2025/7/24,02:30,1350,,,,341
2025/7/24,02:45,1350,,,,325
2025/7/24,03:00,1350,,,,312
2025/7/24,03:15,1350,,,,283
2025/7/24,03:30,1350,,,,246
2025/7/24,03:45,1350,,,,211
2025/7/24,04:00,1350,,,,187
2025/7/24,04:15,1350,,,,189
2025/7/24,04:30,1350,,,,194
2025/7/24,04:45,1350,,,,192
2025/7/24,05:00,1350,,,,186
2025/7/24,05:15,1350,,,,179
2025/7/24,05:30,1350,,,,178
2025/7/24,05:45,1350,,,,180
2025/7/24,06:00,1350,,,,182
2025/7/24,06:15,1350,,,,175
2025/7/24,06:30,1350,,,,174
2025/7/24,06:45,1350,,,,176
2025/7/24,07:00,1350,,,,152
2025/7/24,07:15,1350,,,,179
2025/7/24,07:30,1350,,,,234
2025/7/24,07:45,1350,,,,242
2025/7/24,08:00,1350,,,,293
2025/7/24,08:15,1350,,,,601
2025/7/24,08:30,1350,,,,766
2025/7/24,08:45,1350,,,,843
2025/7/24,09:00,1350,,,,878
2025/7/24,09:15,1350,,894,,
2025/7/24,09:30,1350,,903,,
2025/7/24,09:45,1350,,914,,
2025/7/24,10:00,1350,,903,,
2025/7/24,10:15,1350,,961,,
2025/7/24,10:30,1350,,1007,,
2025/7/24,10:45,1350,,1045,,
2025/7/24,11:00,1350,,1083,,
2025/7/24,11:15,1350,,1041,,
2025/7/24,11:30,1350,,1023,,
2025/7/24,11:45,1350,,1063,,
2025/7/24,12:00,1350,,915,,
2025/7/24,12:15,1350,,616,,
2025/7/24,12:30,1350,,563,,
2025/7/24,12:45,1350,,567,,
2025/7/24,13:00,1350,,881,,
2025/7/24,13:15,1350,,938,,
2025/7/24,13:30,1350,,943,,
2025/7/24,13:45,1350,,931,,
2025/7/24,14:00,1350,,946,,
2025/7/24,14:15,1350,,904,,
2025/7/24,14:30,1350,,905,,
2025/7/24,14:45,1350,,919,,
2025/7/24,15:00,1350,,809,,
2025/7/24,15:15,1350,,854,,
2025/7/24,15:30,1350,,914,,
2025/7/24,15:45,1350,,962,,
2025/7/24,16:00,1350,,942,,
2025/7/24,16:15,1350,715,,,
2025/7/24,16:30,1350,605,,,
2025/7/24,16:45,1350,577,,,
2025/7/24,17:00,1350,468,,,
2025/7/24,17:15,1350,302,,,
2025/7/24,17:30,1350,276,,,
2025/7/24,17:45,1350,397,,,
2025/7/24,18:00,1350,480,,,
2025/7/24,18:15,1350,466,,,
2025/7/24,18:30,1350,453,,,
2025/7/24,18:45,1350,442,,,
2025/7/24,19:00,1350,443,,,
2025/7/24,19:15,1350,424,,,
2025/7/24,19:30,1350,349,,,
2025/7/24,19:45,1350,323,,,
2025/7/24,20:00,1350,326,,,
2025/7/24,20:15,1350,325,,,
2025/7/24,20:30,1350,307,,,
2025/7/24,20:45,1350,326,,,
2025/7/24,21:00,1350,334,,,
2025/7/24,21:15,1350,326,,,
2025/7/24,21:30,1350,330,,,
2025/7/24,21:45,1350,318,,,
2025/7/24,22:00,1350,317,,,
2025/7/24,22:15,1350,,357,,
2025/7/24,22:30,1350,,402,,
2025/7/24,22:45,1350,,416,,
2025/7/24,23:00,1350,,427,,
2025/7/24,23:15,1350,,434,,
2025/7/24,23:30,1350,,389,,
2025/7/24,23:45,1350,,461,,
2025/7/25,00:00,1350,,440,,
2025/7/25,00:15,1350,,,,442
2025/7/25,00:30,1350,,,,434
2025/7/25,00:45,1350,,,,381
2025/7/25,01:00,1350,,,,418
2025/7/25,01:15,1350,,,,421
2025/7/25,01:30,1350,,,,424
2025/7/25,01:45,1350,,,,405
2025/7/25,02:00,1350,,,,272
2025/7/25,02:15,1350,,,,234
2025/7/25,02:30,1350,,,,216
2025/7/25,02:45,1350,,,,206
2025/7/25,03:00,1350,,,,205
2025/7/25,03:15,1350,,,,202
2025/7/25,03:30,1350,,,,184
2025/7/25,03:45,1350,,,,179
2025/7/25,04:00,1350,,,,158
2025/7/25,04:15,1350,,,,168
2025/7/25,04:30,1350,,,,205
2025/7/25,04:45,1350,,,,190
2025/7/25,05:00,1350,,,,187
2025/7/25,05:15,1350,,,,179
2025/7/25,05:30,1350,,,,133
2025/7/25,05:45,1350,,,,135
2025/7/25,06:00,1350,,,,133
2025/7/25,06:15,1350,,,,114
2025/7/25,06:30,1350,,,,117
2025/7/25,06:45,1350,,,,116
2025/7/25,07:00,1350,,,,119
2025/7/25,07:15,1350,,,,127
2025/7/25,07:30,1350,,,,161
2025/7/25,07:45,1350,,,,169
2025/7/25,08:00,1350,,,,232
2025/7/25,08:15,1350,,,,281
2025/7/25,08:30,1350,,,,332
2025/7/25,08:45,1350,,,,360
2025/7/25,09:00,1350,,,,373
2025/7/25,09:15,1350,,423,,
2025/7/25,09:30,1350,,436,,
2025/7/25,09:45,1350,,428,,
2025/7/25,10:00,1350,,432,,
2025/7/25,10:15,1350,,419,,
2025/7/25,10:30,1350,,457,,
2025/7/25,10:45,1350,,448,,
2025/7/25,11:00,1350,,437,,
2025/7/25,11:15,1350,,444,,
2025/7/25,11:30,1350,,441,,
2025/7/25,11:45,1350,,447,,
2025/7/25,12:00,1350,,440,,
2025/7/25,12:15,1350,,452,,
2025/7/25,12:30,1350,,447,,
2025/7/25,12:45,1350,,443,,
2025/7/25,13:00,1350,,407,,
2025/7/25,13:15,1350,,382,,
2025/7/25,13:30,1350,,447,,
2025/7/25,13:45,1350,,386,,
2025/7/25,14:00,1350,,403,,
2025/7/25,14:15,1350,,375,,
2025/7/25,14:30,1350,,361,,
2025/7/25,14:45,1350,,341,,
2025/7/25,15:00,1350,,297,,
2025/7/25,15:15,1350,,277,,
2025/7/25,15:30,1350,,264,,
2025/7/25,15:45,1350,,249,,
2025/7/25,16:00,1350,,237,,
2025/7/25,16:15,1350,254,,,
2025/7/25,16:30,1350,278,,,
2025/7/25,16:45,1350,224,,,
2025/7/25,17:00,1350,181,,,
2025/7/25,17:15,1350,140,,,
2025/7/25,17:30,1350,138,,,
2025/7/25,17:45,1350,155,,,
2025/7/25,18:00,1350,159,,,
2025/7/25,18:15,1350,157,,,
2025/7/25,18:30,1350,138,,,
2025/7/25,18:45,1350,136,,,
2025/7/25,19:00,1350,144,,,
2025/7/25,19:15,1350,138,,,
2025/7/25,19:30,1350,107,,,
2025/7/25,19:45,1350,90,,,
2025/7/25,20:00,1350,101,,,
2025/7/25,20:15,1350,93,,,
2025/7/25,20:30,1350,82,,,
2025/7/25,20:45,1350,75,,,
2025/7/25,21:00,1350,85,,,
2025/7/25,21:15,1350,82,,,
2025/7/25,21:30,1350,80,,,
2025/7/25,21:45,1350,74,,,
2025/7/25,22:00,1350,77,,,
2025/7/25,22:15,1350,,67,,
2025/7/25,22:30,1350,,66,,
2025/7/25,22:45,1350,,67,,
2025/7/25,23:00,1350,,72,,
2025/7/25,23:15,1350,,72,,
2025/7/25,23:30,1350,,69,,
2025/7/25,23:45,1350,,70,,
2025/7/26,00:00,1350,,69,,
2025/7/26,00:15,1350,,,,69
2025/7/26,00:30,1350,,,,62
2025/7/26,00:45,1350,,,,61
2025/7/26,01:00,1350,,,,66
2025/7/26,01:15,1350,,,,75
2025/7/26,01:30,1350,,,,67
2025/7/26,01:45,1350,,,,61
2025/7/26,02:00,1350,,,,54
2025/7/26,02:15,1350,,,,59
2025/7/26,02:30,1350,,,,54
2025/7/26,02:45,1350,,,,53
2025/7/26,03:00,1350,,,,56
2025/7/26,03:15,1350,,,,62
2025/7/26,03:30,1350,,,,67
2025/7/26,03:45,1350,,,,58
2025/7/26,04:00,1350,,,,56
2025/7/26,04:15,1350,,,,56
2025/7/26,04:30,1350,,,,61
2025/7/26,04:45,1350,,,,53
2025/7/26,05:00,1350,,,,53
2025/7/26,05:15,1350,,,,51
2025/7/26,05:30,1350,,,,66
2025/7/26,05:45,1350,,,,61
2025/7/26,06:00,1350,,,,55
2025/7/26,06:15,1350,,,,50
2025/7/26,06:30,1350,,,,56
2025/7/26,06:45,1350,,,,61
2025/7/26,07:00,1350,,,,62
2025/7/26,07:15,1350,,,,73
2025/7/26,07:30,1350,,,,74
2025/7/26,07:45,1350,,,,65
2025/7/26,08:00,1350,,,,67
2025/7/26,08:15,1350,,,,86
2025/7/26,08:30,1350,,,,81
2025/7/26,08:45,1350,,,,83
2025/7/26,09:00,1350,,,86,
2025/7/26,09:15,1350,,,88,
2025/7/26,09:30,1350,,,113,
2025/7/26,09:45,1350,,,111,
2025/7/26,10:00,1350,,,76,
2025/7/26,10:15,1350,,,80,
2025/7/26,10:30,1350,,,82,
2025/7/26,10:45,1350,,,84,
2025/7/26,11:00,1350,,,77,
2025/7/26,11:15,1350,,,80,
2025/7/26,11:30,1350,,,79,
2025/7/26,11:45,1350,,,81,
2025/7/26,12:00,1350,,,81,
2025/7/26,12:15,1350,,,81,
2025/7/26,12:30,1350,,,93,
2025/7/26,12:45,1350,,,127,
2025/7/26,13:00,1350,,,81,
2025/7/26,13:15,1350,,,81,
2025/7/26,13:30,1350,,,84,
2025/7/26,13:45,1350,,,87,
2025/7/26,14:00,1350,,,89,
2025/7/26,14:15,1350,,,80,
2025/7/26,14:30,1350,,,79,
2025/7/26,14:45,1350,,,74,
2025/7/26,15:00,1350,,,74,
2025/7/26,15:15,1350,,,73,
2025/7/26,15:30,1350,,,72,
2025/7/26,15:45,1350,,,73,
2025/7/26,16:00,1350,,,73,
2025/7/26,16:15,1350,,,68,
2025/7/26,16:30,1350,,,67,
2025/7/26,16:45,1350,,,60,
2025/7/26,17:00,1350,,,60,
2025/7/26,17:15,1350,,,55,
2025/7/26,17:30,1350,,,52,
2025/7/26,17:45,1350,,,58,
2025/7/26,18:00,1350,,,54,
2025/7/26,18:15,1350,,,54,
2025/7/26,18:30,1350,,,54,
2025/7/26,18:45,1350,,,53,
2025/7/26,19:00,1350,,,86,
2025/7/26,19:15,1350,,,85,
2025/7/26,19:30,1350,,,54,
2025/7/26,19:45,1350,,,53,
2025/7/26,20:00,1350,,,54,
2025/7/26,20:15,1350,,,56,
2025/7/26,20:30,1350,,,53,
2025/7/26,20:45,1350,,,54,
2025/7/26,21:00,1350,,,53,
2025/7/26,21:15,1350,,,53,
2025/7/26,21:30,1350,,,54,
2025/7/26,21:45,1350,,,54,
2025/7/26,22:00,1350,,,53,
2025/7/26,22:15,1350,,,54,
2025/7/26,22:30,1350,,,54,
2025/7/26,22:45,1350,,,54,
2025/7/26,23:00,1350,,,54,
2025/7/26,23:15,1350,,,54,
2025/7/26,23:30,1350,,,53,
2025/7/26,23:45,1350,,,53,
2025/7/27,00:00,1350,,,53,
2025/7/27,00:15,1350,,,,53
2025/7/27,00:30,1350,,,,77
2025/7/27,00:45,1350,,,,54
2025/7/27,01:00,1350,,,,56
2025/7/27,01:15,1350,,,,53
2025/7/27,01:30,1350,,,,54
2025/7/27,01:45,1350,,,,51
2025/7/27,02:00,1350,,,,53
2025/7/27,02:15,1350,,,,54
2025/7/27,02:30,1350,,,,53
2025/7/27,02:45,1350,,,,54
2025/7/27,03:00,1350,,,,54
2025/7/27,03:15,1350,,,,53
2025/7/27,03:30,1350,,,,53
2025/7/27,03:45,1350,,,,54
2025/7/27,04:00,1350,,,,53
2025/7/27,04:15,1350,,,,53
2025/7/27,04:30,1350,,,,54
2025/7/27,04:45,1350,,,,51
2025/7/27,05:00,1350,,,,54
2025/7/27,05:15,1350,,,,56
2025/7/27,05:30,1350,,,,53
2025/7/27,05:45,1350,,,,52
2025/7/27,06:00,1350,,,,52
2025/7/27,06:15,1350,,,,59
2025/7/27,06:30,1350,,,,70
2025/7/27,06:45,1350,,,,54
2025/7/27,07:00,1350,,,,51
2025/7/27,07:15,1350,,,,52
2025/7/27,07:30,1350,,,,52
2025/7/27,07:45,1350,,,,52
2025/7/27,08:00,1350,,,,53
2025/7/27,08:15,1350,,,,52
2025/7/27,08:30,1350,,,,54
2025/7/27,08:45,1350,,,,52
2025/7/27,09:00,1350,,,,53
2025/7/27,09:15,1350,,,,56
2025/7/27,09:30,1350,,,,55
2025/7/27,09:45,1350,,,,53
2025/7/27,10:00,1350,,,,52
2025/7/27,10:15,1350,,,,54
2025/7/27,10:30,1350,,,,52
2025/7/27,10:45,1350,,,,52
2025/7/27,11:00,1350,,,,52
2025/7/27,11:15,1350,,,,55
2025/7/27,11:30,1350,,,,63
2025/7/27,11:45,1350,,,,56
2025/7/27,12:00,1350,,,,60
2025/7/27,12:15,1350,,,,77
2025/7/27,12:30,1350,,,,57
2025/7/27,12:45,1350,,,,57
2025/7/27,13:00,1350,,,,53
2025/7/27,13:15,1350,,,,56
2025/7/27,13:30,1350,,,,57
2025/7/27,13:45,1350,,,,55
2025/7/27,14:00,1350,,,,54
2025/7/27,14:15,1350,,,,55
2025/7/27,14:30,1350,,,,57
2025/7/27,14:45,1350,,,,62
2025/7/27,15:00,1350,,,,62
2025/7/27,15:15,1350,,,,56
2025/7/27,15:30,1350,,,,52
2025/7/27,15:45,1350,,,,53
2025/7/27,16:00,1350,,,,57
2025/7/27,16:15,1350,,,,60
2025/7/27,16:30,1350,,,,58
2025/7/27,16:45,1350,,,,52
2025/7/27,17:00,1350,,,,50
2025/7/27,17:15,1350,,,,77
2025/7/27,17:30,1350,,,,67
2025/7/27,17:45,1350,,,,52
2025/7/27,18:00,1350,,,,52
2025/7/27,18:15,1350,,,,59
2025/7/27,18:30,1350,,,,61
2025/7/27,18:45,1350,,,,53
2025/7/27,19:00,1350,,,,53
2025/7/27,19:15,1350,,,,58
2025/7/27,19:30,1350,,,,61
2025/7/27,19:45,1350,,,,56
2025/7/27,20:00,1350,,,,54
2025/7/27,20:15,1350,,,,53
2025/7/27,20:30,1350,,,,61
2025/7/27,20:45,1350,,,,58
2025/7/27,21:00,1350,,,,53
2025/7/27,21:15,1350,,,,53
2025/7/27,21:30,1350,,,,58
2025/7/27,21:45,1350,,,,61
2025/7/27,22:00,1350,,,,53
2025/7/27,22:15,1350,,,,54
2025/7/27,22:30,1350,,,,54
2025/7/27,22:45,1350,,,,61
2025/7/27,23:00,1350,,,,54
2025/7/27,23:15,1350,,,,77
2025/7/27,23:30,1350,,,,54
2025/7/27,23:45,1350,,,,64
2025/7/28,00:00,1350,,,,59
2025/7/28,00:15,1350,,,,51
2025/7/28,00:30,1350,,,,53
2025/7/28,00:45,1350,,,,61
2025/7/28,01:00,1350,,,,56
2025/7/28,01:15,1350,,,,51
2025/7/28,01:30,1350,,,,53
2025/7/28,01:45,1350,,,,62
2025/7/28,02:00,1350,,,,56
2025/7/28,02:15,1350,,,,50
2025/7/28,02:30,1350,,,,50
2025/7/28,02:45,1350,,,,59
2025/7/28,03:00,1350,,,,53
2025/7/28,03:15,1350,,,,48
2025/7/28,03:30,1350,,,,53
2025/7/28,03:45,1350,,,,58
2025/7/28,04:00,1350,,,,51
2025/7/28,04:15,1350,,,,50
2025/7/28,04:30,1350,,,,53
2025/7/28,04:45,1350,,,,58
2025/7/28,05:00,1350,,,,51
2025/7/28,05:15,1350,,,,50
2025/7/28,05:30,1350,,,,51
2025/7/28,05:45,1350,,,,57
2025/7/28,06:00,1350,,,,49
2025/7/28,06:15,1350,,,,49
2025/7/28,06:30,1350,,,,52
2025/7/28,06:45,1350,,,,62
2025/7/28,07:00,1350,,,,65
2025/7/28,07:15,1350,,,,153
2025/7/28,07:30,1350,,,,212
2025/7/28,07:45,1350,,,,242
2025/7/28,08:00,1350,,,,303
2025/7/28,08:15,1350,,,,682
2025/7/28,08:30,1350,,,,947
2025/7/28,08:45,1350,,,,974
2025/7/28,09:00,1350,,,,902
2025/7/28,09:15,1350,,853,,
2025/7/28,09:30,1350,,887,,
2025/7/28,09:45,1350,,876,,
2025/7/28,10:00,1350,,843,,
2025/7/28,10:15,1350,,827,,
2025/7/28,10:30,1350,,870,,
2025/7/28,10:45,1350,,886,,
2025/7/28,11:00,1350,,942,,
2025/7/28,11:15,1350,,1000,,
2025/7/28,11:30,1350,,1086,,
2025/7/28,11:45,1350,,1086,,
2025/7/28,12:00,1350,,870,,
2025/7/28,12:15,1350,,507,,
2025/7/28,12:30,1350,,497,,
2025/7/28,12:45,1350,,530,,
2025/7/28,13:00,1350,,941,,
2025/7/28,13:15,1350,,1100,,
2025/7/28,13:30,1350,,1119,,
2025/7/28,13:45,1350,,1111,,
2025/7/28,14:00,1350,,1073,,
2025/7/28,14:15,1350,,1137,,
2025/7/28,14:30,1350,,1136,,
2025/7/28,14:45,1350,,1013,,
2025/7/28,15:00,1350,,895,,
2025/7/28,15:15,1350,,917,,
2025/7/28,15:30,1350,,886,,
2025/7/28,15:45,1350,,866,,
2025/7/28,16:00,1350,,840,,
2025/7/28,16:15,1350,780,,,
2025/7/28,16:30,1350,683,,,
2025/7/28,16:45,1350,712,,,
2025/7/28,17:00,1350,576,,,
2025/7/28,17:15,1350,404,,,
2025/7/28,17:30,1350,373,,,
2025/7/28,17:45,1350,522,,,
2025/7/28,18:00,1350,608,,,
2025/7/28,18:15,1350,668,,,
2025/7/28,18:30,1350,645,,,
2025/7/28,18:45,1350,667,,,
2025/7/28,19:00,1350,658,,,
2025/7/28,19:15,1350,602,,,
2025/7/28,19:30,1350,494,,,
2025/7/28,19:45,1350,408,,,
2025/7/28,20:00,1350,390,,,
2025/7/28,20:15,1350,392,,,
2025/7/28,20:30,1350,406,,,
2025/7/28,20:45,1350,434,,,
2025/7/28,21:00,1350,432,,,
2025/7/28,21:15,1350,445,,,
2025/7/28,21:30,1350,424,,,
2025/7/28,21:45,1350,422,,,
2025/7/28,22:00,1350,416,,,
2025/7/28,22:15,1350,,496,,
2025/7/28,22:30,1350,,552,,
2025/7/28,22:45,1350,,557,,
2025/7/28,23:00,1350,,578,,
2025/7/28,23:15,1350,,533,,
2025/7/28,23:30,1350,,552,,
2025/7/28,23:45,1350,,546,,
2025/7/29,00:00,1350,,504,,
2025/7/29,00:15,1350,,,,464
2025/7/29,00:30,1350,,,,434
2025/7/29,00:45,1350,,,,483
2025/7/29,01:00,1350,,,,480
2025/7/29,01:15,1350,,,,432
2025/7/29,01:30,1350,,,,382
2025/7/29,01:45,1350,,,,382
2025/7/29,02:00,1350,,,,274
2025/7/29,02:15,1350,,,,304
2025/7/29,02:30,1350,,,,336
2025/7/29,02:45,1350,,,,330
2025/7/29,03:00,1350,,,,318
2025/7/29,03:15,1350,,,,320
2025/7/29,03:30,1350,,,,325
2025/7/29,03:45,1350,,,,317
2025/7/29,04:00,1350,,,,296
2025/7/29,04:15,1350,,,,262
2025/7/29,04:30,1350,,,,227
2025/7/29,04:45,1350,,,,192
2025/7/29,05:00,1350,,,,160
2025/7/29,05:15,1350,,,,146
2025/7/29,05:30,1350,,,,146
2025/7/29,05:45,1350,,,,148
2025/7/29,06:00,1350,,,,145
2025/7/29,06:15,1350,,,,145
2025/7/29,06:30,1350,,,,140
2025/7/29,06:45,1350,,,,123
2025/7/29,07:00,1350,,,,125
2025/7/29,07:15,1350,,,,147
2025/7/29,07:30,1350,,,,188
2025/7/29,07:45,1350,,,,204
2025/7/29,08:00,1350,,,,259
2025/7/29,08:15,1350,,,,619
2025/7/29,08:30,1350,,,,854
2025/7/29,08:45,1350,,,,931
2025/7/29,09:00,1350,,,,1040
2025/7/29,09:15,1350,,1087,,
2025/7/29,09:30,1350,,1118,,
2025/7/29,09:45,1350,,1075,,
2025/7/29,10:00,1350,,1037,,
2025/7/29,10:15,1350,,1069,,
2025/7/29,10:30,1350,,1103,,
2025/7/29,10:45,1350,,1095,,
2025/7/29,11:00,1350,,1101,,
2025/7/29,11:15,1350,,1026,,
2025/7/29,11:30,1350,,961,,
2025/7/29,11:45,1350,,932,,
2025/7/29,12:00,1350,,771,,
2025/7/29,12:15,1350,,544,,
2025/7/29,12:30,1350,,499,,
2025/7/29,12:45,1350,,527,,
2025/7/29,13:00,1350,,667,,
2025/7/29,13:15,1350,,862,,
2025/7/29,13:30,1350,,997,,
2025/7/29,13:45,1350,,972,,
2025/7/29,14:00,1350,,999,,
2025/7/29,14:15,1350,,963,,
2025/7/29,14:30,1350,,942,,
2025/7/29,14:45,1350,,909,,
2025/7/29,15:00,1350,,824,,
2025/7/29,15:15,1350,,820,,
2025/7/29,15:30,1350,,826,,
2025/7/29,15:45,1350,,793,,
2025/7/29,16:00,1350,,781,,
2025/7/29,16:15,1350,636,,,
2025/7/29,16:30,1350,619,,,
2025/7/29,16:45,1350,609,,,
2025/7/29,17:00,1350,487,,,
2025/7/29,17:15,1350,339,,,
2025/7/29,17:30,1350,308,,,
2025/7/29,17:45,1350,397,,,
2025/7/29,18:00,1350,489,,,
2025/7/29,18:15,1350,450,,,
2025/7/29,18:30,1350,450,,,
2025/7/29,18:45,1350,437,,,
2025/7/29,19:00,1350,398,,,
2025/7/29,19:15,1350,222,,,
2025/7/29,19:30,1350,166,,,
2025/7/29,19:45,1350,141,,,
2025/7/29,20:00,1350,149,,,
2025/7/29,20:15,1350,152,,,
2025/7/29,20:30,1350,142,,,
2025/7/29,20:45,1350,123,,,
2025/7/29,21:00,1350,125,,,
2025/7/29,21:15,1350,120,,,
2025/7/29,21:30,1350,128,,,
2025/7/29,21:45,1350,125,,,
2025/7/29,22:00,1350,160,,,
2025/7/29,22:15,1350,,310,,
2025/7/29,22:30,1350,,398,,
2025/7/29,22:45,1350,,427,,
2025/7/29,23:00,1350,,426,,
2025/7/29,23:15,1350,,390,,
2025/7/29,23:30,1350,,362,,
2025/7/29,23:45,1350,,405,,
2025/7/30,00:00,1350,,405,,
2025/7/30,00:15,1350,,,,400
2025/7/30,00:30,1350,,,,405
2025/7/30,00:45,1350,,,,371
2025/7/30,01:00,1350,,,,341
2025/7/30,01:15,1350,,,,214
2025/7/30,01:30,1350,,,,189
2025/7/30,01:45,1350,,,,176
2025/7/30,02:00,1350,,,,173
2025/7/30,02:15,1350,,,,171
2025/7/30,02:30,1350,,,,178
2025/7/30,02:45,1350,,,,176
2025/7/30,03:00,1350,,,,174
2025/7/30,03:15,1350,,,,174
2025/7/30,03:30,1350,,,,184
2025/7/30,03:45,1350,,,,182
2025/7/30,04:00,1350,,,,171
2025/7/30,04:15,1350,,,,166
2025/7/30,04:30,1350,,,,181
2025/7/30,04:45,1350,,,,194
2025/7/30,05:00,1350,,,,189
2025/7/30,05:15,1350,,,,194
2025/7/30,05:30,1350,,,,186
2025/7/30,05:45,1350,,,,150
2025/7/30,06:00,1350,,,,144
2025/7/30,06:15,1350,,,,140
2025/7/30,06:30,1350,,,,136
2025/7/30,06:45,1350,,,,138
2025/7/30,07:00,1350,,,,134
2025/7/30,07:15,1350,,,,181
2025/7/30,07:30,1350,,,,278
2025/7/30,07:45,1350,,,,266
2025/7/30,08:00,1350,,,,328
2025/7/30,08:15,1350,,,,688
2025/7/30,08:30,1350,,,,923
2025/7/30,08:45,1350,,,,914
2025/7/30,09:00,1350,,,,938
2025/7/30,09:15,1350,,969,,
2025/7/30,09:30,1350,,968,,
2025/7/30,09:45,1350,,962,,
2025/7/30,10:00,1350,,936,,
2025/7/30,10:15,1350,,980,,
2025/7/30,10:30,1350,,1013,,
2025/7/30,10:45,1350,,1005,,
2025/7/30,11:00,1350,,1034,,
2025/7/30,11:15,1350,,1036,,
2025/7/30,11:30,1350,,1025,,
2025/7/30,11:45,1350,,1024,,
2025/7/30,12:00,1350,,870,,
2025/7/30,12:15,1350,,647,,
2025/7/30,12:30,1350,,625,,
2025/7/30,12:45,1350,,646,,
2025/7/30,13:00,1350,,895,,
2025/7/30,13:15,1350,,973,,
2025/7/30,13:30,1350,,933,,
2025/7/30,13:45,1350,,852,,
2025/7/30,14:00,1350,,797,,
2025/7/30,14:15,1350,,774,,
2025/7/30,14:30,1350,,761,,
2025/7/30,14:45,1350,,771,,
2025/7/30,15:00,1350,,722,,
2025/7/30,15:15,1350,,728,,
2025/7/30,15:30,1350,,702,,
2025/7/30,15:45,1350,,698,,
2025/7/30,16:00,1350,,670,,
2025/7/30,16:15,1350,441,,,
2025/7/30,16:30,1350,368,,,
2025/7/30,16:45,1350,337,,,
2025/7/30,17:00,1350,303,,,
2025/7/30,17:15,1350,251,,,
2025/7/30,17:30,1350,219,,,
2025/7/30,17:45,1350,227,,,
2025/7/30,18:00,1350,222,,,
2025/7/30,18:15,1350,203,,,
2025/7/30,18:30,1350,198,,,
2025/7/30,18:45,1350,199,,,
2025/7/30,19:00,1350,202,,,
2025/7/30,19:15,1350,192,,,
2025/7/30,19:30,1350,146,,,
2025/7/30,19:45,1350,122,,,
2025/7/30,20:00,1350,125,,,
2025/7/30,20:15,1350,122,,,
2025/7/30,20:30,1350,120,,,
2025/7/30,20:45,1350,112,,,
2025/7/30,21:00,1350,115,,,
2025/7/30,21:15,1350,115,,,
2025/7/30,21:30,1350,107,,,
2025/7/30,21:45,1350,106,,,
2025/7/30,22:00,1350,107,,,
2025/7/30,22:15,1350,,256,,
2025/7/30,22:30,1350,,296,,
2025/7/30,22:45,1350,,302,,
2025/7/30,23:00,1350,,302,,
2025/7/30,23:15,1350,,307,,
2025/7/30,23:30,1350,,330,,
2025/7/30,23:45,1350,,328,,
2025/7/31,00:00,1350,,294,,
2025/7/31,00:15,1350,,,,341
2025/7/31,00:30,1350,,,,339
2025/7/31,00:45,1350,,,,323
2025/7/31,01:00,1350,,,,306
2025/7/31,01:15,1350,,,,208
2025/7/31,01:30,1350,,,,136
2025/7/31,01:45,1350,,,,126
2025/7/31,02:00,1350,,,,122
2025/7/31,02:15,1350,,,,126
2025/7/31,02:30,1350,,,,123
2025/7/31,02:45,1350,,,,125
2025/7/31,03:00,1350,,,,123
2025/7/31,03:15,1350,,,,115
2025/7/31,03:30,1350,,,,110
2025/7/31,03:45,1350,,,,110
2025/7/31,04:00,1350,,,,112
2025/7/31,04:15,1350,,,,115
2025/7/31,04:30,1350,,,,112
2025/7/31,04:45,1350,,,,88
2025/7/31,05:00,1350,,,,74
2025/7/31,05:15,1350,,,,69
2025/7/31,05:30,1350,,,,67
2025/7/31,05:45,1350,,,,70
2025/7/31,06:00,1350,,,,67
2025/7/31,06:15,1350,,,,69
2025/7/31,06:30,1350,,,,67
2025/7/31,06:45,1350,,,,63
2025/7/31,07:00,1350,,,,66
2025/7/31,07:15,1350,,,,166
2025/7/31,07:30,1350,,,,254
2025/7/31,07:45,1350,,,,285
2025/7/31,08:00,1350,,,,300
2025/7/31,08:15,1350,,,,518
2025/7/31,08:30,1350,,,,644
2025/7/31,08:45,1350,,,,767
2025/7/31,09:00,1350,,,,765
2025/7/31,09:15,1350,,792,,
2025/7/31,09:30,1350,,985,,
2025/7/31,09:45,1350,,1041,,
2025/7/31,10:00,1350,,904,,
2025/7/31,10:15,1350,,841,,
2025/7/31,10:30,1350,,873,,
2025/7/31,10:45,1350,,981,,
2025/7/31,11:00,1350,,969,,
2025/7/31,11:15,1350,,973,,
2025/7/31,11:30,1350,,981,,
2025/7/31,11:45,1350,,966,,
2025/7/31,12:00,1350,,834,,
2025/7/31,12:15,1350,,574,,
2025/7/31,12:30,1350,,539,,
2025/7/31,12:45,1350,,560,,
2025/7/31,13:00,1350,,833,,
2025/7/31,13:15,1350,,956,,
2025/7/31,13:30,1350,,958,,
2025/7/31,13:45,1350,,932,,
2025/7/31,14:00,1350,,945,,
2025/7/31,14:15,1350,,924,,
2025/7/31,14:30,1350,,880,,
2025/7/31,14:45,1350,,829,,
2025/7/31,15:00,1350,,770,,
2025/7/31,15:15,1350,,766,,
2025/7/31,15:30,1350,,724,,
2025/7/31,15:45,1350,,711,,
2025/7/31,16:00,1350,,695,,
2025/7/31,16:15,1350,572,,,
2025/7/31,16:30,1350,559,,,
2025/7/31,16:45,1350,536,,,
2025/7/31,17:00,1350,405,,,
2025/7/31,17:15,1350,257,,,
2025/7/31,17:30,1350,240,,,
2025/7/31,17:45,1350,241,,,
2025/7/31,18:00,1350,237,,,
2025/7/31,18:15,1350,237,,,
2025/7/31,18:30,1350,223,,,
2025/7/31,18:45,1350,219,,,
2025/7/31,19:00,1350,213,,,
2025/7/31,19:15,1350,194,,,
2025/7/31,19:30,1350,142,,,
2025/7/31,19:45,1350,125,,,
2025/7/31,20:00,1350,131,,,
2025/7/31,20:15,1350,136,,,
2025/7/31,20:30,1350,133,,,
2025/7/31,20:45,1350,131,,,
2025/7/31,21:00,1350,134,,,
2025/7/31,21:15,1350,184,,,
2025/7/31,21:30,1350,189,,,
2025/7/31,21:45,1350,187,,,
2025/7/31,22:00,1350,190,,,
2025/7/31,22:15,1350,,274,,
2025/7/31,22:30,1350,,379,,
2025/7/31,22:45,1350,,405,,
2025/7/31,23:00,1350,,378,,
2025/7/31,23:15,1350,,371,,
2025/7/31,23:30,1350,,363,,
2025/7/31,23:45,1350,,342,,
2025/8/1,00:00,1350,,421,,
2025/8/1,00:15,1350,,,,435
2025/8/1,00:30,1350,,,,467
2025/8/1,00:45,1350,,,,502
2025/8/1,01:00,1350,,,,531
2025/8/1,01:15,1350,,,,418
2025/8/1,01:30,1350,,,,378
2025/8/1,01:45,1350,,,,376
2025/8/1,02:00,1350,,,,374
2025/8/1,02:15,1350,,,,387
2025/8/1,02:30,1350,,,,413
2025/8/1,02:45,1350,,,,390
2025/8/1,03:00,1350,,,,382
2025/8/1,03:15,1350,,,,422
2025/8/1,03:30,1350,,,,411
2025/8/1,03:45,1350,,,,392
2025/8/1,04:00,1350,,,,368
2025/8/1,04:15,1350,,,,331
2025/8/1,04:30,1350,,,,286
2025/8/1,04:45,1350,,,,246
2025/8/1,05:00,1350,,,,230
2025/8/1,05:15,1350,,,,221
2025/8/1,05:30,1350,,,,213
2025/8/1,05:45,1350,,,,206
2025/8/1,06:00,1350,,,,213
2025/8/1,06:15,1350,,,,207
2025/8/1,06:30,1350,,,,157
2025/8/1,06:45,1350,,,,171
2025/8/1,07:00,1350,,,,170
2025/8/1,07:15,1350,,,,193
2025/8/1,07:30,1350,,,,228
2025/8/1,07:45,1350,,,,220
2025/8/1,08:00,1350,,,,264
2025/8/1,08:15,1350,,,,305
2025/8/1,08:30,1350,,,,308
2025/8/1,08:45,1350,,,,314
2025/8/1,09:00,1350,,,,349
2025/8/1,09:15,1350,,340,,
2025/8/1,09:30,1350,,374,,
2025/8/1,09:45,1350,,399,,
2025/8/1,10:00,1350,,395,,
2025/8/1,10:15,1350,,455,,
2025/8/1,10:30,1350,,486,,
2025/8/1,10:45,1350,,574,,
2025/8/1,11:00,1350,,572,,
2025/8/1,11:15,1350,,576,,
2025/8/1,11:30,1350,,645,,
2025/8/1,11:45,1350,,668,,
2025/8/1,12:00,1350,,566,,
2025/8/1,12:15,1350,,533,,
2025/8/1,12:30,1350,,521,,
2025/8/1,12:45,1350,,458,,
2025/8/1,13:00,1350,,398,,
2025/8/1,13:15,1350,,377,,
2025/8/1,13:30,1350,,346,,
2025/8/1,13:45,1350,,407,,
2025/8/1,14:00,1350,,378,,
2025/8/1,14:15,1350,,370,,
2025/8/1,14:30,1350,,403,,
2025/8/1,14:45,1350,,451,,
2025/8/1,15:00,1350,,472,,
2025/8/1,15:15,1350,,488,,
2025/8/1,15:30,1350,,542,,
2025/8/1,15:45,1350,,599,,
2025/8/1,16:00,1350,,479,,
2025/8/1,16:15,1350,371,,,
2025/8/1,16:30,1350,355,,,
2025/8/1,16:45,1350,258,,,
2025/8/1,17:00,1350,181,,,
2025/8/1,17:15,1350,142,,,
2025/8/1,17:30,1350,143,,,
2025/8/1,17:45,1350,141,,,
2025/8/1,18:00,1350,130,,,
2025/8/1,18:15,1350,126,,,
2025/8/1,18:30,1350,126,,,
2025/8/1,18:45,1350,136,,,
2025/8/1,19:00,1350,141,,,
2025/8/1,19:15,1350,150,,,
2025/8/1,19:30,1350,136,,,
2025/8/1,19:45,1350,125,,,
2025/8/1,20:00,1350,115,,,
2025/8/1,20:15,1350,110,,,
2025/8/1,20:30,1350,98,,,
2025/8/1,20:45,1350,96,,,
2025/8/1,21:00,1350,96,,,
2025/8/1,21:15,1350,114,,,
2025/8/1,21:30,1350,133,,,
2025/8/1,21:45,1350,168,,,
2025/8/1,22:00,1350,214,,,
2025/8/1,22:15,1350,,208,,
2025/8/1,22:30,1350,,195,,
2025/8/1,22:45,1350,,192,,
2025/8/1,23:00,1350,,200,,
2025/8/1,23:15,1350,,210,,
2025/8/1,23:30,1350,,214,,
2025/8/1,23:45,1350,,194,,
2025/8/2,00:00,1350,,198,,
2025/8/2,00:15,1350,,,,197
2025/8/2,00:30,1350,,,,200
2025/8/2,00:45,1350,,,,200
2025/8/2,01:00,1350,,,,192
2025/8/2,01:15,1350,,,,179
2025/8/2,01:30,1350,,,,181
2025/8/2,01:45,1350,,,,189
2025/8/2,02:00,1350,,,,155
2025/8/2,02:15,1350,,,,146
2025/8/2,02:30,1350,,,,173
2025/8/2,02:45,1350,,,,194
2025/8/2,03:00,1350,,,,154
2025/8/2,03:15,1350,,,,93
2025/8/2,03:30,1350,,,,91
2025/8/2,03:45,1350,,,,94
2025/8/2,04:00,1350,,,,99
2025/8/2,04:15,1350,,,,91
2025/8/2,04:30,1350,,,,90
2025/8/2,04:45,1350,,,,94
2025/8/2,05:00,1350,,,,98
2025/8/2,05:15,1350,,,,96
2025/8/2,05:30,1350,,,,91
2025/8/2,05:45,1350,,,,85
2025/8/2,06:00,1350,,,,86
2025/8/2,06:15,1350,,,,78
2025/8/2,06:30,1350,,,,76
2025/8/2,06:45,1350,,,,73
2025/8/2,07:00,1350,,,,91
2025/8/2,07:15,1350,,,,94
2025/8/2,07:30,1350,,,,83
2025/8/2,07:45,1350,,,,80
2025/8/2,08:00,1350,,,,80
2025/8/2,08:15,1350,,,,116
2025/8/2,08:30,1350,,,,104
2025/8/2,08:45,1350,,,,78
2025/8/2,09:00,1350,,,74,
2025/8/2,09:15,1350,,,83,
2025/8/2,09:30,1350,,,85,
2025/8/2,09:45,1350,,,84,
2025/8/2,10:00,1350,,,87,
2025/8/2,10:15,1350,,,92,
2025/8/2,10:30,1350,,,99,
2025/8/2,10:45,1350,,,92,
2025/8/2,11:00,1350,,,94,
2025/8/2,11:15,1350,,,108,
2025/8/2,11:30,1350,,,151,
2025/8/2,11:45,1350,,,92,
2025/8/2,12:00,1350,,,86,
2025/8/2,12:15,1350,,,89,
2025/8/2,12:30,1350,,,95,
2025/8/2,12:45,1350,,,88,
2025/8/2,13:00,1350,,,84,
2025/8/2,13:15,1350,,,89,
2025/8/2,13:30,1350,,,100,
2025/8/2,13:45,1350,,,92,
2025/8/2,14:00,1350,,,83,
2025/8/2,14:15,1350,,,83,
2025/8/2,14:30,1350,,,117,
2025/8/2,14:45,1350,,,113,
2025/8/2,15:00,1350,,,83,
2025/8/2,15:15,1350,,,86,
2025/8/2,15:30,1350,,,90,
2025/8/2,15:45,1350,,,79,
2025/8/2,16:00,1350,,,74,
2025/8/2,16:15,1350,,,74,
2025/8/2,16:30,1350,,,78,
2025/8/2,16:45,1350,,,66,
2025/8/2,17:00,1350,,,64,
2025/8/2,17:15,1350,,,67,
2025/8/2,17:30,1350,,,70,
2025/8/2,17:45,1350,,,66,
2025/8/2,18:00,1350,,,67,
2025/8/2,18:15,1350,,,71,
2025/8/2,18:30,1350,,,71,
2025/8/2,18:45,1350,,,71,
2025/8/2,19:00,1350,,,66,
2025/8/2,19:15,1350,,,75,
2025/8/2,19:30,1350,,,74,
2025/8/2,19:45,1350,,,66,
2025/8/2,20:00,1350,,,69,
2025/8/2,20:15,1350,,,75,
2025/8/2,20:30,1350,,,67,
2025/8/2,20:45,1350,,,50,
2025/8/2,21:00,1350,,,48,
2025/8/2,21:15,1350,,,53,
2025/8/2,21:30,1350,,,46,
2025/8/2,21:45,1350,,,45,
2025/8/2,22:00,1350,,,50,
2025/8/2,22:15,1350,,,53,
2025/8/2,22:30,1350,,,45,
2025/8/2,22:45,1350,,,45,
2025/8/2,23:00,1350,,,51,
2025/8/2,23:15,1350,,,53,
2025/8/2,23:30,1350,,,45,
2025/8/2,23:45,1350,,,45,
2025/8/3,00:00,1350,,,51,
2025/8/3,00:15,1350,,,,50
2025/8/3,00:30,1350,,,,46
2025/8/3,00:45,1350,,,,43
2025/8/3,01:00,1350,,,,53
2025/8/3,01:15,1350,,,,53
2025/8/3,01:30,1350,,,,94
2025/8/3,01:45,1350,,,,48
2025/8/3,02:00,1350,,,,51
2025/8/3,02:15,1350,,,,46
2025/8/3,02:30,1350,,,,43
2025/8/3,02:45,1350,,,,51
2025/8/3,03:00,1350,,,,51
2025/8/3,03:15,1350,,,,45
2025/8/3,03:30,1350,,,,45
2025/8/3,03:45,1350,,,,50
2025/8/3,04:00,1350,,,,53
2025/8/3,04:15,1350,,,,43
2025/8/3,04:30,1350,,,,46
2025/8/3,04:45,1350,,,,51
2025/8/3,05:00,1350,,,,50
2025/8/3,05:15,1350,,,,43
2025/8/3,05:30,1350,,,,43
2025/8/3,05:45,1350,,,,55
2025/8/3,06:00,1350,,,,48
2025/8/3,06:15,1350,,,,42
2025/8/3,06:30,1350,,,,45
2025/8/3,06:45,1350,,,,53
2025/8/3,07:00,1350,,,,47
2025/8/3,07:15,1350,,,,44
2025/8/3,07:30,1350,,,,47
2025/8/3,07:45,1350,,,,55
2025/8/3,08:00,1350,,,,50
2025/8/3,08:15,1350,,,,44
2025/8/3,08:30,1350,,,,64
2025/8/3,08:45,1350,,,,62
2025/8/3,09:00,1350,,,,52
2025/8/3,09:15,1350,,,,45
2025/8/3,09:30,1350,,,,46
2025/8/3,09:45,1350,,,,52
2025/8/3,10:00,1350,,,,49
2025/8/3,10:15,1350,,,,46
2025/8/3,10:30,1350,,,,46
2025/8/3,10:45,1350,,,,52
2025/8/3,11:00,1350,,,,48
2025/8/3,11:15,1350,,,,45
2025/8/3,11:30,1350,,,,46
2025/8/3,11:45,1350,,,,53
2025/8/3,12:00,1350,,,,48
2025/8/3,12:15,1350,,,,44
2025/8/3,12:30,1350,,,,46
2025/8/3,12:45,1350,,,,53
2025/8/3,13:00,1350,,,,48
2025/8/3,13:15,1350,,,,44
2025/8/3,13:30,1350,,,,44
2025/8/3,13:45,1350,,,,53
2025/8/3,14:00,1350,,,,48
2025/8/3,14:15,1350,,,,45
2025/8/3,14:30,1350,,,,45
2025/8/3,14:45,1350,,,,53
2025/8/3,15:00,1350,,,,47
2025/8/3,15:15,1350,,,,44
2025/8/3,15:30,1350,,,,46
2025/8/3,15:45,1350,,,,52
2025/8/3,16:00,1350,,,,51
2025/8/3,16:15,1350,,,,66
2025/8/3,16:30,1350,,,,47
2025/8/3,16:45,1350,,,,52
2025/8/3,17:00,1350,,,,45
2025/8/3,17:15,1350,,,,44
2025/8/3,17:30,1350,,,,52
2025/8/3,17:45,1350,,,,49
2025/8/3,18:00,1350,,,,45
2025/8/3,18:15,1350,,,,48
2025/8/3,18:30,1350,,,,52
2025/8/3,18:45,1350,,,,45
2025/8/3,19:00,1350,,,,43
2025/8/3,19:15,1350,,,,53
2025/8/3,19:30,1350,,,,51
2025/8/3,19:45,1350,,,,45
2025/8/3,20:00,1350,,,,48
2025/8/3,20:15,1350,,,,53
2025/8/3,20:30,1350,,,,46
2025/8/3,20:45,1350,,,,45
2025/8/3,21:00,1350,,,,50
2025/8/3,21:15,1350,,,,53
2025/8/3,21:30,1350,,,,45
2025/8/3,21:45,1350,,,,45
2025/8/3,22:00,1350,,,,54
2025/8/3,22:15,1350,,,,50
2025/8/3,22:30,1350,,,,43
2025/8/3,22:45,1350,,,,46
2025/8/3,23:00,1350,,,,54
2025/8/3,23:15,1350,,,,46
2025/8/3,23:30,1350,,,,45
2025/8/3,23:45,1350,,,,50
2025/8/4,00:00,1350,,,,53
2025/8/4,00:15,1350,,,,66
2025/8/4,00:30,1350,,,,43
2025/8/4,00:45,1350,,,,53
2025/8/4,01:00,1350,,,,48
2025/8/4,01:15,1350,,,,45
2025/8/4,01:30,1350,,,,51
2025/8/4,01:45,1350,,,,48
2025/8/4,02:00,1350,,,,46
2025/8/4,02:15,1350,,,,51
2025/8/4,02:30,1350,,,,48
2025/8/4,02:45,1350,,,,43
2025/8/4,03:00,1350,,,,53
2025/8/4,03:15,1350,,,,48
2025/8/4,03:30,1350,,,,48
2025/8/4,03:45,1350,,,,46
2025/8/4,04:00,1350,,,,50
2025/8/4,04:15,1350,,,,48
2025/8/4,04:30,1350,,,,46
2025/8/4,04:45,1350,,,,53
2025/8/4,05:00,1350,,,,43
2025/8/4,05:15,1350,,,,48
2025/8/4,05:30,1350,,,,51
2025/8/4,05:45,1350,,,,45
2025/8/4,06:00,1350,,,,46
2025/8/4,06:15,1350,,,,51
2025/8/4,06:30,1350,,,,44
2025/8/4,06:45,1350,,,,48
2025/8/4,07:00,1350,,,,52
2025/8/4,07:15,1350,,,,154
2025/8/4,07:30,1350,,,,237
2025/8/4,07:45,1350,,,,302
2025/8/4,08:00,1350,,,,384
2025/8/4,08:15,1350,,,,393
2025/8/4,08:30,1350,,,,485
2025/8/4,08:45,1350,,,,529
2025/8/4,09:00,1350,,,,617
2025/8/4,09:15,1350,,802,,
2025/8/4,09:30,1350,,911,,
2025/8/4,09:45,1350,,949,,
2025/8/4,10:00,1350,,934,,
2025/8/4,10:15,1350,,938,,
2025/8/4,10:30,1350,,938,,
2025/8/4,10:45,1350,,950,,
2025/8/4,11:00,1350,,982,,
2025/8/4,11:15,1350,,968,,
2025/8/4,11:30,1350,,904,,
2025/8/4,11:45,1350,,917,,
2025/8/4,12:00,1350,,834,,
2025/8/4,12:15,1350,,532,,
2025/8/4,12:30,1350,,490,,
2025/8/4,12:45,1350,,510,,
2025/8/4,13:00,1350,,819,,
2025/8/4,13:15,1350,,1033,,
2025/8/4,13:30,1350,,1106,,
2025/8/4,13:45,1350,,1125,,
2025/8/4,14:00,1350,,1096,,
2025/8/4,14:15,1350,,1080,,
2025/8/4,14:30,1350,,1083,,
2025/8/4,14:45,1350,,982,,
2025/8/4,15:00,1350,,860,,
2025/8/4,15:15,1350,,849,,
2025/8/4,15:30,1350,,713,,
2025/8/4,15:45,1350,,693,,
2025/8/4,16:00,1350,,611,,
2025/8/4,16:15,1350,405,,,
2025/8/4,16:30,1350,348,,,
2025/8/4,16:45,1350,329,,,
2025/8/4,17:00,1350,302,,,
2025/8/4,17:15,1350,244,,,
2025/8/4,17:30,1350,219,,,
2025/8/4,17:45,1350,226,,,
2025/8/4,18:00,1350,226,,,
2025/8/4,18:15,1350,230,,,
2025/8/4,18:30,1350,225,,,
2025/8/4,18:45,1350,214,,,
2025/8/4,19:00,1350,210,,,
2025/8/4,19:15,1350,203,,,
2025/8/4,19:30,1350,168,,,
2025/8/4,19:45,1350,141,,,
2025/8/4,20:00,1350,136,,,
2025/8/4,20:15,1350,139,,,
2025/8/4,20:30,1350,138,,,
2025/8/4,20:45,1350,130,,,
2025/8/4,21:00,1350,131,,,
2025/8/4,21:15,1350,134,,,
2025/8/4,21:30,1350,130,,,
2025/8/4,21:45,1350,130,,,
2025/8/4,22:00,1350,158,,,
2025/8/4,22:15,1350,,186,,
2025/8/4,22:30,1350,,189,,
2025/8/4,22:45,1350,,205,,
2025/8/4,23:00,1350,,224,,
2025/8/4,23:15,1350,,238,,
2025/8/4,23:30,1350,,272,,
2025/8/4,23:45,1350,,309,,
2025/8/5,00:00,1350,,333,,
2025/8/5,00:15,1350,,,,376
2025/8/5,00:30,1350,,,,408
2025/8/5,00:45,1350,,,,416
2025/8/5,01:00,1350,,,,438
2025/8/5,01:15,1350,,,,435
2025/8/5,01:30,1350,,,,395
2025/8/5,01:45,1350,,,,302
2025/8/5,02:00,1350,,,,350
2025/8/5,02:15,1350,,,,365
2025/8/5,02:30,1350,,,,357
2025/8/5,02:45,1350,,,,355
2025/8/5,03:00,1350,,,,349
2025/8/5,03:15,1350,,,,331
2025/8/5,03:30,1350,,,,205
2025/8/5,03:45,1350,,,,189
2025/8/5,04:00,1350,,,,184
2025/8/5,04:15,1350,,,,181
2025/8/5,04:30,1350,,,,178
2025/8/5,04:45,1350,,,,176
2025/8/5,05:00,1350,,,,176
2025/8/5,05:15,1350,,,,176
2025/8/5,05:30,1350,,,,178
2025/8/5,05:45,1350,,,,173
2025/8/5,06:00,1350,,,,153
2025/8/5,06:15,1350,,,,152
2025/8/5,06:30,1350,,,,142
2025/8/5,06:45,1350,,,,144
2025/8/5,07:00,1350,,,,146
2025/8/5,07:15,1350,,,,211
2025/8/5,07:30,1350,,,,283
2025/8/5,07:45,1350,,,,303
2025/8/5,08:00,1350,,,,357
2025/8/5,08:15,1350,,,,490
2025/8/5,08:30,1350,,,,673
2025/8/5,08:45,1350,,,,746
2025/8/5,09:00,1350,,,,765
2025/8/5,09:15,1350,,820,,
2025/8/5,09:30,1350,,899,,
2025/8/5,09:45,1350,,979,,
2025/8/5,10:00,1350,,915,,
2025/8/5,10:15,1350,,994,,
2025/8/5,10:30,1350,,1093,,
2025/8/5,10:45,1350,,1074,,
2025/8/5,11:00,1350,,1103,,
2025/8/5,11:15,1350,,1068,,
2025/8/5,11:30,1350,,1075,,
2025/8/5,11:45,1350,,1066,,
2025/8/5,12:00,1350,,934,,
2025/8/5,12:15,1350,,650,,
2025/8/5,12:30,1350,,644,,
2025/8/5,12:45,1350,,655,,
2025/8/5,13:00,1350,,994,,
2025/8/5,13:15,1350,,1089,,
2025/8/5,13:30,1350,,1149,,
2025/8/5,13:45,1350,,1140,,
2025/8/5,14:00,1350,,1179,,
2025/8/5,14:15,1350,,1199,,
2025/8/5,14:30,1350,,1115,,
2025/8/5,14:45,1350,,1115,,
2025/8/5,15:00,1350,,1080,,
2025/8/5,15:15,1350,,1071,,
2025/8/5,15:30,1350,,1016,,
2025/8/5,15:45,1350,,976,,
2025/8/5,16:00,1350,,890,,
2025/8/5,16:15,1350,682,,,
2025/8/5,16:30,1350,609,,,
2025/8/5,16:45,1350,544,,,
2025/8/5,17:00,1350,502,,,
2025/8/5,17:15,1350,436,,,
2025/8/5,17:30,1350,394,,,
2025/8/5,17:45,1350,395,,,
2025/8/5,18:00,1350,412,,,
2025/8/5,18:15,1350,430,,,
2025/8/5,18:30,1350,425,,,
2025/8/5,18:45,1350,405,,,
2025/8/5,19:00,1350,389,,,
2025/8/5,19:15,1350,363,,,
2025/8/5,19:30,1350,318,,,
2025/8/5,19:45,1350,290,,,
2025/8/5,20:00,1350,291,,,
2025/8/5,20:15,1350,302,,,
2025/8/5,20:30,1350,302,,,
2025/8/5,20:45,1350,294,,,
2025/8/5,21:00,1350,296,,,
2025/8/5,21:15,1350,285,,,
2025/8/5,21:30,1350,293,,,
2025/8/5,21:45,1350,291,,,
2025/8/5,22:00,1350,294,,,
2025/8/5,22:15,1350,,285,,
2025/8/5,22:30,1350,,278,,
2025/8/5,22:45,1350,,320,,
2025/8/5,23:00,1350,,322,,
2025/8/5,23:15,1350,,320,,
2025/8/5,23:30,1350,,325,,
2025/8/5,23:45,1350,,306,,
2025/8/6,00:00,1350,,304,,
2025/8/6,00:15,1350,,,,290
2025/8/6,00:30,1350,,,,270
2025/8/6,00:45,1350,,,,240
2025/8/6,01:00,1350,,,,227
2025/8/6,01:15,1350,,,,226
2025/8/6,01:30,1350,,,,213
2025/8/6,01:45,1350,,,,192
2025/8/6,02:00,1350,,,,181
2025/8/6,02:15,1350,,,,173
2025/8/6,02:30,1350,,,,163
2025/8/6,02:45,1350,,,,162
2025/8/6,03:00,1350,,,,163
2025/8/6,03:15,1350,,,,162
2025/8/6,03:30,1350,,,,160
2025/8/6,03:45,1350,,,,160
2025/8/6,04:00,1350,,,,160
2025/8/6,04:15,1350,,,,163
2025/8/6,04:30,1350,,,,210
2025/8/6,04:45,1350,,,,165
2025/8/6,05:00,1350,,,,158
2025/8/6,05:15,1350,,,,158
2025/8/6,05:30,1350,,,,144
2025/8/6,05:45,1350,,,,140
2025/8/6,06:00,1350,,,,128
2025/8/6,06:15,1350,,,,116
2025/8/6,06:30,1350,,,,121
2025/8/6,06:45,1350,,,,126
2025/8/6,07:00,1350,,,,124
2025/8/6,07:15,1350,,,,142
2025/8/6,07:30,1350,,,,188
2025/8/6,07:45,1350,,,,204
2025/8/6,08:00,1350,,,,252
2025/8/6,08:15,1350,,,,636
2025/8/6,08:30,1350,,,,968
2025/8/6,08:45,1350,,,,1038
2025/8/6,09:00,1350,,,,1089
2025/8/6,09:15,1350,,1128,,
2025/8/6,09:30,1350,,1131,,
2025/8/6,09:45,1350,,1119,,
2025/8/6,10:00,1350,,1042,,
2025/8/6,10:15,1350,,1093,,
2025/8/6,10:30,1350,,1251,,
2025/8/6,10:45,1350,,1253,,
2025/8/6,11:00,1350,,1200,,
2025/8/6,11:15,1350,,1092,,
2025/8/6,11:30,1350,,934,,
2025/8/6,11:45,1350,,1028,,
2025/8/6,12:00,1350,,1008,,
2025/8/6,12:15,1350,,766,,
2025/8/6,12:30,1350,,700,,
2025/8/6,12:45,1350,,664,,
2025/8/6,13:00,1350,,1011,,
2025/8/6,13:15,1350,,1126,,
2025/8/6,13:30,1350,,1123,,
2025/8/6,13:45,1350,,1057,,
2025/8/6,14:00,1350,,997,,
2025/8/6,14:15,1350,,962,,
2025/8/6,14:30,1350,,1015,,
2025/8/6,14:45,1350,,1044,,
2025/8/6,15:00,1350,,804,,
2025/8/6,15:15,1350,,783,,
2025/8/6,15:30,1350,,783,,
2025/8/6,15:45,1350,,876,,
2025/8/6,16:00,1350,,874,,
2025/8/6,16:15,1350,510,,,
2025/8/6,16:30,1350,412,,,
2025/8/6,16:45,1350,413,,,
2025/8/6,17:00,1350,368,,,
2025/8/6,17:15,1350,276,,,
2025/8/6,17:30,1350,242,,,
2025/8/6,17:45,1350,278,,,
2025/8/6,18:00,1350,296,,,
2025/8/6,18:15,1350,282,,,
2025/8/6,18:30,1350,268,,,
2025/8/6,18:45,1350,261,,,
2025/8/6,19:00,1350,230,,,
2025/8/6,19:15,1350,222,,,
2025/8/6,19:30,1350,158,,,
2025/8/6,19:45,1350,110,,,
2025/8/6,20:00,1350,107,,,
2025/8/6,20:15,1350,112,,,
2025/8/6,20:30,1350,106,,,
2025/8/6,20:45,1350,99,,,
2025/8/6,21:00,1350,102,,,
2025/8/6,21:15,1350,102,,,
2025/8/6,21:30,1350,101,,,
2025/8/6,21:45,1350,102,,,
2025/8/6,22:00,1350,104,,,
2025/8/6,22:15,1350,,205,,
2025/8/6,22:30,1350,,301,,
2025/8/6,22:45,1350,,323,,
2025/8/6,23:00,1350,,253,,
2025/8/6,23:15,1350,,232,,
2025/8/6,23:30,1350,,267,,
2025/8/6,23:45,1350,,293,,
2025/8/7,00:00,1350,,339,,
2025/8/7,00:15,1350,,,,309
2025/8/7,00:30,1350,,,,331
2025/8/7,00:45,1350,,,,395
2025/8/7,01:00,1350,,,,427
2025/8/7,01:15,1350,,,,482
2025/8/7,01:30,1350,,,,485
2025/8/7,01:45,1350,,,,398
2025/8/7,02:00,1350,,,,366
2025/8/7,02:15,1350,,,,365
2025/8/7,02:30,1350,,,,363
2025/8/7,02:45,1350,,,,350
2025/8/7,03:00,1350,,,,379
2025/8/7,03:15,1350,,,,349
2025/8/7,03:30,1350,,,,320
2025/8/7,03:45,1350,,,,283
2025/8/7,04:00,1350,,,,258
2025/8/7,04:15,1350,,,,240
2025/8/7,04:30,1350,,,,238
2025/8/7,04:45,1350,,,,232
2025/8/7,05:00,1350,,,,230
2025/8/7,05:15,1350,,,,186
2025/8/7,05:30,1350,,,,179
2025/8/7,05:45,1350,,,,173
2025/8/7,06:00,1350,,,,154
2025/8/7,06:15,1350,,,,143
2025/8/7,06:30,1350,,,,132
2025/8/7,06:45,1350,,,,140
2025/8/7,07:00,1350,,,,136
2025/8/7,07:15,1350,,,,172
2025/8/7,07:30,1350,,,,223
2025/8/7,07:45,1350,,,,264
2025/8/7,08:00,1350,,,,292
2025/8/7,08:15,1350,,,,678
2025/8/7,08:30,1350,,,,1023
2025/8/7,08:45,1350,,,,1099
2025/8/7,09:00,1350,,,,1120
2025/8/7,09:15,1350,,1123,,
2025/8/7,09:30,1350,,1180,,
2025/8/7,09:45,1350,,1220,,
2025/8/7,10:00,1350,,1207,,
2025/8/7,10:15,1350,,1250,,
2025/8/7,10:30,1350,,1234,,
2025/8/7,10:45,1350,,1161,,
2025/8/7,11:00,1350,,1113,,
2025/8/7,11:15,1350,,1098,,
2025/8/7,11:30,1350,,1146,,
2025/8/7,11:45,1350,,1243,,
2025/8/7,12:00,1350,,1081,,
2025/8/7,12:15,1350,,777,,
2025/8/7,12:30,1350,,754,,
2025/8/7,12:45,1350,,795,,
2025/8/7,13:00,1350,,1117,,
2025/8/7,13:15,1350,,1220,,
2025/8/7,13:30,1350,,1220,,
2025/8/7,13:45,1350,,1218,,
2025/8/7,14:00,1350,,1196,,
2025/8/7,14:15,1350,,1199,,
2025/8/7,14:30,1350,,1215,,
2025/8/7,14:45,1350,,1228,,
2025/8/7,15:00,1350,,1078,,
2025/8/7,15:15,1350,,1000,,
2025/8/7,15:30,1350,,917,,
2025/8/7,15:45,1350,,908,,
2025/8/7,16:00,1350,,874,,
2025/8/7,16:15,1350,777,,,
2025/8/7,16:30,1350,524,,,
2025/8/7,16:45,1350,442,,,
2025/8/7,17:00,1350,373,,,
2025/8/7,17:15,1350,308,,,
2025/8/7,17:30,1350,275,,,
2025/8/7,17:45,1350,260,,,
2025/8/7,18:00,1350,269,,,
2025/8/7,18:15,1350,255,,,
2025/8/7,18:30,1350,233,,,
2025/8/7,18:45,1350,277,,,
2025/8/7,19:00,1350,302,,,
2025/8/7,19:15,1350,282,,,
2025/8/7,19:30,1350,206,,,
2025/8/7,19:45,1350,192,,,
2025/8/7,20:00,1350,190,,,
2025/8/7,20:15,1350,178,,,
2025/8/7,20:30,1350,171,,,
2025/8/7,20:45,1350,163,,,
2025/8/7,21:00,1350,162,,,
2025/8/7,21:15,1350,146,,,
2025/8/7,21:30,1350,141,,,
2025/8/7,21:45,1350,147,,,
2025/8/7,22:00,1350,165,,,
2025/8/7,22:15,1350,,243,,
2025/8/7,22:30,1350,,352,,
2025/8/7,22:45,1350,,368,,
2025/8/7,23:00,1350,,350,,
2025/8/7,23:15,1350,,427,,
2025/8/7,23:30,1350,,395,,
2025/8/7,23:45,1350,,379,,
2025/8/8,00:00,1350,,381,,
2025/8/8,00:15,1350,,,,386
2025/8/8,00:30,1350,,,,442
2025/8/8,00:45,1350,,,,446
2025/8/8,01:00,1350,,,,411
2025/8/8,01:15,1350,,,,402
2025/8/8,01:30,1350,,,,390
2025/8/8,01:45,1350,,,,339
2025/8/8,02:00,1350,,,,333
2025/8/8,02:15,1350,,,,376
2025/8/8,02:30,1350,,,,362
2025/8/8,02:45,1350,,,,355
2025/8/8,03:00,1350,,,,306
2025/8/8,03:15,1350,,,,274
2025/8/8,03:30,1350,,,,267
2025/8/8,03:45,1350,,,,235
2025/8/8,04:00,1350,,,,198
2025/8/8,04:15,1350,,,,194
2025/8/8,04:30,1350,,,,195
2025/8/8,04:45,1350,,,,194
2025/8/8,05:00,1350,,,,187
2025/8/8,05:15,1350,,,,186
2025/8/8,05:30,1350,,,,179
2025/8/8,05:45,1350,,,,142
2025/8/8,06:00,1350,,,,146
2025/8/8,06:15,1350,,,,147
2025/8/8,06:30,1350,,,,147
2025/8/8,06:45,1350,,,,146
2025/8/8,07:00,1350,,,,182
2025/8/8,07:15,1350,,,,246
2025/8/8,07:30,1350,,,,285
2025/8/8,07:45,1350,,,,267
2025/8/8,08:00,1350,,,,352
2025/8/8,08:15,1350,,,,739
2025/8/8,08:30,1350,,,,1028
2025/8/8,08:45,1350,,,,1124
2025/8/8,09:00,1350,,,,1129
2025/8/8,09:15,1350,,1161,,
2025/8/8,09:30,1350,,1146,,
2025/8/8,09:45,1350,,1201,,
2025/8/8,10:00,1350,,1160,,
2025/8/8,10:15,1350,,1216,,
2025/8/8,10:30,1350,,1176,,
2025/8/8,10:45,1350,,1104,,
2025/8/8,11:00,1350,,1110,,
2025/8/8,11:15,1350,,1088,,
2025/8/8,11:30,1350,,1056,,
2025/8/8,11:45,1350,,1089,,
2025/8/8,12:00,1350,,859,,
2025/8/8,12:15,1350,,572,,
2025/8/8,12:30,1350,,545,,
2025/8/8,12:45,1350,,568,,
2025/8/8,13:00,1350,,835,,
2025/8/8,13:15,1350,,998,,
2025/8/8,13:30,1350,,1049,,
2025/8/8,13:45,1350,,1006,,
2025/8/8,14:00,1350,,995,,
2025/8/8,14:15,1350,,1000,,
2025/8/8,14:30,1350,,1094,,
2025/8/8,14:45,1350,,1073,,
2025/8/8,15:00,1350,,854,,
2025/8/8,15:15,1350,,863,,
2025/8/8,15:30,1350,,849,,
2025/8/8,15:45,1350,,701,,
2025/8/8,16:00,1350,,643,,
2025/8/8,16:15,1350,448,,,
2025/8/8,16:30,1350,417,,,
2025/8/8,16:45,1350,394,,,
2025/8/8,17:00,1350,368,,,
2025/8/8,17:15,1350,290,,,
2025/8/8,17:30,1350,264,,,
2025/8/8,17:45,1350,295,,,
2025/8/8,18:00,1350,289,,,
2025/8/8,18:15,1350,288,,,
2025/8/8,18:30,1350,273,,,
2025/8/8,18:45,1350,250,,,
2025/8/8,19:00,1350,251,,,
2025/8/8,19:15,1350,254,,,
2025/8/8,19:30,1350,189,,,
2025/8/8,19:45,1350,157,,,
2025/8/8,20:00,1350,154,,,
2025/8/8,20:15,1350,155,,,
2025/8/8,20:30,1350,152,,,
2025/8/8,20:45,1350,163,,,
2025/8/8,21:00,1350,155,,,
2025/8/8,21:15,1350,149,,,
2025/8/8,21:30,1350,154,,,
2025/8/8,21:45,1350,211,,,
2025/8/8,22:00,1350,226,,,
2025/8/8,22:15,1350,,355,,
2025/8/8,22:30,1350,,432,,
2025/8/8,22:45,1350,,432,,
2025/8/8,23:00,1350,,400,,
2025/8/8,23:15,1350,,450,,
2025/8/8,23:30,1350,,413,,
2025/8/8,23:45,1350,,358,,
2025/8/9,00:00,1350,,411,,
2025/8/9,00:15,1350,,,,390
2025/8/9,00:30,1350,,,,331
2025/8/9,00:45,1350,,,,334
2025/8/9,01:00,1350,,,,253
2025/8/9,01:15,1350,,,,240
2025/8/9,01:30,1350,,,,208
2025/8/9,01:45,1350,,,,149
2025/8/9,02:00,1350,,,,131
2025/8/9,02:15,1350,,,,136
2025/8/9,02:30,1350,,,,133
2025/8/9,02:45,1350,,,,174
2025/8/9,03:00,1350,,,,178
2025/8/9,03:15,1350,,,,178
2025/8/9,03:30,1350,,,,138
2025/8/9,03:45,1350,,,,123
2025/8/9,04:00,1350,,,,120
2025/8/9,04:15,1350,,,,122
2025/8/9,04:30,1350,,,,122
2025/8/9,04:45,1350,,,,122
2025/8/9,05:00,1350,,,,115
2025/8/9,05:15,1350,,,,120
2025/8/9,05:30,1350,,,,120
2025/8/9,05:45,1350,,,,125
2025/8/9,06:00,1350,,,,143
2025/8/9,06:15,1350,,,,116
2025/8/9,06:30,1350,,,,119
2025/8/9,06:45,1350,,,,105
2025/8/9,07:00,1350,,,,107
2025/8/9,07:15,1350,,,,103
2025/8/9,07:30,1350,,,,94
2025/8/9,07:45,1350,,,,105
2025/8/9,08:00,1350,,,,143
2025/8/9,08:15,1350,,,,121
2025/8/9,08:30,1350,,,,107
2025/8/9,08:45,1350,,,,128
2025/8/9,09:00,1350,,,142,
2025/8/9,09:15,1350,,,195,
2025/8/9,09:30,1350,,,170,
2025/8/9,09:45,1350,,,129,
2025/8/9,10:00,1350,,,124,
2025/8/9,10:15,1350,,,149,
2025/8/9,10:30,1350,,,205,
2025/8/9,10:45,1350,,,179,
2025/8/9,11:00,1350,,,191,
2025/8/9,11:15,1350,,,219,
2025/8/9,11:30,1350,,,274,
2025/8/9,11:45,1350,,,211,
2025/8/9,12:00,1350,,,214,
2025/8/9,12:15,1350,,,181,
2025/8/9,12:30,1350,,,113,
2025/8/9,12:45,1350,,,116,
2025/8/9,13:00,1350,,,152,
2025/8/9,13:15,1350,,,207,
2025/8/9,13:30,1350,,,274,
2025/8/9,13:45,1350,,,247,
2025/8/9,14:00,1350,,,217,
2025/8/9,14:15,1350,,,270,
2025/8/9,14:30,1350,,,258,
2025/8/9,14:45,1350,,,208,
2025/8/9,15:00,1350,,,254,
2025/8/9,15:15,1350,,,271,
2025/8/9,15:30,1350,,,201,
2025/8/9,15:45,1350,,,227,
2025/8/9,16:00,1350,,,262,
2025/8/9,16:15,1350,,,208,
2025/8/9,16:30,1350,,,219,
2025/8/9,16:45,1350,,,263,
2025/8/9,17:00,1350,,,182,
2025/8/9,17:15,1350,,,60,
2025/8/9,17:30,1350,,,61,
2025/8/9,17:45,1350,,,71,
2025/8/9,18:00,1350,,,58,
2025/8/9,18:15,1350,,,57,
2025/8/9,18:30,1350,,,58,
2025/8/9,18:45,1350,,,56,
2025/8/9,19:00,1350,,,61,
2025/8/9,19:15,1350,,,61,
2025/8/9,19:30,1350,,,56,
2025/8/9,19:45,1350,,,58,
2025/8/9,20:00,1350,,,58,
2025/8/9,20:15,1350,,,62,
2025/8/9,20:30,1350,,,61,
2025/8/9,20:45,1350,,,56,
2025/8/9,21:00,1350,,,54,
2025/8/9,21:15,1350,,,56,
2025/8/9,21:30,1350,,,58,
2025/8/9,21:45,1350,,,62,
2025/8/9,22:00,1350,,,56,
2025/8/9,22:15,1350,,,58,
2025/8/9,22:30,1350,,,54,
2025/8/9,22:45,1350,,,56,
2025/8/9,23:00,1350,,,66,
2025/8/9,23:15,1350,,,59,
2025/8/9,23:30,1350,,,56,
2025/8/9,23:45,1350,,,51,
2025/8/10,00:00,1350,,,54,
2025/8/10,00:15,1350,,,,62
2025/8/10,00:30,1350,,,,58
2025/8/10,00:45,1350,,,,54
2025/8/10,01:00,1350,,,,54
2025/8/10,01:15,1350,,,,54
2025/8/10,01:30,1350,,,,61
2025/8/10,01:45,1350,,,,56
2025/8/10,02:00,1350,,,,54
2025/8/10,02:15,1350,,,,59
2025/8/10,02:30,1350,,,,56
2025/8/10,02:45,1350,,,,62
2025/8/10,03:00,1350,,,,56
2025/8/10,03:15,1350,,,,54
2025/8/10,03:30,1350,,,,54
2025/8/10,03:45,1350,,,,59
2025/8/10,04:00,1350,,,,61
2025/8/10,04:15,1350,,,,56
2025/8/10,04:30,1350,,,,54
2025/8/10,04:45,1350,,,,53
2025/8/10,05:00,1350,,,,61
2025/8/10,05:15,1350,,,,62
2025/8/10,05:30,1350,,,,58
2025/8/10,05:45,1350,,,,52
2025/8/10,06:00,1350,,,,55
2025/8/10,06:15,1350,,,,63
2025/8/10,06:30,1350,,,,55
2025/8/10,06:45,1350,,,,92
2025/8/10,07:00,1350,,,,73
2025/8/10,07:15,1350,,,,60
2025/8/10,07:30,1350,,,,62
2025/8/10,07:45,1350,,,,54
2025/8/10,08:00,1350,,,,57
2025/8/10,08:15,1350,,,,61
2025/8/10,08:30,1350,,,,69
2025/8/10,08:45,1350,,,,61
2025/8/10,09:00,1350,,,,61
2025/8/10,09:15,1350,,,,61
2025/8/10,09:30,1350,,,,63
2025/8/10,09:45,1350,,,,64
2025/8/10,10:00,1350,,,,59
2025/8/10,10:15,1350,,,,63
2025/8/10,10:30,1350,,,,62
2025/8/10,10:45,1350,,,,67
2025/8/10,11:00,1350,,,,64
2025/8/10,11:15,1350,,,,82
2025/8/10,11:30,1350,,,,67
2025/8/10,11:45,1350,,,,68
2025/8/10,12:00,1350,,,,71
2025/8/10,12:15,1350,,,,65
2025/8/10,12:30,1350,,,,65
2025/8/10,12:45,1350,,,,58
2025/8/10,13:00,1350,,,,68
2025/8/10,13:15,1350,,,,65
2025/8/10,13:30,1350,,,,64
2025/8/10,13:45,1350,,,,66
2025/8/10,14:00,1350,,,,63
2025/8/10,14:15,1350,,,,77
2025/8/10,14:30,1350,,,,71
2025/8/10,14:45,1350,,,,65
2025/8/10,15:00,1350,,,,86
2025/8/10,15:15,1350,,,,65
2025/8/10,15:30,1350,,,,69
2025/8/10,15:45,1350,,,,58
2025/8/10,16:00,1350,,,,61
2025/8/10,16:15,1350,,,,62
2025/8/10,16:30,1350,,,,68
2025/8/10,16:45,1350,,,,63
2025/8/10,17:00,1350,,,,59
2025/8/10,17:15,1350,,,,59
2025/8/10,17:30,1350,,,,59
2025/8/10,17:45,1350,,,,66
2025/8/10,18:00,1350,,,,59
2025/8/10,18:15,1350,,,,56
2025/8/10,18:30,1350,,,,55
2025/8/10,18:45,1350,,,,60
2025/8/10,19:00,1350,,,,62
2025/8/10,19:15,1350,,,,78
2025/8/10,19:30,1350,,,,56
2025/8/10,19:45,1350,,,,56
2025/8/10,20:00,1350,,,,61
2025/8/10,20:15,1350,,,,62
2025/8/10,20:30,1350,,,,56
2025/8/10,20:45,1350,,,,54
2025/8/10,21:00,1350,,,,56
2025/8/10,21:15,1350,,,,61
2025/8/10,21:30,1350,,,,58
2025/8/10,21:45,1350,,,,54
2025/8/10,22:00,1350,,,,54
2025/8/10,22:15,1350,,,,59
2025/8/10,22:30,1350,,,,62
2025/8/10,22:45,1350,,,,54
2025/8/10,23:00,1350,,,,54
2025/8/10,23:15,1350,,,,58
2025/8/10,23:30,1350,,,,62
2025/8/10,23:45,1350,,,,54
2025/8/11,00:00,1350,,,,53
2025/8/11,00:15,1350,,,,54
2025/8/11,00:30,1350,,,,75
2025/8/11,00:45,1350,,,,67
2025/8/11,01:00,1350,,,,53
2025/8/11,01:15,1350,,,,54
2025/8/11,01:30,1350,,,,59
2025/8/11,01:45,1350,,,,61
2025/8/11,02:00,1350,,,,53
2025/8/11,02:15,1350,,,,58
2025/8/11,02:30,1350,,,,56
2025/8/11,02:45,1350,,,,61
2025/8/11,03:00,1350,,,,54
2025/8/11,03:15,1350,,,,54
2025/8/11,03:30,1350,,,,51
2025/8/11,03:45,1350,,,,58
2025/8/11,04:00,1350,,,,59
2025/8/11,04:15,1350,,,,53
2025/8/11,04:30,1350,,,,53
2025/8/11,04:45,1350,,,,58
2025/8/11,05:00,1350,,,,56
2025/8/11,05:15,1350,,,,58
2025/8/11,05:30,1350,,,,56
2025/8/11,05:45,1350,,,,57
2025/8/11,06:00,1350,,,,55
2025/8/11,06:15,1350,,,,56
2025/8/11,06:30,1350,,,,54
2025/8/11,06:45,1350,,,,75
2025/8/11,07:00,1350,,,,95
2025/8/11,07:15,1350,,,,178
2025/8/11,07:30,1350,,,,267
2025/8/11,07:45,1350,,,,287
2025/8/11,08:00,1350,,,,351
2025/8/11,08:15,1350,,,,734
2025/8/11,08:30,1350,,,,972
2025/8/11,08:45,1350,,,,951
2025/8/11,09:00,1350,,,,868
2025/8/11,09:15,1350,,997,,
2025/8/11,09:30,1350,,1049,,
2025/8/11,09:45,1350,,1020,,
2025/8/11,10:00,1350,,948,,
2025/8/11,10:15,1350,,1040,,
2025/8/11,10:30,1350,,1119,,
2025/8/11,10:45,1350,,1212,,
2025/8/11,11:00,1350,,1266,,
2025/8/11,11:15,1350,,1275,,
2025/8/11,11:30,1350,,1274,,
2025/8/11,11:45,1350,,1317,,
2025/8/11,12:00,1350,,1102,,
2025/8/11,12:15,1350,,818,,
2025/8/11,12:30,1350,,715,,
2025/8/11,12:45,1350,,746,,
2025/8/11,13:00,1350,,1125,,
2025/8/11,13:15,1350,,1170,,
2025/8/11,13:30,1350,,1145,,
2025/8/11,13:45,1350,,1161,,
2025/8/11,14:00,1350,,1142,,
2025/8/11,14:15,1350,,1189,,
2025/8/11,14:30,1350,,1162,,
2025/8/11,14:45,1350,,1127,,
2025/8/11,15:00,1350,,1018,,
2025/8/11,15:15,1350,,1083,,
2025/8/11,15:30,1350,,1004,,
2025/8/11,15:45,1350,,960,,
2025/8/11,16:00,1350,,913,,
2025/8/11,16:15,1350,595,,,
2025/8/11,16:30,1350,455,,,
2025/8/11,16:45,1350,387,,,
2025/8/11,17:00,1350,342,,,
2025/8/11,17:15,1350,250,,,
2025/8/11,17:30,1350,225,,,
2025/8/11,17:45,1350,237,,,
2025/8/11,18:00,1350,247,,,
2025/8/11,18:15,1350,262,,,
2025/8/11,18:30,1350,260,,,
2025/8/11,18:45,1350,260,,,
2025/8/11,19:00,1350,254,,,
2025/8/11,19:15,1350,232,,,
2025/8/11,19:30,1350,155,,,
2025/8/11,19:45,1350,106,,,
2025/8/11,20:00,1350,106,,,
2025/8/11,20:15,1350,144,,,
2025/8/11,20:30,1350,107,,,
2025/8/11,20:45,1350,99,,,
2025/8/11,21:00,1350,93,,,
2025/8/11,21:15,1350,139,,,
2025/8/11,21:30,1350,162,,,
2025/8/11,21:45,1350,158,,,
2025/8/11,22:00,1350,139,,,
2025/8/11,22:15,1350,,270,,
2025/8/11,22:30,1350,,291,,
2025/8/11,22:45,1350,,366,,
2025/8/11,23:00,1350,,346,,
2025/8/11,23:15,1350,,381,,
2025/8/11,23:30,1350,,435,,
2025/8/11,23:45,1350,,387,,
2025/8/12,00:00,1350,,376,,
2025/8/12,00:15,1350,,,,445
2025/8/12,00:30,1350,,,,451
2025/8/12,00:45,1350,,,,421
2025/8/12,01:00,1350,,,,490
2025/8/12,01:15,1350,,,,437
2025/8/12,01:30,1350,,,,435
2025/8/12,01:45,1350,,,,520
2025/8/12,02:00,1350,,,,480
2025/8/12,02:15,1350,,,,450
2025/8/12,02:30,1350,,,,480
2025/8/12,02:45,1350,,,,333
2025/8/12,03:00,1350,,,,312
2025/8/12,03:15,1350,,,,291
2025/8/12,03:30,1350,,,,248
2025/8/12,03:45,1350,,,,190
2025/8/12,04:00,1350,,,,181
2025/8/12,04:15,1350,,,,179
2025/8/12,04:30,1350,,,,174
2025/8/12,04:45,1350,,,,176
2025/8/12,05:00,1350,,,,174
2025/8/12,05:15,1350,,,,176
2025/8/12,05:30,1350,,,,176
2025/8/12,05:45,1350,,,,177
2025/8/12,06:00,1350,,,,163
2025/8/12,06:15,1350,,,,165
2025/8/12,06:30,1350,,,,138
2025/8/12,06:45,1350,,,,148
2025/8/12,07:00,1350,,,,190
2025/8/12,07:15,1350,,,,225
2025/8/12,07:30,1350,,,,250
2025/8/12,07:45,1350,,,,250
2025/8/12,08:00,1350,,,,332
2025/8/12,08:15,1350,,,,708
2025/8/12,08:30,1350,,,,992
2025/8/12,08:45,1350,,,,1087
2025/8/12,09:00,1350,,,,1135
2025/8/12,09:15,1350,,1177,,
2025/8/12,09:30,1350,,1158,,
2025/8/12,09:45,1350,,1111,,
2025/8/12,10:00,1350,,1059,,
2025/8/12,10:15,1350,,1154,,
2025/8/12,10:30,1350,,1206,,
2025/8/12,10:45,1350,,1316,,
2025/8/12,11:00,1350,,1235,,
2025/8/12,11:15,1350,,1226,,
2025/8/12,11:30,1350,,1202,,
2025/8/12,11:45,1350,,1165,,
2025/8/12,12:00,1350,,1003,,
2025/8/12,12:15,1350,,728,,
2025/8/12,12:30,1350,,655,,
2025/8/12,12:45,1350,,665,,
2025/8/12,13:00,1350,,944,,
2025/8/12,13:15,1350,,903,,
2025/8/12,13:30,1350,,872,,
2025/8/12,13:45,1350,,916,,
2025/8/12,14:00,1350,,907,,
2025/8/12,14:15,1350,,904,,
2025/8/12,14:30,1350,,877,,
2025/8/12,14:45,1350,,871,,
2025/8/12,15:00,1350,,863,,
2025/8/12,15:15,1350,,912,,
2025/8/12,15:30,1350,,837,,
2025/8/12,15:45,1350,,807,,
2025/8/12,16:00,1350,,750,,
2025/8/12,16:15,1350,476,,,
2025/8/12,16:30,1350,441,,,
2025/8/12,16:45,1350,427,,,
2025/8/12,17:00,1350,382,,,
2025/8/12,17:15,1350,300,,,
2025/8/12,17:30,1350,244,,,
2025/8/12,17:45,1350,269,,,
2025/8/12,18:00,1350,267,,,
2025/8/12,18:15,1350,276,,,
2025/8/12,18:30,1350,262,,,
2025/8/12,18:45,1350,241,,,
2025/8/12,19:00,1350,246,,,
2025/8/12,19:15,1350,242,,,
2025/8/12,19:30,1350,192,,,
2025/8/12,19:45,1350,142,,,
2025/8/12,20:00,1350,152,,,
2025/8/12,20:15,1350,152,,,
2025/8/12,20:30,1350,138,,,
2025/8/12,20:45,1350,123,,,
2025/8/12,21:00,1350,122,,,
2025/8/12,21:15,1350,120,,,
2025/8/12,21:30,1350,126,,,
2025/8/12,21:45,1350,186,,,
2025/8/12,22:00,1350,197,,,
2025/8/12,22:15,1350,,243,,
2025/8/12,22:30,1350,,272,,
2025/8/12,22:45,1350,,261,,
2025/8/12,23:00,1350,,422,,
2025/8/12,23:15,1350,,464,,
2025/8/12,23:30,1350,,438,,
2025/8/12,23:45,1350,,443,,
2025/8/13,00:00,1350,,456,,
2025/8/13,00:15,1350,,,,458
2025/8/13,00:30,1350,,,,483
2025/8/13,00:45,1350,,,,494
2025/8/13,01:00,1350,,,,483
2025/8/13,01:15,1350,,,,371
2025/8/13,01:30,1350,,,,310
2025/8/13,01:45,1350,,,,301
2025/8/13,02:00,1350,,,,307
2025/8/13,02:15,1350,,,,347
2025/8/13,02:30,1350,,,,338
2025/8/13,02:45,1350,,,,323
2025/8/13,03:00,1350,,,,314
2025/8/13,03:15,1350,,,,264
2025/8/13,03:30,1350,,,,258
2025/8/13,03:45,1350,,,,238
2025/8/13,04:00,1350,,,,237
2025/8/13,04:15,1350,,,,238
2025/8/13,04:30,1350,,,,211
2025/8/13,04:45,1350,,,,186
2025/8/13,05:00,1350,,,,182
2025/8/13,05:15,1350,,,,182
2025/8/13,05:30,1350,,,,149
2025/8/13,05:45,1350,,,,142
2025/8/13,06:00,1350,,,,138
2025/8/13,06:15,1350,,,,142
2025/8/13,06:30,1350,,,,140
2025/8/13,06:45,1350,,,,183
2025/8/13,07:00,1350,,,,187
2025/8/13,07:15,1350,,,,229
2025/8/13,07:30,1350,,,,240
2025/8/13,07:45,1350,,,,250
2025/8/13,08:00,1350,,,,337
2025/8/13,08:15,1350,,,,635
2025/8/13,08:30,1350,,,,960
2025/8/13,08:45,1350,,,,985
2025/8/13,09:00,1350,,,,1045
2025/8/13,09:15,1350,,1170,,
2025/8/13,09:30,1350,,1188,,
2025/8/13,09:45,1350,,1180,,
2025/8/13,10:00,1350,,1079,,
2025/8/13,10:15,1350,,1030,,
2025/8/13,10:30,1350,,1006,,
2025/8/13,10:45,1350,,996,,
2025/8/13,11:00,1350,,1076,,
2025/8/13,11:15,1350,,1150,,
2025/8/13,11:30,1350,,1184,,
2025/8/13,11:45,1350,,1221,,
2025/8/13,12:00,1350,,999,,
2025/8/13,12:15,1350,,753,,
2025/8/13,12:30,1350,,765,,
2025/8/13,12:45,1350,,771,,
2025/8/13,13:00,1350,,971,,
2025/8/13,13:15,1350,,1110,,
2025/8/13,13:30,1350,,1160,,
2025/8/13,13:45,1350,,1176,,
2025/8/13,14:00,1350,,1149,,
2025/8/13,14:15,1350,,1079,,
2025/8/13,14:30,1350,,1078,,
2025/8/13,14:45,1350,,1058,,
2025/8/13,15:00,1350,,986,,
2025/8/13,15:15,1350,,1026,,
2025/8/13,15:30,1350,,1037,,
2025/8/13,15:45,1350,,1007,,
2025/8/13,16:00,1350,,949,,
2025/8/13,16:15,1350,688,,,
2025/8/13,16:30,1350,480,,,
2025/8/13,16:45,1350,454,,,
2025/8/13,17:00,1350,406,,,
2025/8/13,17:15,1350,310,,,
2025/8/13,17:30,1350,281,,,
2025/8/13,17:45,1350,306,,,
2025/8/13,18:00,1350,306,,,
2025/8/13,18:15,1350,325,,,
2025/8/13,18:30,1350,313,,,
2025/8/13,18:45,1350,304,,,
2025/8/13,19:00,1350,304,,,
2025/8/13,19:15,1350,280,,,
2025/8/13,19:30,1350,200,,,
2025/8/13,19:45,1350,170,,,
2025/8/13,20:00,1350,168,,,
2025/8/13,20:15,1350,141,,,
2025/8/13,20:30,1350,126,,,
2025/8/13,20:45,1350,109,,,
2025/8/13,21:00,1350,104,,,
2025/8/13,21:15,1350,104,,,
2025/8/13,21:30,1350,122,,,
2025/8/13,21:45,1350,171,,,
2025/8/13,22:00,1350,165,,,
2025/8/13,22:15,1350,,272,,
2025/8/13,22:30,1350,,403,,
2025/8/13,22:45,1350,,408,,
2025/8/13,23:00,1350,,418,,
2025/8/13,23:15,1350,,410,,
2025/8/13,23:30,1350,,418,,
2025/8/13,23:45,1350,,464,,
2025/8/14,00:00,1350,,458,,
2025/8/14,00:15,1350,,,,461
2025/8/14,00:30,1350,,,,462
2025/8/14,00:45,1350,,,,566
2025/8/14,01:00,1350,,,,574
2025/8/14,01:15,1350,,,,608
2025/8/14,01:30,1350,,,,574
2025/8/14,01:45,1350,,,,582
2025/8/14,02:00,1350,,,,427
2025/8/14,02:15,1350,,,,400
2025/8/14,02:30,1350,,,,408
2025/8/14,02:45,1350,,,,429
2025/8/14,03:00,1350,,,,397
2025/8/14,03:15,1350,,,,365
2025/8/14,03:30,1350,,,,331
2025/8/14,03:45,1350,,,,283
2025/8/14,04:00,1350,,,,267
2025/8/14,04:15,1350,,,,222
2025/8/14,04:30,1350,,,,219
2025/8/14,04:45,1350,,,,230
2025/8/14,05:00,1350,,,,216
2025/8/14,05:15,1350,,,,186
2025/8/14,05:30,1350,,,,167
2025/8/14,05:45,1350,,,,163
2025/8/14,06:00,1350,,,,155
2025/8/14,06:15,1350,,,,146
2025/8/14,06:30,1350,,,,168
2025/8/14,06:45,1350,,,,146
2025/8/14,07:00,1350,,,,141
2025/8/14,07:15,1350,,,,155
2025/8/14,07:30,1350,,,,202
2025/8/14,07:45,1350,,,,256
2025/8/14,08:00,1350,,,,316
2025/8/14,08:15,1350,,,,636
2025/8/14,08:30,1350,,,,949
2025/8/14,08:45,1350,,,,1073
2025/8/14,09:00,1350,,,,1093
2025/8/14,09:15,1350,,1052,,
2025/8/14,09:30,1350,,1082,,
2025/8/14,09:45,1350,,1160,,
2025/8/14,10:00,1350,,1115,,
2025/8/14,10:15,1350,,1155,,
2025/8/14,10:30,1350,,1087,,
2025/8/14,10:45,1350,,1038,,
2025/8/14,11:00,1350,,1046,,
2025/8/14,11:15,1350,,991,,
2025/8/14,11:30,1350,,1086,,
2025/8/14,11:45,1350,,1114,,
2025/8/14,12:00,1350,,907,,
2025/8/14,12:15,1350,,667,,
2025/8/14,12:30,1350,,656,,
2025/8/14,12:45,1350,,624,,
2025/8/14,13:00,1350,,983,,
2025/8/14,13:15,1350,,1114,,
2025/8/14,13:30,1350,,1076,,
2025/8/14,13:45,1350,,907,,
2025/8/14,14:00,1350,,895,,
2025/8/14,14:15,1350,,879,,
2025/8/14,14:30,1350,,731,,
2025/8/14,14:45,1350,,717,,
2025/8/14,15:00,1350,,613,,
2025/8/14,15:15,1350,,605,,
2025/8/14,15:30,1350,,740,,
2025/8/14,15:45,1350,,764,,
2025/8/14,16:00,1350,,548,,
2025/8/14,16:15,1350,501,,,
2025/8/14,16:30,1350,606,,,
2025/8/14,16:45,1350,639,,,
2025/8/14,17:00,1350,459,,,
2025/8/14,17:15,1350,288,,,
2025/8/14,17:30,1350,258,,,
2025/8/14,17:45,1350,268,,,
2025/8/14,18:00,1350,282,,,
2025/8/14,18:15,1350,277,,,
2025/8/14,18:30,1350,272,,,
2025/8/14,18:45,1350,264,,,
2025/8/14,19:00,1350,261,,,
2025/8/14,19:15,1350,248,,,
2025/8/14,19:30,1350,168,,,
2025/8/14,19:45,1350,142,,,
2025/8/14,20:00,1350,150,,,
2025/8/14,20:15,1350,146,,,
2025/8/14,20:30,1350,142,,,
2025/8/14,20:45,1350,133,,,
2025/8/14,21:00,1350,133,,,
2025/8/14,21:15,1350,133,,,
2025/8/14,21:30,1350,133,,,
2025/8/14,21:45,1350,174,,,
2025/8/14,22:00,1350,211,,,
2025/8/14,22:15,1350,,307,,
2025/8/14,22:30,1350,,421,,
2025/8/14,22:45,1350,,430,,
2025/8/14,23:00,1350,,437,,
2025/8/14,23:15,1350,,450,,
2025/8/14,23:30,1350,,418,,
2025/8/14,23:45,1350,,475,,
2025/8/15,00:00,1350,,464,,
2025/8/15,00:15,1350,,,,498
2025/8/15,00:30,1350,,,,520
2025/8/15,00:45,1350,,,,576
2025/8/15,01:00,1350,,,,629
2025/8/15,01:15,1350,,,,606
2025/8/15,01:30,1350,,,,510
2025/8/15,01:45,1350,,,,459
2025/8/15,02:00,1350,,,,453
2025/8/15,02:15,1350,,,,446
2025/8/15,02:30,1350,,,,438
2025/8/15,02:45,1350,,,,421
2025/8/15,03:00,1350,,,,395
2025/8/15,03:15,1350,,,,363
2025/8/15,03:30,1350,,,,318
2025/8/15,03:45,1350,,,,285
2025/8/15,04:00,1350,,,,270
2025/8/15,04:15,1350,,,,237
2025/8/15,04:30,1350,,,,203
2025/8/15,04:45,1350,,,,173
2025/8/15,05:00,1350,,,,165
2025/8/15,05:15,1350,,,,166
2025/8/15,05:30,1350,,,,160
2025/8/15,05:45,1350,,,,125
2025/8/15,06:00,1350,,,,123
2025/8/15,06:15,1350,,,,123
2025/8/15,06:30,1350,,,,127
2025/8/15,06:45,1350,,,,117
2025/8/15,07:00,1350,,,,122
2025/8/15,07:15,1350,,,,135
2025/8/15,07:30,1350,,,,162
2025/8/15,07:45,1350,,,,165
2025/8/15,08:00,1350,,,,253
2025/8/15,08:15,1350,,,,389
2025/8/15,08:30,1350,,,,552
2025/8/15,08:45,1350,,,,639
2025/8/15,09:00,1350,,,,665
2025/8/15,09:15,1350,,690,,
2025/8/15,09:30,1350,,727,,
2025/8/15,09:45,1350,,728,,
2025/8/15,10:00,1350,,715,,
2025/8/15,10:15,1350,,738,,
2025/8/15,10:30,1350,,755,,
2025/8/15,10:45,1350,,742,,
2025/8/15,11:00,1350,,688,,
2025/8/15,11:15,1350,,672,,
2025/8/15,11:30,1350,,665,,
2025/8/15,11:45,1350,,601,,
2025/8/15,12:00,1350,,552,,
2025/8/15,12:15,1350,,401,,
2025/8/15,12:30,1350,,365,,
2025/8/15,12:45,1350,,377,,
2025/8/15,13:00,1350,,527,,
2025/8/15,13:15,1350,,649,,
2025/8/15,13:30,1350,,698,,
2025/8/15,13:45,1350,,685,,
2025/8/15,14:00,1350,,677,,
2025/8/15,14:15,1350,,683,,
2025/8/15,14:30,1350,,691,,
2025/8/15,14:45,1350,,672,,
2025/8/15,15:00,1350,,619,,
2025/8/15,15:15,1350,,599,,
2025/8/15,15:30,1350,,586,,
2025/8/15,15:45,1350,,553,,
2025/8/15,16:00,1350,,549,,
2025/8/15,16:15,1350,363,,,
2025/8/15,16:30,1350,345,,,
2025/8/15,16:45,1350,293,,,
2025/8/15,17:00,1350,255,,,
2025/8/15,17:15,1350,163,,,
2025/8/15,17:30,1350,140,,,
2025/8/15,17:45,1350,135,,,
2025/8/15,18:00,1350,114,,,
2025/8/15,18:15,1350,117,,,
2025/8/15,18:30,1350,104,,,
2025/8/15,18:45,1350,106,,,
2025/8/15,19:00,1350,106,,,
2025/8/15,19:15,1350,107,,,
2025/8/15,19:30,1350,101,,,
2025/8/15,19:45,1350,82,,,
2025/8/15,20:00,1350,86,,,
2025/8/15,20:15,1350,80,,,
2025/8/15,20:30,1350,83,,,
2025/8/15,20:45,1350,91,,,
2025/8/15,21:00,1350,88,,,
2025/8/15,21:15,1350,78,,,
2025/8/15,21:30,1350,80,,,
2025/8/15,21:45,1350,93,,,
2025/8/15,22:00,1350,96,,,
2025/8/15,22:15,1350,,88,,
2025/8/15,22:30,1350,,88,,
2025/8/15,22:45,1350,,94,,
2025/8/15,23:00,1350,,88,,
2025/8/15,23:15,1350,,85,,
2025/8/15,23:30,1350,,77,,
2025/8/15,23:45,1350,,85,,
2025/8/16,00:00,1350,,91,,
2025/8/16,00:15,1350,,,,85
2025/8/16,00:30,1350,,,,83
2025/8/16,00:45,1350,,,,136
2025/8/16,01:00,1350,,,,86
2025/8/16,01:15,1350,,,,83
2025/8/16,01:30,1350,,,,80
2025/8/16,01:45,1350,,,,72
2025/8/16,02:00,1350,,,,70
2025/8/16,02:15,1350,,,,82
2025/8/16,02:30,1350,,,,70
2025/8/16,02:45,1350,,,,70
2025/8/16,03:00,1350,,,,77
2025/8/16,03:15,1350,,,,69
2025/8/16,03:30,1350,,,,54
2025/8/16,03:45,1350,,,,69
2025/8/16,04:00,1350,,,,61
2025/8/16,04:15,1350,,,,51
2025/8/16,04:30,1350,,,,53
2025/8/16,04:45,1350,,,,53
2025/8/16,05:00,1350,,,,62
2025/8/16,05:15,1350,,,,66
2025/8/16,05:30,1350,,,,61
2025/8/16,05:45,1350,,,,53
2025/8/16,06:00,1350,,,,60
2025/8/16,06:15,1350,,,,53
2025/8/16,06:30,1350,,,,57
2025/8/16,06:45,1350,,,,69
2025/8/16,07:00,1350,,,,77
2025/8/16,07:15,1350,,,,66
2025/8/16,07:30,1350,,,,54
2025/8/16,07:45,1350,,,,61
2025/8/16,08:00,1350,,,,97
2025/8/16,08:15,1350,,,,94
2025/8/16,08:30,1350,,,,95
2025/8/16,08:45,1350,,,,100
2025/8/16,09:00,1350,,,102,
2025/8/16,09:15,1350,,,101,
2025/8/16,09:30,1350,,,104,
2025/8/16,09:45,1350,,,110,
2025/8/16,10:00,1350,,,103,
2025/8/16,10:15,1350,,,103,
2025/8/16,10:30,1350,,,107,
2025/8/16,10:45,1350,,,111,
2025/8/16,11:00,1350,,,110,
2025/8/16,11:15,1350,,,108,
2025/8/16,11:30,1350,,,114,
2025/8/16,11:45,1350,,,117,
2025/8/16,12:00,1350,,,109,
2025/8/16,12:15,1350,,,130,
2025/8/16,12:30,1350,,,151,
2025/8/16,12:45,1350,,,109,
2025/8/16,13:00,1350,,,114,
2025/8/16,13:15,1350,,,109,
2025/8/16,13:30,1350,,,118,
2025/8/16,13:45,1350,,,119,
2025/8/16,14:00,1350,,,109,
2025/8/16,14:15,1350,,,110,
2025/8/16,14:30,1350,,,115,
2025/8/16,14:45,1350,,,117,
2025/8/16,15:00,1350,,,110,
2025/8/16,15:15,1350,,,155,
2025/8/16,15:30,1350,,,140,
2025/8/16,15:45,1350,,,117,
2025/8/16,16:00,1350,,,109,
2025/8/16,16:15,1350,,,108,
2025/8/16,16:30,1350,,,112,
2025/8/16,16:45,1350,,,104,
2025/8/16,17:00,1350,,,98,
2025/8/16,17:15,1350,,,91,
2025/8/16,17:30,1350,,,87,
2025/8/16,17:45,1350,,,95,
2025/8/16,18:00,1350,,,82,
2025/8/16,18:15,1350,,,83,
2025/8/16,18:30,1350,,,83,
2025/8/16,18:45,1350,,,88,
2025/8/16,19:00,1350,,,83,
2025/8/16,19:15,1350,,,82,
2025/8/16,19:30,1350,,,83,
2025/8/16,19:45,1350,,,75,
2025/8/16,20:00,1350,,,82,
2025/8/16,20:15,1350,,,75,
2025/8/16,20:30,1350,,,70,
2025/8/16,20:45,1350,,,72,
2025/8/16,21:00,1350,,,77,
2025/8/16,21:15,1350,,,69,
2025/8/16,21:30,1350,,,69,
2025/8/16,21:45,1350,,,72,
2025/8/16,22:00,1350,,,75,
2025/8/16,22:15,1350,,,70,
2025/8/16,22:30,1350,,,69,
2025/8/16,22:45,1350,,,75,
2025/8/16,23:00,1350,,,77,
2025/8/16,23:15,1350,,,70,
2025/8/16,23:30,1350,,,69,
2025/8/16,23:45,1350,,,74,
2025/8/17,00:00,1350,,,77,
2025/8/17,00:15,1350,,,,74
2025/8/17,00:30,1350,,,,74
2025/8/17,00:45,1350,,,,75
2025/8/17,01:00,1350,,,,69
2025/8/17,01:15,1350,,,,66
2025/8/17,01:30,1350,,,,67
2025/8/17,01:45,1350,,,,72
2025/8/17,02:00,1350,,,,51
2025/8/17,02:15,1350,,,,56
2025/8/17,02:30,1350,,,,59
2025/8/17,02:45,1350,,,,56
2025/8/17,03:00,1350,,,,53
2025/8/17,03:15,1350,,,,53
2025/8/17,03:30,1350,,,,61
2025/8/17,03:45,1350,,,,53
2025/8/17,04:00,1350,,,,53
2025/8/17,04:15,1350,,,,61
2025/8/17,04:30,1350,,,,59
2025/8/17,04:45,1350,,,,54
2025/8/17,05:00,1350,,,,53
2025/8/17,05:15,1350,,,,62
2025/8/17,05:30,1350,,,,56
2025/8/17,05:45,1350,,,,55
2025/8/17,06:00,1350,,,,100
2025/8/17,06:15,1350,,,,70
2025/8/17,06:30,1350,,,,52
2025/8/17,06:45,1350,,,,52
2025/8/17,07:00,1350,,,,64
2025/8/17,07:15,1350,,,,58
2025/8/17,07:30,1350,,,,54
2025/8/17,07:45,1350,,,,60
2025/8/17,08:00,1350,,,,73
2025/8/17,08:15,1350,,,,58
2025/8/17,08:30,1350,,,,63
2025/8/17,08:45,1350,,,,75
2025/8/17,09:00,1350,,,,71
2025/8/17,09:15,1350,,,,83
2025/8/17,09:30,1350,,,,68
2025/8/17,09:45,1350,,,,69
2025/8/17,10:00,1350,,,,64
2025/8/17,10:15,1350,,,,63
2025/8/17,10:30,1350,,,,74
2025/8/17,10:45,1350,,,,68
2025/8/17,11:00,1350,,,,79
2025/8/17,11:15,1350,,,,63
2025/8/17,11:30,1350,,,,70
2025/8/17,11:45,1350,,,,61
2025/8/17,12:00,1350,,,,83
2025/8/17,12:15,1350,,,,70
2025/8/17,12:30,1350,,,,70
2025/8/17,12:45,1350,,,,64
2025/8/17,13:00,1350,,,,64
2025/8/17,13:15,1350,,,,69
2025/8/17,13:30,1350,,,,76
2025/8/17,13:45,1350,,,,81
2025/8/17,14:00,1350,,,,65
2025/8/17,14:15,1350,,,,71
2025/8/17,14:30,1350,,,,67
2025/8/17,14:45,1350,,,,66
2025/8/17,15:00,1350,,,,67
2025/8/17,15:15,1350,,,,68
2025/8/17,15:30,1350,,,,81
2025/8/17,15:45,1350,,,,63
2025/8/17,16:00,1350,,,,65
2025/8/17,16:15,1350,,,,71
2025/8/17,16:30,1350,,,,60
2025/8/17,16:45,1350,,,,60
2025/8/17,17:00,1350,,,,62
2025/8/17,17:15,1350,,,,71
2025/8/17,17:30,1350,,,,83
2025/8/17,17:45,1350,,,,66
2025/8/17,18:00,1350,,,,69
2025/8/17,18:15,1350,,,,68
2025/8/17,18:30,1350,,,,59
2025/8/17,18:45,1350,,,,59
2025/8/17,19:00,1350,,,,64
2025/8/17,19:15,1350,,,,58
2025/8/17,19:30,1350,,,,74
2025/8/17,19:45,1350,,,,61
2025/8/17,20:00,1350,,,,64
2025/8/17,20:15,1350,,,,56
2025/8/17,20:30,1350,,,,56
2025/8/17,20:45,1350,,,,61
2025/8/17,21:00,1350,,,,59
2025/8/17,21:15,1350,,,,56
2025/8/17,21:30,1350,,,,54
2025/8/17,21:45,1350,,,,66
2025/8/17,22:00,1350,,,,77
2025/8/17,22:15,1350,,,,56
2025/8/17,22:30,1350,,,,56
2025/8/17,22:45,1350,,,,64
2025/8/17,23:00,1350,,,,56
2025/8/17,23:15,1350,,,,58
2025/8/17,23:30,1350,,,,61
2025/8/17,23:45,1350,,,,58
2025/8/18,00:00,1350,,,,51
2025/8/18,00:15,1350,,,,58
2025/8/18,00:30,1350,,,,78
2025/8/18,00:45,1350,,,,56
2025/8/18,01:00,1350,,,,54
2025/8/18,01:15,1350,,,,61
2025/8/18,01:30,1350,,,,51
2025/8/18,01:45,1350,,,,53
2025/8/18,02:00,1350,,,,61
2025/8/18,02:15,1350,,,,59
2025/8/18,02:30,1350,,,,61
2025/8/18,02:45,1350,,,,67
2025/8/18,03:00,1350,,,,64
2025/8/18,03:15,1350,,,,74
2025/8/18,03:30,1350,,,,59
2025/8/18,03:45,1350,,,,56
2025/8/18,04:00,1350,,,,51
2025/8/18,04:15,1350,,,,59
2025/8/18,04:30,1350,,,,56
2025/8/18,04:45,1350,,,,51
2025/8/18,05:00,1350,,,,54
2025/8/18,05:15,1350,,,,61
2025/8/18,05:30,1350,,,,56
2025/8/18,05:45,1350,,,,52
2025/8/18,06:00,1350,,,,73
2025/8/18,06:15,1350,,,,56
2025/8/18,06:30,1350,,,,53
2025/8/18,06:45,1350,,,,68
2025/8/18,07:00,1350,,,,80
2025/8/18,07:15,1350,,,,180
2025/8/18,07:30,1350,,,,264
2025/8/18,07:45,1350,,,,284
2025/8/18,08:00,1350,,,,339
2025/8/18,08:15,1350,,,,687
2025/8/18,08:30,1350,,,,1003
2025/8/18,08:45,1350,,,,1031
2025/8/18,09:00,1350,,,,1027
2025/8/18,09:15,1350,,1080,,
2025/8/18,09:30,1350,,1082,,
2025/8/18,09:45,1350,,1138,,
2025/8/18,10:00,1350,,1067,,
2025/8/18,10:15,1350,,1074,,
2025/8/18,10:30,1350,,1149,,
2025/8/18,10:45,1350,,1113,,
2025/8/18,11:00,1350,,1136,,
2025/8/18,11:15,1350,,1205,,
2025/8/18,11:30,1350,,1156,,
2025/8/18,11:45,1350,,1174,,
2025/8/18,12:00,1350,,1025,,
2025/8/18,12:15,1350,,703,,
2025/8/18,12:30,1350,,625,,
2025/8/18,12:45,1350,,652,,
2025/8/18,13:00,1350,,1112,,
2025/8/18,13:15,1350,,1144,,
2025/8/18,13:30,1350,,1077,,
2025/8/18,13:45,1350,,1047,,
2025/8/18,14:00,1350,,1011,,
2025/8/18,14:15,1350,,1001,,
2025/8/18,14:30,1350,,991,,
2025/8/18,14:45,1350,,950,,
2025/8/18,15:00,1350,,893,,
2025/8/18,15:15,1350,,934,,
2025/8/18,15:30,1350,,901,,
2025/8/18,15:45,1350,,879,,
2025/8/18,16:00,1350,,758,,
2025/8/18,16:15,1350,466,,,
2025/8/18,16:30,1350,405,,,
2025/8/18,16:45,1350,389,,,
2025/8/18,17:00,1350,358,,,
2025/8/18,17:15,1350,260,,,
2025/8/18,17:30,1350,224,,,
2025/8/18,17:45,1350,249,,,
2025/8/18,18:00,1350,252,,,
2025/8/18,18:15,1350,268,,,
2025/8/18,18:30,1350,262,,,
2025/8/18,18:45,1350,247,,,
2025/8/18,19:00,1350,229,,,
2025/8/18,19:15,1350,243,,,
2025/8/18,19:30,1350,213,,,
2025/8/18,19:45,1350,184,,,
2025/8/18,20:00,1350,186,,,
2025/8/18,20:15,1350,179,,,
2025/8/18,20:30,1350,134,,,
2025/8/18,20:45,1350,126,,,
2025/8/18,21:00,1350,128,,,
2025/8/18,21:15,1350,160,,,
2025/8/18,21:30,1350,171,,,
2025/8/18,21:45,1350,144,,,
2025/8/18,22:00,1350,139,,,
2025/8/18,22:15,1350,,202,,
2025/8/18,22:30,1350,,227,,
2025/8/18,22:45,1350,,250,,
2025/8/18,23:00,1350,,251,,
2025/8/18,23:15,1350,,258,,
2025/8/18,23:30,1350,,266,,
2025/8/18,23:45,1350,,277,,
2025/8/19,00:00,1350,,278,,
2025/8/19,00:15,1350,,,,294
2025/8/19,00:30,1350,,,,307
2025/8/19,00:45,1350,,,,331
2025/8/19,01:00,1350,,,,350
2025/8/19,01:15,1350,,,,338
2025/8/19,01:30,1350,,,,320
2025/8/19,01:45,1350,,,,267
2025/8/19,02:00,1350,,,,253
2025/8/19,02:15,1350,,,,229
2025/8/19,02:30,1350,,,,182
2025/8/19,02:45,1350,,,,182
2025/8/19,03:00,1350,,,,173
2025/8/19,03:15,1350,,,,168
2025/8/19,03:30,1350,,,,168
2025/8/19,03:45,1350,,,,163
2025/8/19,04:00,1350,,,,162
2025/8/19,04:15,1350,,,,160
2025/8/19,04:30,1350,,,,162
2025/8/19,04:45,1350,,,,157
2025/8/19,05:00,1350,,,,178
2025/8/19,05:15,1350,,,,208
2025/8/19,05:30,1350,,,,162
2025/8/19,05:45,1350,,,,147
2025/8/19,06:00,1350,,,,131
2025/8/19,06:15,1350,,,,131
2025/8/19,06:30,1350,,,,124
2025/8/19,06:45,1350,,,,127
2025/8/19,07:00,1350,,,,128
2025/8/19,07:15,1350,,,,180
2025/8/19,07:30,1350,,,,249
2025/8/19,07:45,1350,,,,273
2025/8/19,08:00,1350,,,,375
2025/8/19,08:15,1350,,,,792
2025/8/19,08:30,1350,,,,1063
2025/8/19,08:45,1350,,,,1131
2025/8/19,09:00,1350,,,,1264
2025/8/19,09:15,1350,,1325,,
2025/8/19,09:30,1350,,1339,,
2025/8/19,09:45,1350,,1261,,
2025/8/19,10:00,1350,,1167,,
2025/8/19,10:15,1350,,1190,,
2025/8/19,10:30,1350,,1247,,
2025/8/19,10:45,1350,,1241,,
2025/8/19,11:00,1350,,1210,,
2025/8/19,11:15,1350,,1120,,
2025/8/19,11:30,1350,,1127,,
2025/8/19,11:45,1350,,1132,,
2025/8/19,12:00,1350,,953,,
2025/8/19,12:15,1350,,709,,
2025/8/19,12:30,1350,,683,,
2025/8/19,12:45,1350,,692,,
2025/8/19,13:00,1350,,984,,
2025/8/19,13:15,1350,,1098,,
2025/8/19,13:30,1350,,1128,,
2025/8/19,13:45,1350,,1189,,
2025/8/19,14:00,1350,,1210,,
2025/8/19,14:15,1350,,1250,,
2025/8/19,14:30,1350,,1266,,
2025/8/19,14:45,1350,,1169,,
2025/8/19,15:00,1350,,1012,,
2025/8/19,15:15,1350,,1048,,
2025/8/19,15:30,1350,,1025,,
2025/8/19,15:45,1350,,1012,,
2025/8/19,16:00,1350,,963,,
2025/8/19,16:15,1350,570,,,
2025/8/19,16:30,1350,452,,,
2025/8/19,16:45,1350,427,,,
2025/8/19,17:00,1350,377,,,
2025/8/19,17:15,1350,296,,,
2025/8/19,17:30,1350,263,,,
2025/8/19,17:45,1350,278,,,
2025/8/19,18:00,1350,293,,,
2025/8/19,18:15,1350,260,,,
2025/8/19,18:30,1350,254,,,
2025/8/19,18:45,1350,237,,,
2025/8/19,19:00,1350,245,,,
2025/8/19,19:15,1350,240,,,
2025/8/19,19:30,1350,182,,,
2025/8/19,19:45,1350,130,,,
2025/8/19,20:00,1350,126,,,
2025/8/19,20:15,1350,131,,,
2025/8/19,20:30,1350,133,,,
2025/8/19,20:45,1350,123,,,
2025/8/19,21:00,1350,126,,,
2025/8/19,21:15,1350,126,,,
2025/8/19,21:30,1350,126,,,
2025/8/19,21:45,1350,184,,,
2025/8/19,22:00,1350,178,,,
2025/8/19,22:15,1350,,195,,
2025/8/19,22:30,1350,,234,,
2025/8/19,22:45,1350,,278,,
2025/8/19,23:00,1350,,291,,
2025/8/19,23:15,1350,,291,,
2025/8/19,23:30,1350,,296,,
2025/8/19,23:45,1350,,299,,
2025/8/20,00:00,1350,,352,,
2025/8/20,00:15,1350,,,,365
2025/8/20,00:30,1350,,,,390
2025/8/20,00:45,1350,,,,430
2025/8/20,01:00,1350,,,,461
2025/8/20,01:15,1350,,,,474
2025/8/20,01:30,1350,,,,488
2025/8/20,01:45,1350,,,,467
2025/8/20,02:00,1350,,,,466
2025/8/20,02:15,1350,,,,459
2025/8/20,02:30,1350,,,,440
2025/8/20,02:45,1350,,,,416
2025/8/20,03:00,1350,,,,382
2025/8/20,03:15,1350,,,,352
2025/8/20,03:30,1350,,,,322
2025/8/20,03:45,1350,,,,267
2025/8/20,04:00,1350,,,,224
2025/8/20,04:15,1350,,,,195
2025/8/20,04:30,1350,,,,171
2025/8/20,04:45,1350,,,,168
2025/8/20,05:00,1350,,,,168
2025/8/20,05:15,1350,,,,168
2025/8/20,05:30,1350,,,,150
2025/8/20,05:45,1350,,,,141
2025/8/20,06:00,1350,,,,140
2025/8/20,06:15,1350,,,,117
2025/8/20,06:30,1350,,,,118
2025/8/20,06:45,1350,,,,124
2025/8/20,07:00,1350,,,,156
2025/8/20,07:15,1350,,,,238
2025/8/20,07:30,1350,,,,294
2025/8/20,07:45,1350,,,,253
2025/8/20,08:00,1350,,,,317
2025/8/20,08:15,1350,,,,862
2025/8/20,08:30,1350,,,,1060
2025/8/20,08:45,1350,,,,1061
2025/8/20,09:00,1350,,,,1074
2025/8/20,09:15,1350,,1223,,
2025/8/20,09:30,1350,,1286,,
2025/8/20,09:45,1350,,1277,,
2025/8/20,10:00,1350,,1222,,
2025/8/20,10:15,1350,,1275,,
2025/8/20,10:30,1350,,1333,,
2025/8/20,10:45,1350,,1379,,
2025/8/20,11:00,1350,,1369,,
2025/8/20,11:15,1350,,1321,,
2025/8/20,11:30,1350,,1153,,
2025/8/20,11:45,1350,,1106,,
2025/8/20,12:00,1350,,970,,
2025/8/20,12:15,1350,,764,,
2025/8/20,12:30,1350,,694,,
2025/8/20,12:45,1350,,669,,
2025/8/20,13:00,1350,,836,,
2025/8/20,13:15,1350,,956,,
2025/8/20,13:30,1350,,1028,,
2025/8/20,13:45,1350,,1041,,
2025/8/20,14:00,1350,,1025,,
2025/8/20,14:15,1350,,1007,,
2025/8/20,14:30,1350,,1045,,
2025/8/20,14:45,1350,,912,,
2025/8/20,15:00,1350,,847,,
2025/8/20,15:15,1350,,866,,
2025/8/20,15:30,1350,,716,,
2025/8/20,15:45,1350,,655,,
2025/8/20,16:00,1350,,612,,
2025/8/20,16:15,1350,474,,,
2025/8/20,16:30,1350,461,,,
2025/8/20,16:45,1350,476,,,
2025/8/20,17:00,1350,389,,,
2025/8/20,17:15,1350,295,,,
2025/8/20,17:30,1350,270,,,
2025/8/20,17:45,1350,284,,,
2025/8/20,18:00,1350,298,,,
2025/8/20,18:15,1350,288,,,
2025/8/20,18:30,1350,288,,,
2025/8/20,18:45,1350,285,,,
2025/8/20,19:00,1350,277,,,
2025/8/20,19:15,1350,256,,,
2025/8/20,19:30,1350,198,,,
2025/8/20,19:45,1350,147,,,
2025/8/20,20:00,1350,149,,,
2025/8/20,20:15,1350,125,,,
2025/8/20,20:30,1350,144,,,
2025/8/20,20:45,1350,133,,,
2025/8/20,21:00,1350,131,,,
2025/8/20,21:15,1350,134,,,
2025/8/20,21:30,1350,181,,,
2025/8/20,21:45,1350,192,,,
2025/8/20,22:00,1350,195,,,
2025/8/20,22:15,1350,,240,,
2025/8/20,22:30,1350,,253,,
2025/8/20,22:45,1350,,267,,
2025/8/20,23:00,1350,,275,,
2025/8/20,23:15,1350,,267,,
2025/8/20,23:30,1350,,261,,
2025/8/20,23:45,1350,,258,,
2025/8/21,00:00,1350,,258,,
2025/8/21,00:15,1350,,,,261
2025/8/21,00:30,1350,,,,291
2025/8/21,00:45,1350,,,,291
2025/8/21,01:00,1350,,,,298
2025/8/21,01:15,1350,,,,294
2025/8/21,01:30,1350,,,,286
2025/8/21,01:45,1350,,,,278
2025/8/21,02:00,1350,,,,274
2025/8/21,02:15,1350,,,,261
2025/8/21,02:30,1350,,,,248
2025/8/21,02:45,1350,,,,237
2025/8/21,03:00,1350,,,,224
2025/8/21,03:15,1350,,,,218
2025/8/21,03:30,1350,,,,214
2025/8/21,03:45,1350,,,,203
2025/8/21,04:00,1350,,,,157
2025/8/21,04:15,1350,,,,166
2025/8/21,04:30,1350,,,,214
2025/8/21,04:45,1350,,,,216
2025/8/21,05:00,1350,,,,216
2025/8/21,05:15,1350,,,,216
2025/8/21,05:30,1350,,,,184
2025/8/21,05:45,1350,,,,135
2025/8/21,06:00,1350,,,,122
2025/8/21,06:15,1350,,,,109
2025/8/21,06:30,1350,,,,110
2025/8/21,06:45,1350,,,,122
2025/8/21,07:00,1350,,,,127
2025/8/21,07:15,1350,,,,174
2025/8/21,07:30,1350,,,,221
2025/8/21,07:45,1350,,,,253
2025/8/21,08:00,1350,,,,308
2025/8/21,08:15,1350,,,,589
2025/8/21,08:30,1350,,,,773
2025/8/21,08:45,1350,,,,798
2025/8/21,09:00,1350,,,,767
2025/8/21,09:15,1350,,799,,
2025/8/21,09:30,1350,,817,,
2025/8/21,09:45,1350,,842,,
2025/8/21,10:00,1350,,823,,
2025/8/21,10:15,1350,,901,,
2025/8/21,10:30,1350,,1012,,
2025/8/21,10:45,1350,,982,,
2025/8/21,11:00,1350,,968,,
2025/8/21,11:15,1350,,989,,
2025/8/21,11:30,1350,,904,,
2025/8/21,11:45,1350,,833,,
2025/8/21,12:00,1350,,722,,
2025/8/21,12:15,1350,,620,,
2025/8/21,12:30,1350,,599,,
2025/8/21,12:45,1350,,671,,
2025/8/21,13:00,1350,,713,,
2025/8/21,13:15,1350,,758,,
2025/8/21,13:30,1350,,743,,
2025/8/21,13:45,1350,,850,,
2025/8/21,14:00,1350,,766,,
2025/8/21,14:15,1350,,753,,
2025/8/21,14:30,1350,,758,,
2025/8/21,14:45,1350,,775,,
2025/8/21,15:00,1350,,629,,
2025/8/21,15:15,1350,,619,,
2025/8/21,15:30,1350,,684,,
2025/8/21,15:45,1350,,727,,
2025/8/21,16:00,1350,,648,,
2025/8/21,16:15,1350,468,,,
2025/8/21,16:30,1350,464,,,
2025/8/21,16:45,1350,429,,,
2025/8/21,17:00,1350,387,,,
2025/8/21,17:15,1350,321,,,
2025/8/21,17:30,1350,299,,,
2025/8/21,17:45,1350,264,,,
2025/8/21,18:00,1350,255,,,
2025/8/21,18:15,1350,243,,,
2025/8/21,18:30,1350,233,,,
2025/8/21,18:45,1350,230,,,
2025/8/21,19:00,1350,227,,,
2025/8/21,19:15,1350,219,,,
2025/8/21,19:30,1350,171,,,
2025/8/21,19:45,1350,141,,,
2025/8/21,20:00,1350,141,,,
2025/8/21,20:15,1350,133,,,
2025/8/21,20:30,1350,136,,,
2025/8/21,20:45,1350,125,,,
2025/8/21,21:00,1350,120,,,
2025/8/21,21:15,1350,120,,,
2025/8/21,21:30,1350,117,,,
2025/8/21,21:45,1350,118,,,
2025/8/21,22:00,1350,117,,,
2025/8/21,22:15,1350,,227,,
2025/8/21,22:30,1350,,267,,
2025/8/21,22:45,1350,,315,,
2025/8/21,23:00,1350,,309,,
2025/8/21,23:15,1350,,326,,
2025/8/21,23:30,1350,,309,,
2025/8/21,23:45,1350,,282,,
2025/8/22,00:00,1350,,312,,
2025/8/22,00:15,1350,,,,360
2025/8/22,00:30,1350,,,,373
2025/8/22,00:45,1350,,,,405
2025/8/22,01:00,1350,,,,434
2025/8/22,01:15,1350,,,,445
2025/8/22,01:30,1350,,,,464
2025/8/22,01:45,1350,,,,419
2025/8/22,02:00,1350,,,,411
2025/8/22,02:15,1350,,,,402
2025/8/22,02:30,1350,,,,400
2025/8/22,02:45,1350,,,,408
2025/8/22,03:00,1350,,,,419
2025/8/22,03:15,1350,,,,373
2025/8/22,03:30,1350,,,,333
2025/8/22,03:45,1350,,,,302
2025/8/22,04:00,1350,,,,285
2025/8/22,04:15,1350,,,,274
2025/8/22,04:30,1350,,,,267
2025/8/22,04:45,1350,,,,266
2025/8/22,05:00,1350,,,,259
2025/8/22,05:15,1350,,,,197
2025/8/22,05:30,1350,,,,198
2025/8/22,05:45,1350,,,,199
2025/8/22,06:00,1350,,,,211
2025/8/22,06:15,1350,,,,169
2025/8/22,06:30,1350,,,,157
2025/8/22,06:45,1350,,,,157
2025/8/22,07:00,1350,,,,153
2025/8/22,07:15,1350,,,,166
2025/8/22,07:30,1350,,,,207
2025/8/22,07:45,1350,,,,239
2025/8/22,08:00,1350,,,,302
2025/8/22,08:15,1350,,,,677
2025/8/22,08:30,1350,,,,917
2025/8/22,08:45,1350,,,,975
2025/8/22,09:00,1350,,,,1011
2025/8/22,09:15,1350,,999,,
2025/8/22,09:30,1350,,1052,,
2025/8/22,09:45,1350,,1043,,
2025/8/22,10:00,1350,,984,,
2025/8/22,10:15,1350,,1019,,
2025/8/22,10:30,1350,,1055,,
2025/8/22,10:45,1350,,1061,,
2025/8/22,11:00,1350,,1072,,
2025/8/22,11:15,1350,,1015,,
2025/8/22,11:30,1350,,981,,
2025/8/22,11:45,1350,,996,,
2025/8/22,12:00,1350,,860,,
2025/8/22,12:15,1350,,622,,
2025/8/22,12:30,1350,,600,,
2025/8/22,12:45,1350,,604,,
2025/8/22,13:00,1350,,832,,
2025/8/22,13:15,1350,,873,,
2025/8/22,13:30,1350,,847,,
2025/8/22,13:45,1350,,850,,
2025/8/22,14:00,1350,,831,,
2025/8/22,14:15,1350,,858,,
2025/8/22,14:30,1350,,799,,
2025/8/22,14:45,1350,,769,,
2025/8/22,15:00,1350,,727,,
2025/8/22,15:15,1350,,752,,
2025/8/22,15:30,1350,,736,,
2025/8/22,15:45,1350,,642,,
2025/8/22,16:00,1350,,487,,
2025/8/22,16:15,1350,423,,,
2025/8/22,16:30,1350,403,,,
2025/8/22,16:45,1350,388,,,
2025/8/22,17:00,1350,351,,,
2025/8/22,17:15,1350,280,,,
2025/8/22,17:30,1350,249,,,
2025/8/22,17:45,1350,258,,,
2025/8/22,18:00,1350,264,,,
2025/8/22,18:15,1350,264,,,
2025/8/22,18:30,1350,237,,,
2025/8/22,18:45,1350,221,,,
2025/8/22,19:00,1350,224,,,
2025/8/22,19:15,1350,202,,,
2025/8/22,19:30,1350,149,,,
2025/8/22,19:45,1350,115,,,
2025/8/22,20:00,1350,115,,,
2025/8/22,20:15,1350,123,,,
2025/8/22,20:30,1350,102,,,
2025/8/22,20:45,1350,104,,,
2025/8/22,21:00,1350,99,,,
2025/8/22,21:15,1350,107,,,
2025/8/22,21:30,1350,149,,,
2025/8/22,21:45,1350,158,,,
2025/8/22,22:00,1350,168,,,
2025/8/22,22:15,1350,,194,,
2025/8/22,22:30,1350,,216,,
2025/8/22,22:45,1350,,214,,
2025/8/22,23:00,1350,,246,,
2025/8/22,23:15,1350,,258,,
2025/8/22,23:30,1350,,254,,
2025/8/22,23:45,1350,,262,,
2025/8/23,00:00,1350,,278,,
2025/8/23,00:15,1350,,,,283
2025/8/23,00:30,1350,,,,320
2025/8/23,00:45,1350,,,,354
2025/8/23,01:00,1350,,,,392
2025/8/23,01:15,1350,,,,406
2025/8/23,01:30,1350,,,,379
2025/8/23,01:45,1350,,,,352
2025/8/23,02:00,1350,,,,400
2025/8/23,02:15,1350,,,,437
2025/8/23,02:30,1350,,,,382
2025/8/23,02:45,1350,,,,363
2025/8/23,03:00,1350,,,,323
2025/8/23,03:15,1350,,,,293
2025/8/23,03:30,1350,,,,266
2025/8/23,03:45,1350,,,,242
2025/8/23,04:00,1350,,,,238
2025/8/23,04:15,1350,,,,230
2025/8/23,04:30,1350,,,,163
2025/8/23,04:45,1350,,,,149
2025/8/23,05:00,1350,,,,150
2025/8/23,05:15,1350,,,,160
2025/8/23,05:30,1350,,,,158
2025/8/23,05:45,1350,,,,134
2025/8/23,06:00,1350,,,,137
2025/8/23,06:15,1350,,,,148
2025/8/23,06:30,1350,,,,143
2025/8/23,06:45,1350,,,,154
2025/8/23,07:00,1350,,,,144
2025/8/23,07:15,1350,,,,111
2025/8/23,07:30,1350,,,,86
2025/8/23,07:45,1350,,,,84
2025/8/23,08:00,1350,,,,141
2025/8/23,08:15,1350,,,,121
2025/8/23,08:30,1350,,,,110
2025/8/23,08:45,1350,,,,100
2025/8/23,09:00,1350,,,102,
2025/8/23,09:15,1350,,,109,
2025/8/23,09:30,1350,,,103,
2025/8/23,09:45,1350,,,104,
2025/8/23,10:00,1350,,,106,
2025/8/23,10:15,1350,,,109,
2025/8/23,10:30,1350,,,111,
2025/8/23,10:45,1350,,,154,
2025/8/23,11:00,1350,,,119,
2025/8/23,11:15,1350,,,106,
2025/8/23,11:30,1350,,,108,
2025/8/23,11:45,1350,,,102,
2025/8/23,12:00,1350,,,103,
2025/8/23,12:15,1350,,,100,
2025/8/23,12:30,1350,,,99,
2025/8/23,12:45,1350,,,100,
2025/8/23,13:00,1350,,,91,
2025/8/23,13:15,1350,,,90,
2025/8/23,13:30,1350,,,132,
2025/8/23,13:45,1350,,,114,
2025/8/23,14:00,1350,,,90,
2025/8/23,14:15,1350,,,86,
2025/8/23,14:30,1350,,,85,
2025/8/23,14:45,1350,,,93,
2025/8/23,15:00,1350,,,94,
2025/8/23,15:15,1350,,,88,
2025/8/23,15:30,1350,,,93,
2025/8/23,15:45,1350,,,86,
2025/8/23,16:00,1350,,,95,
2025/8/23,16:15,1350,,,89,
2025/8/23,16:30,1350,,,101,
2025/8/23,16:45,1350,,,129,
2025/8/23,17:00,1350,,,85,
2025/8/23,17:15,1350,,,84,
2025/8/23,17:30,1350,,,78,
2025/8/23,17:45,1350,,,73,
2025/8/23,18:00,1350,,,73,
2025/8/23,18:15,1350,,,96,
2025/8/23,18:30,1350,,,79,
2025/8/23,18:45,1350,,,70,
2025/8/23,19:00,1350,,,69,
2025/8/23,19:15,1350,,,83,
2025/8/23,19:30,1350,,,91,
2025/8/23,19:45,1350,,,67,
2025/8/23,20:00,1350,,,72,
2025/8/23,20:15,1350,,,82,
2025/8/23,20:30,1350,,,98,
2025/8/23,20:45,1350,,,69,
2025/8/23,21:00,1350,,,74,
2025/8/23,21:15,1350,,,74,
2025/8/23,21:30,1350,,,83,
2025/8/23,21:45,1350,,,85,
2025/8/23,22:00,1350,,,70,
2025/8/23,22:15,1350,,,69,
2025/8/23,22:30,1350,,,61,
2025/8/23,22:45,1350,,,62,
2025/8/23,23:00,1350,,,78,
2025/8/23,23:15,1350,,,59,
2025/8/23,23:30,1350,,,58,
2025/8/23,23:45,1350,,,64,
2025/8/24,00:00,1350,,,56,
2025/8/24,00:15,1350,,,,72
2025/8/24,00:30,1350,,,,61
2025/8/24,00:45,1350,,,,64
2025/8/24,01:00,1350,,,,59
2025/8/24,01:15,1350,,,,56
2025/8/24,01:30,1350,,,,62
2025/8/24,01:45,1350,,,,78
2025/8/24,02:00,1350,,,,58
2025/8/24,02:15,1350,,,,59
2025/8/24,02:30,1350,,,,58
2025/8/24,02:45,1350,,,,64
2025/8/24,03:00,1350,,,,74
2025/8/24,03:15,1350,,,,58
2025/8/24,03:30,1350,,,,58
2025/8/24,03:45,1350,,,,64
2025/8/24,04:00,1350,,,,56
2025/8/24,04:15,1350,,,,58
2025/8/24,04:30,1350,,,,74
2025/8/24,04:45,1350,,,,67
2025/8/24,05:00,1350,,,,58
2025/8/24,05:15,1350,,,,61
2025/8/24,05:30,1350,,,,59
2025/8/24,05:45,1350,,,,62
2025/8/24,06:00,1350,,,,71
2025/8/24,06:15,1350,,,,61
2025/8/24,06:30,1350,,,,57
2025/8/24,06:45,1350,,,,63
2025/8/24,07:00,1350,,,,59
2025/8/24,07:15,1350,,,,57
2025/8/24,07:30,1350,,,,58
2025/8/24,07:45,1350,,,,79
2025/8/24,08:00,1350,,,,59
2025/8/24,08:15,1350,,,,62
2025/8/24,08:30,1350,,,,66
2025/8/24,08:45,1350,,,,67
2025/8/24,09:00,1350,,,,73
2025/8/24,09:15,1350,,,,75
2025/8/24,09:30,1350,,,,68
2025/8/24,09:45,1350,,,,69
2025/8/24,10:00,1350,,,,67
2025/8/24,10:15,1350,,,,81
2025/8/24,10:30,1350,,,,87
2025/8/24,10:45,1350,,,,71
2025/8/24,11:00,1350,,,,68
2025/8/24,11:15,1350,,,,72
2025/8/24,11:30,1350,,,,94
2025/8/24,11:45,1350,,,,78
2025/8/24,12:00,1350,,,,72
2025/8/24,12:15,1350,,,,75
2025/8/24,12:30,1350,,,,82
2025/8/24,12:45,1350,,,,74
2025/8/24,13:00,1350,,,,64
2025/8/24,13:15,1350,,,,80
2025/8/24,13:30,1350,,,,76
2025/8/24,13:45,1350,,,,73
2025/8/24,14:00,1350,,,,69
2025/8/24,14:15,1350,,,,89
2025/8/24,14:30,1350,,,,71
2025/8/24,14:45,1350,,,,72
2025/8/24,15:00,1350,,,,75
2025/8/24,15:15,1350,,,,82
2025/8/24,15:30,1350,,,,64
2025/8/24,15:45,1350,,,,64
2025/8/24,16:00,1350,,,,72
2025/8/24,16:15,1350,,,,85
2025/8/24,16:30,1350,,,,63
2025/8/24,16:45,1350,,,,62
2025/8/24,17:00,1350,,,,66
2025/8/24,17:15,1350,,,,82
2025/8/24,17:30,1350,,,,65
2025/8/24,17:45,1350,,,,59
2025/8/24,18:00,1350,,,,61
2025/8/24,18:15,1350,,,,67
2025/8/24,18:30,1350,,,,76
2025/8/24,18:45,1350,,,,59
2025/8/24,19:00,1350,,,,56
2025/8/24,19:15,1350,,,,64
2025/8/24,19:30,1350,,,,61
2025/8/24,19:45,1350,,,,77
2025/8/24,20:00,1350,,,,59
2025/8/24,20:15,1350,,,,69
2025/8/24,20:30,1350,,,,59
2025/8/24,20:45,1350,,,,56
2025/8/24,21:00,1350,,,,72
2025/8/24,21:15,1350,,,,72
2025/8/24,21:30,1350,,,,56
2025/8/24,21:45,1350,,,,58
2025/8/24,22:00,1350,,,,64
2025/8/24,22:15,1350,,,,61
2025/8/24,22:30,1350,,,,64
2025/8/24,22:45,1350,,,,69
2025/8/24,23:00,1350,,,,66
2025/8/24,23:15,1350,,,,59
2025/8/24,23:30,1350,,,,58
2025/8/24,23:45,1350,,,,62
2025/8/25,00:00,1350,,,,58
2025/8/25,00:15,1350,,,,74
2025/8/25,00:30,1350,,,,62
2025/8/25,00:45,1350,,,,62
2025/8/25,01:00,1350,,,,56
2025/8/25,01:15,1350,,,,58
2025/8/25,01:30,1350,,,,62
2025/8/25,01:45,1350,,,,72
2025/8/25,02:00,1350,,,,61
2025/8/25,02:15,1350,,,,64
2025/8/25,02:30,1350,,,,62
2025/8/25,02:45,1350,,,,54
2025/8/25,03:00,1350,,,,58
2025/8/25,03:15,1350,,,,62
2025/8/25,03:30,1350,,,,72
2025/8/25,03:45,1350,,,,54
2025/8/25,04:00,1350,,,,62
2025/8/25,04:15,1350,,,,62
2025/8/25,04:30,1350,,,,54
2025/8/25,04:45,1350,,,,59
2025/8/25,05:00,1350,,,,66
2025/8/25,05:15,1350,,,,75
2025/8/25,05:30,1350,,,,59
2025/8/25,05:45,1350,,,,61
2025/8/25,06:00,1350,,,,55
2025/8/25,06:15,1350,,,,55
2025/8/25,06:30,1350,,,,58
2025/8/25,06:45,1350,,,,65
2025/8/25,07:00,1350,,,,78
2025/8/25,07:15,1350,,,,103
2025/8/25,07:30,1350,,,,141
2025/8/25,07:45,1350,,,,153
2025/8/25,08:00,1350,,,,221
2025/8/25,08:15,1350,,,,478
2025/8/25,08:30,1350,,,,651
2025/8/25,08:45,1350,,,,772
2025/8/25,09:00,1350,,,,793
2025/8/25,09:15,1350,,784,,
2025/8/25,09:30,1350,,753,,
2025/8/25,09:45,1350,,711,,
2025/8/25,10:00,1350,,675,,
2025/8/25,10:15,1350,,691,,
2025/8/25,10:30,1350,,706,,
2025/8/25,10:45,1350,,694,,
2025/8/25,11:00,1350,,650,,
2025/8/25,11:15,1350,,629,,
2025/8/25,11:30,1350,,783,,
2025/8/25,11:45,1350,,850,,
2025/8/25,12:00,1350,,715,,
2025/8/25,12:15,1350,,553,,
2025/8/25,12:30,1350,,533,,
2025/8/25,12:45,1350,,511,,
2025/8/25,13:00,1350,,710,,
2025/8/25,13:15,1350,,829,,
2025/8/25,13:30,1350,,848,,
2025/8/25,13:45,1350,,822,,
2025/8/25,14:00,1350,,767,,
2025/8/25,14:15,1350,,794,,
2025/8/25,14:30,1350,,777,,
2025/8/25,14:45,1350,,757,,
2025/8/25,15:00,1350,,712,,
2025/8/25,15:15,1350,,666,,
2025/8/25,15:30,1350,,650,,
2025/8/25,15:45,1350,,662,,
2025/8/25,16:00,1350,,548,,
2025/8/25,16:15,1350,404,,,
2025/8/25,16:30,1350,413,,,
2025/8/25,16:45,1350,396,,,
2025/8/25,17:00,1350,341,,,
2025/8/25,17:15,1350,245,,,
2025/8/25,17:30,1350,206,,,
2025/8/25,17:45,1350,237,,,
2025/8/25,18:00,1350,248,,,
2025/8/25,18:15,1350,227,,,
2025/8/25,18:30,1350,201,,,
2025/8/25,18:45,1350,194,,,
2025/8/25,19:00,1350,210,,,
2025/8/25,19:15,1350,206,,,
2025/8/25,19:30,1350,174,,,
2025/8/25,19:45,1350,136,,,
2025/8/25,20:00,1350,133,,,
2025/8/25,20:15,1350,130,,,
2025/8/25,20:30,1350,125,,,
2025/8/25,20:45,1350,128,,,
2025/8/25,21:00,1350,133,,,
2025/8/25,21:15,1350,128,,,
2025/8/25,21:30,1350,131,,,
2025/8/25,21:45,1350,131,,,
2025/8/25,22:00,1350,162,,,
2025/8/25,22:15,1350,,254,,
2025/8/25,22:30,1350,,256,,
2025/8/25,22:45,1350,,267,,
2025/8/25,23:00,1350,,301,,
2025/8/25,23:15,1350,,293,,
2025/8/25,23:30,1350,,293,,
2025/8/25,23:45,1350,,258,,
2025/8/26,00:00,1350,,254,,
2025/8/26,00:15,1350,,,,288
2025/8/26,00:30,1350,,,,285
2025/8/26,00:45,1350,,,,286
2025/8/26,01:00,1350,,,,291
2025/8/26,01:15,1350,,,,280
2025/8/26,01:30,1350,,,,274
2025/8/26,01:45,1350,,,,266
2025/8/26,02:00,1350,,,,261
2025/8/26,02:15,1350,,,,234
2025/8/26,02:30,1350,,,,230
2025/8/26,02:45,1350,,,,237
2025/8/26,03:00,1350,,,,234
2025/8/26,03:15,1350,,,,230
2025/8/26,03:30,1350,,,,229
2025/8/26,03:45,1350,,,,256
2025/8/26,04:00,1350,,,,214
2025/8/26,04:15,1350,,,,214
2025/8/26,04:30,1350,,,,206
2025/8/26,04:45,1350,,,,158
2025/8/26,05:00,1350,,,,162
2025/8/26,05:15,1350,,,,163
2025/8/26,05:30,1350,,,,173
2025/8/26,05:45,1350,,,,202
2025/8/26,06:00,1350,,,,131
2025/8/26,06:15,1350,,,,137
2025/8/26,06:30,1350,,,,138
2025/8/26,06:45,1350,,,,131
2025/8/26,07:00,1350,,,,138
2025/8/26,07:15,1350,,,,187
2025/8/26,07:30,1350,,,,235
2025/8/26,07:45,1350,,,,266
2025/8/26,08:00,1350,,,,330
2025/8/26,08:15,1350,,,,624
2025/8/26,08:30,1350,,,,725
2025/8/26,08:45,1350,,,,888
2025/8/26,09:00,1350,,,,874
2025/8/26,09:15,1350,,897,,
2025/8/26,09:30,1350,,940,,
2025/8/26,09:45,1350,,915,,
2025/8/26,10:00,1350,,850,,
2025/8/26,10:15,1350,,956,,
2025/8/26,10:30,1350,,968,,
2025/8/26,10:45,1350,,880,,
2025/8/26,11:00,1350,,892,,
2025/8/26,11:15,1350,,900,,
2025/8/26,11:30,1350,,840,,
2025/8/26,11:45,1350,,806,,
2025/8/26,12:00,1350,,762,,
2025/8/26,12:15,1350,,576,,
2025/8/26,12:30,1350,,611,,
2025/8/26,12:45,1350,,623,,
2025/8/26,13:00,1350,,790,,
2025/8/26,13:15,1350,,855,,
2025/8/26,13:30,1350,,852,,
2025/8/26,13:45,1350,,779,,
2025/8/26,14:00,1350,,825,,
2025/8/26,14:15,1350,,855,,
2025/8/26,14:30,1350,,816,,
2025/8/26,14:45,1350,,754,,
2025/8/26,15:00,1350,,709,,
2025/8/26,15:15,1350,,665,,
2025/8/26,15:30,1350,,635,,
2025/8/26,15:45,1350,,685,,
2025/8/26,16:00,1350,,614,,
2025/8/26,16:15,1350,451,,,
2025/8/26,16:30,1350,443,,,
2025/8/26,16:45,1350,425,,,
2025/8/26,17:00,1350,346,,,
2025/8/26,17:15,1350,259,,,
2025/8/26,17:30,1350,241,,,
2025/8/26,17:45,1350,259,,,
2025/8/26,18:00,1350,251,,,
2025/8/26,18:15,1350,248,,,
2025/8/26,18:30,1350,252,,,
2025/8/26,18:45,1350,213,,,
2025/8/26,19:00,1350,205,,,
2025/8/26,19:15,1350,238,,,
2025/8/26,19:30,1350,166,,,
2025/8/26,19:45,1350,112,,,
2025/8/26,20:00,1350,106,,,
2025/8/26,20:15,1350,117,,,
2025/8/26,20:30,1350,115,,,
2025/8/26,20:45,1350,107,,,
2025/8/26,21:00,1350,125,,,
2025/8/26,21:15,1350,107,,,
2025/8/26,21:30,1350,98,,,
2025/8/26,21:45,1350,154,,,
2025/8/26,22:00,1350,189,,,
2025/8/26,22:15,1350,,250,,
2025/8/26,22:30,1350,,237,,
2025/8/26,22:45,1350,,214,,
2025/8/26,23:00,1350,,243,,
2025/8/26,23:15,1350,,248,,
2025/8/26,23:30,1350,,250,,
2025/8/26,23:45,1350,,274,,
2025/8/27,00:00,1350,,278,,
2025/8/27,00:15,1350,,,,264
2025/8/27,00:30,1350,,,,288
2025/8/27,00:45,1350,,,,299
2025/8/27,01:00,1350,,,,322
2025/8/27,01:15,1350,,,,331
2025/8/27,01:30,1350,,,,336
2025/8/27,01:45,1350,,,,283
2025/8/27,02:00,1350,,,,254
2025/8/27,02:15,1350,,,,224
2025/8/27,02:30,1350,,,,206
2025/8/27,02:45,1350,,,,240
2025/8/27,03:00,1350,,,,253
2025/8/27,03:15,1350,,,,232
2025/8/27,03:30,1350,,,,230
2025/8/27,03:45,1350,,,,221
2025/8/27,04:00,1350,,,,218
2025/8/27,04:15,1350,,,,214
2025/8/27,04:30,1350,,,,178
2025/8/27,04:45,1350,,,,182
2025/8/27,05:00,1350,,,,171
2025/8/27,05:15,1350,,,,174
2025/8/27,05:30,1350,,,,173
2025/8/27,05:45,1350,,,,168
2025/8/27,06:00,1350,,,,163
2025/8/27,06:15,1350,,,,149
2025/8/27,06:30,1350,,,,140
2025/8/27,06:45,1350,,,,137
2025/8/27,07:00,1350,,,,132
2025/8/27,07:15,1350,,,,133
2025/8/27,07:30,1350,,,,177
2025/8/27,07:45,1350,,,,192
2025/8/27,08:00,1350,,,,244
2025/8/27,08:15,1350,,,,628
2025/8/27,08:30,1350,,,,874
2025/8/27,08:45,1350,,,,1005
2025/8/27,09:00,1350,,,,1100
2025/8/27,09:15,1350,,1133,,
2025/8/27,09:30,1350,,1140,,
2025/8/27,09:45,1350,,1124,,
2025/8/27,10:00,1350,,1028,,
2025/8/27,10:15,1350,,1074,,
2025/8/27,10:30,1350,,1112,,
2025/8/27,10:45,1350,,1121,,
2025/8/27,11:00,1350,,1112,,
2025/8/27,11:15,1350,,1089,,
2025/8/27,11:30,1350,,1096,,
2025/8/27,11:45,1350,,1086,,
2025/8/27,12:00,1350,,890,,
2025/8/27,12:15,1350,,590,,
2025/8/27,12:30,1350,,529,,
2025/8/27,12:45,1350,,520,,
2025/8/27,13:00,1350,,829,,
2025/8/27,13:15,1350,,905,,
2025/8/27,13:30,1350,,889,,
2025/8/27,13:45,1350,,940,,
2025/8/27,14:00,1350,,881,,
2025/8/27,14:15,1350,,876,,
2025/8/27,14:30,1350,,845,,
2025/8/27,14:45,1350,,850,,
2025/8/27,15:00,1350,,757,,
2025/8/27,15:15,1350,,821,,
2025/8/27,15:30,1350,,831,,
2025/8/27,15:45,1350,,776,,
2025/8/27,16:00,1350,,640,,
2025/8/27,16:15,1350,372,,,
2025/8/27,16:30,1350,358,,,
2025/8/27,16:45,1350,353,,,
2025/8/27,17:00,1350,309,,,
2025/8/27,17:15,1350,209,,,
2025/8/27,17:30,1350,183,,,
2025/8/27,17:45,1350,221,,,
2025/8/27,18:00,1350,226,,,
2025/8/27,18:15,1350,242,,,
2025/8/27,18:30,1350,249,,,
2025/8/27,18:45,1350,221,,,
2025/8/27,19:00,1350,202,,,
2025/8/27,19:15,1350,202,,,
2025/8/27,19:30,1350,134,,,
2025/8/27,19:45,1350,117,,,
2025/8/27,20:00,1350,117,,,
2025/8/27,20:15,1350,112,,,
2025/8/27,20:30,1350,122,,,
2025/8/27,20:45,1350,115,,,
2025/8/27,21:00,1350,118,,,
2025/8/27,21:15,1350,115,,,
2025/8/27,21:30,1350,110,,,
2025/8/27,21:45,1350,115,,,
2025/8/27,22:00,1350,114,,,
2025/8/27,22:15,1350,,115,,
2025/8/27,22:30,1350,,114,,
2025/8/27,22:45,1350,,114,,
2025/8/27,23:00,1350,,114,,
2025/8/27,23:15,1350,,120,,
2025/8/27,23:30,1350,,110,,
2025/8/27,23:45,1350,,106,,
2025/8/28,00:00,1350,,106,,
2025/8/28,00:15,1350,,,,102
2025/8/28,00:30,1350,,,,106
2025/8/28,00:45,1350,,,,106
2025/8/28,01:00,1350,,,,104
2025/8/28,01:15,1350,,,,107
2025/8/28,01:30,1350,,,,102
2025/8/28,01:45,1350,,,,96
2025/8/28,02:00,1350,,,,96
2025/8/28,02:15,1350,,,,94
2025/8/28,02:30,1350,,,,93
2025/8/28,02:45,1350,,,,93
2025/8/28,03:00,1350,,,,91
2025/8/28,03:15,1350,,,,94
2025/8/28,03:30,1350,,,,90
2025/8/28,03:45,1350,,,,83
2025/8/28,04:00,1350,,,,83
2025/8/28,04:15,1350,,,,83
2025/8/28,04:30,1350,,,,85
2025/8/28,04:45,1350,,,,82
2025/8/28,05:00,1350,,,,85
2025/8/28,05:15,1350,,,,88
2025/8/28,05:30,1350,,,,83
2025/8/28,05:45,1350,,,,80
2025/8/28,06:00,1350,,,,82
2025/8/28,06:15,1350,,,,65
2025/8/28,06:30,1350,,,,69
2025/8/28,06:45,1350,,,,84
2025/8/28,07:00,1350,,,,87
2025/8/28,07:15,1350,,,,110
2025/8/28,07:30,1350,,,,140
2025/8/28,07:45,1350,,,,211
2025/8/28,08:00,1350,,,,286
2025/8/28,08:15,1350,,,,625
2025/8/28,08:30,1350,,,,805
2025/8/28,08:45,1350,,,,799
2025/8/28,09:00,1350,,,,802
2025/8/28,09:15,1350,,842,,
2025/8/28,09:30,1350,,838,,
2025/8/28,09:45,1350,,831,,
2025/8/28,10:00,1350,,767,,
2025/8/28,10:15,1350,,759,,
2025/8/28,10:30,1350,,825,,
2025/8/28,10:45,1350,,856,,
2025/8/28,11:00,1350,,882,,
2025/8/28,11:15,1350,,872,,
2025/8/28,11:30,1350,,828,,
2025/8/28,11:45,1350,,805,,
2025/8/28,12:00,1350,,686,,
2025/8/28,12:15,1350,,446,,
2025/8/28,12:30,1350,,420,,
2025/8/28,12:45,1350,,415,,
2025/8/28,13:00,1350,,648,,
2025/8/28,13:15,1350,,775,,
2025/8/28,13:30,1350,,766,,
2025/8/28,13:45,1350,,633,,
2025/8/28,14:00,1350,,660,,
2025/8/28,14:15,1350,,564,,
2025/8/28,14:30,1350,,629,,
2025/8/28,14:45,1350,,630,,
2025/8/28,15:00,1350,,534,,
2025/8/28,15:15,1350,,611,,
2025/8/28,15:30,1350,,636,,
2025/8/28,15:45,1350,,558,,
2025/8/28,16:00,1350,,560,,
2025/8/28,16:15,1350,506,,,
2025/8/28,16:30,1350,468,,,
2025/8/28,16:45,1350,437,,,
2025/8/28,17:00,1350,369,,,
2025/8/28,17:15,1350,293,,,
2025/8/28,17:30,1350,260,,,
2025/8/28,17:45,1350,280,,,
2025/8/28,18:00,1350,282,,,
2025/8/28,18:15,1350,267,,,
2025/8/28,18:30,1350,274,,,
2025/8/28,18:45,1350,272,,,
2025/8/28,19:00,1350,264,,,
2025/8/28,19:15,1350,245,,,
2025/8/28,19:30,1350,203,,,
2025/8/28,19:45,1350,170,,,
2025/8/28,20:00,1350,174,,,
2025/8/28,20:15,1350,179,,,
2025/8/28,20:30,1350,173,,,
2025/8/28,20:45,1350,166,,,
2025/8/28,21:00,1350,157,,,
2025/8/28,21:15,1350,162,,,
2025/8/28,21:30,1350,155,,,
2025/8/28,21:45,1350,144,,,
2025/8/28,22:00,1350,146,,,
2025/8/28,22:15,1350,,144,,
2025/8/28,22:30,1350,,150,,
2025/8/28,22:45,1350,,139,,
2025/8/28,23:00,1350,,133,,
2025/8/28,23:15,1350,,133,,
2025/8/28,23:30,1350,,134,,
2025/8/28,23:45,1350,,130,,
2025/8/29,00:00,1350,,128,,
2025/8/29,00:15,1350,,,,114
2025/8/29,00:30,1350,,,,106
2025/8/29,00:45,1350,,,,114
2025/8/29,01:00,1350,,,,109
2025/8/29,01:15,1350,,,,104
2025/8/29,01:30,1350,,,,102
2025/8/29,01:45,1350,,,,107
2025/8/29,02:00,1350,,,,110
2025/8/29,02:15,1350,,,,106
2025/8/29,02:30,1350,,,,106
2025/8/29,02:45,1350,,,,104
2025/8/29,03:00,1350,,,,112
2025/8/29,03:15,1350,,,,106
2025/8/29,03:30,1350,,,,101
2025/8/29,03:45,1350,,,,93
2025/8/29,04:00,1350,,,,98
2025/8/29,04:15,1350,,,,98
2025/8/29,04:30,1350,,,,91
2025/8/29,04:45,1350,,,,93
2025/8/29,05:00,1350,,,,96
2025/8/29,05:15,1350,,,,104
2025/8/29,05:30,1350,,,,93
2025/8/29,05:45,1350,,,,91
2025/8/29,06:00,1350,,,,96
2025/8/29,06:15,1350,,,,100
2025/8/29,06:30,1350,,,,93
2025/8/29,06:45,1350,,,,83
2025/8/29,07:00,1350,,,,66
2025/8/29,07:15,1350,,,,79
2025/8/29,07:30,1350,,,,69
2025/8/29,07:45,1350,,,,70
2025/8/29,08:00,1350,,,,159
2025/8/29,08:15,1350,,,,196
2025/8/29,08:30,1350,,,,184
2025/8/29,08:45,1350,,,,180
2025/8/29,09:00,1350,,,,236
2025/8/29,09:15,1350,,198,,
2025/8/29,09:30,1350,,186,,
2025/8/29,09:45,1350,,185,,
2025/8/29,10:00,1350,,186,,
2025/8/29,10:15,1350,,195,,
2025/8/29,10:30,1350,,193,,
2025/8/29,10:45,1350,,195,,
2025/8/29,11:00,1350,,183,,
2025/8/29,11:15,1350,,196,,
2025/8/29,11:30,1350,,204,,
2025/8/29,11:45,1350,,202,,
2025/8/29,12:00,1350,,192,,
2025/8/29,12:15,1350,,183,,
2025/8/29,12:30,1350,,177,,
2025/8/29,12:45,1350,,186,,
2025/8/29,13:00,1350,,181,,
2025/8/29,13:15,1350,,182,,
2025/8/29,13:30,1350,,181,,
2025/8/29,13:45,1350,,185,,
2025/8/29,14:00,1350,,182,,
2025/8/29,14:15,1350,,175,,
2025/8/29,14:30,1350,,175,,
2025/8/29,14:45,1350,,183,,
2025/8/29,15:00,1350,,185,,
2025/8/29,15:15,1350,,192,,
2025/8/29,15:30,1350,,178,,
2025/8/29,15:45,1350,,168,,
2025/8/29,16:00,1350,,174,,
2025/8/29,16:15,1350,154,,,
2025/8/29,16:30,1350,134,,,
2025/8/29,16:45,1350,114,,,
2025/8/29,17:00,1350,100,,,
2025/8/29,17:15,1350,82,,,
2025/8/29,17:30,1350,90,,,
2025/8/29,17:45,1350,84,,,
2025/8/29,18:00,1350,83,,,
2025/8/29,18:15,1350,85,,,
2025/8/29,18:30,1350,81,,,
2025/8/29,18:45,1350,83,,,
2025/8/29,19:00,1350,74,,,
2025/8/29,19:15,1350,77,,,
2025/8/29,19:30,1350,74,,,
2025/8/29,19:45,1350,69,,,
2025/8/29,20:00,1350,74,,,
2025/8/29,20:15,1350,67,,,
2025/8/29,20:30,1350,70,,,
2025/8/29,20:45,1350,72,,,
2025/8/29,21:00,1350,77,,,
2025/8/29,21:15,1350,74,,,
2025/8/29,21:30,1350,66,,,
2025/8/29,21:45,1350,66,,,
2025/8/29,22:00,1350,64,,,
2025/8/29,22:15,1350,,72,,
2025/8/29,22:30,1350,,66,,
2025/8/29,22:45,1350,,66,,
2025/8/29,23:00,1350,,66,,
2025/8/29,23:15,1350,,83,,
2025/8/29,23:30,1350,,117,,
2025/8/29,23:45,1350,,61,,
2025/8/30,00:00,1350,,62,,
2025/8/30,00:15,1350,,,,62
2025/8/30,00:30,1350,,,,70
2025/8/30,00:45,1350,,,,64
2025/8/30,01:00,1350,,,,67
2025/8/30,01:15,1350,,,,72
2025/8/30,01:30,1350,,,,64
2025/8/30,01:45,1350,,,,69
2025/8/30,02:00,1350,,,,61
2025/8/30,02:15,1350,,,,66
2025/8/30,02:30,1350,,,,77
2025/8/30,02:45,1350,,,,69
2025/8/30,03:00,1350,,,,64
2025/8/30,03:15,1350,,,,61
2025/8/30,03:30,1350,,,,62
2025/8/30,03:45,1350,,,,98
2025/8/30,04:00,1350,,,,66
2025/8/30,04:15,1350,,,,62
2025/8/30,04:30,1350,,,,61
2025/8/30,04:45,1350,,,,67
2025/8/30,05:00,1350,,,,78
2025/8/30,05:15,1350,,,,74
2025/8/30,05:30,1350,,,,62
2025/8/30,05:45,1350,,,,69
2025/8/30,06:00,1350,,,,61
2025/8/30,06:15,1350,,,,67
2025/8/30,06:30,1350,,,,77
2025/8/30,06:45,1350,,,,90
2025/8/30,07:00,1350,,,,77
2025/8/30,07:15,1350,,,,74
2025/8/30,07:30,1350,,,,73
2025/8/30,07:45,1350,,,,75
2025/8/30,08:00,1350,,,,87
2025/8/30,08:15,1350,,,,113
2025/8/30,08:30,1350,,,,150
2025/8/30,08:45,1350,,,,118
2025/8/30,09:00,1350,,,119,
2025/8/30,09:15,1350,,,128,
2025/8/30,09:30,1350,,,123,
2025/8/30,09:45,1350,,,129,
2025/8/30,10:00,1350,,,118,
2025/8/30,10:15,1350,,,129,
2025/8/30,10:30,1350,,,126,
2025/8/30,10:45,1350,,,126,
2025/8/30,11:00,1350,,,129,
2025/8/30,11:15,1350,,,134,
2025/8/30,11:30,1350,,,151,
2025/8/30,11:45,1350,,,174,
2025/8/30,12:00,1350,,,143,
2025/8/30,12:15,1350,,,136,
2025/8/30,12:30,1350,,,128,
2025/8/30,12:45,1350,,,132,
2025/8/30,13:00,1350,,,137,
2025/8/30,13:15,1350,,,137,
2025/8/30,13:30,1350,,,153,
2025/8/30,13:45,1350,,,160,
2025/8/30,14:00,1350,,,145,
2025/8/30,14:15,1350,,,165,
2025/8/30,14:30,1350,,,208,
2025/8/30,14:45,1350,,,149,
2025/8/30,15:00,1350,,,143,
2025/8/30,15:15,1350,,,147,
2025/8/30,15:30,1350,,,166,
2025/8/30,15:45,1350,,,145,
2025/8/30,16:00,1350,,,145,
2025/8/30,16:15,1350,,,155,
2025/8/30,16:30,1350,,,123,
2025/8/30,16:45,1350,,,118,
2025/8/30,17:00,1350,,,107,
2025/8/30,17:15,1350,,,91,
2025/8/30,17:30,1350,,,90,
2025/8/30,17:45,1350,,,94,
2025/8/30,18:00,1350,,,95,
2025/8/30,18:15,1350,,,88,
2025/8/30,18:30,1350,,,93,
2025/8/30,18:45,1350,,,136,
2025/8/30,19:00,1350,,,98,
2025/8/30,19:15,1350,,,91,
2025/8/30,19:30,1350,,,90,
2025/8/30,19:45,1350,,,88,
2025/8/30,20:00,1350,,,90,
2025/8/30,20:15,1350,,,99,
2025/8/30,20:30,1350,,,106,
2025/8/30,20:45,1350,,,85,
2025/8/30,21:00,1350,,,86,
2025/8/30,21:15,1350,,,94,
2025/8/30,21:30,1350,,,90,
2025/8/30,21:45,1350,,,94,
2025/8/30,22:00,1350,,,94,
2025/8/30,22:15,1350,,,96,
2025/8/30,22:30,1350,,,86,
2025/8/30,22:45,1350,,,86,
2025/8/30,23:00,1350,,,88,
2025/8/30,23:15,1350,,,109,
2025/8/30,23:30,1350,,,86,
2025/8/30,23:45,1350,,,83,
2025/8/31,00:00,1350,,,86,
2025/8/31,00:15,1350,,,,91
2025/8/31,00:30,1350,,,,88
2025/8/31,00:45,1350,,,,102
2025/8/31,01:00,1350,,,,98
2025/8/31,01:15,1350,,,,88
2025/8/31,01:30,1350,,,,82
2025/8/31,01:45,1350,,,,86
2025/8/31,02:00,1350,,,,91
2025/8/31,02:15,1350,,,,102
2025/8/31,02:30,1350,,,,86
2025/8/31,02:45,1350,,,,86
2025/8/31,03:00,1350,,,,88
2025/8/31,03:15,1350,,,,82
2025/8/31,03:30,1350,,,,83
2025/8/31,03:45,1350,,,,91
2025/8/31,04:00,1350,,,,101
2025/8/31,04:15,1350,,,,86
2025/8/31,04:30,1350,,,,86
2025/8/31,04:45,1350,,,,91
2025/8/31,05:00,1350,,,,83
2025/8/31,05:15,1350,,,,88
2025/8/31,05:30,1350,,,,96
2025/8/31,05:45,1350,,,,99
2025/8/31,06:00,1350,,,,83
2025/8/31,06:15,1350,,,,84
2025/8/31,06:30,1350,,,,90
2025/8/31,06:45,1350,,,,84
2025/8/31,07:00,1350,,,,90
2025/8/31,07:15,1350,,,,75
2025/8/31,07:30,1350,,,,89
2025/8/31,07:45,1350,,,,65
2025/8/31,08:00,1350,,,,63
2025/8/31,08:15,1350,,,,75
2025/8/31,08:30,1350,,,,62
2025/8/31,08:45,1350,,,,61
2025/8/31,09:00,1350,,,,78
2025/8/31,09:15,1350,,,,67
2025/8/31,09:30,1350,,,,59
2025/8/31,09:45,1350,,,,58
2025/8/31,10:00,1350,,,,63
2025/8/31,10:15,1350,,,,86
2025/8/31,10:30,1350,,,,62
2025/8/31,10:45,1350,,,,59
2025/8/31,11:00,1350,,,,67
2025/8/31,11:15,1350,,,,66
2025/8/31,11:30,1350,,,,82
2025/8/31,11:45,1350,,,,70
2025/8/31,12:00,1350,,,,69
2025/8/31,12:15,1350,,,,67
2025/8/31,12:30,1350,,,,71
2025/8/31,12:45,1350,,,,69
2025/8/31,13:00,1350,,,,65
2025/8/31,13:15,1350,,,,58
2025/8/31,13:30,1350,,,,61
2025/8/31,13:45,1350,,,,81
2025/8/31,14:00,1350,,,,69
2025/8/31,14:15,1350,,,,64
2025/8/31,14:30,1350,,,,63
2025/8/31,14:45,1350,,,,82
2025/8/31,15:00,1350,,,,73
2025/8/31,15:15,1350,,,,62
2025/8/31,15:30,1350,,,,63
2025/8/31,15:45,1350,,,,71
2025/8/31,16:00,1350,,,,78
2025/8/31,16:15,1350,,,,65
2025/8/31,16:30,1350,,,,63
2025/8/31,16:45,1350,,,,62
2025/8/31,17:00,1350,,,,92
2025/8/31,17:15,1350,,,,69
2025/8/31,17:30,1350,,,,66
2025/8/31,17:45,1350,,,,62
2025/8/31,18:00,1350,,,,67
2025/8/31,18:15,1350,,,,78
2025/8/31,18:30,1350,,,,54
2025/8/31,18:45,1350,,,,56
2025/8/31,19:00,1350,,,,58
2025/8/31,19:15,1350,,,,66
2025/8/31,19:30,1350,,,,70
2025/8/31,19:45,1350,,,,56
2025/8/31,20:00,1350,,,,61
2025/8/31,20:15,1350,,,,62
2025/8/31,20:30,1350,,,,56
2025/8/31,20:45,1350,,,,70
2025/8/31,21:00,1350,,,,59
2025/8/31,21:15,1350,,,,61
2025/8/31,21:30,1350,,,,54
2025/8/31,21:45,1350,,,,53
2025/8/31,22:00,1350,,,,59
2025/8/31,22:15,1350,,,,80
2025/8/31,22:30,1350,,,,54
2025/8/31,22:45,1350,,,,56
2025/8/31,23:00,1350,,,,61
2025/8/31,23:15,1350,,,,59
2025/8/31,23:30,1350,,,,54
2025/8/31,23:45,1350,,,,70
2025/9/1,00:00,1350,,,,59
2025/9/1,00:15,1350,,,,59
2025/9/1,00:30,1350,,,,54
2025/9/1,00:45,1350,,,,53
2025/9/1,01:00,1350,,,,59
2025/9/1,01:15,1350,,,,75
2025/9/1,01:30,1350,,,,56
2025/9/1,01:45,1350,,,,54
2025/9/1,02:00,1350,,,,56
2025/9/1,02:15,1350,,,,62
2025/9/1,02:30,1350,,,,54
2025/9/1,02:45,1350,,,,66
2025/9/1,03:00,1350,,,,72
2025/9/1,03:15,1350,,,,61
2025/9/1,03:30,1350,,,,58
2025/9/1,03:45,1350,,,,59
2025/9/1,04:00,1350,,,,58
2025/9/1,04:15,1350,,,,70
2025/9/1,04:30,1350,,,,64
2025/9/1,04:45,1350,,,,53
2025/9/1,05:00,1350,,,,56
2025/9/1,05:15,1350,,,,64
2025/9/1,05:30,1350,,,,56
2025/9/1,05:45,1350,,,,54
2025/9/1,06:00,1350,,,,69
2025/9/1,06:15,1350,,,,61
2025/9/1,06:30,1350,,,,55
2025/9/1,06:45,1350,,,,63
2025/9/1,07:00,1350,,,,75
2025/9/1,07:15,1350,,,,178
2025/9/1,07:30,1350,,,,246
2025/9/1,07:45,1350,,,,264
2025/9/1,08:00,1350,,,,344
2025/9/1,08:15,1350,,,,656
2025/9/1,08:30,1350,,,,818
2025/9/1,08:45,1350,,,,895
2025/9/1,09:00,1350,,,,1063
2025/9/1,09:15,1350,,1108,,
2025/9/1,09:30,1350,,988,,
2025/9/1,09:45,1350,,969,,
2025/9/1,10:00,1350,,855,,
2025/9/1,10:15,1350,,950,,
2025/9/1,10:30,1350,,1101,,
2025/9/1,10:45,1350,,1065,,
2025/9/1,11:00,1350,,1076,,
2025/9/1,11:15,1350,,1126,,
2025/9/1,11:30,1350,,1116,,
2025/9/1,11:45,1350,,1162,,
2025/9/1,12:00,1350,,1011,,
2025/9/1,12:15,1350,,735,,
2025/9/1,12:30,1350,,656,,
2025/9/1,12:45,1350,,653,,
2025/9/1,13:00,1350,,1105,,
2025/9/1,13:15,1350,,1214,,
2025/9/1,13:30,1350,,1230,,
2025/9/1,13:45,1350,,1177,,
2025/9/1,14:00,1350,,1148,,
2025/9/1,14:15,1350,,1005,,
2025/9/1,14:30,1350,,1012,,
2025/9/1,14:45,1350,,1057,,
2025/9/1,15:00,1350,,930,,
2025/9/1,15:15,1350,,978,,
2025/9/1,15:30,1350,,969,,
2025/9/1,15:45,1350,,1000,,
2025/9/1,16:00,1350,,955,,
2025/9/1,16:15,1350,524,,,
2025/9/1,16:30,1350,427,,,
2025/9/1,16:45,1350,411,,,
2025/9/1,17:00,1350,349,,,
2025/9/1,17:15,1350,257,,,
2025/9/1,17:30,1350,211,,,
2025/9/1,17:45,1350,222,,,
2025/9/1,18:00,1350,218,,,
2025/9/1,18:15,1350,215,,,
2025/9/1,18:30,1350,205,,,
2025/9/1,18:45,1350,198,,,
2025/9/1,19:00,1350,210,,,
2025/9/1,19:15,1350,187,,,
2025/9/1,19:30,1350,155,,,
2025/9/1,19:45,1350,123,,,
2025/9/1,20:00,1350,125,,,
2025/9/1,20:15,1350,133,,,
2025/9/1,20:30,1350,126,,,
2025/9/1,20:45,1350,131,,,
2025/9/1,21:00,1350,130,,,
2025/9/1,21:15,1350,139,,,
2025/9/1,21:30,1350,186,,,
2025/9/1,21:45,1350,136,,,
2025/9/1,22:00,1350,144,,,
2025/9/1,22:15,1350,,202,,
2025/9/1,22:30,1350,,237,,
2025/9/1,22:45,1350,,258,,
2025/9/1,23:00,1350,,282,,
2025/9/1,23:15,1350,,310,,
2025/9/1,23:30,1350,,293,,
2025/9/1,23:45,1350,,282,,
2025/9/2,00:00,1350,,269,,
2025/9/2,00:15,1350,,,,301
2025/9/2,00:30,1350,,,,312
2025/9/2,00:45,1350,,,,302
2025/9/2,01:00,1350,,,,307
2025/9/2,01:15,1350,,,,296
2025/9/2,01:30,1350,,,,298
2025/9/2,01:45,1350,,,,331
2025/9/2,02:00,1350,,,,315
2025/9/2,02:15,1350,,,,309
2025/9/2,02:30,1350,,,,306
2025/9/2,02:45,1350,,,,280
2025/9/2,03:00,1350,,,,240
2025/9/2,03:15,1350,,,,226
2025/9/2,03:30,1350,,,,221
2025/9/2,03:45,1350,,,,210
2025/9/2,04:00,1350,,,,206
2025/9/2,04:15,1350,,,,205
2025/9/2,04:30,1350,,,,203
2025/9/2,04:45,1350,,,,198
2025/9/2,05:00,1350,,,,197
2025/9/2,05:15,1350,,,,192
2025/9/2,05:30,1350,,,,174
2025/9/2,05:45,1350,,,,182
2025/9/2,06:00,1350,,,,167
2025/9/2,06:15,1350,,,,164
2025/9/2,06:30,1350,,,,162
2025/9/2,06:45,1350,,,,161
2025/9/2,07:00,1350,,,,195
2025/9/2,07:15,1350,,,,224
2025/9/2,07:30,1350,,,,261
2025/9/2,07:45,1350,,,,265
2025/9/2,08:00,1350,,,,313
2025/9/2,08:15,1350,,,,880
2025/9/2,08:30,1350,,,,1148
2025/9/2,08:45,1350,,,,1161
2025/9/2,09:00,1350,,,,1210
2025/9/2,09:15,1350,,1230,,
2025/9/2,09:30,1350,,1225,,
2025/9/2,09:45,1350,,1237,,
2025/9/2,10:00,1350,,1157,,
2025/9/2,10:15,1350,,1249,,
2025/9/2,10:30,1350,,1283,,
2025/9/2,10:45,1350,,1243,,
2025/9/2,11:00,1350,,1261,,
2025/9/2,11:15,1350,,1219,,
2025/9/2,11:30,1350,,1167,,
2025/9/2,11:45,1350,,1283,,
2025/9/2,12:00,1350,,1077,,
2025/9/2,12:15,1350,,836,,
2025/9/2,12:30,1350,,729,,
2025/9/2,12:45,1350,,737,,
2025/9/2,13:00,1350,,1046,,
2025/9/2,13:15,1350,,1110,,
2025/9/2,13:30,1350,,1156,,
2025/9/2,13:45,1350,,1174,,
2025/9/2,14:00,1350,,1182,,
2025/9/2,14:15,1350,,1131,,
2025/9/2,14:30,1350,,1082,,
2025/9/2,14:45,1350,,1062,,
2025/9/2,15:00,1350,,889,,
2025/9/2,15:15,1350,,846,,
2025/9/2,15:30,1350,,800,,
2025/9/2,15:45,1350,,838,,
2025/9/2,16:00,1350,,865,,
2025/9/2,16:15,1350,605,,,
2025/9/2,16:30,1350,475,,,
2025/9/2,16:45,1350,443,,,
2025/9/2,17:00,1350,386,,,
2025/9/2,17:15,1350,294,,,
2025/9/2,17:30,1350,246,,,
2025/9/2,17:45,1350,256,,,
2025/9/2,18:00,1350,283,,,
2025/9/2,18:15,1350,245,,,
2025/9/2,18:30,1350,242,,,
2025/9/2,18:45,1350,237,,,
2025/9/2,19:00,1350,216,,,
2025/9/2,19:15,1350,198,,,
2025/9/2,19:30,1350,158,,,
2025/9/2,19:45,1350,125,,,
2025/9/2,20:00,1350,128,,,
2025/9/2,20:15,1350,128,,,
2025/9/2,20:30,1350,122,,,
2025/9/2,20:45,1350,131,,,
2025/9/2,21:00,1350,112,,,
2025/9/2,21:15,1350,154,,,
2025/9/2,21:30,1350,179,,,
2025/9/2,21:45,1350,147,,,
2025/9/2,22:00,1350,149,,,
2025/9/2,22:15,1350,,218,,
2025/9/2,22:30,1350,,229,,
2025/9/2,22:45,1350,,242,,
2025/9/2,23:00,1350,,293,,
2025/9/2,23:15,1350,,285,,
2025/9/2,23:30,1350,,267,,
2025/9/2,23:45,1350,,282,,
2025/9/3,00:00,1350,,296,,
2025/9/3,00:15,1350,,,,326
2025/9/3,00:30,1350,,,,365
2025/9/3,00:45,1350,,,,386
2025/9/3,01:00,1350,,,,421
2025/9/3,01:15,1350,,,,427
2025/9/3,01:30,1350,,,,429
2025/9/3,01:45,1350,,,,426
2025/9/3,02:00,1350,,,,422
2025/9/3,02:15,1350,,,,416
2025/9/3,02:30,1350,,,,418
2025/9/3,02:45,1350,,,,390
2025/9/3,03:00,1350,,,,362
2025/9/3,03:15,1350,,,,334
2025/9/3,03:30,1350,,,,299
2025/9/3,03:45,1350,,,,261
2025/9/3,04:00,1350,,,,256
2025/9/3,04:15,1350,,,,234
2025/9/3,04:30,1350,,,,200
2025/9/3,04:45,1350,,,,202
2025/9/3,05:00,1350,,,,198
2025/9/3,05:15,1350,,,,203
2025/9/3,05:30,1350,,,,202
2025/9/3,05:45,1350,,,,198
2025/9/3,06:00,1350,,,,178
2025/9/3,06:15,1350,,,,169
2025/9/3,06:30,1350,,,,158
2025/9/3,06:45,1350,,,,165
2025/9/3,07:00,1350,,,,171
2025/9/3,07:15,1350,,,,167
2025/9/3,07:30,1350,,,,211
2025/9/3,07:45,1350,,,,253
2025/9/3,08:00,1350,,,,301
2025/9/3,08:15,1350,,,,286
2025/9/3,08:30,1350,,,,292
2025/9/3,08:45,1350,,,,668
2025/9/3,09:00,1350,,,,950
2025/9/3,09:15,1350,,905,,
2025/9/3,09:30,1350,,912,,
2025/9/3,09:45,1350,,887,,
2025/9/3,10:00,1350,,848,,
2025/9/3,10:15,1350,,902,,
2025/9/3,10:30,1350,,894,,
2025/9/3,10:45,1350,,979,,
2025/9/3,11:00,1350,,885,,
2025/9/3,11:15,1350,,842,,
2025/9/3,11:30,1350,,816,,
2025/9/3,11:45,1350,,892,,
2025/9/3,12:00,1350,,894,,
2025/9/3,12:15,1350,,677,,
2025/9/3,12:30,1350,,622,,
2025/9/3,12:45,1350,,594,,
2025/9/3,13:00,1350,,767,,
2025/9/3,13:15,1350,,923,,
2025/9/3,13:30,1350,,907,,
2025/9/3,13:45,1350,,847,,
2025/9/3,14:00,1350,,817,,
2025/9/3,14:15,1350,,802,,
2025/9/3,14:30,1350,,793,,
2025/9/3,14:45,1350,,721,,
2025/9/3,15:00,1350,,656,,
2025/9/3,15:15,1350,,635,,
2025/9/3,15:30,1350,,684,,
2025/9/3,15:45,1350,,721,,
2025/9/3,16:00,1350,,660,,
2025/9/3,16:15,1350,443,,,
2025/9/3,16:30,1350,399,,,
2025/9/3,16:45,1350,384,,,
2025/9/3,17:00,1350,340,,,
2025/9/3,17:15,1350,267,,,
2025/9/3,17:30,1350,238,,,
2025/9/3,17:45,1350,228,,,
2025/9/3,18:00,1350,230,,,
2025/9/3,18:15,1350,222,,,
2025/9/3,18:30,1350,216,,,
2025/9/3,18:45,1350,200,,,
2025/9/3,19:00,1350,197,,,
2025/9/3,19:15,1350,182,,,
2025/9/3,19:30,1350,150,,,
2025/9/3,19:45,1350,125,,,
2025/9/3,20:00,1350,118,,,
2025/9/3,20:15,1350,117,,,
2025/9/3,20:30,1350,118,,,
2025/9/3,20:45,1350,114,,,
2025/9/3,21:00,1350,106,,,
2025/9/3,21:15,1350,118,,,
2025/9/3,21:30,1350,125,,,
2025/9/3,21:45,1350,112,,,
2025/9/3,22:00,1350,125,,,
2025/9/3,22:15,1350,,198,,
2025/9/3,22:30,1350,,267,,
2025/9/3,22:45,1350,,310,,
2025/9/3,23:00,1350,,269,,
2025/9/3,23:15,1350,,259,,
2025/9/3,23:30,1350,,266,,
2025/9/3,23:45,1350,,270,,
2025/9/4,00:00,1350,,291,,
2025/9/4,00:15,1350,,,,288
2025/9/4,00:30,1350,,,,267
2025/9/4,00:45,1350,,,,272
2025/9/4,01:00,1350,,,,259
2025/9/4,01:15,1350,,,,256
2025/9/4,01:30,1350,,,,235
2025/9/4,01:45,1350,,,,210
2025/9/4,02:00,1350,,,,218
2025/9/4,02:15,1350,,,,205
2025/9/4,02:30,1350,,,,205
2025/9/4,02:45,1350,,,,206
2025/9/4,03:00,1350,,,,197
2025/9/4,03:15,1350,,,,195
2025/9/4,03:30,1350,,,,237
2025/9/4,03:45,1350,,,,232
2025/9/4,04:00,1350,,,,232
2025/9/4,04:15,1350,,,,179
2025/9/4,04:30,1350,,,,184
2025/9/4,04:45,1350,,,,181
2025/9/4,05:00,1350,,,,182
2025/9/4,05:15,1350,,,,184
2025/9/4,05:30,1350,,,,128
2025/9/4,05:45,1350,,,,115
2025/9/4,06:00,1350,,,,110
2025/9/4,06:15,1350,,,,112
2025/9/4,06:30,1350,,,,110
2025/9/4,06:45,1350,,,,127
2025/9/4,07:00,1350,,,,123
2025/9/4,07:15,1350,,,,155
2025/9/4,07:30,1350,,,,244
2025/9/4,07:45,1350,,,,260
2025/9/4,08:00,1350,,,,374
2025/9/4,08:15,1350,,,,677
2025/9/4,08:30,1350,,,,837
2025/9/4,08:45,1350,,,,871
2025/9/4,09:00,1350,,,,972
2025/9/4,09:15,1350,,1039,,
2025/9/4,09:30,1350,,975,,
2025/9/4,09:45,1350,,841,,
2025/9/4,10:00,1350,,785,,
2025/9/4,10:15,1350,,908,,
2025/9/4,10:30,1350,,977,,
2025/9/4,10:45,1350,,913,,
2025/9/4,11:00,1350,,908,,
2025/9/4,11:15,1350,,972,,
2025/9/4,11:30,1350,,976,,
2025/9/4,11:45,1350,,1088,,
2025/9/4,12:00,1350,,990,,
2025/9/4,12:15,1350,,701,,
2025/9/4,12:30,1350,,691,,
2025/9/4,12:45,1350,,721,,
2025/9/4,13:00,1350,,982,,
2025/9/4,13:15,1350,,1076,,
2025/9/4,13:30,1350,,1134,,
2025/9/4,13:45,1350,,1099,,
2025/9/4,14:00,1350,,1047,,
2025/9/4,14:15,1350,,1031,,
2025/9/4,14:30,1350,,1027,,
2025/9/4,14:45,1350,,981,,
2025/9/4,15:00,1350,,891,,
2025/9/4,15:15,1350,,911,,
2025/9/4,15:30,1350,,935,,
2025/9/4,15:45,1350,,874,,
2025/9/4,16:00,1350,,724,,
2025/9/4,16:15,1350,506,,,
2025/9/4,16:30,1350,399,,,
2025/9/4,16:45,1350,390,,,
2025/9/4,17:00,1350,362,,,
2025/9/4,17:15,1350,287,,,
2025/9/4,17:30,1350,240,,,
2025/9/4,17:45,1350,246,,,
2025/9/4,18:00,1350,255,,,
2025/9/4,18:15,1350,224,,,
2025/9/4,18:30,1350,237,,,
2025/9/4,18:45,1350,224,,,
2025/9/4,19:00,1350,219,,,
2025/9/4,19:15,1350,221,,,
2025/9/4,19:30,1350,182,,,
2025/9/4,19:45,1350,160,,,
2025/9/4,20:00,1350,150,,,
2025/9/4,20:15,1350,139,,,
2025/9/4,20:30,1350,147,,,
2025/9/4,20:45,1350,144,,,
2025/9/4,21:00,1350,138,,,
2025/9/4,21:15,1350,141,,,
2025/9/4,21:30,1350,142,,,
2025/9/4,21:45,1350,146,,,
2025/9/4,22:00,1350,138,,,
2025/9/4,22:15,1350,,131,,
2025/9/4,22:30,1350,,131,,
2025/9/4,22:45,1350,,139,,
2025/9/4,23:00,1350,,120,,
2025/9/4,23:15,1350,,122,,
2025/9/4,23:30,1350,,128,,
2025/9/4,23:45,1350,,117,,
2025/9/5,00:00,1350,,122,,
2025/9/5,00:15,1350,,,,110
2025/9/5,00:30,1350,,,,117
2025/9/5,00:45,1350,,,,120
2025/9/5,01:00,1350,,,,112
2025/9/5,01:15,1350,,,,114
2025/9/5,01:30,1350,,,,110
2025/9/5,01:45,1350,,,,99
2025/9/5,02:00,1350,,,,98
2025/9/5,02:15,1350,,,,98
2025/9/5,02:30,1350,,,,102
2025/9/5,02:45,1350,,,,98
2025/9/5,03:00,1350,,,,101
2025/9/5,03:15,1350,,,,98
2025/9/5,03:30,1350,,,,98
2025/9/5,03:45,1350,,,,94
2025/9/5,04:00,1350,,,,101
2025/9/5,04:15,1350,,,,96
2025/9/5,04:30,1350,,,,98
2025/9/5,04:45,1350,,,,91
2025/9/5,05:00,1350,,,,101
2025/9/5,05:15,1350,,,,102
2025/9/5,05:30,1350,,,,98
2025/9/5,05:45,1350,,,,88
2025/9/5,06:00,1350,,,,93
2025/9/5,06:15,1350,,,,92
2025/9/5,06:30,1350,,,,84
2025/9/5,06:45,1350,,,,86
2025/9/5,07:00,1350,,,,100
2025/9/5,07:15,1350,,,,94
2025/9/5,07:30,1350,,,,95
2025/9/5,07:45,1350,,,,94
2025/9/5,08:00,1350,,,,137
2025/9/5,08:15,1350,,,,266
2025/9/5,08:30,1350,,,,308
2025/9/5,08:45,1350,,,,271
2025/9/5,09:00,1350,,,,338
2025/9/5,09:15,1350,,379,,
2025/9/5,09:30,1350,,326,,
2025/9/5,09:45,1350,,305,,
2025/9/5,10:00,1350,,374,,
2025/9/5,10:15,1350,,335,,
2025/9/5,10:30,1350,,329,,
2025/9/5,10:45,1350,,382,,
2025/9/5,11:00,1350,,352,,
2025/9/5,11:15,1350,,327,,
2025/9/5,11:30,1350,,376,,
2025/9/5,11:45,1350,,363,,
2025/9/5,12:00,1350,,286,,
2025/9/5,12:15,1350,,209,,
2025/9/5,12:30,1350,,208,,
2025/9/5,12:45,1350,,229,,
2025/9/5,13:00,1350,,334,,
2025/9/5,13:15,1350,,365,,
2025/9/5,13:30,1350,,321,,
2025/9/5,13:45,1350,,308,,
2025/9/5,14:00,1350,,369,,
2025/9/5,14:15,1350,,341,,
2025/9/5,14:30,1350,,302,,
2025/9/5,14:45,1350,,367,,
2025/9/5,15:00,1350,,347,,
2025/9/5,15:15,1350,,288,,
2025/9/5,15:30,1350,,336,,
2025/9/5,15:45,1350,,351,,
2025/9/5,16:00,1350,,277,,
2025/9/5,16:15,1350,186,,,
2025/9/5,16:30,1350,185,,,
2025/9/5,16:45,1350,182,,,
2025/9/5,17:00,1350,209,,,
2025/9/5,17:15,1350,89,,,
2025/9/5,17:30,1350,78,,,
2025/9/5,17:45,1350,78,,,
2025/9/5,18:00,1350,75,,,
2025/9/5,18:15,1350,88,,,
2025/9/5,18:30,1350,93,,,
2025/9/5,18:45,1350,78,,,
2025/9/5,19:00,1350,77,,,
2025/9/5,19:15,1350,77,,,
2025/9/5,19:30,1350,78,,,
2025/9/5,19:45,1350,78,,,
2025/9/5,20:00,1350,72,,,
2025/9/5,20:15,1350,66,,,
2025/9/5,20:30,1350,70,,,
2025/9/5,20:45,1350,67,,,
2025/9/5,21:00,1350,78,,,
2025/9/5,21:15,1350,67,,,
2025/9/5,21:30,1350,64,,,
2025/9/5,21:45,1350,77,,,
2025/9/5,22:00,1350,62,,,
2025/9/5,22:15,1350,,66,,
2025/9/5,22:30,1350,,80,,
2025/9/5,22:45,1350,,74,,
2025/9/5,23:00,1350,,64,,
2025/9/5,23:15,1350,,64,,
2025/9/5,23:30,1350,,67,,
2025/9/5,23:45,1350,,83,,
2025/9/6,00:00,1350,,67,,
2025/9/6,00:15,1350,,,,64
2025/9/6,00:30,1350,,,,67
2025/9/6,00:45,1350,,,,69
2025/9/6,01:00,1350,,,,78
2025/9/6,01:15,1350,,,,72
2025/9/6,01:30,1350,,,,67
2025/9/6,01:45,1350,,,,67
2025/9/6,02:00,1350,,,,66
2025/9/6,02:15,1350,,,,67
2025/9/6,02:30,1350,,,,82
2025/9/6,02:45,1350,,,,69
2025/9/6,03:00,1350,,,,64
2025/9/6,03:15,1350,,,,69
2025/9/6,03:30,1350,,,,70
2025/9/6,03:45,1350,,,,82
2025/9/6,04:00,1350,,,,61
2025/9/6,04:15,1350,,,,53
2025/9/6,04:30,1350,,,,51
2025/9/6,04:45,1350,,,,58
2025/9/6,05:00,1350,,,,62
2025/9/6,05:15,1350,,,,67
2025/9/6,05:30,1350,,,,51
2025/9/6,05:45,1350,,,,56
2025/9/6,06:00,1350,,,,54
2025/9/6,06:15,1350,,,,54
2025/9/6,06:30,1350,,,,68
2025/9/6,06:45,1350,,,,60
2025/9/6,07:00,1350,,,,58
2025/9/6,07:15,1350,,,,59
2025/9/6,07:30,1350,,,,56
2025/9/6,07:45,1350,,,,74
2025/9/6,08:00,1350,,,,61
2025/9/6,08:15,1350,,,,68
2025/9/6,08:30,1350,,,,77
2025/9/6,08:45,1350,,,,83
2025/9/6,09:00,1350,,,80,
2025/9/6,09:15,1350,,,76,
2025/9/6,09:30,1350,,,76,
2025/9/6,09:45,1350,,,84,
2025/9/6,10:00,1350,,,84,
2025/9/6,10:15,1350,,,86,
2025/9/6,10:30,1350,,,106,
2025/9/6,10:45,1350,,,133,
2025/9/6,11:00,1350,,,87,
2025/9/6,11:15,1350,,,89,
2025/9/6,11:30,1350,,,93,
2025/9/6,11:45,1350,,,87,
2025/9/6,12:00,1350,,,87,
2025/9/6,12:15,1350,,,91,
2025/9/6,12:30,1350,,,84,
2025/9/6,12:45,1350,,,81,
2025/9/6,13:00,1350,,,87,
2025/9/6,13:15,1350,,,137,
2025/9/6,13:30,1350,,,101,
2025/9/6,13:45,1350,,,84,
2025/9/6,14:00,1350,,,83,
2025/9/6,14:15,1350,,,89,
2025/9/6,14:30,1350,,,68,
2025/9/6,14:45,1350,,,66,
2025/9/6,15:00,1350,,,66,
2025/9/6,15:15,1350,,,67,
2025/9/6,15:30,1350,,,67,
2025/9/6,15:45,1350,,,64,
2025/9/6,16:00,1350,,,99,
2025/9/6,16:15,1350,,,93,
2025/9/6,16:30,1350,,,70,
2025/9/6,16:45,1350,,,56,
2025/9/6,17:00,1350,,,57,
2025/9/6,17:15,1350,,,55,
2025/9/6,17:30,1350,,,59,
2025/9/6,17:45,1350,,,55,
2025/9/6,18:00,1350,,,50,
2025/9/6,18:15,1350,,,55,
2025/9/6,18:30,1350,,,54,
2025/9/6,18:45,1350,,,58,
2025/9/6,19:00,1350,,,50,
2025/9/6,19:15,1350,,,50,
2025/9/6,19:30,1350,,,50,
2025/9/6,19:45,1350,,,58,
2025/9/6,20:00,1350,,,56,
2025/9/6,20:15,1350,,,53,
2025/9/6,20:30,1350,,,51,
2025/9/6,20:45,1350,,,50,
2025/9/6,21:00,1350,,,58,
2025/9/6,21:15,1350,,,53,
2025/9/6,21:30,1350,,,50,
2025/9/6,21:45,1350,,,54,
2025/9/6,22:00,1350,,,61,
2025/9/6,22:15,1350,,,64,
2025/9/6,22:30,1350,,,53,
2025/9/6,22:45,1350,,,53,
2025/9/6,23:00,1350,,,51,
2025/9/6,23:15,1350,,,59,
2025/9/6,23:30,1350,,,50,
2025/9/6,23:45,1350,,,50,
2025/9/7,00:00,1350,,,48,
2025/9/7,00:15,1350,,,,56
2025/9/7,00:30,1350,,,,51
2025/9/7,00:45,1350,,,,50
2025/9/7,01:00,1350,,,,50
2025/9/7,01:15,1350,,,,56
2025/9/7,01:30,1350,,,,53
2025/9/7,01:45,1350,,,,48
2025/9/7,02:00,1350,,,,50
2025/9/7,02:15,1350,,,,56
2025/9/7,02:30,1350,,,,54
2025/9/7,02:45,1350,,,,48
2025/9/7,03:00,1350,,,,50
2025/9/7,03:15,1350,,,,54
2025/9/7,03:30,1350,,,,51
2025/9/7,03:45,1350,,,,48
2025/9/7,04:00,1350,,,,50
2025/9/7,04:15,1350,,,,54
2025/9/7,04:30,1350,,,,54
2025/9/7,04:45,1350,,,,46
2025/9/7,05:00,1350,,,,50
2025/9/7,05:15,1350,,,,58
2025/9/7,05:30,1350,,,,54
2025/9/7,05:45,1350,,,,50
2025/9/7,06:00,1350,,,,48
2025/9/7,06:15,1350,,,,55
2025/9/7,06:30,1350,,,,53
2025/9/7,06:45,1350,,,,49
2025/9/7,07:00,1350,,,,58
2025/9/7,07:15,1350,,,,61
2025/9/7,07:30,1350,,,,59
2025/9/7,07:45,1350,,,,53
2025/9/7,08:00,1350,,,,52
2025/9/7,08:15,1350,,,,61
2025/9/7,08:30,1350,,,,54
2025/9/7,08:45,1350,,,,54
2025/9/7,09:00,1350,,,,61
2025/9/7,09:15,1350,,,,61
2025/9/7,09:30,1350,,,,56
2025/9/7,09:45,1350,,,,57
2025/9/7,10:00,1350,,,,63
2025/9/7,10:15,1350,,,,66
2025/9/7,10:30,1350,,,,61
2025/9/7,10:45,1350,,,,62
2025/9/7,11:00,1350,,,,70
2025/9/7,11:15,1350,,,,59
2025/9/7,11:30,1350,,,,56
2025/9/7,11:45,1350,,,,57
2025/9/7,12:00,1350,,,,63
2025/9/7,12:15,1350,,,,58
2025/9/7,12:30,1350,,,,59
2025/9/7,12:45,1350,,,,59
2025/9/7,13:00,1350,,,,66
2025/9/7,13:15,1350,,,,62
2025/9/7,13:30,1350,,,,59
2025/9/7,13:45,1350,,,,58
2025/9/7,14:00,1350,,,,67
2025/9/7,14:15,1350,,,,72
2025/9/7,14:30,1350,,,,119
2025/9/7,14:45,1350,,,,57
2025/9/7,15:00,1350,,,,61
2025/9/7,15:15,1350,,,,56
2025/9/7,15:30,1350,,,,70
2025/9/7,15:45,1350,,,,54
2025/9/7,16:00,1350,,,,62
2025/9/7,16:15,1350,,,,62
2025/9/7,16:30,1350,,,,78
2025/9/7,16:45,1350,,,,62
2025/9/7,17:00,1350,,,,67
2025/9/7,17:15,1350,,,,56
2025/9/7,17:30,1350,,,,72
2025/9/7,17:45,1350,,,,53
2025/9/7,18:00,1350,,,,58
2025/9/7,18:15,1350,,,,53
2025/9/7,18:30,1350,,,,56
2025/9/7,18:45,1350,,,,62
2025/9/7,19:00,1350,,,,56
2025/9/7,19:15,1350,,,,53
2025/9/7,19:30,1350,,,,50
2025/9/7,19:45,1350,,,,51
2025/9/7,20:00,1350,,,,64
2025/9/7,20:15,1350,,,,74
2025/9/7,20:30,1350,,,,50
2025/9/7,20:45,1350,,,,50
2025/9/7,21:00,1350,,,,56
2025/9/7,21:15,1350,,,,51
2025/9/7,21:30,1350,,,,50
2025/9/7,21:45,1350,,,,69
2025/9/7,22:00,1350,,,,59
2025/9/7,22:15,1350,,,,51
2025/9/7,22:30,1350,,,,48
2025/9/7,22:45,1350,,,,54
2025/9/7,23:00,1350,,,,56
2025/9/7,23:15,1350,,,,61
2025/9/7,23:30,1350,,,,59
2025/9/7,23:45,1350,,,,54
2025/9/8,00:00,1350,,,,50
2025/9/8,00:15,1350,,,,50
2025/9/8,00:30,1350,,,,50
2025/9/8,00:45,1350,,,,56
2025/9/8,01:00,1350,,,,66
2025/9/8,01:15,1350,,,,48
2025/9/8,01:30,1350,,,,59
2025/9/8,01:45,1350,,,,58
2025/9/8,02:00,1350,,,,54
2025/9/8,02:15,1350,,,,58
2025/9/8,02:30,1350,,,,61
2025/9/8,02:45,1350,,,,67
2025/9/8,03:00,1350,,,,48
2025/9/8,03:15,1350,,,,54
2025/9/8,03:30,1350,,,,51
2025/9/8,03:45,1350,,,,45
2025/9/8,04:00,1350,,,,51
2025/9/8,04:15,1350,,,,56
2025/9/8,04:30,1350,,,,66
2025/9/8,04:45,1350,,,,46
2025/9/8,05:00,1350,,,,56
2025/9/8,05:15,1350,,,,53
2025/9/8,05:30,1350,,,,48
2025/9/8,05:45,1350,,,,53
2025/9/8,06:00,1350,,,,50
2025/9/8,06:15,1350,,,,64
2025/9/8,06:30,1350,,,,55
2025/9/8,06:45,1350,,,,59
2025/9/8,07:00,1350,,,,61
2025/9/8,07:15,1350,,,,175
2025/9/8,07:30,1350,,,,239
2025/9/8,07:45,1350,,,,268
2025/9/8,08:00,1350,,,,330
2025/9/8,08:15,1350,,,,669
2025/9/8,08:30,1350,,,,886
2025/9/8,08:45,1350,,,,838
2025/9/8,09:00,1350,,,,798
2025/9/8,09:15,1350,,785,,
2025/9/8,09:30,1350,,726,,
2025/9/8,09:45,1350,,707,,
2025/9/8,10:00,1350,,682,,
2025/9/8,10:15,1350,,592,,
2025/9/8,10:30,1350,,566,,
2025/9/8,10:45,1350,,623,,
2025/9/8,11:00,1350,,613,,
2025/9/8,11:15,1350,,575,,
2025/9/8,11:30,1350,,681,,
2025/9/8,11:45,1350,,827,,
2025/9/8,12:00,1350,,702,,
2025/9/8,12:15,1350,,526,,
2025/9/8,12:30,1350,,561,,
2025/9/8,12:45,1350,,545,,
2025/9/8,13:00,1350,,728,,
2025/9/8,13:15,1350,,776,,
2025/9/8,13:30,1350,,749,,
2025/9/8,13:45,1350,,728,,
2025/9/8,14:00,1350,,739,,
2025/9/8,14:15,1350,,751,,
2025/9/8,14:30,1350,,854,,
2025/9/8,14:45,1350,,925,,
2025/9/8,15:00,1350,,710,,
2025/9/8,15:15,1350,,793,,
2025/9/8,15:30,1350,,716,,
2025/9/8,15:45,1350,,730,,
2025/9/8,16:00,1350,,656,,
2025/9/8,16:15,1350,422,,,
2025/9/8,16:30,1350,398,,,
2025/9/8,16:45,1350,385,,,
2025/9/8,17:00,1350,302,,,
2025/9/8,17:15,1350,227,,,
2025/9/8,17:30,1350,193,,,
2025/9/8,17:45,1350,188,,,
2025/9/8,18:00,1350,197,,,
2025/9/8,18:15,1350,194,,,
2025/9/8,18:30,1350,178,,,
2025/9/8,18:45,1350,194,,,
2025/9/8,19:00,1350,186,,,
2025/9/8,19:15,1350,165,,,
2025/9/8,19:30,1350,134,,,
2025/9/8,19:45,1350,115,,,
2025/9/8,20:00,1350,122,,,
2025/9/8,20:15,1350,115,,,
2025/9/8,20:30,1350,118,,,
2025/9/8,20:45,1350,120,,,
2025/9/8,21:00,1350,122,,,
2025/9/8,21:15,1350,115,,,
2025/9/8,21:30,1350,125,,,
2025/9/8,21:45,1350,194,,,
2025/9/8,22:00,1350,274,,,
2025/9/8,22:15,1350,,290,,
2025/9/8,22:30,1350,,291,,
2025/9/8,22:45,1350,,312,,
2025/9/8,23:00,1350,,283,,
2025/9/8,23:15,1350,,262,,
2025/9/8,23:30,1350,,262,,
2025/9/8,23:45,1350,,258,,
2025/9/9,00:00,1350,,250,,
2025/9/9,00:15,1350,,,,259
2025/9/9,00:30,1350,,,,253
2025/9/9,00:45,1350,,,,264
2025/9/9,01:00,1350,,,,269
2025/9/9,01:15,1350,,,,282
2025/9/9,01:30,1350,,,,302
2025/9/9,01:45,1350,,,,288
2025/9/9,02:00,1350,,,,242
2025/9/9,02:15,1350,,,,227
2025/9/9,02:30,1350,,,,216
2025/9/9,02:45,1350,,,,198
2025/9/9,03:00,1350,,,,195
2025/9/9,03:15,1350,,,,189
2025/9/9,03:30,1350,,,,174
2025/9/9,03:45,1350,,,,138
2025/9/9,04:00,1350,,,,138
2025/9/9,04:15,1350,,,,136
2025/9/9,04:30,1350,,,,134
2025/9/9,04:45,1350,,,,138
2025/9/9,05:00,1350,,,,139
2025/9/9,05:15,1350,,,,141
2025/9/9,05:30,1350,,,,141
2025/9/9,05:45,1350,,,,142
2025/9/9,06:00,1350,,,,143
2025/9/9,06:15,1350,,,,156
2025/9/9,06:30,1350,,,,192
2025/9/9,06:45,1350,,,,190
2025/9/9,07:00,1350,,,,231
2025/9/9,07:15,1350,,,,211
2025/9/9,07:30,1350,,,,232
2025/9/9,07:45,1350,,,,251
2025/9/9,08:00,1350,,,,365
2025/9/9,08:15,1350,,,,705
2025/9/9,08:30,1350,,,,861
2025/9/9,08:45,1350,,,,896
2025/9/9,09:00,1350,,,,939
2025/9/9,09:15,1350,,990,,
2025/9/9,09:30,1350,,1020,,
2025/9/9,09:45,1350,,1020,,
2025/9/9,10:00,1350,,980,,
2025/9/9,10:15,1350,,1006,,
2025/9/9,10:30,1350,,1071,,
2025/9/9,10:45,1350,,1081,,
2025/9/9,11:00,1350,,1117,,
2025/9/9,11:15,1350,,1129,,
2025/9/9,11:30,1350,,1126,,
2025/9/9,11:45,1350,,1164,,
2025/9/9,12:00,1350,,1061,,
2025/9/9,12:15,1350,,840,,
2025/9/9,12:30,1350,,760,,
2025/9/9,12:45,1350,,761,,
2025/9/9,13:00,1350,,921,,
2025/9/9,13:15,1350,,1030,,
2025/9/9,13:30,1350,,1056,,
2025/9/9,13:45,1350,,996,,
2025/9/9,14:00,1350,,981,,
2025/9/9,14:15,1350,,958,,
2025/9/9,14:30,1350,,965,,
2025/9/9,14:45,1350,,877,,
2025/9/9,15:00,1350,,731,,
2025/9/9,15:15,1350,,696,,
2025/9/9,15:30,1350,,651,,
2025/9/9,15:45,1350,,734,,
2025/9/9,16:00,1350,,673,,
2025/9/9,16:15,1350,482,,,
2025/9/9,16:30,1350,457,,,
2025/9/9,16:45,1350,458,,,
2025/9/9,17:00,1350,407,,,
2025/9/9,17:15,1350,333,,,
2025/9/9,17:30,1350,300,,,
2025/9/9,17:45,1350,340,,,
2025/9/9,18:00,1350,332,,,
2025/9/9,18:15,1350,316,,,
2025/9/9,18:30,1350,301,,,
2025/9/9,18:45,1350,280,,,
2025/9/9,19:00,1350,262,,,
2025/9/9,19:15,1350,195,,,
2025/9/9,19:30,1350,176,,,
2025/9/9,19:45,1350,157,,,
2025/9/9,20:00,1350,162,,,
2025/9/9,20:15,1350,150,,,
2025/9/9,20:30,1350,147,,,
2025/9/9,20:45,1350,146,,,
2025/9/9,21:00,1350,142,,,
2025/9/9,21:15,1350,152,,,
2025/9/9,21:30,1350,142,,,
2025/9/9,21:45,1350,133,,,
2025/9/9,22:00,1350,125,,,
2025/9/9,22:15,1350,,126,,
2025/9/9,22:30,1350,,128,,
2025/9/9,22:45,1350,,133,,
2025/9/9,23:00,1350,,131,,
2025/9/9,23:15,1350,,125,,
2025/9/9,23:30,1350,,130,,
2025/9/9,23:45,1350,,126,,
2025/9/10,00:00,1350,,130,,
2025/9/10,00:15,1350,,,,110
2025/9/10,00:30,1350,,,,114
2025/9/10,00:45,1350,,,,123
2025/9/10,01:00,1350,,,,112
2025/9/10,01:15,1350,,,,120
2025/9/10,01:30,1350,,,,122
2025/9/10,01:45,1350,,,,110
2025/9/10,02:00,1350,,,,110
2025/9/10,02:15,1350,,,,115
2025/9/10,02:30,1350,,,,149
2025/9/10,02:45,1350,,,,134
2025/9/10,03:00,1350,,,,109
2025/9/10,03:15,1350,,,,114
2025/9/10,03:30,1350,,,,109
2025/9/10,03:45,1350,,,,98
2025/9/10,04:00,1350,,,,98
2025/9/10,04:15,1350,,,,98
2025/9/10,04:30,1350,,,,94
2025/9/10,04:45,1350,,,,93
2025/9/10,05:00,1350,,,,99
2025/9/10,05:15,1350,,,,104
2025/9/10,05:30,1350,,,,98
2025/9/10,05:45,1350,,,,89
2025/9/10,06:00,1350,,,,100
2025/9/10,06:15,1350,,,,100
2025/9/10,06:30,1350,,,,102
2025/9/10,06:45,1350,,,,126
2025/9/10,07:00,1350,,,,141
2025/9/10,07:15,1350,,,,219
2025/9/10,07:30,1350,,,,257
2025/9/10,07:45,1350,,,,260
2025/9/10,08:00,1350,,,,320
2025/9/10,08:15,1350,,,,681
2025/9/10,08:30,1350,,,,881
2025/9/10,08:45,1350,,,,883
2025/9/10,09:00,1350,,,,858
2025/9/10,09:15,1350,,915,,
2025/9/10,09:30,1350,,933,,
2025/9/10,09:45,1350,,920,,
2025/9/10,10:00,1350,,858,,
2025/9/10,10:15,1350,,961,,
2025/9/10,10:30,1350,,1045,,
2025/9/10,10:45,1350,,1060,,
2025/9/10,11:00,1350,,1055,,
2025/9/10,11:15,1350,,1035,,
2025/9/10,11:30,1350,,1032,,
2025/9/10,11:45,1350,,1067,,
2025/9/10,12:00,1350,,957,,
2025/9/10,12:15,1350,,732,,
2025/9/10,12:30,1350,,695,,
2025/9/10,12:45,1350,,677,,
2025/9/10,13:00,1350,,896,,
2025/9/10,13:15,1350,,967,,
2025/9/10,13:30,1350,,934,,
2025/9/10,13:45,1350,,895,,
2025/9/10,14:00,1350,,924,,
2025/9/10,14:15,1350,,965,,
2025/9/10,14:30,1350,,937,,
2025/9/10,14:45,1350,,850,,
2025/9/10,15:00,1350,,794,,
2025/9/10,15:15,1350,,834,,
2025/9/10,15:30,1350,,771,,
2025/9/10,15:45,1350,,710,,
2025/9/10,16:00,1350,,647,,
2025/9/10,16:15,1350,464,,,
2025/9/10,16:30,1350,430,,,
2025/9/10,16:45,1350,406,,,
2025/9/10,17:00,1350,364,,,
2025/9/10,17:15,1350,284,,,
2025/9/10,17:30,1350,267,,,
2025/9/10,17:45,1350,246,,,
2025/9/10,18:00,1350,238,,,
2025/9/10,18:15,1350,245,,,
2025/9/10,18:30,1350,299,,,
2025/9/10,18:45,1350,248,,,
2025/9/10,19:00,1350,227,,,
2025/9/10,19:15,1350,206,,,
2025/9/10,19:30,1350,158,,,
2025/9/10,19:45,1350,118,,,
2025/9/10,20:00,1350,122,,,
2025/9/10,20:15,1350,128,,,
2025/9/10,20:30,1350,117,,,
2025/9/10,20:45,1350,122,,,
2025/9/10,21:00,1350,117,,,
2025/9/10,21:15,1350,117,,,
2025/9/10,21:30,1350,117,,,
2025/9/10,21:45,1350,126,,,
2025/9/10,22:00,1350,138,,,
2025/9/10,22:15,1350,,251,,
2025/9/10,22:30,1350,,262,,
2025/9/10,22:45,1350,,272,,
2025/9/10,23:00,1350,,259,,
2025/9/10,23:15,1350,,242,,
2025/9/10,23:30,1350,,240,,
2025/9/10,23:45,1350,,242,,
2025/9/11,00:00,1350,,235,,
2025/9/11,00:15,1350,,,,235
2025/9/11,00:30,1350,,,,235
2025/9/11,00:45,1350,,,,221
2025/9/11,01:00,1350,,,,211
2025/9/11,01:15,1350,,,,210
2025/9/11,01:30,1350,,,,198
2025/9/11,01:45,1350,,,,198
2025/9/11,02:00,1350,,,,192
2025/9/11,02:15,1350,,,,208
2025/9/11,02:30,1350,,,,160
2025/9/11,02:45,1350,,,,154
2025/9/11,03:00,1350,,,,144
2025/9/11,03:15,1350,,,,138
2025/9/11,03:30,1350,,,,138
2025/9/11,03:45,1350,,,,130
2025/9/11,04:00,1350,,,,126
2025/9/11,04:15,1350,,,,126
2025/9/11,04:30,1350,,,,126
2025/9/11,04:45,1350,,,,130
2025/9/11,05:00,1350,,,,128
2025/9/11,05:15,1350,,,,133
2025/9/11,05:30,1350,,,,134
2025/9/11,05:45,1350,,,,126
2025/9/11,06:00,1350,,,,125
2025/9/11,06:15,1350,,,,113
2025/9/11,06:30,1350,,,,112
2025/9/11,06:45,1350,,,,116
2025/9/11,07:00,1350,,,,116
2025/9/11,07:15,1350,,,,194
2025/9/11,07:30,1350,,,,290
2025/9/11,07:45,1350,,,,300
2025/9/11,08:00,1350,,,,348
2025/9/11,08:15,1350,,,,689
2025/9/11,08:30,1350,,,,892
2025/9/11,08:45,1350,,,,870
2025/9/11,09:00,1350,,,,880
2025/9/11,09:15,1350,,898,,
2025/9/11,09:30,1350,,986,,
2025/9/11,09:45,1350,,992,,
2025/9/11,10:00,1350,,950,,
2025/9/11,10:15,1350,,1009,,
2025/9/11,10:30,1350,,1060,,
2025/9/11,10:45,1350,,1064,,
2025/9/11,11:00,1350,,1035,,
2025/9/11,11:15,1350,,986,,
2025/9/11,11:30,1350,,970,,
2025/9/11,11:45,1350,,1034,,
2025/9/11,12:00,1350,,897,,
2025/9/11,12:15,1350,,736,,
2025/9/11,12:30,1350,,734,,
2025/9/11,12:45,1350,,715,,
2025/9/11,13:00,1350,,884,,
2025/9/11,13:15,1350,,985,,
2025/9/11,13:30,1350,,953,,
2025/9/11,13:45,1350,,926,,
2025/9/11,14:00,1350,,901,,
2025/9/11,14:15,1350,,898,,
2025/9/11,14:30,1350,,869,,
2025/9/11,14:45,1350,,823,,
2025/9/11,15:00,1350,,754,,
2025/9/11,15:15,1350,,862,,
2025/9/11,15:30,1350,,852,,
2025/9/11,15:45,1350,,852,,
2025/9/11,16:00,1350,,793,,
2025/9/11,16:15,1350,439,,,
2025/9/11,16:30,1350,395,,,
2025/9/11,16:45,1350,384,,,
2025/9/11,17:00,1350,399,,,
2025/9/11,17:15,1350,345,,,
2025/9/11,17:30,1350,327,,,
2025/9/11,17:45,1350,256,,,
2025/9/11,18:00,1350,243,,,
2025/9/11,18:15,1350,254,,,
2025/9/11,18:30,1350,250,,,
2025/9/11,18:45,1350,221,,,
2025/9/11,19:00,1350,210,,,
2025/9/11,19:15,1350,197,,,
2025/9/11,19:30,1350,150,,,
2025/9/11,19:45,1350,117,,,
2025/9/11,20:00,1350,117,,,
2025/9/11,20:15,1350,114,,,
2025/9/11,20:30,1350,117,,,
2025/9/11,20:45,1350,114,,,
2025/9/11,21:00,1350,107,,,
2025/9/11,21:15,1350,114,,,
2025/9/11,21:30,1350,115,,,
2025/9/11,21:45,1350,144,,,
2025/9/11,22:00,1350,211,,,
2025/9/11,22:15,1350,,242,,
2025/9/11,22:30,1350,,208,,
2025/9/11,22:45,1350,,232,,
2025/9/11,23:00,1350,,238,,
2025/9/11,23:15,1350,,240,,
2025/9/11,23:30,1350,,245,,
2025/9/11,23:45,1350,,253,,
2025/9/12,00:00,1350,,243,,
2025/9/12,00:15,1350,,,,248
2025/9/12,00:30,1350,,,,237
2025/9/12,00:45,1350,,,,242
2025/9/12,01:00,1350,,,,240
2025/9/12,01:15,1350,,,,243
2025/9/12,01:30,1350,,,,269
2025/9/12,01:45,1350,,,,267
2025/9/12,02:00,1350,,,,261
2025/9/12,02:15,1350,,,,246
2025/9/12,02:30,1350,,,,197
2025/9/12,02:45,1350,,,,181
2025/9/12,03:00,1350,,,,176
2025/9/12,03:15,1350,,,,168
2025/9/12,03:30,1350,,,,165
2025/9/12,03:45,1350,,,,165
2025/9/12,04:00,1350,,,,162
2025/9/12,04:15,1350,,,,160
2025/9/12,04:30,1350,,,,160
2025/9/12,04:45,1350,,,,160
2025/9/12,05:00,1350,,,,163
2025/9/12,05:15,1350,,,,165
2025/9/12,05:30,1350,,,,170
2025/9/12,05:45,1350,,,,170
2025/9/12,06:00,1350,,,,211
2025/9/12,06:15,1350,,,,221
2025/9/12,06:30,1350,,,,215
2025/9/12,06:45,1350,,,,163
2025/9/12,07:00,1350,,,,159
2025/9/12,07:15,1350,,,,142
2025/9/12,07:30,1350,,,,169
2025/9/12,07:45,1350,,,,193
2025/9/12,08:00,1350,,,,279
2025/9/12,08:15,1350,,,,427
2025/9/12,08:30,1350,,,,455
2025/9/12,08:45,1350,,,,462
2025/9/12,09:00,1350,,,,463
2025/9/12,09:15,1350,,489,,
2025/9/12,09:30,1350,,444,,
2025/9/12,09:45,1350,,452,,
2025/9/12,10:00,1350,,499,,
2025/9/12,10:15,1350,,473,,
2025/9/12,10:30,1350,,450,,
2025/9/12,10:45,1350,,512,,
2025/9/12,11:00,1350,,483,,
2025/9/12,11:15,1350,,441,,
2025/9/12,11:30,1350,,516,,
2025/9/12,11:45,1350,,540,,
2025/9/12,12:00,1350,,448,,
2025/9/12,12:15,1350,,346,,
2025/9/12,12:30,1350,,318,,
2025/9/12,12:45,1350,,327,,
2025/9/12,13:00,1350,,414,,
2025/9/12,13:15,1350,,458,,
2025/9/12,13:30,1350,,373,,
2025/9/12,13:45,1350,,320,,
2025/9/12,14:00,1350,,285,,
2025/9/12,14:15,1350,,256,,
2025/9/12,14:30,1350,,317,,
2025/9/12,14:45,1350,,332,,
2025/9/12,15:00,1350,,293,,
2025/9/12,15:15,1350,,233,,
2025/9/12,15:30,1350,,236,,
2025/9/12,15:45,1350,,290,,
2025/9/12,16:00,1350,,339,,
2025/9/12,16:15,1350,256,,,
2025/9/12,16:30,1350,190,,,
2025/9/12,16:45,1350,193,,,
2025/9/12,17:00,1350,150,,,
2025/9/12,17:15,1350,104,,,
2025/9/12,17:30,1350,110,,,
2025/9/12,17:45,1350,110,,,
2025/9/12,18:00,1350,107,,,
2025/9/12,18:15,1350,113,,,
2025/9/12,18:30,1350,104,,,
2025/9/12,18:45,1350,93,,,
2025/9/12,19:00,1350,106,,,
2025/9/12,19:15,1350,101,,,
2025/9/12,19:30,1350,96,,,
2025/9/12,19:45,1350,90,,,
2025/9/12,20:00,1350,96,,,
2025/9/12,20:15,1350,99,,,
2025/9/12,20:30,1350,90,,,
2025/9/12,20:45,1350,93,,,
2025/9/12,21:00,1350,91,,,
2025/9/12,21:15,1350,94,,,
2025/9/12,21:30,1350,90,,,
2025/9/12,21:45,1350,93,,,
2025/9/12,22:00,1350,98,,,
2025/9/12,22:15,1350,,91,,
2025/9/12,22:30,1350,,91,,
2025/9/12,22:45,1350,,93,,
2025/9/12,23:00,1350,,94,,
2025/9/12,23:15,1350,,83,,
2025/9/12,23:30,1350,,85,,
2025/9/12,23:45,1350,,83,,
2025/9/13,00:00,1350,,82,,
2025/9/13,00:15,1350,,,,82
2025/9/13,00:30,1350,,,,83
2025/9/13,00:45,1350,,,,88
2025/9/13,01:00,1350,,,,83
2025/9/13,01:15,1350,,,,90
2025/9/13,01:30,1350,,,,90
2025/9/13,01:45,1350,,,,98
2025/9/13,02:00,1350,,,,82
2025/9/13,02:15,1350,,,,78
2025/9/13,02:30,1350,,,,75
2025/9/13,02:45,1350,,,,80
2025/9/13,03:00,1350,,,,78
2025/9/13,03:15,1350,,,,72
2025/9/13,03:30,1350,,,,69
2025/9/13,03:45,1350,,,,67
2025/9/13,04:00,1350,,,,69
2025/9/13,04:15,1350,,,,75
2025/9/13,04:30,1350,,,,72
2025/9/13,04:45,1350,,,,67
2025/9/13,05:00,1350,,,,69
2025/9/13,05:15,1350,,,,72
2025/9/13,05:30,1350,,,,78
2025/9/13,05:45,1350,,,,67
2025/9/13,06:00,1350,,,,66
2025/9/13,06:15,1350,,,,67
2025/9/13,06:30,1350,,,,73
2025/9/13,06:45,1350,,,,75
2025/9/13,07:00,1350,,,,73
2025/9/13,07:15,1350,,,,66
2025/9/13,07:30,1350,,,,57
2025/9/13,07:45,1350,,,,57
2025/9/13,08:00,1350,,,,63
2025/9/13,08:15,1350,,,,96
2025/9/13,08:30,1350,,,,78
2025/9/13,08:45,1350,,,,79
2025/9/13,09:00,1350,,,122,
2025/9/13,09:15,1350,,,113,
2025/9/13,09:30,1350,,,83,
2025/9/13,09:45,1350,,,83,
2025/9/13,10:00,1350,,,87,
2025/9/13,10:15,1350,,,94,
2025/9/13,10:30,1350,,,98,
2025/9/13,10:45,1350,,,88,
2025/9/13,11:00,1350,,,91,
2025/9/13,11:15,1350,,,87,
2025/9/13,11:30,1350,,,89,
2025/9/13,11:45,1350,,,96,
2025/9/13,12:00,1350,,,121,
2025/9/13,12:15,1350,,,131,
2025/9/13,12:30,1350,,,88,
2025/9/13,12:45,1350,,,87,
2025/9/13,13:00,1350,,,87,
2025/9/13,13:15,1350,,,97,
2025/9/13,13:30,1350,,,96,
2025/9/13,13:45,1350,,,88,
2025/9/13,14:00,1350,,,87,
2025/9/13,14:15,1350,,,91,
2025/9/13,14:30,1350,,,90,
2025/9/13,14:45,1350,,,95,
2025/9/13,15:00,1350,,,125,
2025/9/13,15:15,1350,,,113,
2025/9/13,15:30,1350,,,86,
2025/9/13,15:45,1350,,,85,
2025/9/13,16:00,1350,,,85,
2025/9/13,16:15,1350,,,91,
2025/9/13,16:30,1350,,,94,
2025/9/13,16:45,1350,,,83,
2025/9/13,17:00,1350,,,79,
2025/9/13,17:15,1350,,,77,
2025/9/13,17:30,1350,,,78,
2025/9/13,17:45,1350,,,79,
2025/9/13,18:00,1350,,,83,
2025/9/13,18:15,1350,,,75,
2025/9/13,18:30,1350,,,75,
2025/9/13,18:45,1350,,,74,
2025/9/13,19:00,1350,,,75,
2025/9/13,19:15,1350,,,80,
2025/9/13,19:30,1350,,,78,
2025/9/13,19:45,1350,,,75,
2025/9/13,20:00,1350,,,80,
2025/9/13,20:15,1350,,,78,
2025/9/13,20:30,1350,,,75,
2025/9/13,20:45,1350,,,82,
2025/9/13,21:00,1350,,,70,
2025/9/13,21:15,1350,,,72,
2025/9/13,21:30,1350,,,72,
2025/9/13,21:45,1350,,,69,
2025/9/13,22:00,1350,,,74,
2025/9/13,22:15,1350,,,78,
2025/9/13,22:30,1350,,,69,
2025/9/13,22:45,1350,,,70,
2025/9/13,23:00,1350,,,72,
2025/9/13,23:15,1350,,,72,
2025/9/13,23:30,1350,,,75,
2025/9/13,23:45,1350,,,77,
2025/9/14,00:00,1350,,,69,
2025/9/14,00:15,1350,,,,69
2025/9/14,00:30,1350,,,,67
2025/9/14,00:45,1350,,,,67
2025/9/14,01:00,1350,,,,74
2025/9/14,01:15,1350,,,,69
2025/9/14,01:30,1350,,,,64
2025/9/14,01:45,1350,,,,51
2025/9/14,02:00,1350,,,,54
2025/9/14,02:15,1350,,,,61
2025/9/14,02:30,1350,,,,61
2025/9/14,02:45,1350,,,,51
2025/9/14,03:00,1350,,,,54
2025/9/14,03:15,1350,,,,51
2025/9/14,03:30,1350,,,,69
2025/9/14,03:45,1350,,,,102
2025/9/14,04:00,1350,,,,56
2025/9/14,04:15,1350,,,,54
2025/9/14,04:30,1350,,,,53
2025/9/14,04:45,1350,,,,56
2025/9/14,05:00,1350,,,,69
2025/9/14,05:15,1350,,,,82
2025/9/14,05:30,1350,,,,59
2025/9/14,05:45,1350,,,,53
2025/9/14,06:00,1350,,,,52
2025/9/14,06:15,1350,,,,62
2025/9/14,06:30,1350,,,,74
2025/9/14,06:45,1350,,,,54
2025/9/14,07:00,1350,,,,54
2025/9/14,07:15,1350,,,,55
2025/9/14,07:30,1350,,,,63
2025/9/14,07:45,1350,,,,73
2025/9/14,08:00,1350,,,,54
2025/9/14,08:15,1350,,,,61
2025/9/14,08:30,1350,,,,59
2025/9/14,08:45,1350,,,,71
2025/9/14,09:00,1350,,,,80
2025/9/14,09:15,1350,,,,63
2025/9/14,09:30,1350,,,,61
2025/9/14,09:45,1350,,,,60
2025/9/14,10:00,1350,,,,75
2025/9/14,10:15,1350,,,,75
2025/9/14,10:30,1350,,,,70
2025/9/14,10:45,1350,,,,64
2025/9/14,11:00,1350,,,,80
2025/9/14,11:15,1350,,,,67
2025/9/14,11:30,1350,,,,67
2025/9/14,11:45,1350,,,,74
2025/9/14,12:00,1350,,,,83
2025/9/14,12:15,1350,,,,72
2025/9/14,12:30,1350,,,,64
2025/9/14,12:45,1350,,,,61
2025/9/14,13:00,1350,,,,81
2025/9/14,13:15,1350,,,,80
2025/9/14,13:30,1350,,,,64
2025/9/14,13:45,1350,,,,65
2025/9/14,14:00,1350,,,,86
2025/9/14,14:15,1350,,,,76
2025/9/14,14:30,1350,,,,77
2025/9/14,14:45,1350,,,,75
2025/9/14,15:00,1350,,,,82
2025/9/14,15:15,1350,,,,69
2025/9/14,15:30,1350,,,,61
2025/9/14,15:45,1350,,,,58
2025/9/14,16:00,1350,,,,83
2025/9/14,16:15,1350,,,,70
2025/9/14,16:30,1350,,,,61
2025/9/14,16:45,1350,,,,60
2025/9/14,17:00,1350,,,,60
2025/9/14,17:15,1350,,,,79
2025/9/14,17:30,1350,,,,67
2025/9/14,17:45,1350,,,,58
2025/9/14,18:00,1350,,,,57
2025/9/14,18:15,1350,,,,60
2025/9/14,18:30,1350,,,,74
2025/9/14,18:45,1350,,,,62
2025/9/14,19:00,1350,,,,61
2025/9/14,19:15,1350,,,,54
2025/9/14,19:30,1350,,,,56
2025/9/14,19:45,1350,,,,66
2025/9/14,20:00,1350,,,,67
2025/9/14,20:15,1350,,,,67
2025/9/14,20:30,1350,,,,58
2025/9/14,20:45,1350,,,,54
2025/9/14,21:00,1350,,,,54
2025/9/14,21:15,1350,,,,72
2025/9/14,21:30,1350,,,,59
2025/9/14,21:45,1350,,,,64
2025/9/14,22:00,1350,,,,53
2025/9/14,22:15,1350,,,,56
2025/9/14,22:30,1350,,,,61
2025/9/14,22:45,1350,,,,64
2025/9/14,23:00,1350,,,,61
2025/9/14,23:15,1350,,,,66
2025/9/14,23:30,1350,,,,59
2025/9/14,23:45,1350,,,,58
2025/9/15,00:00,1350,,,,74
2025/9/15,00:15,1350,,,,61
2025/9/15,00:30,1350,,,,62
2025/9/15,00:45,1350,,,,54
2025/9/15,01:00,1350,,,,54
2025/9/15,01:15,1350,,,,56
2025/9/15,01:30,1350,,,,72
2025/9/15,01:45,1350,,,,61
2025/9/15,02:00,1350,,,,59
2025/9/15,02:15,1350,,,,56
2025/9/15,02:30,1350,,,,56
2025/9/15,02:45,1350,,,,54
2025/9/15,03:00,1350,,,,75
2025/9/15,03:15,1350,,,,62
2025/9/15,03:30,1350,,,,53
2025/9/15,03:45,1350,,,,53
2025/9/15,04:00,1350,,,,54
2025/9/15,04:15,1350,,,,62
2025/9/15,04:30,1350,,,,58
2025/9/15,04:45,1350,,,,69
2025/9/15,05:00,1350,,,,54
2025/9/15,05:15,1350,,,,61
2025/9/15,05:30,1350,,,,59
2025/9/15,05:45,1350,,,,53
2025/9/15,06:00,1350,,,,54
2025/9/15,06:15,1350,,,,64
2025/9/15,06:30,1350,,,,70
2025/9/15,06:45,1350,,,,62
2025/9/15,07:00,1350,,,,72
2025/9/15,07:15,1350,,,,209
2025/9/15,07:30,1350,,,,276
2025/9/15,07:45,1350,,,,293
2025/9/15,08:00,1350,,,,370
2025/9/15,08:15,1350,,,,701
2025/9/15,08:30,1350,,,,952
2025/9/15,08:45,1350,,,,964
2025/9/15,09:00,1350,,,,985
2025/9/15,09:15,1350,,991,,
2025/9/15,09:30,1350,,865,,
2025/9/15,09:45,1350,,869,,
2025/9/15,10:00,1350,,799,,
2025/9/15,10:15,1350,,854,,
2025/9/15,10:30,1350,,896,,
2025/9/15,10:45,1350,,909,,
2025/9/15,11:00,1350,,847,,
2025/9/15,11:15,1350,,871,,
2025/9/15,11:30,1350,,957,,
2025/9/15,11:45,1350,,969,,
2025/9/15,12:00,1350,,821,,
2025/9/15,12:15,1350,,685,,
2025/9/15,12:30,1350,,693,,
2025/9/15,12:45,1350,,706,,
2025/9/15,13:00,1350,,945,,
2025/9/15,13:15,1350,,986,,
2025/9/15,13:30,1350,,1059,,
2025/9/15,13:45,1350,,947,,
2025/9/15,14:00,1350,,925,,
2025/9/15,14:15,1350,,979,,
2025/9/15,14:30,1350,,981,,
2025/9/15,14:45,1350,,936,,
2025/9/15,15:00,1350,,782,,
2025/9/15,15:15,1350,,776,,
2025/9/15,15:30,1350,,726,,
2025/9/15,15:45,1350,,750,,
2025/9/15,16:00,1350,,662,,
2025/9/15,16:15,1350,411,,,
2025/9/15,16:30,1350,369,,,
2025/9/15,16:45,1350,358,,,
2025/9/15,17:00,1350,319,,,
2025/9/15,17:15,1350,256,,,
2025/9/15,17:30,1350,238,,,
2025/9/15,17:45,1350,221,,,
2025/9/15,18:00,1350,221,,,
2025/9/15,18:15,1350,215,,,
2025/9/15,18:30,1350,205,,,
2025/9/15,18:45,1350,203,,,
2025/9/15,19:00,1350,210,,,
2025/9/15,19:15,1350,182,,,
2025/9/15,19:30,1350,138,,,
2025/9/15,19:45,1350,123,,,
2025/9/15,20:00,1350,118,,,
2025/9/15,20:15,1350,120,,,
2025/9/15,20:30,1350,123,,,
2025/9/15,20:45,1350,118,,,
2025/9/15,21:00,1350,120,,,
2025/9/15,21:15,1350,123,,,
2025/9/15,21:30,1350,178,,,
2025/9/15,21:45,1350,184,,,
2025/9/15,22:00,1350,243,,,
2025/9/15,22:15,1350,,283,,
2025/9/15,22:30,1350,,288,,
2025/9/15,22:45,1350,,310,,
2025/9/15,23:00,1350,,325,,
2025/9/15,23:15,1350,,282,,
2025/9/15,23:30,1350,,283,,
2025/9/15,23:45,1350,,304,,
2025/9/16,00:00,1350,,309,,
2025/9/16,00:15,1350,,,,339
2025/9/16,00:30,1350,,,,365
2025/9/16,00:45,1350,,,,386
2025/9/16,01:00,1350,,,,394
2025/9/16,01:15,1350,,,,418
2025/9/16,01:30,1350,,,,426
2025/9/16,01:45,1350,,,,395
2025/9/16,02:00,1350,,,,403
2025/9/16,02:15,1350,,,,394
2025/9/16,02:30,1350,,,,381
2025/9/16,02:45,1350,,,,358
2025/9/16,03:00,1350,,,,325
2025/9/16,03:15,1350,,,,301
2025/9/16,03:30,1350,,,,264
2025/9/16,03:45,1350,,,,202
2025/9/16,04:00,1350,,,,182
2025/9/16,04:15,1350,,,,173
2025/9/16,04:30,1350,,,,176
2025/9/16,04:45,1350,,,,173
2025/9/16,05:00,1350,,,,176
2025/9/16,05:15,1350,,,,181
2025/9/16,05:30,1350,,,,176
2025/9/16,05:45,1350,,,,163
2025/9/16,06:00,1350,,,,170
2025/9/16,06:15,1350,,,,175
2025/9/16,06:30,1350,,,,165
2025/9/16,06:45,1350,,,,160
2025/9/16,07:00,1350,,,,192
2025/9/16,07:15,1350,,,,252
2025/9/16,07:30,1350,,,,284
2025/9/16,07:45,1350,,,,272
2025/9/16,08:00,1350,,,,332
2025/9/16,08:15,1350,,,,759
2025/9/16,08:30,1350,,,,872
2025/9/16,08:45,1350,,,,909
2025/9/16,09:00,1350,,,,949
2025/9/16,09:15,1350,,966,,
2025/9/16,09:30,1350,,931,,
2025/9/16,09:45,1350,,946,,
2025/9/16,10:00,1350,,927,,
2025/9/16,10:15,1350,,973,,
2025/9/16,10:30,1350,,1035,,
2025/9/16,10:45,1350,,1065,,
2025/9/16,11:00,1350,,1000,,
2025/9/16,11:15,1350,,965,,
2025/9/16,11:30,1350,,928,,
2025/9/16,11:45,1350,,950,,
2025/9/16,12:00,1350,,824,,
2025/9/16,12:15,1350,,684,,
2025/9/16,12:30,1350,,634,,
2025/9/16,12:45,1350,,630,,
2025/9/16,13:00,1350,,857,,
2025/9/16,13:15,1350,,898,,
2025/9/16,13:30,1350,,878,,
2025/9/16,13:45,1350,,895,,
2025/9/16,14:00,1350,,837,,
2025/9/16,14:15,1350,,815,,
2025/9/16,14:30,1350,,842,,
2025/9/16,14:45,1350,,822,,
2025/9/16,15:00,1350,,740,,
2025/9/16,15:15,1350,,724,,
2025/9/16,15:30,1350,,669,,
2025/9/16,15:45,1350,,652,,
2025/9/16,16:00,1350,,600,,
2025/9/16,16:15,1350,418,,,
2025/9/16,16:30,1350,373,,,
2025/9/16,16:45,1350,360,,,
2025/9/16,17:00,1350,324,,,
2025/9/16,17:15,1350,250,,,
2025/9/16,17:30,1350,219,,,
2025/9/16,17:45,1350,222,,,
2025/9/16,18:00,1350,227,,,
2025/9/16,18:15,1350,218,,,
2025/9/16,18:30,1350,213,,,
2025/9/16,18:45,1350,205,,,
2025/9/16,19:00,1350,202,,,
2025/9/16,19:15,1350,168,,,
2025/9/16,19:30,1350,141,,,
2025/9/16,19:45,1350,130,,,
2025/9/16,20:00,1350,125,,,
2025/9/16,20:15,1350,130,,,
2025/9/16,20:30,1350,128,,,
2025/9/16,20:45,1350,131,,,
2025/9/16,21:00,1350,128,,,
2025/9/16,21:15,1350,136,,,
2025/9/16,21:30,1350,179,,,
2025/9/16,21:45,1350,170,,,
2025/9/16,22:00,1350,174,,,
2025/9/16,22:15,1350,,206,,
2025/9/16,22:30,1350,,211,,
2025/9/16,22:45,1350,,235,,
2025/9/16,23:00,1350,,224,,
2025/9/16,23:15,1350,,240,,
2025/9/16,23:30,1350,,240,,
2025/9/16,23:45,1350,,242,,
2025/9/17,00:00,1350,,253,,
2025/9/17,00:15,1350,,,,250
2025/9/17,00:30,1350,,,,248
2025/9/17,00:45,1350,,,,250
2025/9/17,01:00,1350,,,,250
2025/9/17,01:15,1350,,,,248
2025/9/17,01:30,1350,,,,243
2025/9/17,01:45,1350,,,,235
2025/9/17,02:00,1350,,,,256
2025/9/17,02:15,1350,,,,256
2025/9/17,02:30,1350,,,,258
2025/9/17,02:45,1350,,,,242
2025/9/17,03:00,1350,,,,238
2025/9/17,03:15,1350,,,,197
2025/9/17,03:30,1350,,,,194
2025/9/17,03:45,1350,,,,170
2025/9/17,04:00,1350,,,,171
2025/9/17,04:15,1350,,,,171
2025/9/17,04:30,1350,,,,170
2025/9/17,04:45,1350,,,,162
2025/9/17,05:00,1350,,,,163
2025/9/17,05:15,1350,,,,171
2025/9/17,05:30,1350,,,,163
2025/9/17,05:45,1350,,,,158
2025/9/17,06:00,1350,,,,163
2025/9/17,06:15,1350,,,,169
2025/9/17,06:30,1350,,,,167
2025/9/17,06:45,1350,,,,182
2025/9/17,07:00,1350,,,,243
2025/9/17,07:15,1350,,,,250
2025/9/17,07:30,1350,,,,299
2025/9/17,07:45,1350,,,,266
2025/9/17,08:00,1350,,,,367
2025/9/17,08:15,1350,,,,702
2025/9/17,08:30,1350,,,,804
2025/9/17,08:45,1350,,,,883
2025/9/17,09:00,1350,,,,933
2025/9/17,09:15,1350,,983,,
2025/9/17,09:30,1350,,978,,
2025/9/17,09:45,1350,,984,,
2025/9/17,10:00,1350,,973,,
2025/9/17,10:15,1350,,1004,,
2025/9/17,10:30,1350,,1024,,
2025/9/17,10:45,1350,,1054,,
2025/9/17,11:00,1350,,1047,,
2025/9/17,11:15,1350,,1005,,
2025/9/17,11:30,1350,,1024,,
2025/9/17,11:45,1350,,1007,,
2025/9/17,12:00,1350,,835,,
2025/9/17,12:15,1350,,689,,
2025/9/17,12:30,1350,,634,,
2025/9/17,12:45,1350,,670,,
2025/9/17,13:00,1350,,865,,
2025/9/17,13:15,1350,,892,,
2025/9/17,13:30,1350,,854,,
2025/9/17,13:45,1350,,823,,
2025/9/17,14:00,1350,,732,,
2025/9/17,14:15,1350,,733,,
2025/9/17,14:30,1350,,707,,
2025/9/17,14:45,1350,,698,,
2025/9/17,15:00,1350,,664,,
2025/9/17,15:15,1350,,719,,
2025/9/17,15:30,1350,,701,,
2025/9/17,15:45,1350,,702,,
2025/9/17,16:00,1350,,701,,
2025/9/17,16:15,1350,468,,,
2025/9/17,16:30,1350,428,,,
2025/9/17,16:45,1350,414,,,
2025/9/17,17:00,1350,379,,,
2025/9/17,17:15,1350,298,,,
2025/9/17,17:30,1350,252,,,
2025/9/17,17:45,1350,257,,,
2025/9/17,18:00,1350,251,,,
2025/9/17,18:15,1350,223,,,
2025/9/17,18:30,1350,210,,,
2025/9/17,18:45,1350,210,,,
2025/9/17,19:00,1350,197,,,
2025/9/17,19:15,1350,186,,,
2025/9/17,19:30,1350,146,,,
2025/9/17,19:45,1350,128,,,
2025/9/17,20:00,1350,136,,,
2025/9/17,20:15,1350,126,,,
2025/9/17,20:30,1350,130,,,
2025/9/17,20:45,1350,126,,,
2025/9/17,21:00,1350,126,,,
2025/9/17,21:15,1350,130,,,
2025/9/17,21:30,1350,141,,,
2025/9/17,21:45,1350,181,,,
2025/9/17,22:00,1350,195,,,
2025/9/17,22:15,1350,,270,,
2025/9/17,22:30,1350,,294,,
2025/9/17,22:45,1350,,290,,
2025/9/17,23:00,1350,,270,,
2025/9/17,23:15,1350,,269,,
2025/9/17,23:30,1350,,275,,
2025/9/17,23:45,1350,,283,,
2025/9/18,00:00,1350,,309,,
2025/9/18,00:15,1350,,,,314
2025/9/18,00:30,1350,,,,341
2025/9/18,00:45,1350,,,,363
2025/9/18,01:00,1350,,,,378
2025/9/18,01:15,1350,,,,397
2025/9/18,01:30,1350,,,,379
2025/9/18,01:45,1350,,,,344
2025/9/18,02:00,1350,,,,352
2025/9/18,02:15,1350,,,,347
2025/9/18,02:30,1350,,,,326
2025/9/18,02:45,1350,,,,341
2025/9/18,03:00,1350,,,,339
2025/9/18,03:15,1350,,,,317
2025/9/18,03:30,1350,,,,282
2025/9/18,03:45,1350,,,,258
2025/9/18,04:00,1350,,,,238
2025/9/18,04:15,1350,,,,240
2025/9/18,04:30,1350,,,,237
2025/9/18,04:45,1350,,,,237
2025/9/18,05:00,1350,,,,192
2025/9/18,05:15,1350,,,,184
2025/9/18,05:30,1350,,,,187
2025/9/18,05:45,1350,,,,189
2025/9/18,06:00,1350,,,,195
2025/9/18,06:15,1350,,,,188
2025/9/18,06:30,1350,,,,182
2025/9/18,06:45,1350,,,,206
2025/9/18,07:00,1350,,,,208
2025/9/18,07:15,1350,,,,169
2025/9/18,07:30,1350,,,,210
2025/9/18,07:45,1350,,,,214
2025/9/18,08:00,1350,,,,308
2025/9/18,08:15,1350,,,,588
2025/9/18,08:30,1350,,,,738
2025/9/18,08:45,1350,,,,758
2025/9/18,09:00,1350,,,,776
2025/9/18,09:15,1350,,781,,
2025/9/18,09:30,1350,,785,,
2025/9/18,09:45,1350,,721,,
2025/9/18,10:00,1350,,685,,
2025/9/18,10:15,1350,,705,,
2025/9/18,10:30,1350,,717,,
2025/9/18,10:45,1350,,755,,
2025/9/18,11:00,1350,,758,,
2025/9/18,11:15,1350,,792,,
2025/9/18,11:30,1350,,745,,
2025/9/18,11:45,1350,,717,,
2025/9/18,12:00,1350,,675,,
2025/9/18,12:15,1350,,598,,
2025/9/18,12:30,1350,,525,,
2025/9/18,12:45,1350,,509,,
2025/9/18,13:00,1350,,744,,
2025/9/18,13:15,1350,,823,,
2025/9/18,13:30,1350,,857,,
2025/9/18,13:45,1350,,830,,
2025/9/18,14:00,1350,,809,,
2025/9/18,14:15,1350,,813,,
2025/9/18,14:30,1350,,791,,
2025/9/18,14:45,1350,,807,,
2025/9/18,15:00,1350,,727,,
2025/9/18,15:15,1350,,753,,
2025/9/18,15:30,1350,,802,,
2025/9/18,15:45,1350,,783,,
2025/9/18,16:00,1350,,676,,
2025/9/18,16:15,1350,421,,,
2025/9/18,16:30,1350,378,,,
2025/9/18,16:45,1350,365,,,
2025/9/18,17:00,1350,329,,,
2025/9/18,17:15,1350,251,,,
2025/9/18,17:30,1350,232,,,
2025/9/18,17:45,1350,223,,,
2025/9/18,18:00,1350,280,,,
2025/9/18,18:15,1350,216,,,
2025/9/18,18:30,1350,206,,,
2025/9/18,18:45,1350,195,,,
2025/9/18,19:00,1350,202,,,
2025/9/18,19:15,1350,187,,,
2025/9/18,19:30,1350,141,,,
2025/9/18,19:45,1350,125,,,
2025/9/18,20:00,1350,130,,,
2025/9/18,20:15,1350,136,,,
2025/9/18,20:30,1350,123,,,
2025/9/18,20:45,1350,117,,,
2025/9/18,21:00,1350,117,,,
2025/9/18,21:15,1350,122,,,
2025/9/18,21:30,1350,125,,,
2025/9/18,21:45,1350,115,,,
2025/9/18,22:00,1350,139,,,
2025/9/18,22:15,1350,,270,,
2025/9/18,22:30,1350,,136,,
2025/9/18,22:45,1350,,141,,
2025/9/18,23:00,1350,,144,,
2025/9/18,23:15,1350,,138,,
2025/9/18,23:30,1350,,144,,
2025/9/18,23:45,1350,,147,,
2025/9/19,00:00,1350,,168,,
2025/9/19,00:15,1350,,,,149
2025/9/19,00:30,1350,,,,126
2025/9/19,00:45,1350,,,,142
2025/9/19,01:00,1350,,,,154
2025/9/19,01:15,1350,,,,109
2025/9/19,01:30,1350,,,,104
2025/9/19,01:45,1350,,,,86
2025/9/19,02:00,1350,,,,83
2025/9/19,02:15,1350,,,,93
2025/9/19,02:30,1350,,,,86
2025/9/19,02:45,1350,,,,77
2025/9/19,03:00,1350,,,,75
2025/9/19,03:15,1350,,,,83
2025/9/19,03:30,1350,,,,88
2025/9/19,03:45,1350,,,,80
2025/9/19,04:00,1350,,,,75
2025/9/19,04:15,1350,,,,80
2025/9/19,04:30,1350,,,,83
2025/9/19,04:45,1350,,,,82
2025/9/19,05:00,1350,,,,83
2025/9/19,05:15,1350,,,,85
2025/9/19,05:30,1350,,,,82
2025/9/19,05:45,1350,,,,91
2025/9/19,06:00,1350,,,,92
2025/9/19,06:15,1350,,,,82
2025/9/19,06:30,1350,,,,80
2025/9/19,06:45,1350,,,,82
2025/9/19,07:00,1350,,,,91
2025/9/19,07:15,1350,,,,89
2025/9/19,07:30,1350,,,,98
2025/9/19,07:45,1350,,,,101
2025/9/19,08:00,1350,,,,152
2025/9/19,08:15,1350,,,,211
2025/9/19,08:30,1350,,,,231
2025/9/19,08:45,1350,,,,219
2025/9/19,09:00,1350,,,,218
2025/9/19,09:15,1350,,238,,
2025/9/19,09:30,1350,,298,,
2025/9/19,09:45,1350,,299,,
2025/9/19,10:00,1350,,251,,
2025/9/19,10:15,1350,,231,,
2025/9/19,10:30,1350,,234,,
2025/9/19,10:45,1350,,198,,
2025/9/19,11:00,1350,,206,,
2025/9/19,11:15,1350,,223,,
2025/9/19,11:30,1350,,211,,
2025/9/19,11:45,1350,,215,,
2025/9/19,12:00,1350,,224,,
2025/9/19,12:15,1350,,224,,
2025/9/19,12:30,1350,,235,,
2025/9/19,12:45,1350,,225,,
2025/9/19,13:00,1350,,261,,
2025/9/19,13:15,1350,,261,,
2025/9/19,13:30,1350,,236,,
2025/9/19,13:45,1350,,236,,
2025/9/19,14:00,1350,,235,,
2025/9/19,14:15,1350,,232,,
2025/9/19,14:30,1350,,226,,
2025/9/19,14:45,1350,,232,,
2025/9/19,15:00,1350,,235,,
2025/9/19,15:15,1350,,233,,
2025/9/19,15:30,1350,,233,,
2025/9/19,15:45,1350,,230,,
2025/9/19,16:00,1350,,272,,
2025/9/19,16:15,1350,247,,,
2025/9/19,16:30,1350,221,,,
2025/9/19,16:45,1350,220,,,
2025/9/19,17:00,1350,192,,,
2025/9/19,17:15,1350,142,,,
2025/9/19,17:30,1350,141,,,
2025/9/19,17:45,1350,102,,,
2025/9/19,18:00,1350,99,,,
2025/9/19,18:15,1350,99,,,
2025/9/19,18:30,1350,106,,,
2025/9/19,18:45,1350,107,,,
2025/9/19,19:00,1350,96,,,
2025/9/19,19:15,1350,96,,,
2025/9/19,19:30,1350,94,,,
2025/9/19,19:45,1350,91,,,
2025/9/19,20:00,1350,96,,,
2025/9/19,20:15,1350,94,,,
2025/9/19,20:30,1350,86,,,
2025/9/19,20:45,1350,91,,,
2025/9/19,21:00,1350,93,,,
2025/9/19,21:15,1350,90,,,
2025/9/19,21:30,1350,93,,,
2025/9/19,21:45,1350,93,,,
2025/9/19,22:00,1350,96,,,
2025/9/19,22:15,1350,,112,,
2025/9/19,22:30,1350,,98,,
2025/9/19,22:45,1350,,88,,
2025/9/19,23:00,1350,,86,,
2025/9/19,23:15,1350,,101,,
2025/9/19,23:30,1350,,91,,
2025/9/19,23:45,1350,,85,,
2025/9/20,00:00,1350,,86,,
2025/9/20,00:15,1350,,,,93
2025/9/20,00:30,1350,,,,94
2025/9/20,00:45,1350,,,,85
2025/9/20,01:00,1350,,,,90
2025/9/20,01:15,1350,,,,88
2025/9/20,01:30,1350,,,,96
2025/9/20,01:45,1350,,,,83
2025/9/20,02:00,1350,,,,78
2025/9/20,02:15,1350,,,,82
2025/9/20,02:30,1350,,,,85
2025/9/20,02:45,1350,,,,83
2025/9/20,03:00,1350,,,,77
2025/9/20,03:15,1350,,,,78
2025/9/20,03:30,1350,,,,80
2025/9/20,03:45,1350,,,,85
2025/9/20,04:00,1350,,,,77
2025/9/20,04:15,1350,,,,80
2025/9/20,04:30,1350,,,,75
2025/9/20,04:45,1350,,,,85
2025/9/20,05:00,1350,,,,83
2025/9/20,05:15,1350,,,,80
2025/9/20,05:30,1350,,,,77
2025/9/20,05:45,1350,,,,67
2025/9/20,06:00,1350,,,,67
2025/9/20,06:15,1350,,,,63
2025/9/20,06:30,1350,,,,66
2025/9/20,06:45,1350,,,,71
2025/9/20,07:00,1350,,,,77
2025/9/20,07:15,1350,,,,75
2025/9/20,07:30,1350,,,,67
2025/9/20,07:45,1350,,,,66
2025/9/20,08:00,1350,,,,75
2025/9/20,08:15,1350,,,,81
2025/9/20,08:30,1350,,,,76
2025/9/20,08:45,1350,,,,92
2025/9/20,09:00,1350,,,126,
2025/9/20,09:15,1350,,,87,
2025/9/20,09:30,1350,,,79,
2025/9/20,09:45,1350,,,80,
2025/9/20,10:00,1350,,,84,
2025/9/20,10:15,1350,,,89,
2025/9/20,10:30,1350,,,82,
2025/9/20,10:45,1350,,,83,
2025/9/20,11:00,1350,,,82,
2025/9/20,11:15,1350,,,93,
2025/9/20,11:30,1350,,,88,
2025/9/20,11:45,1350,,,126,
2025/9/20,12:00,1350,,,110,
2025/9/20,12:15,1350,,,90,
2025/9/20,12:30,1350,,,89,
2025/9/20,12:45,1350,,,81,
2025/9/20,13:00,1350,,,81,
2025/9/20,13:15,1350,,,82,
2025/9/20,13:30,1350,,,91,
2025/9/20,13:45,1350,,,87,
2025/9/20,14:00,1350,,,82,
2025/9/20,14:15,1350,,,86,
2025/9/20,14:30,1350,,,132,
2025/9/20,14:45,1350,,,109,
2025/9/20,15:00,1350,,,84,
2025/9/20,15:15,1350,,,80,
2025/9/20,15:30,1350,,,79,
2025/9/20,15:45,1350,,,90,
2025/9/20,16:00,1350,,,92,
2025/9/20,16:15,1350,,,89,
2025/9/20,16:30,1350,,,86,
2025/9/20,16:45,1350,,,81,
2025/9/20,17:00,1350,,,84,
2025/9/20,17:15,1350,,,109,
2025/9/20,17:30,1350,,,83,
2025/9/20,17:45,1350,,,123,
2025/9/20,18:00,1350,,,90,
2025/9/20,18:15,1350,,,86,
2025/9/20,18:30,1350,,,82,
2025/9/20,18:45,1350,,,78,
2025/9/20,19:00,1350,,,77,
2025/9/20,19:15,1350,,,90,
2025/9/20,19:30,1350,,,93,
2025/9/20,19:45,1350,,,75,
2025/9/20,20:00,1350,,,77,
2025/9/20,20:15,1350,,,82,
2025/9/20,20:30,1350,,,99,
2025/9/20,20:45,1350,,,82,
2025/9/20,21:00,1350,,,75,
2025/9/20,21:15,1350,,,77,
2025/9/20,21:30,1350,,,82,
2025/9/20,21:45,1350,,,101,
2025/9/20,22:00,1350,,,78,
2025/9/20,22:15,1350,,,77,
2025/9/20,22:30,1350,,,77,
2025/9/20,22:45,1350,,,86,
2025/9/20,23:00,1350,,,91,
2025/9/20,23:15,1350,,,86,
2025/9/20,23:30,1350,,,77,
2025/9/20,23:45,1350,,,80,
2025/9/21,00:00,1350,,,78,
2025/9/21,00:15,1350,,,,75
2025/9/21,00:30,1350,,,,94
2025/9/21,00:45,1350,,,,86
2025/9/21,01:00,1350,,,,83
2025/9/21,01:15,1350,,,,78
2025/9/21,01:30,1350,,,,83
2025/9/21,01:45,1350,,,,80
2025/9/21,02:00,1350,,,,78
2025/9/21,02:15,1350,,,,67
2025/9/21,02:30,1350,,,,72
2025/9/21,02:45,1350,,,,64
2025/9/21,03:00,1350,,,,62
2025/9/21,03:15,1350,,,,86
2025/9/21,03:30,1350,,,,70
2025/9/21,03:45,1350,,,,62
2025/9/21,04:00,1350,,,,64
2025/9/21,04:15,1350,,,,72
2025/9/21,04:30,1350,,,,66
2025/9/21,04:45,1350,,,,80
2025/9/21,05:00,1350,,,,74
2025/9/21,05:15,1350,,,,72
2025/9/21,05:30,1350,,,,64
2025/9/21,05:45,1350,,,,62
2025/9/21,06:00,1350,,,,71
2025/9/21,06:15,1350,,,,81
2025/9/21,06:30,1350,,,,64
2025/9/21,06:45,1350,,,,69
2025/9/21,07:00,1350,,,,71
2025/9/21,07:15,1350,,,,63
2025/9/21,07:30,1350,,,,63
2025/9/21,07:45,1350,,,,88
2025/9/21,08:00,1350,,,,70
2025/9/21,08:15,1350,,,,71
2025/9/21,08:30,1350,,,,77
2025/9/21,08:45,1350,,,,76
2025/9/21,09:00,1350,,,,75
2025/9/21,09:15,1350,,,,92
2025/9/21,09:30,1350,,,,78
2025/9/21,09:45,1350,,,,72
2025/9/21,10:00,1350,,,,79
2025/9/21,10:15,1350,,,,82
2025/9/21,10:30,1350,,,,105
2025/9/21,10:45,1350,,,,84
2025/9/21,11:00,1350,,,,75
2025/9/21,11:15,1350,,,,76
2025/9/21,11:30,1350,,,,100
2025/9/21,11:45,1350,,,,90
2025/9/21,12:00,1350,,,,76
2025/9/21,12:15,1350,,,,77
2025/9/21,12:30,1350,,,,91
2025/9/21,12:45,1350,,,,67
2025/9/21,13:00,1350,,,,107
2025/9/21,13:15,1350,,,,75
2025/9/21,13:30,1350,,,,89
2025/9/21,13:45,1350,,,,92
2025/9/21,14:00,1350,,,,78
2025/9/21,14:15,1350,,,,76
2025/9/21,14:30,1350,,,,88
2025/9/21,14:45,1350,,,,91
2025/9/21,15:00,1350,,,,82
2025/9/21,15:15,1350,,,,71
2025/9/21,15:30,1350,,,,81
2025/9/21,15:45,1350,,,,86
2025/9/21,16:00,1350,,,,78
2025/9/21,16:15,1350,,,,80
2025/9/21,16:30,1350,,,,79
2025/9/21,16:45,1350,,,,89
2025/9/21,17:00,1350,,,,71
2025/9/21,17:15,1350,,,,80
2025/9/21,17:30,1350,,,,78
2025/9/21,17:45,1350,,,,89
2025/9/21,18:00,1350,,,,73
2025/9/21,18:15,1350,,,,72
2025/9/21,18:30,1350,,,,75
2025/9/21,18:45,1350,,,,88
2025/9/21,19:00,1350,,,,72
2025/9/21,19:15,1350,,,,75
2025/9/21,19:30,1350,,,,80
2025/9/21,19:45,1350,,,,75
2025/9/21,20:00,1350,,,,93
2025/9/21,20:15,1350,,,,74
2025/9/21,20:30,1350,,,,75
2025/9/21,20:45,1350,,,,67
2025/9/21,21:00,1350,,,,66
2025/9/21,21:15,1350,,,,85
2025/9/21,21:30,1350,,,,75
2025/9/21,21:45,1350,,,,70
2025/9/21,22:00,1350,,,,66
2025/9/21,22:15,1350,,,,69
2025/9/21,22:30,1350,,,,85
2025/9/21,22:45,1350,,,,78
2025/9/21,23:00,1350,,,,69
2025/9/21,23:15,1350,,,,66
2025/9/21,23:30,1350,,,,69
2025/9/21,23:45,1350,,,,74
2025/9/22,00:00,1350,,,,83
2025/9/22,00:15,1350,,,,67
2025/9/22,00:30,1350,,,,69
2025/9/22,00:45,1350,,,,70
2025/9/22,01:00,1350,,,,66
2025/9/22,01:15,1350,,,,66
2025/9/22,01:30,1350,,,,85
2025/9/22,01:45,1350,,,,74
2025/9/22,02:00,1350,,,,66
2025/9/22,02:15,1350,,,,67
2025/9/22,02:30,1350,,,,72
2025/9/22,02:45,1350,,,,66
2025/9/22,03:00,1350,,,,83
2025/9/22,03:15,1350,,,,70
2025/9/22,03:30,1350,,,,72
2025/9/22,03:45,1350,,,,64
2025/9/22,04:00,1350,,,,64
2025/9/22,04:15,1350,,,,70
2025/9/22,04:30,1350,,,,78
2025/9/22,04:45,1350,,,,88
2025/9/22,05:00,1350,,,,72
2025/9/22,05:15,1350,,,,77
2025/9/22,05:30,1350,,,,70
2025/9/22,05:45,1350,,,,64
2025/9/22,06:00,1350,,,,68
2025/9/22,06:15,1350,,,,81
2025/9/22,06:30,1350,,,,77
2025/9/22,06:45,1350,,,,84
2025/9/22,07:00,1350,,,,88
2025/9/22,07:15,1350,,,,202
2025/9/22,07:30,1350,,,,263
2025/9/22,07:45,1350,,,,295
2025/9/22,08:00,1350,,,,348
2025/9/22,08:15,1350,,,,610
2025/9/22,08:30,1350,,,,792
2025/9/22,08:45,1350,,,,877
2025/9/22,09:00,1350,,,,969
2025/9/22,09:15,1350,,1001,,
2025/9/22,09:30,1350,,963,,
2025/9/22,09:45,1350,,854,,
2025/9/22,10:00,1350,,809,,
2025/9/22,10:15,1350,,850,,
2025/9/22,10:30,1350,,1062,,
2025/9/22,10:45,1350,,1097,,
2025/9/22,11:00,1350,,1105,,
2025/9/22,11:15,1350,,1157,,
2025/9/22,11:30,1350,,1082,,
2025/9/22,11:45,1350,,1070,,
2025/9/22,12:00,1350,,938,,
2025/9/22,12:15,1350,,667,,
2025/9/22,12:30,1350,,602,,
2025/9/22,12:45,1350,,602,,
2025/9/22,13:00,1350,,1011,,
2025/9/22,13:15,1350,,1125,,
2025/9/22,13:30,1350,,1136,,
2025/9/22,13:45,1350,,1099,,
2025/9/22,14:00,1350,,1080,,
2025/9/22,14:15,1350,,1111,,
2025/9/22,14:30,1350,,1114,,
2025/9/22,14:45,1350,,1030,,
2025/9/22,15:00,1350,,911,,
2025/9/22,15:15,1350,,910,,
2025/9/22,15:30,1350,,903,,
2025/9/22,15:45,1350,,842,,
2025/9/22,16:00,1350,,861,,
2025/9/22,16:15,1350,536,,,
2025/9/22,16:30,1350,387,,,
2025/9/22,16:45,1350,369,,,
2025/9/22,17:00,1350,319,,,
2025/9/22,17:15,1350,238,,,
2025/9/22,17:30,1350,204,,,
2025/9/22,17:45,1350,207,,,
2025/9/22,18:00,1350,210,,,
2025/9/22,18:15,1350,198,,,
2025/9/22,18:30,1350,186,,,
2025/9/22,18:45,1350,187,,,
2025/9/22,19:00,1350,187,,,
2025/9/22,19:15,1350,173,,,
2025/9/22,19:30,1350,131,,,
2025/9/22,19:45,1350,117,,,
2025/9/22,20:00,1350,125,,,
2025/9/22,20:15,1350,120,,,
2025/9/22,20:30,1350,122,,,
2025/9/22,20:45,1350,165,,,
2025/9/22,21:00,1350,181,,,
2025/9/22,21:15,1350,186,,,
2025/9/22,21:30,1350,168,,,
2025/9/22,21:45,1350,136,,,
2025/9/22,22:00,1350,166,,,
2025/9/22,22:15,1350,,221,,
2025/9/22,22:30,1350,,224,,
2025/9/22,22:45,1350,,243,,
2025/9/22,23:00,1350,,242,,
2025/9/22,23:15,1350,,248,,
2025/9/22,23:30,1350,,243,,
2025/9/22,23:45,1350,,250,,
2025/9/23,00:00,1350,,253,,
2025/9/23,00:15,1350,,,,248
2025/9/23,00:30,1350,,,,256
2025/9/23,00:45,1350,,,,261
2025/9/23,01:00,1350,,,,261
2025/9/23,01:15,1350,,,,264
2025/9/23,01:30,1350,,,,256
2025/9/23,01:45,1350,,,,250
2025/9/23,02:00,1350,,,,238
2025/9/23,02:15,1350,,,,259
2025/9/23,02:30,1350,,,,270
2025/9/23,02:45,1350,,,,261
2025/9/23,03:00,1350,,,,251
2025/9/23,03:15,1350,,,,243
2025/9/23,03:30,1350,,,,189
2025/9/23,03:45,1350,,,,155
2025/9/23,04:00,1350,,,,125
2025/9/23,04:15,1350,,,,126
2025/9/23,04:30,1350,,,,126
2025/9/23,04:45,1350,,,,125
2025/9/23,05:00,1350,,,,133
2025/9/23,05:15,1350,,,,134
2025/9/23,05:30,1350,,,,136
2025/9/23,05:45,1350,,,,162
2025/9/23,06:00,1350,,,,158
2025/9/23,06:15,1350,,,,157
2025/9/23,06:30,1350,,,,136
2025/9/23,06:45,1350,,,,134
2025/9/23,07:00,1350,,,,141
2025/9/23,07:15,1350,,,,192
2025/9/23,07:30,1350,,,,241
2025/9/23,07:45,1350,,,,264
2025/9/23,08:00,1350,,,,398
2025/9/23,08:15,1350,,,,769
2025/9/23,08:30,1350,,,,1056
2025/9/23,08:45,1350,,,,1140
2025/9/23,09:00,1350,,,,1156
2025/9/23,09:15,1350,,1180,,
2025/9/23,09:30,1350,,1200,,
2025/9/23,09:45,1350,,1200,,
2025/9/23,10:00,1350,,1157,,
2025/9/23,10:15,1350,,1214,,
2025/9/23,10:30,1350,,1287,,
2025/9/23,10:45,1350,,1233,,
2025/9/23,11:00,1350,,1164,,
2025/9/23,11:15,1350,,1167,,
2025/9/23,11:30,1350,,1122,,
2025/9/23,11:45,1350,,1108,,
2025/9/23,12:00,1350,,923,,
2025/9/23,12:15,1350,,703,,
2025/9/23,12:30,1350,,629,,
2025/9/23,12:45,1350,,672,,
2025/9/23,13:00,1350,,1096,,
2025/9/23,13:15,1350,,1177,,
2025/9/23,13:30,1350,,1205,,
2025/9/23,13:45,1350,,1187,,
2025/9/23,14:00,1350,,1166,,
2025/9/23,14:15,1350,,1144,,
2025/9/23,14:30,1350,,1104,,
2025/9/23,14:45,1350,,1067,,
2025/9/23,15:00,1350,,940,,
2025/9/23,15:15,1350,,944,,
2025/9/23,15:30,1350,,918,,
2025/9/23,15:45,1350,,893,,
2025/9/23,16:00,1350,,832,,
2025/9/23,16:15,1350,474,,,
2025/9/23,16:30,1350,403,,,
2025/9/23,16:45,1350,390,,,
2025/9/23,17:00,1350,330,,,
2025/9/23,17:15,1350,245,,,
2025/9/23,17:30,1350,230,,,
2025/9/23,17:45,1350,207,,,
2025/9/23,18:00,1350,211,,,
2025/9/23,18:15,1350,211,,,
2025/9/23,18:30,1350,198,,,
2025/9/23,18:45,1350,186,,,
2025/9/23,19:00,1350,190,,,
2025/9/23,19:15,1350,176,,,
2025/9/23,19:30,1350,144,,,
2025/9/23,19:45,1350,125,,,
2025/9/23,20:00,1350,128,,,
2025/9/23,20:15,1350,131,,,
2025/9/23,20:30,1350,122,,,
2025/9/23,20:45,1350,125,,,
2025/9/23,21:00,1350,126,,,
2025/9/23,21:15,1350,125,,,
2025/9/23,21:30,1350,128,,,
2025/9/23,21:45,1350,120,,,
2025/9/23,22:00,1350,171,,,
2025/9/23,22:15,1350,,275,,
2025/9/23,22:30,1350,,293,,
2025/9/23,22:45,1350,,298,,
2025/9/23,23:00,1350,,320,,
2025/9/23,23:15,1350,,275,,
2025/9/23,23:30,1350,,256,,
2025/9/23,23:45,1350,,274,,
2025/9/24,00:00,1350,,294,,
2025/9/24,00:15,1350,,,,302
2025/9/24,00:30,1350,,,,334
2025/9/24,00:45,1350,,,,354
2025/9/24,01:00,1350,,,,373
2025/9/24,01:15,1350,,,,390
2025/9/24,01:30,1350,,,,349
2025/9/24,01:45,1350,,,,346
2025/9/24,02:00,1350,,,,342
2025/9/24,02:15,1350,,,,323
2025/9/24,02:30,1350,,,,315
2025/9/24,02:45,1350,,,,283
2025/9/24,03:00,1350,,,,256
2025/9/24,03:15,1350,,,,240
2025/9/24,03:30,1350,,,,206
2025/9/24,03:45,1350,,,,184
2025/9/24,04:00,1350,,,,195
2025/9/24,04:15,1350,,,,190
2025/9/24,04:30,1350,,,,166
2025/9/24,04:45,1350,,,,190
2025/9/24,05:00,1350,,,,218
2025/9/24,05:15,1350,,,,222
2025/9/24,05:30,1350,,,,222
2025/9/24,05:45,1350,,,,222
2025/9/24,06:00,1350,,,,213
2025/9/24,06:15,1350,,,,181
2025/9/24,06:30,1350,,,,167
2025/9/24,06:45,1350,,,,172
2025/9/24,07:00,1350,,,,130
2025/9/24,07:15,1350,,,,177
2025/9/24,07:30,1350,,,,223
2025/9/24,07:45,1350,,,,246
2025/9/24,08:00,1350,,,,324
2025/9/24,08:15,1350,,,,738
2025/9/24,08:30,1350,,,,900
2025/9/24,08:45,1350,,,,915
2025/9/24,09:00,1350,,,,868
2025/9/24,09:15,1350,,878,,
2025/9/24,09:30,1350,,1009,,
2025/9/24,09:45,1350,,1013,,
2025/9/24,10:00,1350,,897,,
2025/9/24,10:15,1350,,1014,,
2025/9/24,10:30,1350,,1029,,
2025/9/24,10:45,1350,,987,,
2025/9/24,11:00,1350,,972,,
2025/9/24,11:15,1350,,881,,
2025/9/24,11:30,1350,,926,,
2025/9/24,11:45,1350,,1046,,
2025/9/24,12:00,1350,,945,,
2025/9/24,12:15,1350,,711,,
2025/9/24,12:30,1350,,682,,
2025/9/24,12:45,1350,,652,,
2025/9/24,13:00,1350,,759,,
2025/9/24,13:15,1350,,828,,
2025/9/24,13:30,1350,,810,,
2025/9/24,13:45,1350,,741,,
2025/9/24,14:00,1350,,723,,
2025/9/24,14:15,1350,,760,,
2025/9/24,14:30,1350,,716,,
2025/9/24,14:45,1350,,747,,
2025/9/24,15:00,1350,,696,,
2025/9/24,15:15,1350,,698,,
2025/9/24,15:30,1350,,662,,
2025/9/24,15:45,1350,,552,,
2025/9/24,16:00,1350,,390,,
2025/9/24,16:15,1350,361,,,
2025/9/24,16:30,1350,382,,,
2025/9/24,16:45,1350,357,,,
2025/9/24,17:00,1350,324,,,
2025/9/24,17:15,1350,244,,,
2025/9/24,17:30,1350,202,,,
2025/9/24,17:45,1350,204,,,
2025/9/24,18:00,1350,211,,,
2025/9/24,18:15,1350,200,,,
2025/9/24,18:30,1350,205,,,
2025/9/24,18:45,1350,205,,,
2025/9/24,19:00,1350,194,,,
2025/9/24,19:15,1350,184,,,
2025/9/24,19:30,1350,136,,,
2025/9/24,19:45,1350,123,,,
2025/9/24,20:00,1350,130,,,
2025/9/24,20:15,1350,136,,,
2025/9/24,20:30,1350,126,,,
2025/9/24,20:45,1350,128,,,
2025/9/24,21:00,1350,126,,,
2025/9/24,21:15,1350,133,,,
2025/9/24,21:30,1350,163,,,
2025/9/24,21:45,1350,166,,,
2025/9/24,22:00,1350,154,,,
2025/9/24,22:15,1350,,272,,
2025/9/24,22:30,1350,,250,,
2025/9/24,22:45,1350,,262,,
2025/9/24,23:00,1350,,280,,
2025/9/24,23:15,1350,,282,,
2025/9/24,23:30,1350,,291,,
2025/9/24,23:45,1350,,288,,
2025/9/25,00:00,1350,,296,,
2025/9/25,00:15,1350,,,,290
2025/9/25,00:30,1350,,,,315
2025/9/25,00:45,1350,,,,301
2025/9/25,01:00,1350,,,,278
2025/9/25,01:15,1350,,,,256
2025/9/25,01:30,1350,,,,258
2025/9/25,01:45,1350,,,,235
2025/9/25,02:00,1350,,,,222
2025/9/25,02:15,1350,,,,219
2025/9/25,02:30,1350,,,,208
2025/9/25,02:45,1350,,,,202
2025/9/25,03:00,1350,,,,200
2025/9/25,03:15,1350,,,,182
2025/9/25,03:30,1350,,,,173
2025/9/25,03:45,1350,,,,168
2025/9/25,04:00,1350,,,,170
2025/9/25,04:15,1350,,,,210
2025/9/25,04:30,1350,,,,206
2025/9/25,04:45,1350,,,,205
2025/9/25,05:00,1350,,,,203
2025/9/25,05:15,1350,,,,206
2025/9/25,05:30,1350,,,,176
2025/9/25,05:45,1350,,,,170
2025/9/25,06:00,1350,,,,163
2025/9/25,06:15,1350,,,,160
2025/9/25,06:30,1350,,,,164
2025/9/25,06:45,1350,,,,173
2025/9/25,07:00,1350,,,,175
2025/9/25,07:15,1350,,,,210
2025/9/25,07:30,1350,,,,243
2025/9/25,07:45,1350,,,,269
2025/9/25,08:00,1350,,,,319
2025/9/25,08:15,1350,,,,532
2025/9/25,08:30,1350,,,,767
2025/9/25,08:45,1350,,,,828
2025/9/25,09:00,1350,,,,939
2025/9/25,09:15,1350,,984,,
2025/9/25,09:30,1350,,1022,,
2025/9/25,09:45,1350,,1028,,
2025/9/25,10:00,1350,,1029,,
2025/9/25,10:15,1350,,1044,,
2025/9/25,10:30,1350,,1032,,
2025/9/25,10:45,1350,,1004,,
2025/9/25,11:00,1350,,950,,
2025/9/25,11:15,1350,,921,,
2025/9/25,11:30,1350,,904,,
2025/9/25,11:45,1350,,825,,
2025/9/25,12:00,1350,,671,,
2025/9/25,12:15,1350,,581,,
2025/9/25,12:30,1350,,551,,
2025/9/25,12:45,1350,,571,,
2025/9/25,13:00,1350,,662,,
2025/9/25,13:15,1350,,736,,
2025/9/25,13:30,1350,,706,,
2025/9/25,13:45,1350,,649,,
2025/9/25,14:00,1350,,629,,
2025/9/25,14:15,1350,,682,,
2025/9/25,14:30,1350,,665,,
2025/9/25,14:45,1350,,620,,
2025/9/25,15:00,1350,,577,,
2025/9/25,15:15,1350,,659,,
2025/9/25,15:30,1350,,609,,
2025/9/25,15:45,1350,,635,,
2025/9/25,16:00,1350,,625,,
2025/9/25,16:15,1350,443,,,
2025/9/25,16:30,1350,424,,,
2025/9/25,16:45,1350,396,,,
2025/9/25,17:00,1350,359,,,
2025/9/25,17:15,1350,278,,,
2025/9/25,17:30,1350,241,,,
2025/9/25,17:45,1350,240,,,
2025/9/25,18:00,1350,227,,,
2025/9/25,18:15,1350,205,,,
2025/9/25,18:30,1350,194,,,
2025/9/25,18:45,1350,187,,,
2025/9/25,19:00,1350,181,,,
2025/9/25,19:15,1350,192,,,
2025/9/25,19:30,1350,138,,,
2025/9/25,19:45,1350,109,,,
2025/9/25,20:00,1350,125,,,
2025/9/25,20:15,1350,178,,,
2025/9/25,20:30,1350,146,,,
2025/9/25,20:45,1350,118,,,
2025/9/25,21:00,1350,120,,,
2025/9/25,21:15,1350,168,,,
2025/9/25,21:30,1350,150,,,
2025/9/25,21:45,1350,128,,,
2025/9/25,22:00,1350,126,,,
2025/9/25,22:15,1350,,181,,
2025/9/25,22:30,1350,,227,,
2025/9/25,22:45,1350,,242,,
2025/9/25,23:00,1350,,248,,
2025/9/25,23:15,1350,,267,,
2025/9/25,23:30,1350,,266,,
2025/9/25,23:45,1350,,266,,
2025/9/26,00:00,1350,,298,,
2025/9/26,00:15,1350,,,,302
2025/9/26,00:30,1350,,,,326
2025/9/26,00:45,1350,,,,342
2025/9/26,01:00,1350,,,,410
2025/9/26,01:15,1350,,,,437
2025/9/26,01:30,1350,,,,427
2025/9/26,01:45,1350,,,,389
2025/9/26,02:00,1350,,,,386
2025/9/26,02:15,1350,,,,392
2025/9/26,02:30,1350,,,,358
2025/9/26,02:45,1350,,,,357
2025/9/26,03:00,1350,,,,373
2025/9/26,03:15,1350,,,,282
2025/9/26,03:30,1350,,,,232
2025/9/26,03:45,1350,,,,205
2025/9/26,04:00,1350,,,,197
2025/9/26,04:15,1350,,,,194
2025/9/26,04:30,1350,,,,178
2025/9/26,04:45,1350,,,,181
2025/9/26,05:00,1350,,,,174
2025/9/26,05:15,1350,,,,171
2025/9/26,05:30,1350,,,,171
2025/9/26,05:45,1350,,,,182
2025/9/26,06:00,1350,,,,179
2025/9/26,06:15,1350,,,,164
2025/9/26,06:30,1350,,,,167
2025/9/26,06:45,1350,,,,164
2025/9/26,07:00,1350,,,,188
2025/9/26,07:15,1350,,,,234
2025/9/26,07:30,1350,,,,238
2025/9/26,07:45,1350,,,,229
2025/9/26,08:00,1350,,,,233
2025/9/26,08:15,1350,,,,269
2025/9/26,08:30,1350,,,,294
2025/9/26,08:45,1350,,,,308
2025/9/26,09:00,1350,,,,343
2025/9/26,09:15,1350,,316,,
2025/9/26,09:30,1350,,330,,
2025/9/26,09:45,1350,,332,,
2025/9/26,10:00,1350,,318,,
2025/9/26,10:15,1350,,331,,
2025/9/26,10:30,1350,,352,,
2025/9/26,10:45,1350,,358,,
2025/9/26,11:00,1350,,376,,
2025/9/26,11:15,1350,,379,,
2025/9/26,11:30,1350,,391,,
2025/9/26,11:45,1350,,392,,
2025/9/26,12:00,1350,,322,,
2025/9/26,12:15,1350,,303,,
2025/9/26,12:30,1350,,298,,
2025/9/26,12:45,1350,,297,,
2025/9/26,13:00,1350,,311,,
2025/9/26,13:15,1350,,252,,
2025/9/26,13:30,1350,,239,,
2025/9/26,13:45,1350,,231,,
2025/9/26,14:00,1350,,228,,
2025/9/26,14:15,1350,,261,,
2025/9/26,14:30,1350,,296,,
2025/9/26,14:45,1350,,248,,
2025/9/26,15:00,1350,,241,,
2025/9/26,15:15,1350,,239,,
2025/9/26,15:30,1350,,237,,
2025/9/26,15:45,1350,,242,,
2025/9/26,16:00,1350,,224,,
2025/9/26,16:15,1350,212,,,
2025/9/26,16:30,1350,218,,,
2025/9/26,16:45,1350,217,,,
2025/9/26,17:00,1350,209,,,
2025/9/26,17:15,1350,171,,,
2025/9/26,17:30,1350,129,,,
2025/9/26,17:45,1350,136,,,
2025/9/26,18:00,1350,135,,,
2025/9/26,18:15,1350,130,,,
2025/9/26,18:30,1350,126,,,
2025/9/26,18:45,1350,126,,,
2025/9/26,19:00,1350,128,,,
2025/9/26,19:15,1350,131,,,
2025/9/26,19:30,1350,123,,,
2025/9/26,19:45,1350,115,,,
2025/9/26,20:00,1350,112,,,
2025/9/26,20:15,1350,118,,,
2025/9/26,20:30,1350,125,,,
2025/9/26,20:45,1350,109,,,
2025/9/26,21:00,1350,107,,,
2025/9/26,21:15,1350,104,,,
2025/9/26,21:30,1350,107,,,
2025/9/26,21:45,1350,107,,,
2025/9/26,22:00,1350,112,,,
2025/9/26,22:15,1350,,117,,
2025/9/26,22:30,1350,,117,,
2025/9/26,22:45,1350,,126,,
2025/9/26,23:00,1350,,122,,
2025/9/26,23:15,1350,,115,,
2025/9/26,23:30,1350,,112,,
2025/9/26,23:45,1350,,160,,
2025/9/27,00:00,1350,,130,,
2025/9/27,00:15,1350,,,,110
2025/9/27,00:30,1350,,,,106
2025/9/27,00:45,1350,,,,109
2025/9/27,01:00,1350,,,,115
2025/9/27,01:15,1350,,,,106
2025/9/27,01:30,1350,,,,106
2025/9/27,01:45,1350,,,,101
2025/9/27,02:00,1350,,,,102
2025/9/27,02:15,1350,,,,99
2025/9/27,02:30,1350,,,,94
2025/9/27,02:45,1350,,,,96
2025/9/27,03:00,1350,,,,102
2025/9/27,03:15,1350,,,,90
2025/9/27,03:30,1350,,,,96
2025/9/27,03:45,1350,,,,96
2025/9/27,04:00,1350,,,,96
2025/9/27,04:15,1350,,,,96
2025/9/27,04:30,1350,,,,93
2025/9/27,04:45,1350,,,,94
2025/9/27,05:00,1350,,,,102
2025/9/27,05:15,1350,,,,99
2025/9/27,05:30,1350,,,,94
2025/9/27,05:45,1350,,,,95
2025/9/27,06:00,1350,,,,101
2025/9/27,06:15,1350,,,,98
2025/9/27,06:30,1350,,,,115
2025/9/27,06:45,1350,,,,145
2025/9/27,07:00,1350,,,,105
2025/9/27,07:15,1350,,,,101
2025/9/27,07:30,1350,,,,95
2025/9/27,07:45,1350,,,,87
2025/9/27,08:00,1350,,,,122
2025/9/27,08:15,1350,,,,115
2025/9/27,08:30,1350,,,,112
2025/9/27,08:45,1350,,,,111
2025/9/27,09:00,1350,,,119,
2025/9/27,09:15,1350,,,117,
2025/9/27,09:30,1350,,,108,
2025/9/27,09:45,1350,,,106,
2025/9/27,10:00,1350,,,107,
2025/9/27,10:15,1350,,,156,
2025/9/27,10:30,1350,,,109,
2025/9/27,10:45,1350,,,102,
2025/9/27,11:00,1350,,,99,
2025/9/27,11:15,1350,,,109,
2025/9/27,11:30,1350,,,108,
2025/9/27,11:45,1350,,,107,
2025/9/27,12:00,1350,,,106,
2025/9/27,12:15,1350,,,111,
2025/9/27,12:30,1350,,,103,
2025/9/27,12:45,1350,,,109,
2025/9/27,13:00,1350,,,158,
2025/9/27,13:15,1350,,,102,
2025/9/27,13:30,1350,,,114,
2025/9/27,13:45,1350,,,107,
2025/9/27,14:00,1350,,,104,
2025/9/27,14:15,1350,,,106,
2025/9/27,14:30,1350,,,106,
2025/9/27,14:45,1350,,,113,
2025/9/27,15:00,1350,,,101,
2025/9/27,15:15,1350,,,101,
2025/9/27,15:30,1350,,,139,
2025/9/27,15:45,1350,,,126,
2025/9/27,16:00,1350,,,109,
2025/9/27,16:15,1350,,,98,
2025/9/27,16:30,1350,,,101,
2025/9/27,16:45,1350,,,92,
2025/9/27,17:00,1350,,,92,
2025/9/27,17:15,1350,,,85,
2025/9/27,17:30,1350,,,79,
2025/9/27,17:45,1350,,,79,
2025/9/27,18:00,1350,,,74,
2025/9/27,18:15,1350,,,83,
2025/9/27,18:30,1350,,,82,
2025/9/27,18:45,1350,,,75,
2025/9/27,19:00,1350,,,74,
2025/9/27,19:15,1350,,,78,
2025/9/27,19:30,1350,,,82,
2025/9/27,19:45,1350,,,72,
2025/9/27,20:00,1350,,,75,
2025/9/27,20:15,1350,,,77,
2025/9/27,20:30,1350,,,80,
2025/9/27,20:45,1350,,,83,
2025/9/27,21:00,1350,,,80,
2025/9/27,21:15,1350,,,80,
2025/9/27,21:30,1350,,,82,
2025/9/27,21:45,1350,,,83,
2025/9/27,22:00,1350,,,75,
2025/9/27,22:15,1350,,,72,
2025/9/27,22:30,1350,,,72,
2025/9/27,22:45,1350,,,78,
2025/9/27,23:00,1350,,,78,
2025/9/27,23:15,1350,,,74,
2025/9/27,23:30,1350,,,72,
2025/9/27,23:45,1350,,,74,
2025/9/28,00:00,1350,,,74,
2025/9/28,00:15,1350,,,,67
2025/9/28,00:30,1350,,,,69
2025/9/28,00:45,1350,,,,72
2025/9/28,01:00,1350,,,,75
2025/9/28,01:15,1350,,,,69
2025/9/28,01:30,1350,,,,67
2025/9/28,01:45,1350,,,,56
2025/9/28,02:00,1350,,,,62
2025/9/28,02:15,1350,,,,62
2025/9/28,02:30,1350,,,,58
2025/9/28,02:45,1350,,,,56
2025/9/28,03:00,1350,,,,61
2025/9/28,03:15,1350,,,,62
2025/9/28,03:30,1350,,,,54
2025/9/28,03:45,1350,,,,56
2025/9/28,04:00,1350,,,,59
2025/9/28,04:15,1350,,,,64
2025/9/28,04:30,1350,,,,58
2025/9/28,04:45,1350,,,,54
2025/9/28,05:00,1350,,,,58
2025/9/28,05:15,1350,,,,75
2025/9/28,05:30,1350,,,,64
2025/9/28,05:45,1350,,,,62
2025/9/28,06:00,1350,,,,59
2025/9/28,06:15,1350,,,,64
2025/9/28,06:30,1350,,,,59
2025/9/28,06:45,1350,,,,57
2025/9/28,07:00,1350,,,,58
2025/9/28,07:15,1350,,,,65
2025/9/28,07:30,1350,,,,62
2025/9/28,07:45,1350,,,,56
2025/9/28,08:00,1350,,,,59
2025/9/28,08:15,1350,,,,66
2025/9/28,08:30,1350,,,,73
2025/9/28,08:45,1350,,,,62
2025/9/28,09:00,1350,,,,64
2025/9/28,09:15,1350,,,,65
2025/9/28,09:30,1350,,,,73
2025/9/28,09:45,1350,,,,67
2025/9/28,10:00,1350,,,,62
2025/9/28,10:15,1350,,,,64
2025/9/28,10:30,1350,,,,70
2025/9/28,10:45,1350,,,,68
2025/9/28,11:00,1350,,,,66
2025/9/28,11:15,1350,,,,67
2025/9/28,11:30,1350,,,,72
2025/9/28,11:45,1350,,,,72
2025/9/28,12:00,1350,,,,68
2025/9/28,12:15,1350,,,,66
2025/9/28,12:30,1350,,,,69
2025/9/28,12:45,1350,,,,71
2025/9/28,13:00,1350,,,,64
2025/9/28,13:15,1350,,,,67
2025/9/28,13:30,1350,,,,67
2025/9/28,13:45,1350,,,,74
2025/9/28,14:00,1350,,,,77
2025/9/28,14:15,1350,,,,75
2025/9/28,14:30,1350,,,,102
2025/9/28,14:45,1350,,,,99
2025/9/28,15:00,1350,,,,70
2025/9/28,15:15,1350,,,,69
2025/9/28,15:30,1350,,,,67
2025/9/28,15:45,1350,,,,75
2025/9/28,16:00,1350,,,,62
2025/9/28,16:15,1350,,,,74
2025/9/28,16:30,1350,,,,66
2025/9/28,16:45,1350,,,,77
2025/9/28,17:00,1350,,,,62
2025/9/28,17:15,1350,,,,64
2025/9/28,17:30,1350,,,,73
2025/9/28,17:45,1350,,,,77
2025/9/28,18:00,1350,,,,63
2025/9/28,18:15,1350,,,,59
2025/9/28,18:30,1350,,,,64
2025/9/28,18:45,1350,,,,66
2025/9/28,19:00,1350,,,,75
2025/9/28,19:15,1350,,,,61
2025/9/28,19:30,1350,,,,62
2025/9/28,19:45,1350,,,,66
2025/9/28,20:00,1350,,,,58
2025/9/28,20:15,1350,,,,78
2025/9/28,20:30,1350,,,,62
2025/9/28,20:45,1350,,,,66
2025/9/28,21:00,1350,,,,56
2025/9/28,21:15,1350,,,,58
2025/9/28,21:30,1350,,,,62
2025/9/28,21:45,1350,,,,80
2025/9/28,22:00,1350,,,,59
2025/9/28,22:15,1350,,,,64
2025/9/28,22:30,1350,,,,61
2025/9/28,22:45,1350,,,,72
2025/9/28,23:00,1350,,,,78
2025/9/28,23:15,1350,,,,70
2025/9/28,23:30,1350,,,,56
2025/9/28,23:45,1350,,,,59
2025/9/29,00:00,1350,,,,62
2025/9/29,00:15,1350,,,,56
2025/9/29,00:30,1350,,,,66
2025/9/29,00:45,1350,,,,70
2025/9/29,01:00,1350,,,,64
2025/9/29,01:15,1350,,,,56
2025/9/29,01:30,1350,,,,58
2025/9/29,01:45,1350,,,,56
2025/9/29,02:00,1350,,,,74
2025/9/29,02:15,1350,,,,72
2025/9/29,02:30,1350,,,,58
2025/9/29,02:45,1350,,,,56
2025/9/29,03:00,1350,,,,62
2025/9/29,03:15,1350,,,,59
2025/9/29,03:30,1350,,,,59
2025/9/29,03:45,1350,,,,74
2025/9/29,04:00,1350,,,,61
2025/9/29,04:15,1350,,,,64
2025/9/29,04:30,1350,,,,56
2025/9/29,04:45,1350,,,,54
2025/9/29,05:00,1350,,,,62
2025/9/29,05:15,1350,,,,83
2025/9/29,05:30,1350,,,,62
2025/9/29,05:45,1350,,,,54
2025/9/29,06:00,1350,,,,59
2025/9/29,06:15,1350,,,,63
2025/9/29,06:30,1350,,,,60
2025/9/29,06:45,1350,,,,65
2025/9/29,07:00,1350,,,,88
2025/9/29,07:15,1350,,,,73
2025/9/29,07:30,1350,,,,58
2025/9/29,07:45,1350,,,,59
2025/9/29,08:00,1350,,,,65
2025/9/29,08:15,1350,,,,78
2025/9/29,08:30,1350,,,,89
2025/9/29,08:45,1350,,,,73
2025/9/29,09:00,1350,,,,72
2025/9/29,09:15,1350,,80,,
2025/9/29,09:30,1350,,72,,
2025/9/29,09:45,1350,,90,,
2025/9/29,10:00,1350,,87,,
2025/9/29,10:15,1350,,85,,
2025/9/29,10:30,1350,,80,,
2025/9/29,10:45,1350,,80,,
2025/9/29,11:00,1350,,100,,
2025/9/29,11:15,1350,,94,,
2025/9/29,11:30,1350,,82,,
2025/9/29,11:45,1350,,80,,
2025/9/29,12:00,1350,,90,,
2025/9/29,12:15,1350,,104,,
2025/9/29,12:30,1350,,80,,
2025/9/29,12:45,1350,,76,,
2025/9/29,13:00,1350,,80,,
2025/9/29,13:15,1350,,106,,
2025/9/29,13:30,1350,,90,,
2025/9/29,13:45,1350,,76,,
2025/9/29,14:00,1350,,77,,
2025/9/29,14:15,1350,,87,,
2025/9/29,14:30,1350,,107,,
2025/9/29,14:45,1350,,80,,
2025/9/29,15:00,1350,,83,,
2025/9/29,15:15,1350,,78,,
2025/9/29,15:30,1350,,94,,
2025/9/29,15:45,1350,,80,,
2025/9/29,16:00,1350,,63,,
2025/9/29,16:15,1350,65,,,
2025/9/29,16:30,1350,64,,,
2025/9/29,16:45,1350,88,,,
2025/9/29,17:00,1350,75,,,
2025/9/29,17:15,1350,61,,,
2025/9/29,17:30,1350,64,,,
2025/9/29,17:45,1350,62,,,
2025/9/29,18:00,1350,88,,,
2025/9/29,18:15,1350,69,,,
2025/9/29,18:30,1350,59,,,
2025/9/29,18:45,1350,59,,,
2025/9/29,19:00,1350,61,,,
2025/9/29,19:15,1350,83,,,
2025/9/29,19:30,1350,64,,,
2025/9/29,19:45,1350,58,,,
2025/9/29,20:00,1350,59,,,
2025/9/29,20:15,1350,67,,,
2025/9/29,20:30,1350,62,,,
2025/9/29,20:45,1350,75,,,
2025/9/29,21:00,1350,61,,,
2025/9/29,21:15,1350,62,,,
2025/9/29,21:30,1350,61,,,
2025/9/29,21:45,1350,58,,,
2025/9/29,22:00,1350,61,,,
2025/9/29,22:15,1350,,83,,
2025/9/29,22:30,1350,,69,,
2025/9/29,22:45,1350,,64,,
2025/9/29,23:00,1350,,61,,
2025/9/29,23:15,1350,,59,,
2025/9/29,23:30,1350,,66,,
2025/9/29,23:45,1350,,77,,
2025/9/30,00:00,1350,,56,,
2025/9/30,00:15,1350,,,,58
2025/9/30,00:30,1350,,,,61
2025/9/30,00:45,1350,,,,61
2025/9/30,01:00,1350,,,,58
2025/9/30,01:15,1350,,,,74
2025/9/30,01:30,1350,,,,59
2025/9/30,01:45,1350,,,,64
2025/9/30,02:00,1350,,,,54
2025/9/30,02:15,1350,,,,58
2025/9/30,02:30,1350,,,,66
2025/9/30,02:45,1350,,,,80
2025/9/30,03:00,1350,,,,56
2025/9/30,03:15,1350,,,,56
2025/9/30,03:30,1350,,,,54
2025/9/30,03:45,1350,,,,62
2025/9/30,04:00,1350,,,,67
2025/9/30,04:15,1350,,,,72
2025/9/30,04:30,1350,,,,56
2025/9/30,04:45,1350,,,,61
2025/9/30,05:00,1350,,,,62
2025/9/30,05:15,1350,,,,59
2025/9/30,05:30,1350,,,,72
2025/9/30,05:45,1350,,,,67
2025/9/30,06:00,1350,,,,61
2025/9/30,06:15,1350,,,,58
2025/9/30,06:30,1350,,,,63
2025/9/30,06:45,1350,,,,71
2025/9/30,07:00,1350,,,,95
2025/9/30,07:15,1350,,,,146
2025/9/30,07:30,1350,,,,192
2025/9/30,07:45,1350,,,,213
2025/9/30,08:00,1350,,,,246
2025/9/30,08:15,1350,,,,530
2025/9/30,08:30,1350,,,,807
2025/9/30,08:45,1350,,,,882
2025/9/30,09:00,1350,,,,783
2025/9/30,09:15,1350,,758,,
2025/9/30,09:30,1350,,838,,
2025/9/30,09:45,1350,,916,,
2025/9/30,10:00,1350,,858,,
2025/9/30,10:15,1350,,924,,
2025/9/30,10:30,1350,,999,,
2025/9/30,10:45,1350,,988,,
2025/9/30,11:00,1350,,927,,
2025/9/30,11:15,1350,,883,,
2025/9/30,11:30,1350,,876,,
2025/9/30,11:45,1350,,918,,
2025/9/30,12:00,1350,,816,,
2025/9/30,12:15,1350,,656,,
2025/9/30,12:30,1350,,630,,
2025/9/30,12:45,1350,,628,,
2025/9/30,13:00,1350,,884,,
2025/9/30,13:15,1350,,960,,
2025/9/30,13:30,1350,,971,,
2025/9/30,13:45,1350,,967,,
2025/9/30,14:00,1350,,962,,
2025/9/30,14:15,1350,,957,,
2025/9/30,14:30,1350,,934,,
2025/9/30,14:45,1350,,878,,
2025/9/30,15:00,1350,,774,,
2025/9/30,15:15,1350,,778,,
2025/9/30,15:30,1350,,820,,
2025/9/30,15:45,1350,,890,,
2025/9/30,16:00,1350,,857,,
2025/9/30,16:15,1350,673,,,
2025/9/30,16:30,1350,446,,,
2025/9/30,16:45,1350,368,,,
2025/9/30,17:00,1350,331,,,
2025/9/30,17:15,1350,251,,,
2025/9/30,17:30,1350,218,,,
2025/9/30,17:45,1350,217,,,
2025/9/30,18:00,1350,199,,,
2025/9/30,18:15,1350,195,,,
2025/9/30,18:30,1350,200,,,
2025/9/30,18:45,1350,179,,,
2025/9/30,19:00,1350,186,,,
2025/9/30,19:15,1350,173,,,
2025/9/30,19:30,1350,142,,,
2025/9/30,19:45,1350,130,,,
2025/9/30,20:00,1350,138,,,
2025/9/30,20:15,1350,149,,,
2025/9/30,20:30,1350,187,,,
2025/9/30,20:45,1350,133,,,
2025/9/30,21:00,1350,173,,,
2025/9/30,21:15,1350,186,,,
2025/9/30,21:30,1350,190,,,
2025/9/30,21:45,1350,202,,,
2025/9/30,22:00,1350,190,,,
2025/9/30,22:15,1350,,222,,
2025/9/30,22:30,1350,,245,,
2025/9/30,22:45,1350,,269,,
2025/9/30,23:00,1350,,299,,
2025/9/30,23:15,1350,,296,,
2025/9/30,23:30,1350,,288,,
2025/9/30,23:45,1350,,306,,
2025/10/1,00:00,1350,,312,,
2025/10/1,00:15,1350,,,,325
2025/10/1,00:30,1350,,,,341
2025/10/1,00:45,1350,,,,363
2025/10/1,01:00,1350,,,,382
2025/10/1,01:15,1350,,,,440
2025/10/1,01:30,1350,,,,371
2025/10/1,01:45,1350,,,,357
2025/10/1,02:00,1350,,,,360
2025/10/1,02:15,1350,,,,379
2025/10/1,02:30,1350,,,,381
2025/10/1,02:45,1350,,,,352
2025/10/1,03:00,1350,,,,336
2025/10/1,03:15,1350,,,,296
2025/10/1,03:30,1350,,,,280
2025/10/1,03:45,1350,,,,264
2025/10/1,04:00,1350,,,,251
2025/10/1,04:15,1350,,,,251
2025/10/1,04:30,1350,,,,205
2025/10/1,04:45,1350,,,,192
2025/10/1,05:00,1350,,,,187
2025/10/1,05:15,1350,,,,197
2025/10/1,05:30,1350,,,,194
2025/10/1,05:45,1350,,,,200
2025/10/1,06:00,1350,,,,204
2025/10/1,06:15,1350,,,,244
2025/10/1,06:30,1350,,,,194
2025/10/1,06:45,1350,,,,198
2025/10/1,07:00,1350,,,,205
2025/10/1,07:15,1350,,,,230
2025/10/1,07:30,1350,,,,265
2025/10/1,07:45,1350,,,,272
2025/10/1,08:00,1350,,,,316
2025/10/1,08:15,1350,,,,692
2025/10/1,08:30,1350,,,,846
2025/10/1,08:45,1350,,,,950
2025/10/1,09:00,1350,,,,1049
2025/10/1,09:15,1350,,994,,
2025/10/1,09:30,1350,,981,,
2025/10/1,09:45,1350,,1004,,
2025/10/1,10:00,1350,,959,,
2025/10/1,10:15,1350,,982,,
2025/10/1,10:30,1350,,1074,,
2025/10/1,10:45,1350,,1117,,
2025/10/1,11:00,1350,,1125,,
2025/10/1,11:15,1350,,1099,,
2025/10/1,11:30,1350,,1083,,
2025/10/1,11:45,1350,,1097,,
2025/10/1,12:00,1350,,928,,
2025/10/1,12:15,1350,,709,,
2025/10/1,12:30,1350,,673,,
2025/10/1,12:45,1350,,680,,
2025/10/1,13:00,1350,,976,,
2025/10/1,13:15,1350,,1089,,
2025/10/1,13:30,1350,,1090,,
2025/10/1,13:45,1350,,1059,,
2025/10/1,14:00,1350,,1041,,
2025/10/1,14:15,1350,,1004,,
2025/10/1,14:30,1350,,1005,,
2025/10/1,14:45,1350,,991,,
2025/10/1,15:00,1350,,878,,
2025/10/1,15:15,1350,,926,,
2025/10/1,15:30,1350,,1002,,
2025/10/1,15:45,1350,,923,,
2025/10/1,16:00,1350,,862,,
2025/10/1,16:15,1350,586,,,
2025/10/1,16:30,1350,516,,,
2025/10/1,16:45,1350,448,,,
2025/10/1,17:00,1350,391,,,
2025/10/1,17:15,1350,256,,,
2025/10/1,17:30,1350,227,,,
2025/10/1,17:45,1350,282,,,
2025/10/1,18:00,1350,244,,,
2025/10/1,18:15,1350,232,,,
2025/10/1,18:30,1350,234,,,
2025/10/1,18:45,1350,232,,,
2025/10/1,19:00,1350,219,,,
2025/10/1,19:15,1350,203,,,
2025/10/1,19:30,1350,176,,,
2025/10/1,19:45,1350,147,,,
2025/10/1,20:00,1350,142,,,
2025/10/1,20:15,1350,141,,,
2025/10/1,20:30,1350,138,,,
2025/10/1,20:45,1350,141,,,
2025/10/1,21:00,1350,134,,,
2025/10/1,21:15,1350,162,,,
2025/10/1,21:30,1350,139,,,
2025/10/1,21:45,1350,150,,,
2025/10/1,22:00,1350,219,,,
2025/10/1,22:15,1350,,222,,
2025/10/1,22:30,1350,,250,,
2025/10/1,22:45,1350,,262,,
2025/10/1,23:00,1350,,258,,
2025/10/1,23:15,1350,,259,,
2025/10/1,23:30,1350,,261,,
2025/10/1,23:45,1350,,286,,
2025/10/2,00:00,1350,,266,,
2025/10/2,00:15,1350,,,,285
2025/10/2,00:30,1350,,,,275
2025/10/2,00:45,1350,,,,277
2025/10/2,01:00,1350,,,,302
2025/10/2,01:15,1350,,,,269
2025/10/2,01:30,1350,,,,261
2025/10/2,01:45,1350,,,,261
2025/10/2,02:00,1350,,,,278
2025/10/2,02:15,1350,,,,310
2025/10/2,02:30,1350,,,,298
2025/10/2,02:45,1350,,,,275
2025/10/2,03:00,1350,,,,282
2025/10/2,03:15,1350,,,,254
2025/10/2,03:30,1350,,,,219
2025/10/2,03:45,1350,,,,187
2025/10/2,04:00,1350,,,,189
2025/10/2,04:15,1350,,,,182
2025/10/2,04:30,1350,,,,179
2025/10/2,04:45,1350,,,,189
2025/10/2,05:00,1350,,,,181
2025/10/2,05:15,1350,,,,179
2025/10/2,05:30,1350,,,,178
2025/10/2,05:45,1350,,,,179
2025/10/2,06:00,1350,,,,180
2025/10/2,06:15,1350,,,,195
2025/10/2,06:30,1350,,,,186
2025/10/2,06:45,1350,,,,208
2025/10/2,07:00,1350,,,,224
2025/10/2,07:15,1350,,,,236
2025/10/2,07:30,1350,,,,294
2025/10/2,07:45,1350,,,,324
2025/10/2,08:00,1350,,,,329
2025/10/2,08:15,1350,,,,359
2025/10/2,08:30,1350,,,,364
2025/10/2,08:45,1350,,,,476
2025/10/2,09:00,1350,,,,936
2025/10/2,09:15,1350,,1004,,
2025/10/2,09:30,1350,,1013,,
2025/10/2,09:45,1350,,973,,
2025/10/2,10:00,1350,,841,,
2025/10/2,10:15,1350,,877,,
2025/10/2,10:30,1350,,915,,
2025/10/2,10:45,1350,,966,,
2025/10/2,11:00,1350,,977,,
2025/10/2,11:15,1350,,971,,
2025/10/2,11:30,1350,,983,,
2025/10/2,11:45,1350,,1064,,
2025/10/2,12:00,1350,,939,,
2025/10/2,12:15,1350,,741,,
2025/10/2,12:30,1350,,746,,
2025/10/2,12:45,1350,,775,,
2025/10/2,13:00,1350,,1083,,
2025/10/2,13:15,1350,,1140,,
2025/10/2,13:30,1350,,1142,,
2025/10/2,13:45,1350,,1146,,
2025/10/2,14:00,1350,,1220,,
2025/10/2,14:15,1350,,1174,,
2025/10/2,14:30,1350,,1192,,
2025/10/2,14:45,1350,,1224,,
2025/10/2,15:00,1350,,1041,,
2025/10/2,15:15,1350,,1015,,
2025/10/2,15:30,1350,,1053,,
2025/10/2,15:45,1350,,1015,,
2025/10/2,16:00,1350,,970,,
2025/10/2,16:15,1350,632,,,
2025/10/2,16:30,1350,490,,,
2025/10/2,16:45,1350,435,,,
2025/10/2,17:00,1350,404,,,
2025/10/2,17:15,1350,355,,,
2025/10/2,17:30,1350,261,,,
2025/10/2,17:45,1350,258,,,
2025/10/2,18:00,1350,263,,,
2025/10/2,18:15,1350,246,,,
2025/10/2,18:30,1350,243,,,
2025/10/2,18:45,1350,250,,,
2025/10/2,19:00,1350,243,,,
2025/10/2,19:15,1350,224,,,
2025/10/2,19:30,1350,192,,,
2025/10/2,19:45,1350,186,,,
2025/10/2,20:00,1350,184,,,
2025/10/2,20:15,1350,187,,,
2025/10/2,20:30,1350,176,,,
2025/10/2,20:45,1350,168,,,
2025/10/2,21:00,1350,211,,,
2025/10/2,21:15,1350,210,,,
2025/10/2,21:30,1350,147,,,
2025/10/2,21:45,1350,157,,,
2025/10/2,22:00,1350,184,,,
2025/10/2,22:15,1350,,250,,
2025/10/2,22:30,1350,,304,,
2025/10/2,22:45,1350,,296,,
2025/10/2,23:00,1350,,291,,
2025/10/2,23:15,1350,,334,,
2025/10/2,23:30,1350,,378,,
2025/10/2,23:45,1350,,318,,
2025/10/3,00:00,1350,,333,,
2025/10/3,00:15,1350,,,,350
2025/10/3,00:30,1350,,,,386
2025/10/3,00:45,1350,,,,502
2025/10/3,01:00,1350,,,,512
2025/10/3,01:15,1350,,,,502
2025/10/3,01:30,1350,,,,504
2025/10/3,01:45,1350,,,,426
2025/10/3,02:00,1350,,,,390
2025/10/3,02:15,1350,,,,390
2025/10/3,02:30,1350,,,,336
2025/10/3,02:45,1350,,,,304
2025/10/3,03:00,1350,,,,293
2025/10/3,03:15,1350,,,,269
2025/10/3,03:30,1350,,,,250
2025/10/3,03:45,1350,,,,218
2025/10/3,04:00,1350,,,,198
2025/10/3,04:15,1350,,,,176
2025/10/3,04:30,1350,,,,181
2025/10/3,04:45,1350,,,,174
2025/10/3,05:00,1350,,,,171
2025/10/3,05:15,1350,,,,222
2025/10/3,05:30,1350,,,,229
2025/10/3,05:45,1350,,,,226
2025/10/3,06:00,1350,,,,213
2025/10/3,06:15,1350,,,,185
2025/10/3,06:30,1350,,,,191
2025/10/3,06:45,1350,,,,192
2025/10/3,07:00,1350,,,,193
2025/10/3,07:15,1350,,,,186
2025/10/3,07:30,1350,,,,188
2025/10/3,07:45,1350,,,,209
2025/10/3,08:00,1350,,,,215
2025/10/3,08:15,1350,,,,297
2025/10/3,08:30,1350,,,,336
2025/10/3,08:45,1350,,,,342
2025/10/3,09:00,1350,,,,357
2025/10/3,09:15,1350,,389,,
2025/10/3,09:30,1350,,418,,
2025/10/3,09:45,1350,,417,,
2025/10/3,10:00,1350,,413,,
2025/10/3,10:15,1350,,405,,
2025/10/3,10:30,1350,,382,,
2025/10/3,10:45,1350,,388,,
2025/10/3,11:00,1350,,398,,
2025/10/3,11:15,1350,,404,,
2025/10/3,11:30,1350,,397,,
2025/10/3,11:45,1350,,399,,
2025/10/3,12:00,1350,,433,,
2025/10/3,12:15,1350,,411,,
2025/10/3,12:30,1350,,378,,
2025/10/3,12:45,1350,,362,,
2025/10/3,13:00,1350,,364,,
2025/10/3,13:15,1350,,371,,
2025/10/3,13:30,1350,,349,,
2025/10/3,13:45,1350,,363,,
2025/10/3,14:00,1350,,347,,
2025/10/3,14:15,1350,,275,,
2025/10/3,14:30,1350,,252,,
2025/10/3,14:45,1350,,249,,
2025/10/3,15:00,1350,,295,,
2025/10/3,15:15,1350,,230,,
2025/10/3,15:30,1350,,226,,
2025/10/3,15:45,1350,,230,,
2025/10/3,16:00,1350,,207,,
2025/10/3,16:15,1350,201,,,
2025/10/3,16:30,1350,206,,,
2025/10/3,16:45,1350,200,,,
2025/10/3,17:00,1350,158,,,
2025/10/3,17:15,1350,130,,,
2025/10/3,17:30,1350,133,,,
2025/10/3,17:45,1350,134,,,
2025/10/3,18:00,1350,138,,,
2025/10/3,18:15,1350,134,,,
2025/10/3,18:30,1350,110,,,
2025/10/3,18:45,1350,104,,,
2025/10/3,19:00,1350,115,,,
2025/10/3,19:15,1350,115,,,
2025/10/3,19:30,1350,98,,,
2025/10/3,19:45,1350,98,,,
2025/10/3,20:00,1350,107,,,
2025/10/3,20:15,1350,106,,,
2025/10/3,20:30,1350,102,,,
2025/10/3,20:45,1350,104,,,
2025/10/3,21:00,1350,99,,,
2025/10/3,21:15,1350,99,,,
2025/10/3,21:30,1350,110,,,
2025/10/3,21:45,1350,104,,,
2025/10/3,22:00,1350,96,,,
2025/10/3,22:15,1350,,99,,
2025/10/3,22:30,1350,,109,,
2025/10/3,22:45,1350,,107,,
2025/10/3,23:00,1350,,102,,
2025/10/3,23:15,1350,,110,,
2025/10/3,23:30,1350,,107,,
2025/10/3,23:45,1350,,130,,
2025/10/4,00:00,1350,,142,,
2025/10/4,00:15,1350,,,,102
2025/10/4,00:30,1350,,,,99
2025/10/4,00:45,1350,,,,104
2025/10/4,01:00,1350,,,,106
2025/10/4,01:15,1350,,,,98
2025/10/4,01:30,1350,,,,112
2025/10/4,01:45,1350,,,,101
2025/10/4,02:00,1350,,,,104
2025/10/4,02:15,1350,,,,99
2025/10/4,02:30,1350,,,,107
2025/10/4,02:45,1350,,,,109
2025/10/4,03:00,1350,,,,99
2025/10/4,03:15,1350,,,,104
2025/10/4,03:30,1350,,,,98
2025/10/4,03:45,1350,,,,110
2025/10/4,04:00,1350,,,,106
2025/10/4,04:15,1350,,,,107
2025/10/4,04:30,1350,,,,96
2025/10/4,04:45,1350,,,,83
2025/10/4,05:00,1350,,,,88
2025/10/4,05:15,1350,,,,109
2025/10/4,05:30,1350,,,,90
2025/10/4,05:45,1350,,,,83
2025/10/4,06:00,1350,,,,82
2025/10/4,06:15,1350,,,,91
2025/10/4,06:30,1350,,,,98
2025/10/4,06:45,1350,,,,102
2025/10/4,07:00,1350,,,,95
2025/10/4,07:15,1350,,,,92
2025/10/4,07:30,1350,,,,99
2025/10/4,07:45,1350,,,,90
2025/10/4,08:00,1350,,,,112
2025/10/4,08:15,1350,,,,112
2025/10/4,08:30,1350,,,,105
2025/10/4,08:45,1350,,,,101
2025/10/4,09:00,1350,,,77,
2025/10/4,09:15,1350,,,69,
2025/10/4,09:30,1350,,,67,
2025/10/4,09:45,1350,,,74,
2025/10/4,10:00,1350,,,68,
2025/10/4,10:15,1350,,,72,
2025/10/4,10:30,1350,,,79,
2025/10/4,10:45,1350,,,94,
2025/10/4,11:00,1350,,,134,
2025/10/4,11:15,1350,,,96,
2025/10/4,11:30,1350,,,99,
2025/10/4,11:45,1350,,,102,
2025/10/4,12:00,1350,,,108,
2025/10/4,12:15,1350,,,102,
2025/10/4,12:30,1350,,,91,
2025/10/4,12:45,1350,,,67,
2025/10/4,13:00,1350,,,91,
2025/10/4,13:15,1350,,,100,
2025/10/4,13:30,1350,,,145,
2025/10/4,13:45,1350,,,107,
2025/10/4,14:00,1350,,,99,
2025/10/4,14:15,1350,,,103,
2025/10/4,14:30,1350,,,105,
2025/10/4,14:45,1350,,,104,
2025/10/4,15:00,1350,,,86,
2025/10/4,15:15,1350,,,95,
2025/10/4,15:30,1350,,,99,
2025/10/4,15:45,1350,,,92,
2025/10/4,16:00,1350,,,86,
2025/10/4,16:15,1350,,,127,
2025/10/4,16:30,1350,,,113,
2025/10/4,16:45,1350,,,94,
2025/10/4,17:00,1350,,,72,
2025/10/4,17:15,1350,,,64,
2025/10/4,17:30,1350,,,62,
2025/10/4,17:45,1350,,,65,
2025/10/4,18:00,1350,,,62,
2025/10/4,18:15,1350,,,54,
2025/10/4,18:30,1350,,,56,
2025/10/4,18:45,1350,,,53,
2025/10/4,19:00,1350,,,61,
2025/10/4,19:15,1350,,,59,
2025/10/4,19:30,1350,,,53,
2025/10/4,19:45,1350,,,54,
2025/10/4,20:00,1350,,,54,
2025/10/4,20:15,1350,,,66,
2025/10/4,20:30,1350,,,56,
2025/10/4,20:45,1350,,,51,
2025/10/4,21:00,1350,,,53,
2025/10/4,21:15,1350,,,58,
2025/10/4,21:30,1350,,,59,
2025/10/4,21:45,1350,,,53,
2025/10/4,22:00,1350,,,53,
2025/10/4,22:15,1350,,,54,
2025/10/4,22:30,1350,,,59,
2025/10/4,22:45,1350,,,56,
2025/10/4,23:00,1350,,,54,
2025/10/4,23:15,1350,,,53,
2025/10/4,23:30,1350,,,54,
2025/10/4,23:45,1350,,,61,
2025/10/5,00:00,1350,,,51,
2025/10/5,00:15,1350,,,,51
2025/10/5,00:30,1350,,,,53
2025/10/5,00:45,1350,,,,61
2025/10/5,01:00,1350,,,,54
2025/10/5,01:15,1350,,,,51
2025/10/5,01:30,1350,,,,58
2025/10/5,01:45,1350,,,,62
2025/10/5,02:00,1350,,,,64
2025/10/5,02:15,1350,,,,61
2025/10/5,02:30,1350,,,,54
2025/10/5,02:45,1350,,,,53
2025/10/5,03:00,1350,,,,59
2025/10/5,03:15,1350,,,,54
2025/10/5,03:30,1350,,,,51
2025/10/5,03:45,1350,,,,53
2025/10/5,04:00,1350,,,,56
2025/10/5,04:15,1350,,,,59
2025/10/5,04:30,1350,,,,53
2025/10/5,04:45,1350,,,,51
2025/10/5,05:00,1350,,,,58
2025/10/5,05:15,1350,,,,62
2025/10/5,05:30,1350,,,,54
2025/10/5,05:45,1350,,,,53
2025/10/5,06:00,1350,,,,53
2025/10/5,06:15,1350,,,,58
2025/10/5,06:30,1350,,,,52
2025/10/5,06:45,1350,,,,55
2025/10/5,07:00,1350,,,,54
2025/10/5,07:15,1350,,,,58
2025/10/5,07:30,1350,,,,55
2025/10/5,07:45,1350,,,,51
2025/10/5,08:00,1350,,,,53
2025/10/5,08:15,1350,,,,62
2025/10/5,08:30,1350,,,,63
2025/10/5,08:45,1350,,,,58
2025/10/5,09:00,1350,,,,58
2025/10/5,09:15,1350,,,,65
2025/10/5,09:30,1350,,,,62
2025/10/5,09:45,1350,,,,59
2025/10/5,10:00,1350,,,,59
2025/10/5,10:15,1350,,,,73
2025/10/5,10:30,1350,,,,74
2025/10/5,10:45,1350,,,,68
2025/10/5,11:00,1350,,,,64
2025/10/5,11:15,1350,,,,68
2025/10/5,11:30,1350,,,,72
2025/10/5,11:45,1350,,,,63
2025/10/5,12:00,1350,,,,65
2025/10/5,12:15,1350,,,,65
2025/10/5,12:30,1350,,,,70
2025/10/5,12:45,1350,,,,96
2025/10/5,13:00,1350,,,,60
2025/10/5,13:15,1350,,,,61
2025/10/5,13:30,1350,,,,70
2025/10/5,13:45,1350,,,,66
2025/10/5,14:00,1350,,,,59
2025/10/5,14:15,1350,,,,65
2025/10/5,14:30,1350,,,,64
2025/10/5,14:45,1350,,,,74
2025/10/5,15:00,1350,,,,121
2025/10/5,15:15,1350,,,,60
2025/10/5,15:30,1350,,,,60
2025/10/5,15:45,1350,,,,62
2025/10/5,16:00,1350,,,,77
2025/10/5,16:15,1350,,,,65
2025/10/5,16:30,1350,,,,60
2025/10/5,16:45,1350,,,,73
2025/10/5,17:00,1350,,,,64
2025/10/5,17:15,1350,,,,73
2025/10/5,17:30,1350,,,,71
2025/10/5,17:45,1350,,,,65
2025/10/5,18:00,1350,,,,69
2025/10/5,18:15,1350,,,,80
2025/10/5,18:30,1350,,,,62
2025/10/5,18:45,1350,,,,58
2025/10/5,19:00,1350,,,,56
2025/10/5,19:15,1350,,,,66
2025/10/5,19:30,1350,,,,75
2025/10/5,19:45,1350,,,,70
2025/10/5,20:00,1350,,,,59
2025/10/5,20:15,1350,,,,56
2025/10/5,20:30,1350,,,,54
2025/10/5,20:45,1350,,,,75
2025/10/5,21:00,1350,,,,66
2025/10/5,21:15,1350,,,,53
2025/10/5,21:30,1350,,,,53
2025/10/5,21:45,1350,,,,53
2025/10/5,22:00,1350,,,,78
2025/10/5,22:15,1350,,,,62
2025/10/5,22:30,1350,,,,51
2025/10/5,22:45,1350,,,,54
2025/10/5,23:00,1350,,,,59
2025/10/5,23:15,1350,,,,62
2025/10/5,23:30,1350,,,,70
2025/10/5,23:45,1350,,,,54
2025/10/6,00:00,1350,,,,56
2025/10/6,00:15,1350,,,,58
2025/10/6,00:30,1350,,,,53
2025/10/6,00:45,1350,,,,72
2025/10/6,01:00,1350,,,,59
2025/10/6,01:15,1350,,,,59
2025/10/6,01:30,1350,,,,53
2025/10/6,01:45,1350,,,,53
2025/10/6,02:00,1350,,,,56
2025/10/6,02:15,1350,,,,78
2025/10/6,02:30,1350,,,,58
2025/10/6,02:45,1350,,,,51
2025/10/6,03:00,1350,,,,51
2025/10/6,03:15,1350,,,,54
2025/10/6,03:30,1350,,,,74
2025/10/6,03:45,1350,,,,64
2025/10/6,04:00,1350,,,,56
2025/10/6,04:15,1350,,,,56
2025/10/6,04:30,1350,,,,61
2025/10/6,04:45,1350,,,,56
2025/10/6,05:00,1350,,,,69
2025/10/6,05:15,1350,,,,62
2025/10/6,05:30,1350,,,,62
2025/10/6,05:45,1350,,,,61
2025/10/6,06:00,1350,,,,53
2025/10/6,06:15,1350,,,,55
2025/10/6,06:30,1350,,,,69
2025/10/6,06:45,1350,,,,68
2025/10/6,07:00,1350,,,,56
2025/10/6,07:15,1350,,,,56
2025/10/6,07:30,1350,,,,64
2025/10/6,07:45,1350,,,,70
2025/10/6,08:00,1350,,,,77
2025/10/6,08:15,1350,,,,108
2025/10/6,08:30,1350,,,,104
2025/10/6,08:45,1350,,,,134
2025/10/6,09:00,1350,,,,132
2025/10/6,09:15,1350,,,,143
2025/10/6,09:30,1350,,,,157
2025/10/6,09:45,1350,,,,136
2025/10/6,10:00,1350,,,,134
2025/10/6,10:15,1350,,,,128
2025/10/6,10:30,1350,,,,143
2025/10/6,10:45,1350,,,,152
2025/10/6,11:00,1350,,,,128
2025/10/6,11:15,1350,,,,128
2025/10/6,11:30,1350,,,,106
2025/10/6,11:45,1350,,,,133
2025/10/6,12:00,1350,,,,104
2025/10/6,12:15,1350,,,,108
2025/10/6,12:30,1350,,,,92
2025/10/6,12:45,1350,,,,110
2025/10/6,13:00,1350,,,,107
2025/10/6,13:15,1350,,,,101
2025/10/6,13:30,1350,,,,91
2025/10/6,13:45,1350,,,,91
2025/10/6,14:00,1350,,,,122
2025/10/6,14:15,1350,,,,112
2025/10/6,14:30,1350,,,,94
2025/10/6,14:45,1350,,,,87
2025/10/6,15:00,1350,,,,82
2025/10/6,15:15,1350,,,,111
2025/10/6,15:30,1350,,,,101
2025/10/6,15:45,1350,,,,88
2025/10/6,16:00,1350,,,,86
2025/10/6,16:15,1350,,,,81
2025/10/6,16:30,1350,,,,86
2025/10/6,16:45,1350,,,,94
2025/10/6,17:00,1350,,,,94
2025/10/6,17:15,1350,,,,69
2025/10/6,17:30,1350,,,,74
2025/10/6,17:45,1350,,,,74
2025/10/6,18:00,1350,,,,72
2025/10/6,18:15,1350,,,,91
2025/10/6,18:30,1350,,,,70
2025/10/6,18:45,1350,,,,75
2025/10/6,19:00,1350,,,,72
2025/10/6,19:15,1350,,,,69
2025/10/6,19:30,1350,,,,82
2025/10/6,19:45,1350,,,,74
2025/10/6,20:00,1350,,,,80
2025/10/6,20:15,1350,,,,69
2025/10/6,20:30,1350,,,,70
2025/10/6,20:45,1350,,,,80
2025/10/6,21:00,1350,,,,98
2025/10/6,21:15,1350,,,,72
2025/10/6,21:30,1350,,,,69
2025/10/6,21:45,1350,,,,69
2025/10/6,22:00,1350,,,,72
2025/10/6,22:15,1350,,,,94
2025/10/6,22:30,1350,,,,74
2025/10/6,22:45,1350,,,,69
2025/10/6,23:00,1350,,,,69
2025/10/6,23:15,1350,,,,78
2025/10/6,23:30,1350,,,,72
2025/10/6,23:45,1350,,,,85
2025/10/7,00:00,1350,,,,74
2025/10/7,00:15,1350,,,,74
2025/10/7,00:30,1350,,,,75
2025/10/7,00:45,1350,,,,69
2025/10/7,01:00,1350,,,,69
2025/10/7,01:15,1350,,,,88
2025/10/7,01:30,1350,,,,82
2025/10/7,01:45,1350,,,,70
2025/10/7,02:00,1350,,,,69
2025/10/7,02:15,1350,,,,64
2025/10/7,02:30,1350,,,,59
2025/10/7,02:45,1350,,,,77
2025/10/7,03:00,1350,,,,56
2025/10/7,03:15,1350,,,,51
2025/10/7,03:30,1350,,,,54
2025/10/7,03:45,1350,,,,59
2025/10/7,04:00,1350,,,,51
2025/10/7,04:15,1350,,,,74
2025/10/7,04:30,1350,,,,58
2025/10/7,04:45,1350,,,,58
2025/10/7,05:00,1350,,,,54
2025/10/7,05:15,1350,,,,54
2025/10/7,05:30,1350,,,,54
2025/10/7,05:45,1350,,,,82
2025/10/7,06:00,1350,,,,66
2025/10/7,06:15,1350,,,,58
2025/10/7,06:30,1350,,,,59
2025/10/7,06:45,1350,,,,67
2025/10/7,07:00,1350,,,,66
2025/10/7,07:15,1350,,,,199
2025/10/7,07:30,1350,,,,255
2025/10/7,07:45,1350,,,,305
2025/10/7,08:00,1350,,,,346
2025/10/7,08:15,1350,,,,828
2025/10/7,08:30,1350,,,,1091
2025/10/7,08:45,1350,,,,1079
2025/10/7,09:00,1350,,,,1088
2025/10/7,09:15,1350,,1123,,
2025/10/7,09:30,1350,,1187,,
2025/10/7,09:45,1350,,1241,,
2025/10/7,10:00,1350,,1186,,
2025/10/7,10:15,1350,,1224,,
2025/10/7,10:30,1350,,1254,,
2025/10/7,10:45,1350,,1241,,
2025/10/7,11:00,1350,,1260,,
2025/10/7,11:15,1350,,1271,,
2025/10/7,11:30,1350,,1307,,
2025/10/7,11:45,1350,,1352,,
2025/10/7,12:00,1350,,1166,,
2025/10/7,12:15,1350,,865,,
2025/10/7,12:30,1350,,781,,
2025/10/7,12:45,1350,,797,,
2025/10/7,13:00,1350,,1206,,
2025/10/7,13:15,1350,,1294,,
2025/10/7,13:30,1350,,1279,,
2025/10/7,13:45,1350,,1256,,
2025/10/7,14:00,1350,,1263,,
2025/10/7,14:15,1350,,1208,,
2025/10/7,14:30,1350,,1218,,
2025/10/7,14:45,1350,,1255,,
2025/10/7,15:00,1350,,1127,,
2025/10/7,15:15,1350,,1192,,
2025/10/7,15:30,1350,,1219,,
2025/10/7,15:45,1350,,1180,,
2025/10/7,16:00,1350,,1098,,
2025/10/7,16:15,1350,645,,,
2025/10/7,16:30,1350,533,,,
2025/10/7,16:45,1350,528,,,
2025/10/7,17:00,1350,431,,,
2025/10/7,17:15,1350,345,,,
2025/10/7,17:30,1350,309,,,
2025/10/7,17:45,1350,287,,,
2025/10/7,18:00,1350,277,,,
2025/10/7,18:15,1350,274,,,
2025/10/7,18:30,1350,254,,,
2025/10/7,18:45,1350,261,,,
2025/10/7,19:00,1350,230,,,
2025/10/7,19:15,1350,226,,,
2025/10/7,19:30,1350,176,,,
2025/10/7,19:45,1350,173,,,
2025/10/7,20:00,1350,176,,,
2025/10/7,20:15,1350,170,,,
2025/10/7,20:30,1350,168,,,
2025/10/7,20:45,1350,165,,,
2025/10/7,21:00,1350,171,,,
2025/10/7,21:15,1350,221,,,
2025/10/7,21:30,1350,192,,,
2025/10/7,21:45,1350,173,,,
2025/10/7,22:00,1350,210,,,
2025/10/7,22:15,1350,,326,,
2025/10/7,22:30,1350,,309,,
2025/10/7,22:45,1350,,322,,
2025/10/7,23:00,1350,,320,,
2025/10/7,23:15,1350,,374,,
2025/10/7,23:30,1350,,373,,
2025/10/7,23:45,1350,,358,,
2025/10/8,00:00,1350,,392,,
2025/10/8,00:15,1350,,,,395
2025/10/8,00:30,1350,,,,398
2025/10/8,00:45,1350,,,,416
2025/10/8,01:00,1350,,,,437
2025/10/8,01:15,1350,,,,549
2025/10/8,01:30,1350,,,,534
2025/10/8,01:45,1350,,,,466
2025/10/8,02:00,1350,,,,461
2025/10/8,02:15,1350,,,,472
2025/10/8,02:30,1350,,,,541
2025/10/8,02:45,1350,,,,418
2025/10/8,03:00,1350,,,,368
2025/10/8,03:15,1350,,,,342
2025/10/8,03:30,1350,,,,288
2025/10/8,03:45,1350,,,,245
2025/10/8,04:00,1350,,,,226
2025/10/8,04:15,1350,,,,214
2025/10/8,04:30,1350,,,,214
2025/10/8,04:45,1350,,,,210
2025/10/8,05:00,1350,,,,211
2025/10/8,05:15,1350,,,,206
2025/10/8,05:30,1350,,,,222
2025/10/8,05:45,1350,,,,211
2025/10/8,06:00,1350,,,,192
2025/10/8,06:15,1350,,,,186
2025/10/8,06:30,1350,,,,190
2025/10/8,06:45,1350,,,,177
2025/10/8,07:00,1350,,,,217
2025/10/8,07:15,1350,,,,243
2025/10/8,07:30,1350,,,,249
2025/10/8,07:45,1350,,,,335
2025/10/8,08:00,1350,,,,354
2025/10/8,08:15,1350,,,,809
2025/10/8,08:30,1350,,,,1111
2025/10/8,08:45,1350,,,,1138
2025/10/8,09:00,1350,,,,1161
2025/10/8,09:15,1350,,1136,,
2025/10/8,09:30,1350,,1163,,
2025/10/8,09:45,1350,,1248,,
2025/10/8,10:00,1350,,1148,,
2025/10/8,10:15,1350,,1281,,
2025/10/8,10:30,1350,,1346,,
2025/10/8,10:45,1350,,1319,,
2025/10/8,11:00,1350,,1226,,
2025/10/8,11:15,1350,,1148,,
2025/10/8,11:30,1350,,1039,,
2025/10/8,11:45,1350,,1014,,
2025/10/8,12:00,1350,,899,,
2025/10/8,12:15,1350,,730,,
2025/10/8,12:30,1350,,713,,
2025/10/8,12:45,1350,,700,,
2025/10/8,13:00,1350,,1007,,
2025/10/8,13:15,1350,,1139,,
2025/10/8,13:30,1350,,1108,,
2025/10/8,13:45,1350,,1103,,
2025/10/8,14:00,1350,,1151,,
2025/10/8,14:15,1350,,1158,,
2025/10/8,14:30,1350,,1107,,
2025/10/8,14:45,1350,,1059,,
2025/10/8,15:00,1350,,1014,,
2025/10/8,15:15,1350,,1047,,
2025/10/8,15:30,1350,,1007,,
2025/10/8,15:45,1350,,958,,
2025/10/8,16:00,1350,,965,,
2025/10/8,16:15,1350,670,,,
2025/10/8,16:30,1350,577,,,
2025/10/8,16:45,1350,495,,,
2025/10/8,17:00,1350,420,,,
2025/10/8,17:15,1350,328,,,
2025/10/8,17:30,1350,282,,,
2025/10/8,17:45,1350,296,,,
2025/10/8,18:00,1350,277,,,
2025/10/8,18:15,1350,277,,,
2025/10/8,18:30,1350,285,,,
2025/10/8,18:45,1350,264,,,
2025/10/8,19:00,1350,238,,,
2025/10/8,19:15,1350,240,,,
2025/10/8,19:30,1350,192,,,
2025/10/8,19:45,1350,176,,,
2025/10/8,20:00,1350,176,,,
2025/10/8,20:15,1350,179,,,
2025/10/8,20:30,1350,173,,,
2025/10/8,20:45,1350,227,,,
2025/10/8,21:00,1350,242,,,
2025/10/8,21:15,1350,226,,,
2025/10/8,21:30,1350,211,,,
2025/10/8,21:45,1350,214,,,
2025/10/8,22:00,1350,235,,,
2025/10/8,22:15,1350,,294,,
2025/10/8,22:30,1350,,379,,
2025/10/8,22:45,1350,,365,,
2025/10/8,23:00,1350,,347,,
2025/10/8,23:15,1350,,354,,
2025/10/8,23:30,1350,,389,,
2025/10/8,23:45,1350,,418,,
2025/10/9,00:00,1350,,362,,
2025/10/9,00:15,1350,,,,379
2025/10/9,00:30,1350,,,,352
2025/10/9,00:45,1350,,,,346
2025/10/9,01:00,1350,,,,405
2025/10/9,01:15,1350,,,,395
2025/10/9,01:30,1350,,,,422
2025/10/9,01:45,1350,,,,370
2025/10/9,02:00,1350,,,,306
2025/10/9,02:15,1350,,,,280
2025/10/9,02:30,1350,,,,238
2025/10/9,02:45,1350,,,,218
2025/10/9,03:00,1350,,,,226
2025/10/9,03:15,1350,,,,211
2025/10/9,03:30,1350,,,,208
2025/10/9,03:45,1350,,,,197
2025/10/9,04:00,1350,,,,213
2025/10/9,04:15,1350,,,,210
2025/10/9,04:30,1350,,,,195
2025/10/9,04:45,1350,,,,203
2025/10/9,05:00,1350,,,,214
2025/10/9,05:15,1350,,,,219
2025/10/9,05:30,1350,,,,218
2025/10/9,05:45,1350,,,,214
2025/10/9,06:00,1350,,,,230
2025/10/9,06:15,1350,,,,275
2025/10/9,06:30,1350,,,,273
2025/10/9,06:45,1350,,,,279
2025/10/9,07:00,1350,,,,246
2025/10/9,07:15,1350,,,,235
2025/10/9,07:30,1350,,,,277
2025/10/9,07:45,1350,,,,292
2025/10/9,08:00,1350,,,,321
2025/10/9,08:15,1350,,,,759
2025/10/9,08:30,1350,,,,1010
2025/10/9,08:45,1350,,,,986
2025/10/9,09:00,1350,,,,1146
2025/10/9,09:15,1350,,1184,,
2025/10/9,09:30,1350,,1157,,
2025/10/9,09:45,1350,,1209,,
2025/10/9,10:00,1350,,1146,,
2025/10/9,10:15,1350,,1211,,
2025/10/9,10:30,1350,,1228,,
2025/10/9,10:45,1350,,1231,,
2025/10/9,11:00,1350,,1227,,
2025/10/9,11:15,1350,,1246,,
2025/10/9,11:30,1350,,1284,,
2025/10/9,11:45,1350,,1255,,
2025/10/9,12:00,1350,,1050,,
2025/10/9,12:15,1350,,654,,
2025/10/9,12:30,1350,,675,,
2025/10/9,12:45,1350,,683,,
2025/10/9,13:00,1350,,893,,
2025/10/9,13:15,1350,,1016,,
2025/10/9,13:30,1350,,973,,
2025/10/9,13:45,1350,,845,,
2025/10/9,14:00,1350,,820,,
2025/10/9,14:15,1350,,818,,
2025/10/9,14:30,1350,,858,,
2025/10/9,14:45,1350,,882,,
2025/10/9,15:00,1350,,814,,
2025/10/9,15:15,1350,,848,,
2025/10/9,15:30,1350,,893,,
2025/10/9,15:45,1350,,865,,
2025/10/9,16:00,1350,,919,,
2025/10/9,16:15,1350,611,,,
2025/10/9,16:30,1350,408,,,
2025/10/9,16:45,1350,381,,,
2025/10/9,17:00,1350,333,,,
2025/10/9,17:15,1350,265,,,
2025/10/9,17:30,1350,238,,,
2025/10/9,17:45,1350,254,,,
2025/10/9,18:00,1350,278,,,
2025/10/9,18:15,1350,261,,,
2025/10/9,18:30,1350,258,,,
2025/10/9,18:45,1350,248,,,
2025/10/9,19:00,1350,246,,,
2025/10/9,19:15,1350,253,,,
2025/10/9,19:30,1350,203,,,
2025/10/9,19:45,1350,163,,,
2025/10/9,20:00,1350,181,,,
2025/10/9,20:15,1350,182,,,
2025/10/9,20:30,1350,163,,,
2025/10/9,20:45,1350,166,,,
2025/10/9,21:00,1350,178,,,
2025/10/9,21:15,1350,288,,,
2025/10/9,21:30,1350,285,,,
2025/10/9,21:45,1350,270,,,
2025/10/9,22:00,1350,246,,,
2025/10/9,22:15,1350,,363,,
2025/10/9,22:30,1350,,360,,
2025/10/9,22:45,1350,,336,,
2025/10/9,23:00,1350,,398,,
2025/10/9,23:15,1350,,318,,
2025/10/9,23:30,1350,,301,,
2025/10/9,23:45,1350,,336,,
2025/10/10,00:00,1350,,347,,
2025/10/10,00:15,1350,,,,365
2025/10/10,00:30,1350,,,,373
2025/10/10,00:45,1350,,,,397
2025/10/10,01:00,1350,,,,402
2025/10/10,01:15,1350,,,,386
2025/10/10,01:30,1350,,,,368
2025/10/10,01:45,1350,,,,360
2025/10/10,02:00,1350,,,,357
2025/10/10,02:15,1350,,,,341
2025/10/10,02:30,1350,,,,333
2025/10/10,02:45,1350,,,,354
2025/10/10,03:00,1350,,,,338
2025/10/10,03:15,1350,,,,307
2025/10/10,03:30,1350,,,,282
2025/10/10,03:45,1350,,,,267
2025/10/10,04:00,1350,,,,251
2025/10/10,04:15,1350,,,,258
2025/10/10,04:30,1350,,,,258
2025/10/10,04:45,1350,,,,266
2025/10/10,05:00,1350,,,,189
2025/10/10,05:15,1350,,,,181
2025/10/10,05:30,1350,,,,179
2025/10/10,05:45,1350,,,,190
2025/10/10,06:00,1350,,,,178
2025/10/10,06:15,1350,,,,161
2025/10/10,06:30,1350,,,,177
2025/10/10,06:45,1350,,,,189
2025/10/10,07:00,1350,,,,164
2025/10/10,07:15,1350,,,,169
2025/10/10,07:30,1350,,,,174
2025/10/10,07:45,1350,,,,166
2025/10/10,08:00,1350,,,,172
2025/10/10,08:15,1350,,,,195
2025/10/10,08:30,1350,,,,186
2025/10/10,08:45,1350,,,,185
2025/10/10,09:00,1350,,,,197
2025/10/10,09:15,1350,,,,196
2025/10/10,09:30,1350,,,,216
2025/10/10,09:45,1350,,,,188
2025/10/10,10:00,1350,,,,191
2025/10/10,10:15,1350,,,,177
2025/10/10,10:30,1350,,,,202
2025/10/10,10:45,1350,,,,207
2025/10/10,11:00,1350,,,,201
2025/10/10,11:15,1350,,,,200
2025/10/10,11:30,1350,,,,232
2025/10/10,11:45,1350,,,,228
2025/10/10,12:00,1350,,,,224
2025/10/10,12:15,1350,,,,222
2025/10/10,12:30,1350,,,,213
2025/10/10,12:45,1350,,,,229
2025/10/10,13:00,1350,,,,199
2025/10/10,13:15,1350,,,,200
2025/10/10,13:30,1350,,,,223
2025/10/10,13:45,1350,,,,217
2025/10/10,14:00,1350,,,,223
2025/10/10,14:15,1350,,,,216
2025/10/10,14:30,1350,,,,202
2025/10/10,14:45,1350,,,,186
2025/10/10,15:00,1350,,,,171
2025/10/10,15:15,1350,,,,160
2025/10/10,15:30,1350,,,,152
2025/10/10,15:45,1350,,,,175
2025/10/10,16:00,1350,,,,181
2025/10/10,16:15,1350,,,,180
2025/10/10,16:30,1350,,,,152
2025/10/10,16:45,1350,,,,153
2025/10/10,17:00,1350,,,,161
2025/10/10,17:15,1350,,,,186
2025/10/10,17:30,1350,,,,174
2025/10/10,17:45,1350,,,,165
2025/10/10,18:00,1350,,,,168
2025/10/10,18:15,1350,,,,160
2025/10/10,18:30,1350,,,,174
2025/10/10,18:45,1350,,,,154
2025/10/10,19:00,1350,,,,149
2025/10/10,19:15,1350,,,,139
2025/10/10,19:30,1350,,,,125
2025/10/10,19:45,1350,,,,154
2025/10/10,20:00,1350,,,,125
2025/10/10,20:15,1350,,,,117
2025/10/10,20:30,1350,,,,115
2025/10/10,20:45,1350,,,,114
2025/10/10,21:00,1350,,,,134
2025/10/10,21:15,1350,,,,134
2025/10/10,21:30,1350,,,,118
2025/10/10,21:45,1350,,,,125
2025/10/10,22:00,1350,,,,118
2025/10/10,22:15,1350,,,,136
2025/10/10,22:30,1350,,,,155
2025/10/10,22:45,1350,,,,123
2025/10/10,23:00,1350,,,,125
2025/10/10,23:15,1350,,,,128
2025/10/10,23:30,1350,,,,123
2025/10/10,23:45,1350,,,,114
2025/10/11,00:00,1350,,,,152
2025/10/11,00:15,1350,,,,136
2025/10/11,00:30,1350,,,,130
2025/10/11,00:45,1350,,,,118
2025/10/11,01:00,1350,,,,118
2025/10/11,01:15,1350,,,,123
2025/10/11,01:30,1350,,,,125
2025/10/11,01:45,1350,,,,117
2025/10/11,02:00,1350,,,,118
2025/10/11,02:15,1350,,,,114
2025/10/11,02:30,1350,,,,114
2025/10/11,02:45,1350,,,,133
2025/10/11,03:00,1350,,,,125
2025/10/11,03:15,1350,,,,115
2025/10/11,03:30,1350,,,,96
2025/10/11,03:45,1350,,,,122
2025/10/11,04:00,1350,,,,118
2025/10/11,04:15,1350,,,,133
2025/10/11,04:30,1350,,,,109
2025/10/11,04:45,1350,,,,120
2025/10/11,05:00,1350,,,,109
2025/10/11,05:15,1350,,,,120
2025/10/11,05:30,1350,,,,130
2025/10/11,05:45,1350,,,,123
2025/10/11,06:00,1350,,,,106
2025/10/11,06:15,1350,,,,116
2025/10/11,06:30,1350,,,,128
2025/10/11,06:45,1350,,,,113
2025/10/11,07:00,1350,,,,148
2025/10/11,07:15,1350,,,,116
2025/10/11,07:30,1350,,,,138
2025/10/11,07:45,1350,,,,114
2025/10/11,08:00,1350,,,,136
2025/10/11,08:15,1350,,,,113
2025/10/11,08:30,1350,,,,120
2025/10/11,08:45,1350,,,,139
2025/10/11,09:00,1350,,,123,
2025/10/11,09:15,1350,,,117,
2025/10/11,09:30,1350,,,122,
2025/10/11,09:45,1350,,,137,
2025/10/11,10:00,1350,,,116,
2025/10/11,10:15,1350,,,114,
2025/10/11,10:30,1350,,,114,
2025/10/11,10:45,1350,,,136,
2025/10/11,11:00,1350,,,130,
2025/10/11,11:15,1350,,,122,
2025/10/11,11:30,1350,,,123,
2025/10/11,11:45,1350,,,130,
2025/10/11,12:00,1350,,,139,
2025/10/11,12:15,1350,,,132,
2025/10/11,12:30,1350,,,124,
2025/10/11,12:45,1350,,,128,
2025/10/11,13:00,1350,,,141,
2025/10/11,13:15,1350,,,129,
2025/10/11,13:30,1350,,,131,
2025/10/11,13:45,1350,,,128,
2025/10/11,14:00,1350,,,130,
2025/10/11,14:15,1350,,,148,
2025/10/11,14:30,1350,,,133,
2025/10/11,14:45,1350,,,130,
2025/10/11,15:00,1350,,,118,
2025/10/11,15:15,1350,,,107,
2025/10/11,15:30,1350,,,119,
2025/10/11,15:45,1350,,,117,
2025/10/11,16:00,1350,,,116,
2025/10/11,16:15,1350,,,110,
2025/10/11,16:30,1350,,,126,
2025/10/11,16:45,1350,,,114,
2025/10/11,17:00,1350,,,95,
2025/10/11,17:15,1350,,,84,
2025/10/11,17:30,1350,,,78,
2025/10/11,17:45,1350,,,97,
2025/10/11,18:00,1350,,,80,
2025/10/11,18:15,1350,,,83,
2025/10/11,18:30,1350,,,78,
2025/10/11,18:45,1350,,,74,
2025/10/11,19:00,1350,,,93,
2025/10/11,19:15,1350,,,85,
2025/10/11,19:30,1350,,,83,
2025/10/11,19:45,1350,,,77,
2025/10/11,20:00,1350,,,66,
2025/10/11,20:15,1350,,,59,
2025/10/11,20:30,1350,,,85,
2025/10/11,20:45,1350,,,70,
2025/10/11,21:00,1350,,,59,
2025/10/11,21:15,1350,,,61,
2025/10/11,21:30,1350,,,67,
2025/10/11,21:45,1350,,,75,
2025/10/11,22:00,1350,,,85,
2025/10/11,22:15,1350,,,62,
2025/10/11,22:30,1350,,,61,
2025/10/11,22:45,1350,,,67,
2025/10/11,23:00,1350,,,66,
2025/10/11,23:15,1350,,,59,
2025/10/11,23:30,1350,,,74,
2025/10/11,23:45,1350,,,66,
2025/10/12,00:00,1350,,,64,
2025/10/12,00:15,1350,,,,59
2025/10/12,00:30,1350,,,,59
2025/10/12,00:45,1350,,,,58
2025/10/12,01:00,1350,,,,72
2025/10/12,01:15,1350,,,,78
2025/10/12,01:30,1350,,,,59
2025/10/12,01:45,1350,,,,59
2025/10/12,02:00,1350,,,,64
2025/10/12,02:15,1350,,,,66
2025/10/12,02:30,1350,,,,58
2025/10/12,02:45,1350,,,,77
2025/10/12,03:00,1350,,,,64
2025/10/12,03:15,1350,,,,66
2025/10/12,03:30,1350,,,,59
2025/10/12,03:45,1350,,,,59
2025/10/12,04:00,1350,,,,58
2025/10/12,04:15,1350,,,,69
2025/10/12,04:30,1350,,,,80
2025/10/12,04:45,1350,,,,61
2025/10/12,05:00,1350,,,,62
2025/10/12,05:15,1350,,,,69
2025/10/12,05:30,1350,,,,64
2025/10/12,05:45,1350,,,,59
2025/10/12,06:00,1350,,,,58
2025/10/12,06:15,1350,,,,74
2025/10/12,06:30,1350,,,,77
2025/10/12,06:45,1350,,,,69
2025/10/12,07:00,1350,,,,69
2025/10/12,07:15,1350,,,,66
2025/10/12,07:30,1350,,,,69
2025/10/12,07:45,1350,,,,66
2025/10/12,08:00,1350,,,,78
2025/10/12,08:15,1350,,,,70
2025/10/12,08:30,1350,,,,72
2025/10/12,08:45,1350,,,,74
2025/10/12,09:00,1350,,,,69
2025/10/12,09:15,1350,,,,67
2025/10/12,09:30,1350,,,,86
2025/10/12,09:45,1350,,,,79
2025/10/12,10:00,1350,,,,69
2025/10/12,10:15,1350,,,,60
2025/10/12,10:30,1350,,,,67
2025/10/12,10:45,1350,,,,91
2025/10/12,11:00,1350,,,,77
2025/10/12,11:15,1350,,,,72
2025/10/12,11:30,1350,,,,70
2025/10/12,11:45,1350,,,,89
2025/10/12,12:00,1350,,,,86
2025/10/12,12:15,1350,,,,71
2025/10/12,12:30,1350,,,,64
2025/10/12,12:45,1350,,,,71
2025/10/12,13:00,1350,,,,92
2025/10/12,13:15,1350,,,,80
2025/10/12,13:30,1350,,,,68
2025/10/12,13:45,1350,,,,65
2025/10/12,14:00,1350,,,,87
2025/10/12,14:15,1350,,,,84
2025/10/12,14:30,1350,,,,72
2025/10/12,14:45,1350,,,,68
2025/10/12,15:00,1350,,,,70
2025/10/12,15:15,1350,,,,86
2025/10/12,15:30,1350,,,,77
2025/10/12,15:45,1350,,,,68
2025/10/12,16:00,1350,,,,73
2025/10/12,16:15,1350,,,,87
2025/10/12,16:30,1350,,,,87
2025/10/12,16:45,1350,,,,72
2025/10/12,17:00,1350,,,,64
2025/10/12,17:15,1350,,,,66
2025/10/12,17:30,1350,,,,85
2025/10/12,17:45,1350,,,,78
2025/10/12,18:00,1350,,,,64
2025/10/12,18:15,1350,,,,59
2025/10/12,18:30,1350,,,,62
2025/10/12,18:45,1350,,,,72
2025/10/12,19:00,1350,,,,83
2025/10/12,19:15,1350,,,,62
2025/10/12,19:30,1350,,,,61
2025/10/12,19:45,1350,,,,64
2025/10/12,20:00,1350,,,,69
2025/10/12,20:15,1350,,,,70
2025/10/12,20:30,1350,,,,74
2025/10/12,20:45,1350,,,,59
2025/10/12,21:00,1350,,,,67
2025/10/12,21:15,1350,,,,66
2025/10/12,21:30,1350,,,,58
2025/10/12,21:45,1350,,,,59
2025/10/12,22:00,1350,,,,82
2025/10/12,22:15,1350,,,,69
2025/10/12,22:30,1350,,,,59
2025/10/12,22:45,1350,,,,61
2025/10/12,23:00,1350,,,,62
2025/10/12,23:15,1350,,,,67
2025/10/12,23:30,1350,,,,69
2025/10/12,23:45,1350,,,,70
2025/10/13,00:00,1350,,,,58
2025/10/13,00:15,1350,,,,66
2025/10/13,00:30,1350,,,,62
2025/10/13,00:45,1350,,,,59
2025/10/13,01:00,1350,,,,61
2025/10/13,01:15,1350,,,,86
2025/10/13,01:30,1350,,,,75
2025/10/13,01:45,1350,,,,66
2025/10/13,02:00,1350,,,,62
2025/10/13,02:15,1350,,,,69
2025/10/13,02:30,1350,,,,62
2025/10/13,02:45,1350,,,,59
2025/10/13,03:00,1350,,,,77
2025/10/13,03:15,1350,,,,66
2025/10/13,03:30,1350,,,,66
2025/10/13,03:45,1350,,,,59
2025/10/13,04:00,1350,,,,58
2025/10/13,04:15,1350,,,,61
2025/10/13,04:30,1350,,,,64
2025/10/13,04:45,1350,,,,75
2025/10/13,05:00,1350,,,,66
2025/10/13,05:15,1350,,,,64
2025/10/13,05:30,1350,,,,64
2025/10/13,05:45,1350,,,,58
2025/10/13,06:00,1350,,,,58
2025/10/13,06:15,1350,,,,62
2025/10/13,06:30,1350,,,,76
2025/10/13,06:45,1350,,,,79
2025/10/13,07:00,1350,,,,77
2025/10/13,07:15,1350,,,,98
2025/10/13,07:30,1350,,,,125
2025/10/13,07:45,1350,,,,145
2025/10/13,08:00,1350,,,,184
2025/10/13,08:15,1350,,,,680
2025/10/13,08:30,1350,,,,1008
2025/10/13,08:45,1350,,,,1053
2025/10/13,09:00,1350,,,,1049
2025/10/13,09:15,1350,,1040,,
2025/10/13,09:30,1350,,1052,,
2025/10/13,09:45,1350,,1052,,
2025/10/13,10:00,1350,,953,,
2025/10/13,10:15,1350,,1022,,
2025/10/13,10:30,1350,,1122,,
2025/10/13,10:45,1350,,1096,,
2025/10/13,11:00,1350,,1057,,
2025/10/13,11:15,1350,,1021,,
2025/10/13,11:30,1350,,1035,,
2025/10/13,11:45,1350,,1042,,
2025/10/13,12:00,1350,,780,,
2025/10/13,12:15,1350,,549,,
2025/10/13,12:30,1350,,480,,
2025/10/13,12:45,1350,,498,,
2025/10/13,13:00,1350,,816,,
2025/10/13,13:15,1350,,974,,
2025/10/13,13:30,1350,,1002,,
2025/10/13,13:45,1350,,982,,
2025/10/13,14:00,1350,,1014,,
2025/10/13,14:15,1350,,980,,
2025/10/13,14:30,1350,,944,,
2025/10/13,14:45,1350,,916,,
2025/10/13,15:00,1350,,833,,
2025/10/13,15:15,1350,,806,,
2025/10/13,15:30,1350,,850,,
2025/10/13,15:45,1350,,847,,
2025/10/13,16:00,1350,,785,,
2025/10/13,16:15,1350,463,,,
2025/10/13,16:30,1350,363,,,
2025/10/13,16:45,1350,354,,,
2025/10/13,17:00,1350,289,,,
2025/10/13,17:15,1350,201,,,
2025/10/13,17:30,1350,191,,,
2025/10/13,17:45,1350,189,,,
2025/10/13,18:00,1350,186,,,
2025/10/13,18:15,1350,203,,,
2025/10/13,18:30,1350,208,,,
2025/10/13,18:45,1350,206,,,
2025/10/13,19:00,1350,200,,,
2025/10/13,19:15,1350,194,,,
2025/10/13,19:30,1350,152,,,
2025/10/13,19:45,1350,133,,,
2025/10/13,20:00,1350,136,,,
2025/10/13,20:15,1350,139,,,
2025/10/13,20:30,1350,134,,,
2025/10/13,20:45,1350,136,,,
2025/10/13,21:00,1350,141,,,
2025/10/13,21:15,1350,142,,,
2025/10/13,21:30,1350,152,,,
2025/10/13,21:45,1350,258,,,
2025/10/13,22:00,1350,352,,,
2025/10/13,22:15,1350,,360,,
2025/10/13,22:30,1350,,355,,
2025/10/13,22:45,1350,,368,,
2025/10/13,23:00,1350,,354,,
2025/10/13,23:15,1350,,342,,
2025/10/13,23:30,1350,,384,,
2025/10/13,23:45,1350,,384,,
2025/10/14,00:00,1350,,384,,
2025/10/14,00:15,1350,,,,389
2025/10/14,00:30,1350,,,,381
2025/10/14,00:45,1350,,,,414
2025/10/14,01:00,1350,,,,411
2025/10/14,01:15,1350,,,,413
2025/10/14,01:30,1350,,,,371
2025/10/14,01:45,1350,,,,346
2025/10/14,02:00,1350,,,,213
2025/10/14,02:15,1350,,,,197
2025/10/14,02:30,1350,,,,213
2025/10/14,02:45,1350,,,,213
2025/10/14,03:00,1350,,,,198
2025/10/14,03:15,1350,,,,189
2025/10/14,03:30,1350,,,,182
2025/10/14,03:45,1350,,,,173
2025/10/14,04:00,1350,,,,168
2025/10/14,04:15,1350,,,,174
2025/10/14,04:30,1350,,,,173
2025/10/14,04:45,1350,,,,149
2025/10/14,05:00,1350,,,,155
2025/10/14,05:15,1350,,,,155
2025/10/14,05:30,1350,,,,149
2025/10/14,05:45,1350,,,,150
2025/10/14,06:00,1350,,,,170
2025/10/14,06:15,1350,,,,176
2025/10/14,06:30,1350,,,,187
2025/10/14,06:45,1350,,,,197
2025/10/14,07:00,1350,,,,206
2025/10/14,07:15,1350,,,,207
2025/10/14,07:30,1350,,,,249
2025/10/14,07:45,1350,,,,270
2025/10/14,08:00,1350,,,,353
2025/10/14,08:15,1350,,,,885
2025/10/14,08:30,1350,,,,1110
2025/10/14,08:45,1350,,,,1140
2025/10/14,09:00,1350,,,,1097
2025/10/14,09:15,1350,,1146,,
2025/10/14,09:30,1350,,1128,,
2025/10/14,09:45,1350,,1157,,
2025/10/14,10:00,1350,,1081,,
2025/10/14,10:15,1350,,1138,,
2025/10/14,10:30,1350,,1221,,
2025/10/14,10:45,1350,,1245,,
2025/10/14,11:00,1350,,1280,,
2025/10/14,11:15,1350,,1283,,
2025/10/14,11:30,1350,,1293,,
2025/10/14,11:45,1350,,1319,,
2025/10/14,12:00,1350,,1112,,
2025/10/14,12:15,1350,,818,,
2025/10/14,12:30,1350,,788,,
2025/10/14,12:45,1350,,793,,
2025/10/14,13:00,1350,,1174,,
2025/10/14,13:15,1350,,1230,,
2025/10/14,13:30,1350,,1229,,
2025/10/14,13:45,1350,,1144,,
2025/10/14,14:00,1350,,1106,,
2025/10/14,14:15,1350,,1018,,
2025/10/14,14:30,1350,,928,,
2025/10/14,14:45,1350,,850,,
2025/10/14,15:00,1350,,785,,
2025/10/14,15:15,1350,,810,,
2025/10/14,15:30,1350,,823,,
2025/10/14,15:45,1350,,818,,
2025/10/14,16:00,1350,,808,,
2025/10/14,16:15,1350,753,,,
2025/10/14,16:30,1350,620,,,
2025/10/14,16:45,1350,531,,,
2025/10/14,17:00,1350,428,,,
2025/10/14,17:15,1350,325,,,
2025/10/14,17:30,1350,348,,,
2025/10/14,17:45,1350,324,,,
2025/10/14,18:00,1350,285,,,
2025/10/14,18:15,1350,341,,,
2025/10/14,18:30,1350,299,,,
2025/10/14,18:45,1350,262,,,
2025/10/14,19:00,1350,288,,,
2025/10/14,19:15,1350,243,,,
2025/10/14,19:30,1350,210,,,
2025/10/14,19:45,1350,251,,,
2025/10/14,20:00,1350,221,,,
2025/10/14,20:15,1350,210,,,
2025/10/14,20:30,1350,253,,,
2025/10/14,20:45,1350,214,,,
2025/10/14,21:00,1350,264,,,
2025/10/14,21:15,1350,310,,,
2025/10/14,21:30,1350,258,,,
2025/10/14,21:45,1350,230,,,
2025/10/14,22:00,1350,344,,,
2025/10/14,22:15,1350,,325,,
2025/10/14,22:30,1350,,322,,
2025/10/14,22:45,1350,,406,,
2025/10/14,23:00,1350,,370,,
2025/10/14,23:15,1350,,350,,
2025/10/14,23:30,1350,,413,,
2025/10/14,23:45,1350,,405,,
2025/10/15,00:00,1350,,395,,
2025/10/15,00:15,1350,,,,467
2025/10/15,00:30,1350,,,,477
2025/10/15,00:45,1350,,,,432
2025/10/15,01:00,1350,,,,370
2025/10/15,01:15,1350,,,,371
2025/10/15,01:30,1350,,,,342
2025/10/15,01:45,1350,,,,357
2025/10/15,02:00,1350,,,,390
2025/10/15,02:15,1350,,,,370
2025/10/15,02:30,1350,,,,363
2025/10/15,02:45,1350,,,,333
2025/10/15,03:00,1350,,,,309
2025/10/15,03:15,1350,,,,282
2025/10/15,03:30,1350,,,,258
2025/10/15,03:45,1350,,,,227
2025/10/15,04:00,1350,,,,222
2025/10/15,04:15,1350,,,,219
2025/10/15,04:30,1350,,,,179
2025/10/15,04:45,1350,,,,166
2025/10/15,05:00,1350,,,,168
2025/10/15,05:15,1350,,,,170
2025/10/15,05:30,1350,,,,173
2025/10/15,05:45,1350,,,,176
2025/10/15,06:00,1350,,,,173
2025/10/15,06:15,1350,,,,195
2025/10/15,06:30,1350,,,,195
2025/10/15,06:45,1350,,,,174
2025/10/15,07:00,1350,,,,174
2025/10/15,07:15,1350,,,,195
2025/10/15,07:30,1350,,,,245
2025/10/15,07:45,1350,,,,258
2025/10/15,08:00,1350,,,,364
2025/10/15,08:15,1350,,,,821
2025/10/15,08:30,1350,,,,1057
2025/10/15,08:45,1350,,,,1142
2025/10/15,09:00,1350,,,,1131
2025/10/15,09:15,1350,,1123,,
2025/10/15,09:30,1350,,1133,,
2025/10/15,09:45,1350,,1149,,
2025/10/15,10:00,1350,,1029,,
2025/10/15,10:15,1350,,1053,,
2025/10/15,10:30,1350,,1056,,
2025/10/15,10:45,1350,,1056,,
2025/10/15,11:00,1350,,1137,,
2025/10/15,11:15,1350,,1114,,
2025/10/15,11:30,1350,,1139,,
2025/10/15,11:45,1350,,1125,,
2025/10/15,12:00,1350,,907,,
2025/10/15,12:15,1350,,621,,
2025/10/15,12:30,1350,,559,,
2025/10/15,12:45,1350,,585,,
2025/10/15,13:00,1350,,845,,
2025/10/15,13:15,1350,,952,,
2025/10/15,13:30,1350,,896,,
2025/10/15,13:45,1350,,868,,
2025/10/15,14:00,1350,,876,,
2025/10/15,14:15,1350,,903,,
2025/10/15,14:30,1350,,862,,
2025/10/15,14:45,1350,,833,,
2025/10/15,15:00,1350,,805,,
2025/10/15,15:15,1350,,845,,
2025/10/15,15:30,1350,,860,,
2025/10/15,15:45,1350,,852,,
2025/10/15,16:00,1350,,803,,
2025/10/15,16:15,1350,471,,,
2025/10/15,16:30,1350,394,,,
2025/10/15,16:45,1350,378,,,
2025/10/15,17:00,1350,317,,,
2025/10/15,17:15,1350,243,,,
2025/10/15,17:30,1350,216,,,
2025/10/15,17:45,1350,249,,,
2025/10/15,18:00,1350,234,,,
2025/10/15,18:15,1350,221,,,
2025/10/15,18:30,1350,224,,,
2025/10/15,18:45,1350,227,,,
2025/10/15,19:00,1350,216,,,
2025/10/15,19:15,1350,190,,,
2025/10/15,19:30,1350,154,,,
2025/10/15,19:45,1350,134,,,
2025/10/15,20:00,1350,150,,,
2025/10/15,20:15,1350,168,,,
2025/10/15,20:30,1350,211,,,
2025/10/15,20:45,1350,162,,,
2025/10/15,21:00,1350,150,,,
2025/10/15,21:15,1350,152,,,
2025/10/15,21:30,1350,154,,,
2025/10/15,21:45,1350,158,,,
2025/10/15,22:00,1350,176,,,
2025/10/15,22:15,1350,,195,,
2025/10/15,22:30,1350,,243,,
2025/10/15,22:45,1350,,178,,
2025/10/15,23:00,1350,,181,,
2025/10/15,23:15,1350,,165,,
2025/10/15,23:30,1350,,166,,
2025/10/15,23:45,1350,,168,,
2025/10/16,00:00,1350,,171,,
2025/10/16,00:15,1350,,,,184
2025/10/16,00:30,1350,,,,222
2025/10/16,00:45,1350,,,,166
2025/10/16,01:00,1350,,,,133
2025/10/16,01:15,1350,,,,138
2025/10/16,01:30,1350,,,,141
2025/10/16,01:45,1350,,,,131
2025/10/16,02:00,1350,,,,133
2025/10/16,02:15,1350,,,,130
2025/10/16,02:30,1350,,,,126
2025/10/16,02:45,1350,,,,130
2025/10/16,03:00,1350,,,,122
2025/10/16,03:15,1350,,,,117
2025/10/16,03:30,1350,,,,118
2025/10/16,03:45,1350,,,,102
2025/10/16,04:00,1350,,,,99
2025/10/16,04:15,1350,,,,104
2025/10/16,04:30,1350,,,,102
2025/10/16,04:45,1350,,,,96
2025/10/16,05:00,1350,,,,99
2025/10/16,05:15,1350,,,,106
2025/10/16,05:30,1350,,,,101
2025/10/16,05:45,1350,,,,94
2025/10/16,06:00,1350,,,,104
2025/10/16,06:15,1350,,146,,
2025/10/16,06:30,1350,,164,,
2025/10/16,06:45,1350,,186,,
2025/10/16,07:00,1350,,189,,
2025/10/16,07:15,1350,,199,,
2025/10/16,07:30,1350,,242,,
2025/10/16,07:45,1350,,250,,
2025/10/16,08:00,1350,,320,,
2025/10/16,08:15,1350,,782,,
2025/10/16,08:30,1350,,1016,,
2025/10/16,08:45,1350,,1046,,
2025/10/16,09:00,1350,,1062,,
2025/10/16,09:15,1350,,1078,,
2025/10/16,09:30,1350,,1101,,
2025/10/16,09:45,1350,,1035,,
2025/10/16,10:00,1350,,870,,
2025/10/16,10:15,1350,,938,,
2025/10/16,10:30,1350,,1082,,
2025/10/16,10:45,1350,,1182,,
2025/10/16,11:00,1350,,1172,,
2025/10/16,11:15,1350,,,,1138
2025/10/16,11:30,1350,,,,1157
2025/10/16,11:45,1350,,,,1140
2025/10/16,12:00,1350,,,,925
2025/10/16,12:15,1350,,,,686
2025/10/16,12:30,1350,,,,622
2025/10/16,12:45,1350,,,,655
2025/10/16,13:00,1350,,,,1008
2025/10/16,13:15,1350,,,,1149
2025/10/16,13:30,1350,,,,1149
2025/10/16,13:45,1350,,,,1144
2025/10/16,14:00,1350,,,,1152
2025/10/16,14:15,1350,,1093,,
2025/10/16,14:30,1350,,1095,,
2025/10/16,14:45,1350,,952,,
2025/10/16,15:00,1350,,821,,
2025/10/16,15:15,1350,,890,,
2025/10/16,15:30,1350,,984,,
2025/10/16,15:45,1350,,998,,
2025/10/16,16:00,1350,,943,,
2025/10/16,16:15,1350,,871,,
2025/10/16,16:30,1350,,789,,
2025/10/16,16:45,1350,,528,,
2025/10/16,17:00,1350,,403,,
2025/10/16,17:15,1350,,325,,
2025/10/16,17:30,1350,,329,,
2025/10/16,17:45,1350,,427,,
2025/10/16,18:00,1350,,494,,
2025/10/16,18:15,1350,,451,,
2025/10/16,18:30,1350,,451,,
2025/10/16,18:45,1350,,458,,
2025/10/16,19:00,1350,,414,,
2025/10/16,19:15,1350,,373,,
2025/10/16,19:30,1350,,379,,
2025/10/16,19:45,1350,,373,,
2025/10/16,20:00,1350,,352,,
2025/10/16,20:15,1350,,374,,
2025/10/16,20:30,1350,,442,,
2025/10/16,20:45,1350,,413,,
2025/10/16,21:00,1350,,307,,
2025/10/16,21:15,1350,,350,,
2025/10/16,21:30,1350,,371,,
2025/10/16,21:45,1350,,336,,
2025/10/16,22:00,1350,,259,,
2025/10/16,22:15,1350,,202,,
2025/10/16,22:30,1350,,197,,
2025/10/16,22:45,1350,,229,,
2025/10/16,23:00,1350,,258,,
2025/10/16,23:15,1350,,147,,
2025/10/16,23:30,1350,,134,,
2025/10/16,23:45,1350,,120,,
2025/10/17,00:00,1350,,125,,
2025/10/17,00:15,1350,,,,131
2025/10/17,00:30,1350,,,,123
2025/10/17,00:45,1350,,,,123
2025/10/17,01:00,1350,,,,120
2025/10/17,01:15,1350,,,,155
2025/10/17,01:30,1350,,,,133
2025/10/17,01:45,1350,,,,101
2025/10/17,02:00,1350,,,,101
2025/10/17,02:15,1350,,,,99
2025/10/17,02:30,1350,,,,99
2025/10/17,02:45,1350,,,,99
2025/10/17,03:00,1350,,,,96
2025/10/17,03:15,1350,,,,96
2025/10/17,03:30,1350,,,,99
2025/10/17,03:45,1350,,,,82
2025/10/17,04:00,1350,,,,86
2025/10/17,04:15,1350,,,,85
2025/10/17,04:30,1350,,,,77
2025/10/17,04:45,1350,,,,77
2025/10/17,05:00,1350,,,,93
2025/10/17,05:15,1350,,,,88
2025/10/17,05:30,1350,,,,80
2025/10/17,05:45,1350,,,,77
2025/10/17,06:00,1350,,,,72
2025/10/17,06:15,1350,,76,,
2025/10/17,06:30,1350,,100,,
2025/10/17,06:45,1350,,100,,
2025/10/17,07:00,1350,,91,,
2025/10/17,07:15,1350,,93,,
2025/10/17,07:30,1350,,94,,
2025/10/17,07:45,1350,,118,,
2025/10/17,08:00,1350,,163,,
2025/10/17,08:15,1350,,188,,
2025/10/17,08:30,1350,,174,,
2025/10/17,08:45,1350,,184,,
2025/10/17,09:00,1350,,213,,
2025/10/17,09:15,1350,,207,,
2025/10/17,09:30,1350,,211,,
2025/10/17,09:45,1350,,232,,
2025/10/17,10:00,1350,,245,,
2025/10/17,10:15,1350,,245,,
2025/10/17,10:30,1350,,227,,
2025/10/17,10:45,1350,,279,,
2025/10/17,11:00,1350,,239,,
2025/10/17,11:15,1350,,,,230
2025/10/17,11:30,1350,,,,236
2025/10/17,11:45,1350,,,,232
2025/10/17,12:00,1350,,,,219
2025/10/17,12:15,1350,,,,223
2025/10/17,12:30,1350,,,,210
2025/10/17,12:45,1350,,,,191
2025/10/17,13:00,1350,,,,202
2025/10/17,13:15,1350,,,,200
2025/10/17,13:30,1350,,,,255
2025/10/17,13:45,1350,,,,203
2025/10/17,14:00,1350,,,,220
2025/10/17,14:15,1350,,229,,
2025/10/17,14:30,1350,,220,,
2025/10/17,14:45,1350,,208,,
2025/10/17,15:00,1350,,175,,
2025/10/17,15:15,1350,,163,,
2025/10/17,15:30,1350,,178,,
2025/10/17,15:45,1350,,177,,
2025/10/17,16:00,1350,,165,,
2025/10/17,16:15,1350,,194,,
2025/10/17,16:30,1350,,178,,
2025/10/17,16:45,1350,,147,,
2025/10/17,17:00,1350,,120,,
2025/10/17,17:15,1350,,91,,
2025/10/17,17:30,1350,,84,,
2025/10/17,17:45,1350,,101,,
2025/10/17,18:00,1350,,123,,
2025/10/17,18:15,1350,,130,,
2025/10/17,18:30,1350,,134,,
2025/10/17,18:45,1350,,115,,
2025/10/17,19:00,1350,,115,,
2025/10/17,19:15,1350,,114,,
2025/10/17,19:30,1350,,115,,
2025/10/17,19:45,1350,,122,,
2025/10/17,20:00,1350,,115,,
2025/10/17,20:15,1350,,120,,
2025/10/17,20:30,1350,,118,,
2025/10/17,20:45,1350,,115,,
2025/10/17,21:00,1350,,78,,
2025/10/17,21:15,1350,,66,,
2025/10/17,21:30,1350,,64,,
2025/10/17,21:45,1350,,64,,
2025/10/17,22:00,1350,,72,,
2025/10/17,22:15,1350,,69,,
2025/10/17,22:30,1350,,61,,
2025/10/17,22:45,1350,,67,,
2025/10/17,23:00,1350,,85,,
2025/10/17,23:15,1350,,82,,
2025/10/17,23:30,1350,,77,,
2025/10/17,23:45,1350,,75,,
2025/10/18,00:00,1350,,83,,
2025/10/18,00:15,1350,,,,86
2025/10/18,00:30,1350,,,,78
2025/10/18,00:45,1350,,,,78
2025/10/18,01:00,1350,,,,82
2025/10/18,01:15,1350,,,,90
2025/10/18,01:30,1350,,,,91
2025/10/18,01:45,1350,,,,85
2025/10/18,02:00,1350,,,,80
2025/10/18,02:15,1350,,,,82
2025/10/18,02:30,1350,,,,86
2025/10/18,02:45,1350,,,,83
2025/10/18,03:00,1350,,,,77
2025/10/18,03:15,1350,,,,77
2025/10/18,03:30,1350,,,,78
2025/10/18,03:45,1350,,,,85
2025/10/18,04:00,1350,,,,78
2025/10/18,04:15,1350,,,,78
2025/10/18,04:30,1350,,,,77
2025/10/18,04:45,1350,,,,80
2025/10/18,05:00,1350,,,,88
2025/10/18,05:15,1350,,,,80
2025/10/18,05:30,1350,,,,77
2025/10/18,05:45,1350,,,,77
2025/10/18,06:00,1350,,,,82
2025/10/18,06:15,1350,,,83,
2025/10/18,06:30,1350,,,73,
2025/10/18,06:45,1350,,,75,
2025/10/18,07:00,1350,,,74,
2025/10/18,07:15,1350,,,84,
2025/10/18,07:30,1350,,,81,
2025/10/18,07:45,1350,,,74,
2025/10/18,08:00,1350,,,76,
2025/10/18,08:15,1350,,,81,
2025/10/18,08:30,1350,,,87,
2025/10/18,08:45,1350,,,81,
2025/10/18,09:00,1350,,,112,
2025/10/18,09:15,1350,,,104,
2025/10/18,09:30,1350,,,82,
2025/10/18,09:45,1350,,,91,
2025/10/18,10:00,1350,,,83,
2025/10/18,10:15,1350,,,88,
2025/10/18,10:30,1350,,,81,
2025/10/18,10:45,1350,,,85,
2025/10/18,11:00,1350,,,84,
2025/10/18,11:15,1350,,,,80
2025/10/18,11:30,1350,,,,75
2025/10/18,11:45,1350,,,,79
2025/10/18,12:00,1350,,,,130
2025/10/18,12:15,1350,,,,92
2025/10/18,12:30,1350,,,,71
2025/10/18,12:45,1350,,,,73
2025/10/18,13:00,1350,,,,92
2025/10/18,13:15,1350,,,,80
2025/10/18,13:30,1350,,,,73
2025/10/18,13:45,1350,,,,73
2025/10/18,14:00,1350,,,,71
2025/10/18,14:15,1350,,,74,
2025/10/18,14:30,1350,,,82,
2025/10/18,14:45,1350,,,75,
2025/10/18,15:00,1350,,,122,
2025/10/18,15:15,1350,,,75,
2025/10/18,15:30,1350,,,71,
2025/10/18,15:45,1350,,,88,
2025/10/18,16:00,1350,,,76,
2025/10/18,16:15,1350,,,73,
2025/10/18,16:30,1350,,,73,
2025/10/18,16:45,1350,,,67,
2025/10/18,17:00,1350,,,69,
2025/10/18,17:15,1350,,,64,
2025/10/18,17:30,1350,,,59,
2025/10/18,17:45,1350,,,58,
2025/10/18,18:00,1350,,,54,
2025/10/18,18:15,1350,,,62,
2025/10/18,18:30,1350,,,62,
2025/10/18,18:45,1350,,,56,
2025/10/18,19:00,1350,,,54,
2025/10/18,19:15,1350,,,54,
2025/10/18,19:30,1350,,,61,
2025/10/18,19:45,1350,,,62,
2025/10/18,20:00,1350,,,56,
2025/10/18,20:15,1350,,,54,
2025/10/18,20:30,1350,,,54,
2025/10/18,20:45,1350,,,64,
2025/10/18,21:00,1350,,,58,
2025/10/18,21:15,1350,,,53,
2025/10/18,21:30,1350,,,56,
2025/10/18,21:45,1350,,,56,
2025/10/18,22:00,1350,,,61,
2025/10/18,22:15,1350,,,58,
2025/10/18,22:30,1350,,,53,
2025/10/18,22:45,1350,,,54,
2025/10/18,23:00,1350,,,58,
2025/10/18,23:15,1350,,,62,
2025/10/18,23:30,1350,,,51,
2025/10/18,23:45,1350,,,51,
2025/10/19,00:00,1350,,,50,
2025/10/19,00:15,1350,,,,66
2025/10/19,00:30,1350,,,,106
2025/10/19,00:45,1350,,,,54
2025/10/19,01:00,1350,,,,53
2025/10/19,01:15,1350,,,,53
2025/10/19,01:30,1350,,,,61
2025/10/19,01:45,1350,,,,56
2025/10/19,02:00,1350,,,,58
2025/10/19,02:15,1350,,,,66
2025/10/19,02:30,1350,,,,56
2025/10/19,02:45,1350,,,,59
2025/10/19,03:00,1350,,,,53
2025/10/19,03:15,1350,,,,53
2025/10/19,03:30,1350,,,,58
2025/10/19,03:45,1350,,,,70
2025/10/19,04:00,1350,,,,58
2025/10/19,04:15,1350,,,,53
2025/10/19,04:30,1350,,,,51
2025/10/19,04:45,1350,,,,56
2025/10/19,05:00,1350,,,,80
2025/10/19,05:15,1350,,,,59
2025/10/19,05:30,1350,,,,51
2025/10/19,05:45,1350,,,,51
2025/10/19,06:00,1350,,,,61
2025/10/19,06:15,1350,,,,56
2025/10/19,06:30,1350,,,,59
2025/10/19,06:45,1350,,,,67
2025/10/19,07:00,1350,,,,60
2025/10/19,07:15,1350,,,,58
2025/10/19,07:30,1350,,,,52
2025/10/19,07:45,1350,,,,54
2025/10/19,08:00,1350,,,,60
2025/10/19,08:15,1350,,,,85
2025/10/19,08:30,1350,,,,62
2025/10/19,08:45,1350,,,,60
2025/10/19,09:00,1350,,,,61
2025/10/19,09:15,1350,,,,63
2025/10/19,09:30,1350,,,,83
2025/10/19,09:45,1350,,,,59
2025/10/19,10:00,1350,,,,59
2025/10/19,10:15,1350,,,,59
2025/10/19,10:30,1350,,,,65
2025/10/19,10:45,1350,,,,81
2025/10/19,11:00,1350,,,,65
2025/10/19,11:15,1350,,,,60
2025/10/19,11:30,1350,,,,64
2025/10/19,11:45,1350,,,,69
2025/10/19,12:00,1350,,,,78
2025/10/19,12:15,1350,,,,60
2025/10/19,12:30,1350,,,,58
2025/10/19,12:45,1350,,,,66
2025/10/19,13:00,1350,,,,79
2025/10/19,13:15,1350,,,,70
2025/10/19,13:30,1350,,,,58
2025/10/19,13:45,1350,,,,59
2025/10/19,14:00,1350,,,,68
2025/10/19,14:15,1350,,,,83
2025/10/19,14:30,1350,,,,63
2025/10/19,14:45,1350,,,,58
2025/10/19,15:00,1350,,,,62
2025/10/19,15:15,1350,,,,78
2025/10/19,15:30,1350,,,,69
2025/10/19,15:45,1350,,,,58
2025/10/19,16:00,1350,,,,55
2025/10/19,16:15,1350,,,,66
2025/10/19,16:30,1350,,,,83
2025/10/19,16:45,1350,,,,63
2025/10/19,17:00,1350,,,,55
2025/10/19,17:15,1350,,,,57
2025/10/19,17:30,1350,,,,64
2025/10/19,17:45,1350,,,,78
2025/10/19,18:00,1350,,,,61
2025/10/19,18:15,1350,,,,54
2025/10/19,18:30,1350,,,,54
2025/10/19,18:45,1350,,,,61
2025/10/19,19:00,1350,,,,69
2025/10/19,19:15,1350,,,,64
2025/10/19,19:30,1350,,,,53
2025/10/19,19:45,1350,,,,61
2025/10/19,20:00,1350,,,,61
2025/10/19,20:15,1350,,,,56
2025/10/19,20:30,1350,,,,70
2025/10/19,20:45,1350,,,,62
2025/10/19,21:00,1350,,,,61
2025/10/19,21:15,1350,,,,54
2025/10/19,21:30,1350,,,,53
2025/10/19,21:45,1350,,,,56
2025/10/19,22:00,1350,,,,78
2025/10/19,22:15,1350,,,,61
2025/10/19,22:30,1350,,,,54
2025/10/19,22:45,1350,,,,53
2025/10/19,23:00,1350,,,,58
2025/10/19,23:15,1350,,,,62
2025/10/19,23:30,1350,,,,70
2025/10/19,23:45,1350,,,,54
2025/10/20,00:00,1350,,,,53
2025/10/20,00:15,1350,,,,61
2025/10/20,00:30,1350,,,,58
2025/10/20,00:45,1350,,,,53
2025/10/20,01:00,1350,,,,66
2025/10/20,01:15,1350,,,,70
2025/10/20,01:30,1350,,,,56
2025/10/20,01:45,1350,,,,53
2025/10/20,02:00,1350,,,,54
2025/10/20,02:15,1350,,,,61
2025/10/20,02:30,1350,,,,58
2025/10/20,02:45,1350,,,,66
2025/10/20,03:00,1350,,,,59
2025/10/20,03:15,1350,,,,58
2025/10/20,03:30,1350,,,,58
2025/10/20,03:45,1350,,,,51
2025/10/20,04:00,1350,,,,51
2025/10/20,04:15,1350,,,,59
2025/10/20,04:30,1350,,,,72
2025/10/20,04:45,1350,,,,59
2025/10/20,05:00,1350,,,,54
2025/10/20,05:15,1350,,,,61
2025/10/20,05:30,1350,,,,58
2025/10/20,05:45,1350,,,,51
2025/10/20,06:00,1350,,,,48
2025/10/20,06:15,1350,,60,,
2025/10/20,06:30,1350,,78,,
2025/10/20,06:45,1350,,64,,
2025/10/20,07:00,1350,,70,,
2025/10/20,07:15,1350,,174,,
2025/10/20,07:30,1350,,251,,
2025/10/20,07:45,1350,,269,,
2025/10/20,08:00,1350,,336,,
2025/10/20,08:15,1350,,472,,
2025/10/20,08:30,1350,,550,,
2025/10/20,08:45,1350,,659,,
2025/10/20,09:00,1350,,737,,
2025/10/20,09:15,1350,,844,,
2025/10/20,09:30,1350,,883,,
2025/10/20,09:45,1350,,870,,
2025/10/20,10:00,1350,,825,,
2025/10/20,10:15,1350,,853,,
2025/10/20,10:30,1350,,867,,
2025/10/20,10:45,1350,,896,,
2025/10/20,11:00,1350,,943,,
2025/10/20,11:15,1350,,,,997
2025/10/20,11:30,1350,,,,904
2025/10/20,11:45,1350,,,,876
2025/10/20,12:00,1350,,,,757
2025/10/20,12:15,1350,,,,531
2025/10/20,12:30,1350,,,,522
2025/10/20,12:45,1350,,,,540
2025/10/20,13:00,1350,,,,869
2025/10/20,13:15,1350,,,,961
2025/10/20,13:30,1350,,,,924
2025/10/20,13:45,1350,,,,858
2025/10/20,14:00,1350,,,,823
2025/10/20,14:15,1350,,782,,
2025/10/20,14:30,1350,,813,,
2025/10/20,14:45,1350,,831,,
2025/10/20,15:00,1350,,767,,
2025/10/20,15:15,1350,,801,,
2025/10/20,15:30,1350,,822,,
2025/10/20,15:45,1350,,856,,
2025/10/20,16:00,1350,,860,,
2025/10/20,16:15,1350,,793,,
2025/10/20,16:30,1350,,759,,
2025/10/20,16:45,1350,,711,,
2025/10/20,17:00,1350,,450,,
2025/10/20,17:15,1350,,304,,
2025/10/20,17:30,1350,,285,,
2025/10/20,17:45,1350,,286,,
2025/10/20,18:00,1350,,298,,
2025/10/20,18:15,1350,,269,,
2025/10/20,18:30,1350,,259,,
2025/10/20,18:45,1350,,314,,
2025/10/20,19:00,1350,,350,,
2025/10/20,19:15,1350,,277,,
2025/10/20,19:30,1350,,216,,
2025/10/20,19:45,1350,,203,,
2025/10/20,20:00,1350,,200,,
2025/10/20,20:15,1350,,195,,
2025/10/20,20:30,1350,,275,,
2025/10/20,20:45,1350,,317,,
2025/10/20,21:00,1350,,341,,
2025/10/20,21:15,1350,,333,,
2025/10/20,21:30,1350,,357,,
2025/10/20,21:45,1350,,398,,
2025/10/20,22:00,1350,,315,,
2025/10/20,22:15,1350,,299,,
2025/10/20,22:30,1350,,309,,
2025/10/20,22:45,1350,,330,,
2025/10/20,23:00,1350,,344,,
2025/10/20,23:15,1350,,411,,
2025/10/20,23:30,1350,,430,,
2025/10/20,23:45,1350,,461,,
2025/10/21,00:00,1350,,470,,
2025/10/21,00:15,1350,,,,498
2025/10/21,00:30,1350,,,,432
2025/10/21,00:45,1350,,,,398
2025/10/21,01:00,1350,,,,390
2025/10/21,01:15,1350,,,,381
2025/10/21,01:30,1350,,,,371
2025/10/21,01:45,1350,,,,360
2025/10/21,02:00,1350,,,,317
2025/10/21,02:15,1350,,,,259
2025/10/21,02:30,1350,,,,227
2025/10/21,02:45,1350,,,,210
2025/10/21,03:00,1350,,,,186
2025/10/21,03:15,1350,,,,181
2025/10/21,03:30,1350,,,,182
2025/10/21,03:45,1350,,,,163
2025/10/21,04:00,1350,,,,171
2025/10/21,04:15,1350,,,,162
2025/10/21,04:30,1350,,,,157
2025/10/21,04:45,1350,,,,160
2025/10/21,05:00,1350,,,,160
2025/10/21,05:15,1350,,,,163
2025/10/21,05:30,1350,,,,163
2025/10/21,05:45,1350,,,,162
2025/10/21,06:00,1350,,,,165
2025/10/21,06:15,1350,,161,,
2025/10/21,06:30,1350,,164,,
2025/10/21,06:45,1350,,176,,
2025/10/21,07:00,1350,,185,,
2025/10/21,07:15,1350,,187,,
2025/10/21,07:30,1350,,229,,
2025/10/21,07:45,1350,,252,,
2025/10/21,08:00,1350,,310,,
2025/10/21,08:15,1350,,622,,
2025/10/21,08:30,1350,,849,,
2025/10/21,08:45,1350,,864,,
2025/10/21,09:00,1350,,909,,
2025/10/21,09:15,1350,,952,,
2025/10/21,09:30,1350,,965,,
2025/10/21,09:45,1350,,1030,,
2025/10/21,10:00,1350,,881,,
2025/10/21,10:15,1350,,932,,
2025/10/21,10:30,1350,,982,,
2025/10/21,10:45,1350,,984,,
2025/10/21,11:00,1350,,999,,
2025/10/21,11:15,1350,,,,1032
2025/10/21,11:30,1350,,,,1028
2025/10/21,11:45,1350,,,,1041
2025/10/21,12:00,1350,,,,899
2025/10/21,12:15,1350,,,,681
2025/10/21,12:30,1350,,,,662
2025/10/21,12:45,1350,,,,654
2025/10/21,13:00,1350,,,,933
2025/10/21,13:15,1350,,,,1031
2025/10/21,13:30,1350,,,,944
2025/10/21,13:45,1350,,,,797
2025/10/21,14:00,1350,,,,803
2025/10/21,14:15,1350,,721,,
2025/10/21,14:30,1350,,759,,
2025/10/21,14:45,1350,,773,,
2025/10/21,15:00,1350,,666,,
2025/10/21,15:15,1350,,715,,
2025/10/21,15:30,1350,,753,,
2025/10/21,15:45,1350,,758,,
2025/10/21,16:00,1350,,708,,
2025/10/21,16:15,1350,,691,,
2025/10/21,16:30,1350,,657,,
2025/10/21,16:45,1350,,381,,
2025/10/21,17:00,1350,,253,,
2025/10/21,17:15,1350,,182,,
2025/10/21,17:30,1350,,160,,
2025/10/21,17:45,1350,,178,,
2025/10/21,18:00,1350,,170,,
2025/10/21,18:15,1350,,171,,
2025/10/21,18:30,1350,,162,,
2025/10/21,18:45,1350,,168,,
2025/10/21,19:00,1350,,162,,
2025/10/21,19:15,1350,,146,,
2025/10/21,19:30,1350,,112,,
2025/10/21,19:45,1350,,101,,
2025/10/21,20:00,1350,,93,,
2025/10/21,20:15,1350,,96,,
2025/10/21,20:30,1350,,94,,
2025/10/21,20:45,1350,,93,,
2025/10/21,21:00,1350,,98,,
2025/10/21,21:15,1350,,173,,
2025/10/21,21:30,1350,,226,,
2025/10/21,21:45,1350,,338,,
2025/10/21,22:00,1350,,325,,
2025/10/21,22:15,1350,,301,,
2025/10/21,22:30,1350,,349,,
2025/10/21,22:45,1350,,363,,
2025/10/21,23:00,1350,,331,,
2025/10/21,23:15,1350,,373,,
2025/10/21,23:30,1350,,389,,
2025/10/21,23:45,1350,,376,,
2025/10/22,00:00,1350,,438,,
2025/10/22,00:15,1350,,,,459
2025/10/22,00:30,1350,,,,454
2025/10/22,00:45,1350,,,,520
2025/10/22,01:00,1350,,,,502
2025/10/22,01:15,1350,,,,406
2025/10/22,01:30,1350,,,,365
2025/10/22,01:45,1350,,,,363
2025/10/22,02:00,1350,,,,339
2025/10/22,02:15,1350,,,,323
2025/10/22,02:30,1350,,,,294
2025/10/22,02:45,1350,,,,264
2025/10/22,03:00,1350,,,,280
2025/10/22,03:15,1350,,,,251
2025/10/22,03:30,1350,,,,234
2025/10/22,03:45,1350,,,,222
2025/10/22,04:00,1350,,,,219
2025/10/22,04:15,1350,,,,218
2025/10/22,04:30,1350,,,,214
2025/10/22,04:45,1350,,,,216
2025/10/22,05:00,1350,,,,213
2025/10/22,05:15,1350,,,,210
2025/10/22,05:30,1350,,,,210
2025/10/22,05:45,1350,,,,165
2025/10/22,06:00,1350,,,,165
2025/10/22,06:15,1350,,167,,
2025/10/22,06:30,1350,,160,,
2025/10/22,06:45,1350,,181,,
2025/10/22,07:00,1350,,194,,
2025/10/22,07:15,1350,,212,,
2025/10/22,07:30,1350,,242,,
2025/10/22,07:45,1350,,250,,
2025/10/22,08:00,1350,,329,,
2025/10/22,08:15,1350,,685,,
2025/10/22,08:30,1350,,907,,
2025/10/22,08:45,1350,,908,,
2025/10/22,09:00,1350,,846,,
2025/10/22,09:15,1350,,786,,
2025/10/22,09:30,1350,,780,,
2025/10/22,09:45,1350,,797,,
2025/10/22,10:00,1350,,820,,
2025/10/22,10:15,1350,,867,,
2025/10/22,10:30,1350,,963,,
2025/10/22,10:45,1350,,971,,
2025/10/22,11:00,1350,,906,,
2025/10/22,11:15,1350,,,,767
2025/10/22,11:30,1350,,,,744
2025/10/22,11:45,1350,,,,843
2025/10/22,12:00,1350,,,,774
2025/10/22,12:15,1350,,,,538
2025/10/22,12:30,1350,,,,529
2025/10/22,12:45,1350,,,,563
2025/10/22,13:00,1350,,,,793
2025/10/22,13:15,1350,,,,914
2025/10/22,13:30,1350,,,,870
2025/10/22,13:45,1350,,,,852
2025/10/22,14:00,1350,,,,840
2025/10/22,14:15,1350,,910,,
2025/10/22,14:30,1350,,907,,
2025/10/22,14:45,1350,,884,,
2025/10/22,15:00,1350,,799,,
2025/10/22,15:15,1350,,854,,
2025/10/22,15:30,1350,,781,,
2025/10/22,15:45,1350,,722,,
2025/10/22,16:00,1350,,556,,
2025/10/22,16:15,1350,,492,,
2025/10/22,16:30,1350,,484,,
2025/10/22,16:45,1350,,419,,
2025/10/22,17:00,1350,,343,,
2025/10/22,17:15,1350,,301,,
2025/10/22,17:30,1350,,262,,
2025/10/22,17:45,1350,,259,,
2025/10/22,18:00,1350,,245,,
2025/10/22,18:15,1350,,230,,
2025/10/22,18:30,1350,,229,,
2025/10/22,18:45,1350,,227,,
2025/10/22,19:00,1350,,224,,
2025/10/22,19:15,1350,,210,,
2025/10/22,19:30,1350,,176,,
2025/10/22,19:45,1350,,168,,
2025/10/22,20:00,1350,,173,,
2025/10/22,20:15,1350,,170,,
2025/10/22,20:30,1350,,166,,
2025/10/22,20:45,1350,,152,,
2025/10/22,21:00,1350,,154,,
2025/10/22,21:15,1350,,170,,
2025/10/22,21:30,1350,,211,,
2025/10/22,21:45,1350,,246,,
2025/10/22,22:00,1350,,272,,
2025/10/22,22:15,1350,,286,,
2025/10/22,22:30,1350,,286,,
2025/10/22,22:45,1350,,293,,
2025/10/22,23:00,1350,,301,,
2025/10/22,23:15,1350,,262,,
2025/10/22,23:30,1350,,254,,
2025/10/22,23:45,1350,,262,,
2025/10/23,00:00,1350,,256,,
2025/10/23,00:15,1350,,,,259
2025/10/23,00:30,1350,,,,256
2025/10/23,00:45,1350,,,,243
2025/10/23,01:00,1350,,,,237
2025/10/23,01:15,1350,,,,237
2025/10/23,01:30,1350,,,,226
2025/10/23,01:45,1350,,,,214
2025/10/23,02:00,1350,,,,197
2025/10/23,02:15,1350,,,,200
2025/10/23,02:30,1350,,,,195
2025/10/23,02:45,1350,,,,192
2025/10/23,03:00,1350,,,,189
2025/10/23,03:15,1350,,,,187
2025/10/23,03:30,1350,,,,190
2025/10/23,03:45,1350,,,,178
2025/10/23,04:00,1350,,,,176
2025/10/23,04:15,1350,,,,176
2025/10/23,04:30,1350,,,,174
2025/10/23,04:45,1350,,,,173
2025/10/23,05:00,1350,,,,181
2025/10/23,05:15,1350,,,,181
2025/10/23,05:30,1350,,,,178
2025/10/23,05:45,1350,,,,146
2025/10/23,06:00,1350,,,,131
2025/10/23,06:15,1350,,122,,
2025/10/23,06:30,1350,,154,,
2025/10/23,06:45,1350,,156,,
2025/10/23,07:00,1350,,135,,
2025/10/23,07:15,1350,,128,,
2025/10/23,07:30,1350,,177,,
2025/10/23,07:45,1350,,190,,
2025/10/23,08:00,1350,,268,,
2025/10/23,08:15,1350,,500,,
2025/10/23,08:30,1350,,637,,
2025/10/23,08:45,1350,,637,,
2025/10/23,09:00,1350,,651,,
2025/10/23,09:15,1350,,709,,
2025/10/23,09:30,1350,,656,,
2025/10/23,09:45,1350,,623,,
2025/10/23,10:00,1350,,623,,
2025/10/23,10:15,1350,,676,,
2025/10/23,10:30,1350,,694,,
2025/10/23,10:45,1350,,655,,
2025/10/23,11:00,1350,,716,,
2025/10/23,11:15,1350,,,,716
2025/10/23,11:30,1350,,,,689
2025/10/23,11:45,1350,,,,705
2025/10/23,12:00,1350,,,,631
2025/10/23,12:15,1350,,,,476
2025/10/23,12:30,1350,,,,451
2025/10/23,12:45,1350,,,,433
2025/10/23,13:00,1350,,,,558
2025/10/23,13:15,1350,,,,502
2025/10/23,13:30,1350,,,,491
2025/10/23,13:45,1350,,,,504
2025/10/23,14:00,1350,,,,567
2025/10/23,14:15,1350,,531,,
2025/10/23,14:30,1350,,523,,
2025/10/23,14:45,1350,,515,,
2025/10/23,15:00,1350,,480,,
2025/10/23,15:15,1350,,492,,
2025/10/23,15:30,1350,,444,,
2025/10/23,15:45,1350,,448,,
2025/10/23,16:00,1350,,432,,
2025/10/23,16:15,1350,,350,,
2025/10/23,16:30,1350,,338,,
2025/10/23,16:45,1350,,306,,
2025/10/23,17:00,1350,,244,,
2025/10/23,17:15,1350,,180,,
2025/10/23,17:30,1350,,178,,
2025/10/23,17:45,1350,,189,,
2025/10/23,18:00,1350,,173,,
2025/10/23,18:15,1350,,168,,
2025/10/23,18:30,1350,,149,,
2025/10/23,18:45,1350,,146,,
2025/10/23,19:00,1350,,147,,
2025/10/23,19:15,1350,,141,,
2025/10/23,19:30,1350,,102,,
2025/10/23,19:45,1350,,96,,
2025/10/23,20:00,1350,,114,,
2025/10/23,20:15,1350,,107,,
2025/10/23,20:30,1350,,102,,
2025/10/23,20:45,1350,,104,,
2025/10/23,21:00,1350,,115,,
2025/10/23,21:15,1350,,163,,
2025/10/23,21:30,1350,,163,,
2025/10/23,21:45,1350,,227,,
2025/10/23,22:00,1350,,251,,
2025/10/23,22:15,1350,,258,,
2025/10/23,22:30,1350,,272,,
2025/10/23,22:45,1350,,266,,
2025/10/23,23:00,1350,,246,,
2025/10/23,23:15,1350,,256,,
2025/10/23,23:30,1350,,261,,
2025/10/23,23:45,1350,,293,,
2025/10/24,00:00,1350,,318,,
2025/10/24,00:15,1350,,,,347
2025/10/24,00:30,1350,,,,376
2025/10/24,00:45,1350,,,,373
2025/10/24,01:00,1350,,,,366
2025/10/24,01:15,1350,,,,344
2025/10/24,01:30,1350,,,,339
2025/10/24,01:45,1350,,,,338
2025/10/24,02:00,1350,,,,326
2025/10/24,02:15,1350,,,,315
2025/10/24,02:30,1350,,,,286
2025/10/24,02:45,1350,,,,253
2025/10/24,03:00,1350,,,,235
2025/10/24,03:15,1350,,,,203
2025/10/24,03:30,1350,,,,186
2025/10/24,03:45,1350,,,,166
2025/10/24,04:00,1350,,,,150
2025/10/24,04:15,1350,,,,147
2025/10/24,04:30,1350,,,,149
2025/10/24,04:45,1350,,,,147
2025/10/24,05:00,1350,,,,147
2025/10/24,05:15,1350,,,,147
2025/10/24,05:30,1350,,,,150
2025/10/24,05:45,1350,,,,150
2025/10/24,06:00,1350,,,,152
2025/10/24,06:15,1350,,147,,
2025/10/24,06:30,1350,,143,,
2025/10/24,06:45,1350,,145,,
2025/10/24,07:00,1350,,147,,
2025/10/24,07:15,1350,,149,,
2025/10/24,07:30,1350,,136,,
2025/10/24,07:45,1350,,87,,
2025/10/24,08:00,1350,,86,,
2025/10/24,08:15,1350,,103,,
2025/10/24,08:30,1350,,132,,
2025/10/24,08:45,1350,,109,,
2025/10/24,09:00,1350,,117,,
2025/10/24,09:15,1350,,111,,
2025/10/24,09:30,1350,,107,,
2025/10/24,09:45,1350,,110,,
2025/10/24,10:00,1350,,118,,
2025/10/24,10:15,1350,,113,,
2025/10/24,10:30,1350,,117,,
2025/10/24,10:45,1350,,107,,
2025/10/24,11:00,1350,,98,,
2025/10/24,11:15,1350,,,,112
2025/10/24,11:30,1350,,,,96
2025/10/24,11:45,1350,,,,95
2025/10/24,12:00,1350,,,,103
2025/10/24,12:15,1350,,,,99
2025/10/24,12:30,1350,,,,85
2025/10/24,12:45,1350,,,,83
2025/10/24,13:00,1350,,,,96
2025/10/24,13:15,1350,,,,90
2025/10/24,13:30,1350,,,,84
2025/10/24,13:45,1350,,,,90
2025/10/24,14:00,1350,,,,100
2025/10/24,14:15,1350,,93,,
2025/10/24,14:30,1350,,88,,
2025/10/24,14:45,1350,,88,,
2025/10/24,15:00,1350,,95,,
2025/10/24,15:15,1350,,90,,
2025/10/24,15:30,1350,,88,,
2025/10/24,15:45,1350,,89,,
2025/10/24,16:00,1350,,97,,
2025/10/24,16:15,1350,,95,,
2025/10/24,16:30,1350,,89,,
2025/10/24,16:45,1350,,80,,
2025/10/24,17:00,1350,,83,,
2025/10/24,17:15,1350,,66,,
2025/10/24,17:30,1350,,103,,
2025/10/24,17:45,1350,,83,,
2025/10/24,18:00,1350,,70,,
2025/10/24,18:15,1350,,56,,
2025/10/24,18:30,1350,,56,,
2025/10/24,18:45,1350,,86,,
2025/10/24,19:00,1350,,59,,
2025/10/24,19:15,1350,,53,,
2025/10/24,19:30,1350,,66,,
2025/10/24,19:45,1350,,54,,
2025/10/24,20:00,1350,,59,,
2025/10/24,20:15,1350,,51,,
2025/10/24,20:30,1350,,50,,
2025/10/24,20:45,1350,,53,,
2025/10/24,21:00,1350,,58,,
2025/10/24,21:15,1350,,53,,
2025/10/24,21:30,1350,,53,,
2025/10/24,21:45,1350,,67,,
2025/10/24,22:00,1350,,58,,
2025/10/24,22:15,1350,,51,,
2025/10/24,22:30,1350,,50,,
2025/10/24,22:45,1350,,58,,
2025/10/24,23:00,1350,,61,,
2025/10/24,23:15,1350,,53,,
2025/10/24,23:30,1350,,50,,
2025/10/24,23:45,1350,,59,,
2025/10/25,00:00,1350,,69,,
2025/10/25,00:15,1350,,,,50
2025/10/25,00:30,1350,,,,46
2025/10/25,00:45,1350,,,,54
2025/10/25,01:00,1350,,,,53
2025/10/25,01:15,1350,,,,46
2025/10/25,01:30,1350,,,,50
2025/10/25,01:45,1350,,,,56
2025/10/25,02:00,1350,,,,59
2025/10/25,02:15,1350,,,,62
2025/10/25,02:30,1350,,,,48
2025/10/25,02:45,1350,,,,54
2025/10/25,03:00,1350,,,,51
2025/10/25,03:15,1350,,,,48
2025/10/25,03:30,1350,,,,51
2025/10/25,03:45,1350,,,,56
2025/10/25,04:00,1350,,,,50
2025/10/25,04:15,1350,,,,48
2025/10/25,04:30,1350,,,,54
2025/10/25,04:45,1350,,,,70
2025/10/25,05:00,1350,,,,53
2025/10/25,05:15,1350,,,,50
2025/10/25,05:30,1350,,,,54
2025/10/25,05:45,1350,,,,53
2025/10/25,06:00,1350,,,,48
2025/10/25,06:15,1350,,,,47
2025/10/25,06:30,1350,,,,55
2025/10/25,06:45,1350,,,,53
2025/10/25,07:00,1350,,,,52
2025/10/25,07:15,1350,,,,63
2025/10/25,07:30,1350,,,,55
2025/10/25,07:45,1350,,,,49
2025/10/25,08:00,1350,,,,48
2025/10/25,08:15,1350,,,,59
2025/10/25,08:30,1350,,,,60
2025/10/25,08:45,1350,,,,47
2025/10/25,09:00,1350,,,,52
2025/10/25,09:15,1350,,,,73
2025/10/25,09:30,1350,,,,56
2025/10/25,09:45,1350,,,,46
2025/10/25,10:00,1350,,,,51
2025/10/25,10:15,1350,,,,62
2025/10/25,10:30,1350,,,,67
2025/10/25,10:45,1350,,,,41
2025/10/25,11:00,1350,,,,78
2025/10/25,11:15,1350,,,,76
2025/10/25,11:30,1350,,,,58
2025/10/25,11:45,1350,,,,53
2025/10/25,12:00,1350,,,,55
2025/10/25,12:15,1350,,,,62
2025/10/25,12:30,1350,,,,69
2025/10/25,12:45,1350,,,,55
2025/10/25,13:00,1350,,,,58
2025/10/25,13:15,1350,,,,54
2025/10/25,13:30,1350,,,,55
2025/10/25,13:45,1350,,,,58
2025/10/25,14:00,1350,,,,81
2025/10/25,14:15,1350,,,,66
2025/10/25,14:30,1350,,,,58
2025/10/25,14:45,1350,,,,56
2025/10/25,15:00,1350,,,,61
2025/10/25,15:15,1350,,,,65
2025/10/25,15:30,1350,,,,68
2025/10/25,15:45,1350,,,,54
2025/10/25,16:00,1350,,,,61
2025/10/25,16:15,1350,,,,58
2025/10/25,16:30,1350,,,,55
2025/10/25,16:45,1350,,,,56
2025/10/25,17:00,1350,,,,77
2025/10/25,17:15,1350,,,,53
2025/10/25,17:30,1350,,,,53
2025/10/25,17:45,1350,,,,51
2025/10/25,18:00,1350,,,,56
2025/10/25,18:15,1350,,,,50
2025/10/25,18:30,1350,,,,48
2025/10/25,18:45,1350,,,,70
2025/10/25,19:00,1350,,,,54
2025/10/25,19:15,1350,,,,46
2025/10/25,19:30,1350,,,,46
2025/10/25,19:45,1350,,,,56
2025/10/25,20:00,1350,,,,51
2025/10/25,20:15,1350,,,,46
2025/10/25,20:30,1350,,,,50
2025/10/25,20:45,1350,,,,70
2025/10/25,21:00,1350,,,,50
2025/10/25,21:15,1350,,,,46
2025/10/25,21:30,1350,,,,46
2025/10/25,21:45,1350,,,,53
2025/10/25,22:00,1350,,,,48
2025/10/25,22:15,1350,,,,46
2025/10/25,22:30,1350,,,,50
2025/10/25,22:45,1350,,,,70
2025/10/25,23:00,1350,,,,50
2025/10/25,23:15,1350,,,,45
2025/10/25,23:30,1350,,,,48
2025/10/25,23:45,1350,,,,50
2025/10/26,00:00,1350,,,,43
2025/10/26,00:15,1350,,,,46
2025/10/26,00:30,1350,,,,51
2025/10/26,00:45,1350,,,,66
2025/10/26,01:00,1350,,,,50
2025/10/26,01:15,1350,,,,45
2025/10/26,01:30,1350,,,,51
2025/10/26,01:45,1350,,,,46
2025/10/26,02:00,1350,,,,45
2025/10/26,02:15,1350,,,,54
2025/10/26,02:30,1350,,,,50
2025/10/26,02:45,1350,,,,46
2025/10/26,03:00,1350,,,,66
2025/10/26,03:15,1350,,,,53
2025/10/26,03:30,1350,,,,42
2025/10/26,03:45,1350,,,,43
2025/10/26,04:00,1350,,,,51
2025/10/26,04:15,1350,,,,50
2025/10/26,04:30,1350,,,,43
2025/10/26,04:45,1350,,,,48
2025/10/26,05:00,1350,,,,54
2025/10/26,05:15,1350,,,,64
2025/10/26,05:30,1350,,,,45
2025/10/26,05:45,1350,,,,51
2025/10/26,06:00,1350,,,,46
2025/10/26,06:15,1350,,,,44
2025/10/26,06:30,1350,,,,47
2025/10/26,06:45,1350,,,,54
2025/10/26,07:00,1350,,,,46
2025/10/26,07:15,1350,,,,49
2025/10/26,07:30,1350,,,,67
2025/10/26,07:45,1350,,,,46
2025/10/26,08:00,1350,,,,44
2025/10/26,08:15,1350,,,,58
2025/10/26,08:30,1350,,,,57
2025/10/26,08:45,1350,,,,50
2025/10/26,09:00,1350,,,,53
2025/10/26,09:15,1350,,,,61
2025/10/26,09:30,1350,,,,64
2025/10/26,09:45,1350,,,,54
2025/10/26,10:00,1350,,,,60
2025/10/26,10:15,1350,,,,59
2025/10/26,10:30,1350,,,,57
2025/10/26,10:45,1350,,,,52
2025/10/26,11:00,1350,,,,78
2025/10/26,11:15,1350,,,,67
2025/10/26,11:30,1350,,,,44
2025/10/26,11:45,1350,,,,58
2025/10/26,12:00,1350,,,,78
2025/10/26,12:15,1350,,,,50
2025/10/26,12:30,1350,,,,66
2025/10/26,12:45,1350,,,,62
2025/10/26,13:00,1350,,,,62
2025/10/26,13:15,1350,,,,58
2025/10/26,13:30,1350,,,,56
2025/10/26,13:45,1350,,,,59
2025/10/26,14:00,1350,,,,80
2025/10/26,14:15,1350,,,,61
2025/10/26,14:30,1350,,,,55
2025/10/26,14:45,1350,,,,62
2025/10/26,15:00,1350,,,,57
2025/10/26,15:15,1350,,,,51
2025/10/26,15:30,1350,,,,72
2025/10/26,15:45,1350,,,,67
2025/10/26,16:00,1350,,,,52
2025/10/26,16:15,1350,,,,52
2025/10/26,16:30,1350,,,,59
2025/10/26,16:45,1350,,,,55
2025/10/26,17:00,1350,,,,52
2025/10/26,17:15,1350,,,,71
2025/10/26,17:30,1350,,,,61
2025/10/26,17:45,1350,,,,50
2025/10/26,18:00,1350,,,,46
2025/10/26,18:15,1350,,,,54
2025/10/26,18:30,1350,,,,51
2025/10/26,18:45,1350,,,,45
2025/10/26,19:00,1350,,,,48
2025/10/26,19:15,1350,,,,64
2025/10/26,19:30,1350,,,,59
2025/10/26,19:45,1350,,,,46
2025/10/26,20:00,1350,,,,53
2025/10/26,20:15,1350,,,,53
2025/10/26,20:30,1350,,,,45
2025/10/26,20:45,1350,,,,48
2025/10/26,21:00,1350,,,,53
2025/10/26,21:15,1350,,,,48
2025/10/26,21:30,1350,,,,46
2025/10/26,21:45,1350,,,,56
2025/10/26,22:00,1350,,,,64
2025/10/26,22:15,1350,,,,46
2025/10/26,22:30,1350,,,,48
2025/10/26,22:45,1350,,,,51
2025/10/26,23:00,1350,,,,48
2025/10/26,23:15,1350,,,,45
2025/10/26,23:30,1350,,,,51
2025/10/26,23:45,1350,,,,48
2025/10/27,00:00,1350,,,,45
2025/10/27,00:15,1350,,,,50
2025/10/27,00:30,1350,,,,69
2025/10/27,00:45,1350,,,,48
2025/10/27,01:00,1350,,,,45
2025/10/27,01:15,1350,,,,51
2025/10/27,01:30,1350,,,,46
2025/10/27,01:45,1350,,,,45
2025/10/27,02:00,1350,,,,53
2025/10/27,02:15,1350,,,,51
2025/10/27,02:30,1350,,,,45
2025/10/27,02:45,1350,,,,50
2025/10/27,03:00,1350,,,,50
2025/10/27,03:15,1350,,,,46
2025/10/27,03:30,1350,,,,64
2025/10/27,03:45,1350,,,,51
2025/10/27,04:00,1350,,,,45
2025/10/27,04:15,1350,,,,46
2025/10/27,04:30,1350,,,,51
2025/10/27,04:45,1350,,,,48
2025/10/27,05:00,1350,,,,46
2025/10/27,05:15,1350,,,,59
2025/10/27,05:30,1350,,,,56
2025/10/27,05:45,1350,,,,50
2025/10/27,06:00,1350,,,,62
2025/10/27,06:15,1350,,64,,
2025/10/27,06:30,1350,,69,,
2025/10/27,06:45,1350,,78,,
2025/10/27,07:00,1350,,83,,
2025/10/27,07:15,1350,,115,,
2025/10/27,07:30,1350,,140,,
2025/10/27,07:45,1350,,154,,
2025/10/27,08:00,1350,,213,,
2025/10/27,08:15,1350,,436,,
2025/10/27,08:30,1350,,478,,
2025/10/27,08:45,1350,,499,,
2025/10/27,09:00,1350,,554,,
2025/10/27,09:15,1350,,571,,
2025/10/27,09:30,1350,,598,,
2025/10/27,09:45,1350,,655,,
2025/10/27,10:00,1350,,613,,
2025/10/27,10:15,1350,,620,,
2025/10/27,10:30,1350,,632,,
2025/10/27,10:45,1350,,641,,
2025/10/27,11:00,1350,,633,,
2025/10/27,11:15,1350,,,,640
2025/10/27,11:30,1350,,,,655
2025/10/27,11:45,1350,,,,708
2025/10/27,12:00,1350,,,,643
2025/10/27,12:15,1350,,,,554
2025/10/27,12:30,1350,,,,539
2025/10/27,12:45,1350,,,,571
2025/10/27,13:00,1350,,,,667
2025/10/27,13:15,1350,,,,686
2025/10/27,13:30,1350,,,,624
2025/10/27,13:45,1350,,,,610
2025/10/27,14:00,1350,,,,646
2025/10/27,14:15,1350,,656,,
2025/10/27,14:30,1350,,589,,
2025/10/27,14:45,1350,,603,,
2025/10/27,15:00,1350,,588,,
2025/10/27,15:15,1350,,638,,
2025/10/27,15:30,1350,,751,,
2025/10/27,15:45,1350,,757,,
2025/10/27,16:00,1350,,756,,
2025/10/27,16:15,1350,,705,,
2025/10/27,16:30,1350,,663,,
2025/10/27,16:45,1350,,584,,
2025/10/27,17:00,1350,,423,,
2025/10/27,17:15,1350,,372,,
2025/10/27,17:30,1350,,354,,
2025/10/27,17:45,1350,,302,,
2025/10/27,18:00,1350,,286,,
2025/10/27,18:15,1350,,253,,
2025/10/27,18:30,1350,,210,,
2025/10/27,18:45,1350,,205,,
2025/10/27,19:00,1350,,198,,
2025/10/27,19:15,1350,,179,,
2025/10/27,19:30,1350,,139,,
2025/10/27,19:45,1350,,122,,
2025/10/27,20:00,1350,,123,,
2025/10/27,20:15,1350,,109,,
2025/10/27,20:30,1350,,102,,
2025/10/27,20:45,1350,,104,,
2025/10/27,21:00,1350,,106,,
2025/10/27,21:15,1350,,125,,
2025/10/27,21:30,1350,,243,,
2025/10/27,21:45,1350,,270,,
2025/10/27,22:00,1350,,307,,
2025/10/27,22:15,1350,,301,,
2025/10/27,22:30,1350,,299,,
2025/10/27,22:45,1350,,286,,
2025/10/27,23:00,1350,,270,,
2025/10/27,23:15,1350,,269,,
2025/10/27,23:30,1350,,269,,
2025/10/27,23:45,1350,,280,,
2025/10/28,00:00,1350,,298,,
2025/10/28,00:15,1350,,,,301
2025/10/28,00:30,1350,,,,310
2025/10/28,00:45,1350,,,,344
2025/10/28,01:00,1350,,,,355
2025/10/28,01:15,1350,,,,333
2025/10/28,01:30,1350,,,,318
2025/10/28,01:45,1350,,,,285
2025/10/28,02:00,1350,,,,254
2025/10/28,02:15,1350,,,,219
2025/10/28,02:30,1350,,,,197
2025/10/28,02:45,1350,,,,179
2025/10/28,03:00,1350,,,,178
2025/10/28,03:15,1350,,,,173
2025/10/28,03:30,1350,,,,170
2025/10/28,03:45,1350,,,,166
2025/10/28,04:00,1350,,,,165
2025/10/28,04:15,1350,,,,165
2025/10/28,04:30,1350,,,,158
2025/10/28,04:45,1350,,,,155
2025/10/28,05:00,1350,,,,162
2025/10/28,05:15,1350,,,,158
2025/10/28,05:30,1350,,,,155
2025/10/28,05:45,1350,,,,158
2025/10/28,06:00,1350,,,,154
2025/10/28,06:15,1350,,149,,
2025/10/28,06:30,1350,,143,,
2025/10/28,06:45,1350,,155,,
2025/10/28,07:00,1350,,137,,
2025/10/28,07:15,1350,,151,,
2025/10/28,07:30,1350,,168,,
2025/10/28,07:45,1350,,180,,
2025/10/28,08:00,1350,,240,,
2025/10/28,08:15,1350,,462,,
2025/10/28,08:30,1350,,531,,
2025/10/28,08:45,1350,,558,,
2025/10/28,09:00,1350,,619,,
2025/10/28,09:15,1350,,625,,
2025/10/28,09:30,1350,,677,,
2025/10/28,09:45,1350,,655,,
2025/10/28,10:00,1350,,600,,
2025/10/28,10:15,1350,,616,,
2025/10/28,10:30,1350,,677,,
2025/10/28,10:45,1350,,656,,
2025/10/28,11:00,1350,,637,,
2025/10/28,11:15,1350,,,,651
2025/10/28,11:30,1350,,,,662
2025/10/28,11:45,1350,,,,659
2025/10/28,12:00,1350,,,,544
2025/10/28,12:15,1350,,,,384
2025/10/28,12:30,1350,,,,421
2025/10/28,12:45,1350,,,,445
2025/10/28,13:00,1350,,,,740
2025/10/28,13:15,1350,,,,792
2025/10/28,13:30,1350,,,,729
2025/10/28,13:45,1350,,,,653
2025/10/28,14:00,1350,,,,681
2025/10/28,14:15,1350,,670,,
2025/10/28,14:30,1350,,646,,
2025/10/28,14:45,1350,,606,,
2025/10/28,15:00,1350,,615,,
2025/10/28,15:15,1350,,695,,
2025/10/28,15:30,1350,,702,,
2025/10/28,15:45,1350,,683,,
2025/10/28,16:00,1350,,693,,
2025/10/28,16:15,1350,,683,,
2025/10/28,16:30,1350,,643,,
2025/10/28,16:45,1350,,393,,
2025/10/28,17:00,1350,,283,,
2025/10/28,17:15,1350,,218,,
2025/10/28,17:30,1350,,205,,
2025/10/28,17:45,1350,,211,,
2025/10/28,18:00,1350,,235,,
2025/10/28,18:15,1350,,214,,
2025/10/28,18:30,1350,,226,,
2025/10/28,18:45,1350,,222,,
2025/10/28,19:00,1350,,216,,
2025/10/28,19:15,1350,,208,,
2025/10/28,19:30,1350,,178,,
2025/10/28,19:45,1350,,165,,
2025/10/28,20:00,1350,,154,,
2025/10/28,20:15,1350,,139,,
2025/10/28,20:30,1350,,125,,
2025/10/28,20:45,1350,,128,,
2025/10/28,21:00,1350,,202,,
2025/10/28,21:15,1350,,206,,
2025/10/28,21:30,1350,,213,,
2025/10/28,21:45,1350,,227,,
2025/10/28,22:00,1350,,235,,
2025/10/28,22:15,1350,,251,,
2025/10/28,22:30,1350,,251,,
2025/10/28,22:45,1350,,256,,
2025/10/28,23:00,1350,,251,,
2025/10/28,23:15,1350,,258,,
2025/10/28,23:30,1350,,251,,
2025/10/28,23:45,1350,,259,,
2025/10/29,00:00,1350,,256,,
2025/10/29,00:15,1350,,,,267
2025/10/29,00:30,1350,,,,304
2025/10/29,00:45,1350,,,,304
2025/10/29,01:00,1350,,,,285
2025/10/29,01:15,1350,,,,286
2025/10/29,01:30,1350,,,,275
2025/10/29,01:45,1350,,,,267
2025/10/29,02:00,1350,,,,262
2025/10/29,02:15,1350,,,,246
2025/10/29,02:30,1350,,,,208
2025/10/29,02:45,1350,,,,184
2025/10/29,03:00,1350,,,,181
2025/10/29,03:15,1350,,,,176
2025/10/29,03:30,1350,,,,174
2025/10/29,03:45,1350,,,,166
2025/10/29,04:00,1350,,,,163
2025/10/29,04:15,1350,,,,166
2025/10/29,04:30,1350,,,,166
2025/10/29,04:45,1350,,,,165
2025/10/29,05:00,1350,,,,165
2025/10/29,05:15,1350,,,,173
2025/10/29,05:30,1350,,,,171
2025/10/29,05:45,1350,,,,173
2025/10/29,06:00,1350,,,,171
2025/10/29,06:15,1350,,165,,
2025/10/29,06:30,1350,,156,,
2025/10/29,06:45,1350,,168,,
2025/10/29,07:00,1350,,188,,
2025/10/29,07:15,1350,,185,,
2025/10/29,07:30,1350,,227,,
2025/10/29,07:45,1350,,231,,
2025/10/29,08:00,1350,,305,,
2025/10/29,08:15,1350,,686,,
2025/10/29,08:30,1350,,842,,
2025/10/29,08:45,1350,,907,,
2025/10/29,09:00,1350,,937,,
2025/10/29,09:15,1350,,975,,
2025/10/29,09:30,1350,,990,,
2025/10/29,09:45,1350,,987,,
2025/10/29,10:00,1350,,934,,
2025/10/29,10:15,1350,,970,,
2025/10/29,10:30,1350,,983,,
2025/10/29,10:45,1350,,917,,
2025/10/29,11:00,1350,,981,,
2025/10/29,11:15,1350,,,,979
2025/10/29,11:30,1350,,,,906
2025/10/29,11:45,1350,,,,929
2025/10/29,12:00,1350,,,,740
2025/10/29,12:15,1350,,,,492
2025/10/29,12:30,1350,,,,482
2025/10/29,12:45,1350,,,,492
2025/10/29,13:00,1350,,,,842
2025/10/29,13:15,1350,,,,946
2025/10/29,13:30,1350,,,,961
2025/10/29,13:45,1350,,,,1011
2025/10/29,14:00,1350,,,,1008
2025/10/29,14:15,1350,,1021,,
2025/10/29,14:30,1350,,1029,,
2025/10/29,14:45,1350,,1035,,
2025/10/29,15:00,1350,,960,,
2025/10/29,15:15,1350,,957,,
2025/10/29,15:30,1350,,963,,
2025/10/29,15:45,1350,,930,,
2025/10/29,16:00,1350,,865,,
2025/10/29,16:15,1350,,853,,
2025/10/29,16:30,1350,,823,,
2025/10/29,16:45,1350,,599,,
2025/10/29,17:00,1350,,397,,
2025/10/29,17:15,1350,,239,,
2025/10/29,17:30,1350,,208,,
2025/10/29,17:45,1350,,226,,
2025/10/29,18:00,1350,,234,,
2025/10/29,18:15,1350,,208,,
2025/10/29,18:30,1350,,218,,
2025/10/29,18:45,1350,,195,,
2025/10/29,19:00,1350,,182,,
2025/10/29,19:15,1350,,174,,
2025/10/29,19:30,1350,,160,,
2025/10/29,19:45,1350,,162,,
2025/10/29,20:00,1350,,166,,
2025/10/29,20:15,1350,,152,,
2025/10/29,20:30,1350,,149,,
2025/10/29,20:45,1350,,146,,
2025/10/29,21:00,1350,,149,,
2025/10/29,21:15,1350,,205,,
2025/10/29,21:30,1350,,238,,
2025/10/29,21:45,1350,,278,,
2025/10/29,22:00,1350,,262,,
2025/10/29,22:15,1350,,291,,
2025/10/29,22:30,1350,,293,,
2025/10/29,22:45,1350,,304,,
2025/10/29,23:00,1350,,310,,
2025/10/29,23:15,1350,,318,,
2025/10/29,23:30,1350,,294,,
2025/10/29,23:45,1350,,323,,
2025/10/30,00:00,1350,,349,,
2025/10/30,00:15,1350,,,,376
2025/10/30,00:30,1350,,,,379
2025/10/30,00:45,1350,,,,347
2025/10/30,01:00,1350,,,,338
2025/10/30,01:15,1350,,,,341
2025/10/30,01:30,1350,,,,342
2025/10/30,01:45,1350,,,,318
2025/10/30,02:00,1350,,,,293
2025/10/30,02:15,1350,,,,266
2025/10/30,02:30,1350,,,,232
2025/10/30,02:45,1350,,,,206
2025/10/30,03:00,1350,,,,184
2025/10/30,03:15,1350,,,,171
2025/10/30,03:30,1350,,,,171
2025/10/30,03:45,1350,,,,160
2025/10/30,04:00,1350,,,,178
2025/10/30,04:15,1350,,,,158
2025/10/30,04:30,1350,,,,158
2025/10/30,04:45,1350,,,,155
2025/10/30,05:00,1350,,,,157
2025/10/30,05:15,1350,,,,162
2025/10/30,05:30,1350,,,,160
2025/10/30,05:45,1350,,,,163
2025/10/30,06:00,1350,,,,155
2025/10/30,06:15,1350,,179,,
2025/10/30,06:30,1350,,160,,
2025/10/30,06:45,1350,,180,,
2025/10/30,07:00,1350,,194,,
2025/10/30,07:15,1350,,198,,
2025/10/30,07:30,1350,,204,,
2025/10/30,07:45,1350,,209,,
2025/10/30,08:00,1350,,275,,
2025/10/30,08:15,1350,,647,,
2025/10/30,08:30,1350,,691,,
2025/10/30,08:45,1350,,699,,
2025/10/30,09:00,1350,,594,,
2025/10/30,09:15,1350,,610,,
2025/10/30,09:30,1350,,731,,
2025/10/30,09:45,1350,,758,,
2025/10/30,10:00,1350,,694,,
2025/10/30,10:15,1350,,756,,
2025/10/30,10:30,1350,,778,,
2025/10/30,10:45,1350,,825,,
2025/10/30,11:00,1350,,696,,
2025/10/30,11:15,1350,,,,665
2025/10/30,11:30,1350,,,,650
2025/10/30,11:45,1350,,,,679
2025/10/30,12:00,1350,,,,638
2025/10/30,12:15,1350,,,,488
2025/10/30,12:30,1350,,,,487
2025/10/30,12:45,1350,,,,514
2025/10/30,13:00,1350,,,,706
2025/10/30,13:15,1350,,,,786
2025/10/30,13:30,1350,,,,797
2025/10/30,13:45,1350,,,,816
2025/10/30,14:00,1350,,,,782
2025/10/30,14:15,1350,,818,,
2025/10/30,14:30,1350,,790,,
2025/10/30,14:45,1350,,760,,
2025/10/30,15:00,1350,,715,,
2025/10/30,15:15,1350,,775,,
2025/10/30,15:30,1350,,819,,
2025/10/30,15:45,1350,,741,,
2025/10/30,16:00,1350,,642,,
2025/10/30,16:15,1350,,606,,
2025/10/30,16:30,1350,,574,,
2025/10/30,16:45,1350,,417,,
2025/10/30,17:00,1350,,260,,
2025/10/30,17:15,1350,,184,,
2025/10/30,17:30,1350,,164,,
2025/10/30,17:45,1350,,158,,
2025/10/30,18:00,1350,,152,,
2025/10/30,18:15,1350,,163,,
2025/10/30,18:30,1350,,152,,
2025/10/30,18:45,1350,,155,,
2025/10/30,19:00,1350,,174,,
2025/10/30,19:15,1350,,152,,
2025/10/30,19:30,1350,,138,,
2025/10/30,19:45,1350,,142,,
2025/10/30,20:00,1350,,133,,
2025/10/30,20:15,1350,,120,,
2025/10/30,20:30,1350,,117,,
2025/10/30,20:45,1350,,168,,
2025/10/30,21:00,1350,,254,,
2025/10/30,21:15,1350,,277,,
2025/10/30,21:30,1350,,275,,
2025/10/30,21:45,1350,,299,,
2025/10/30,22:00,1350,,301,,
2025/10/30,22:15,1350,,290,,
2025/10/30,22:30,1350,,306,,
2025/10/30,22:45,1350,,333,,
2025/10/30,23:00,1350,,349,,
2025/10/30,23:15,1350,,368,,
2025/10/30,23:30,1350,,363,,
2025/10/30,23:45,1350,,376,,
2025/10/31,00:00,1350,,360,,
2025/10/31,00:15,1350,,,,365
2025/10/31,00:30,1350,,,,374
2025/10/31,00:45,1350,,,,376
2025/10/31,01:00,1350,,,,347
2025/10/31,01:15,1350,,,,358
2025/10/31,01:30,1350,,,,358
2025/10/31,01:45,1350,,,,338
2025/10/31,02:00,1350,,,,320
2025/10/31,02:15,1350,,,,294
2025/10/31,02:30,1350,,,,267
2025/10/31,02:45,1350,,,,229
2025/10/31,03:00,1350,,,,202
2025/10/31,03:15,1350,,,,211
2025/10/31,03:30,1350,,,,174
2025/10/31,03:45,1350,,,,160
2025/10/31,04:00,1350,,,,147
2025/10/31,04:15,1350,,,,149
2025/10/31,04:30,1350,,,,154
2025/10/31,04:45,1350,,,,139
2025/10/31,05:00,1350,,,,149
2025/10/31,05:15,1350,,,,158
2025/10/31,05:30,1350,,,,141
2025/10/31,05:45,1350,,,,134
2025/10/31,06:00,1350,,,,126
2025/10/31,06:15,1350,,85,,
2025/10/31,06:30,1350,,79,,
2025/10/31,06:45,1350,,80,,
2025/10/31,07:00,1350,,83,,
2025/10/31,07:15,1350,,99,,
2025/10/31,07:30,1350,,82,,
2025/10/31,07:45,1350,,83,,
2025/10/31,08:00,1350,,138,,
2025/10/31,08:15,1350,,193,,
2025/10/31,08:30,1350,,178,,
2025/10/31,08:45,1350,,158,,
2025/10/31,09:00,1350,,153,,
2025/10/31,09:15,1350,,147,,
2025/10/31,09:30,1350,,117,,
2025/10/31,09:45,1350,,145,,
2025/10/31,10:00,1350,,138,,
2025/10/31,10:15,1350,,133,,
2025/10/31,10:30,1350,,137,,
2025/10/31,10:45,1350,,139,,
2025/10/31,11:00,1350,,139,,
2025/10/31,11:15,1350,,,,140
2025/10/31,11:30,1350,,,,135
2025/10/31,11:45,1350,,,,142
2025/10/31,12:00,1350,,,,136
2025/10/31,12:15,1350,,,,139
2025/10/31,12:30,1350,,,,133
2025/10/31,12:45,1350,,,,130
2025/10/31,13:00,1350,,,,135
2025/10/31,13:15,1350,,,,135
2025/10/31,13:30,1350,,,,128
2025/10/31,13:45,1350,,,,133
2025/10/31,14:00,1350,,,,138
2025/10/31,14:15,1350,,135,,
2025/10/31,14:30,1350,,122,,
2025/10/31,14:45,1350,,136,,
2025/10/31,15:00,1350,,135,,
2025/10/31,15:15,1350,,177,,
2025/10/31,15:30,1350,,144,,
2025/10/31,15:45,1350,,131,,
2025/10/31,16:00,1350,,132,,
2025/10/31,16:15,1350,,138,,
2025/10/31,16:30,1350,,131,,
2025/10/31,16:45,1350,,103,,
2025/10/31,17:00,1350,,87,,
2025/10/31,17:15,1350,,64,,
2025/10/31,17:30,1350,,60,,
2025/10/31,17:45,1350,,75,,
2025/10/31,18:00,1350,,62,,
2025/10/31,18:15,1350,,56,,
2025/10/31,18:30,1350,,59,,
2025/10/31,18:45,1350,,59,,
2025/10/31,19:00,1350,,51,,
2025/10/31,19:15,1350,,59,,
2025/10/31,19:30,1350,,61,,
2025/10/31,19:45,1350,,48,,
2025/10/31,20:00,1350,,53,,
2025/10/31,20:15,1350,,56,,
2025/10/31,20:30,1350,,46,,
2025/10/31,20:45,1350,,50,,
2025/10/31,21:00,1350,,53,,
2025/10/31,21:15,1350,,48,,
2025/10/31,21:30,1350,,48,,
2025/10/31,21:45,1350,,54,,
2025/10/31,22:00,1350,,48,,
2025/10/31,22:15,1350,,46,,
2025/10/31,22:30,1350,,54,,
2025/10/31,22:45,1350,,51,,
2025/10/31,23:00,1350,,48,,
2025/10/31,23:15,1350,,54,,
2025/10/31,23:30,1350,,53,,
2025/10/31,23:45,1350,,46,,
2025/11/1,00:00,1350,,54,,
2025/11/1,00:15,1350,,,,51
2025/11/1,00:30,1350,,,,50
2025/11/1,00:45,1350,,,,53
2025/11/1,01:00,1350,,,,51
2025/11/1,01:15,1350,,,,46
2025/11/1,01:30,1350,,,,51
2025/11/1,01:45,1350,,,,54
2025/11/1,02:00,1350,,,,46
2025/11/1,02:15,1350,,,,53
2025/11/1,02:30,1350,,,,58
2025/11/1,02:45,1350,,,,48
2025/11/1,03:00,1350,,,,50
2025/11/1,03:15,1350,,,,53
2025/11/1,03:30,1350,,,,50
2025/11/1,03:45,1350,,,,48
2025/11/1,04:00,1350,,,,54
2025/11/1,04:15,1350,,,,48
2025/11/1,04:30,1350,,,,50
2025/11/1,04:45,1350,,,,54
2025/11/1,05:00,1350,,,,50
2025/11/1,05:15,1350,,,,53
2025/11/1,05:30,1350,,,,54
2025/11/1,05:45,1350,,,,46
2025/11/1,06:00,1350,,,,53
2025/11/1,06:15,1350,,,51,
2025/11/1,06:30,1350,,,47,
2025/11/1,06:45,1350,,,54,
2025/11/1,07:00,1350,,,51,
2025/11/1,07:15,1350,,,46,
2025/11/1,07:30,1350,,,52,
2025/11/1,07:45,1350,,,51,
2025/11/1,08:00,1350,,,45,
2025/11/1,08:15,1350,,,59,
2025/11/1,08:30,1350,,,46,
2025/11/1,08:45,1350,,,39,
2025/11/1,09:00,1350,,,55,
2025/11/1,09:15,1350,,,49,
2025/11/1,09:30,1350,,,52,
2025/11/1,09:45,1350,,,51,
2025/11/1,10:00,1350,,,45,
2025/11/1,10:15,1350,,,50,
2025/11/1,10:30,1350,,,60,
2025/11/1,10:45,1350,,,48,
2025/11/1,11:00,1350,,,54,
2025/11/1,11:15,1350,,,,54
2025/11/1,11:30,1350,,,,51
2025/11/1,11:45,1350,,,,57
2025/11/1,12:00,1350,,,,54
2025/11/1,12:15,1350,,,,51
2025/11/1,12:30,1350,,,,95
2025/11/1,12:45,1350,,,,66
2025/11/1,13:00,1350,,,,47
2025/11/1,13:15,1350,,,,49
2025/11/1,13:30,1350,,,,57
2025/11/1,13:45,1350,,,,51
2025/11/1,14:00,1350,,,,52
2025/11/1,14:15,1350,,,62,
2025/11/1,14:30,1350,,,53,
2025/11/1,14:45,1350,,,47,
2025/11/1,15:00,1350,,,57,
2025/11/1,15:15,1350,,,51,
2025/11/1,15:30,1350,,,55,
2025/11/1,15:45,1350,,,63,
2025/11/1,16:00,1350,,,55,
2025/11/1,16:15,1350,,,56,
2025/11/1,16:30,1350,,,61,
2025/11/1,16:45,1350,,,56,
2025/11/1,17:00,1350,,,48,
2025/11/1,17:15,1350,,,48,
2025/11/1,17:30,1350,,,53,
2025/11/1,17:45,1350,,,45,
2025/11/1,18:00,1350,,,45,
2025/11/1,18:15,1350,,,53,
2025/11/1,18:30,1350,,,50,
2025/11/1,18:45,1350,,,42,
2025/11/1,19:00,1350,,,53,
2025/11/1,19:15,1350,,,50,
2025/11/1,19:30,1350,,,45,
2025/11/1,19:45,1350,,,50,
2025/11/1,20:00,1350,,,51,
2025/11/1,20:15,1350,,,45,
2025/11/1,20:30,1350,,,48,
2025/11/1,20:45,1350,,,53,
2025/11/1,21:00,1350,,,43,
2025/11/1,21:15,1350,,,46,
2025/11/1,21:30,1350,,,53,
2025/11/1,21:45,1350,,,46,
2025/11/1,22:00,1350,,,45,
2025/11/1,22:15,1350,,,54,
2025/11/1,22:30,1350,,,45,
2025/11/1,22:45,1350,,,46,
2025/11/1,23:00,1350,,,53,
2025/11/1,23:15,1350,,,46,
2025/11/1,23:30,1350,,,45,
2025/11/1,23:45,1350,,,53,
2025/11/2,00:00,1350,,,43,
2025/11/2,00:15,1350,,,,48
2025/11/2,00:30,1350,,,,53
2025/11/2,00:45,1350,,,,45
2025/11/2,01:00,1350,,,,45
2025/11/2,01:15,1350,,,,53
2025/11/2,01:30,1350,,,,45
2025/11/2,01:45,1350,,,,46
2025/11/2,02:00,1350,,,,51
2025/11/2,02:15,1350,,,,48
2025/11/2,02:30,1350,,,,43
2025/11/2,02:45,1350,,,,53
2025/11/2,03:00,1350,,,,46
2025/11/2,03:15,1350,,,,43
2025/11/2,03:30,1350,,,,53
2025/11/2,03:45,1350,,,,48
2025/11/2,04:00,1350,,,,43
2025/11/2,04:15,1350,,,,53
2025/11/2,04:30,1350,,,,48
2025/11/2,04:45,1350,,,,45
2025/11/2,05:00,1350,,,,51
2025/11/2,05:15,1350,,,,48
2025/11/2,05:30,1350,,,,43
2025/11/2,05:45,1350,,,,51
2025/11/2,06:00,1350,,,,48
2025/11/2,06:15,1350,,,,67
2025/11/2,06:30,1350,,,,73
2025/11/2,06:45,1350,,,,48
2025/11/2,07:00,1350,,,,43
2025/11/2,07:15,1350,,,,46
2025/11/2,07:30,1350,,,,49
2025/11/2,07:45,1350,,,,42
2025/11/2,08:00,1350,,,,46
2025/11/2,08:15,1350,,,,50
2025/11/2,08:30,1350,,,,41
2025/11/2,08:45,1350,,,,47
2025/11/2,09:00,1350,,,,51
2025/11/2,09:15,1350,,,,41
2025/11/2,09:30,1350,,,,65
2025/11/2,09:45,1350,,,,51
2025/11/2,10:00,1350,,,,42
2025/11/2,10:15,1350,,,,51
2025/11/2,10:30,1350,,,,50
2025/11/2,10:45,1350,,,,43
2025/11/2,11:00,1350,,,,49
2025/11/2,11:15,1350,,,,47
2025/11/2,11:30,1350,,,,45
2025/11/2,11:45,1350,,,,54
2025/11/2,12:00,1350,,,,61
2025/11/2,12:15,1350,,,,47
2025/11/2,12:30,1350,,,,50
2025/11/2,12:45,1350,,,,49
2025/11/2,13:00,1350,,,,46
2025/11/2,13:15,1350,,,,46
2025/11/2,13:30,1350,,,,55
2025/11/2,13:45,1350,,,,61
2025/11/2,14:00,1350,,,,57
2025/11/2,14:15,1350,,,,46
2025/11/2,14:30,1350,,,,43
2025/11/2,14:45,1350,,,,58
2025/11/2,15:00,1350,,,,50
2025/11/2,15:15,1350,,,,48
2025/11/2,15:30,1350,,,,70
2025/11/2,15:45,1350,,,,55
2025/11/2,16:00,1350,,,,49
2025/11/2,16:15,1350,,,,54
2025/11/2,16:30,1350,,,,50
2025/11/2,16:45,1350,,,,48
2025/11/2,17:00,1350,,,,55
2025/11/2,17:15,1350,,,,50
2025/11/2,17:30,1350,,,,61
2025/11/2,17:45,1350,,,,56
2025/11/2,18:00,1350,,,,48
2025/11/2,18:15,1350,,,,46
2025/11/2,18:30,1350,,,,54
2025/11/2,18:45,1350,,,,48
2025/11/2,19:00,1350,,,,46
2025/11/2,19:15,1350,,,,53
2025/11/2,19:30,1350,,,,46
2025/11/2,19:45,1350,,,,48
2025/11/2,20:00,1350,,,,58
2025/11/2,20:15,1350,,,,59
2025/11/2,20:30,1350,,,,46
2025/11/2,20:45,1350,,,,53
2025/11/2,21:00,1350,,,,45
2025/11/2,21:15,1350,,,,46
2025/11/2,21:30,1350,,,,53
2025/11/2,21:45,1350,,,,43
2025/11/2,22:00,1350,,,,48
2025/11/2,22:15,1350,,,,51
2025/11/2,22:30,1350,,,,42
2025/11/2,22:45,1350,,,,51
2025/11/2,23:00,1350,,,,46
2025/11/2,23:15,1350,,,,56
2025/11/2,23:30,1350,,,,59
2025/11/2,23:45,1350,,,,43
2025/11/3,00:00,1350,,,,46
2025/11/3,00:15,1350,,,,51
2025/11/3,00:30,1350,,,,43
2025/11/3,00:45,1350,,,,51
2025/11/3,01:00,1350,,,,46
2025/11/3,01:15,1350,,,,48
2025/11/3,01:30,1350,,,,50
2025/11/3,01:45,1350,,,,43
2025/11/3,02:00,1350,,,,51
2025/11/3,02:15,1350,,,,48
2025/11/3,02:30,1350,,,,48
2025/11/3,02:45,1350,,,,66
2025/11/3,03:00,1350,,,,45
2025/11/3,03:15,1350,,,,50
2025/11/3,03:30,1350,,,,46
2025/11/3,03:45,1350,,,,48
2025/11/3,04:00,1350,,,,48
2025/11/3,04:15,1350,,,,45
2025/11/3,04:30,1350,,,,51
2025/11/3,04:45,1350,,,,43
2025/11/3,05:00,1350,,,,48
2025/11/3,05:15,1350,,,,46
2025/11/3,05:30,1350,,,,46
2025/11/3,05:45,1350,,,,48
2025/11/3,06:00,1350,,,,43
2025/11/3,06:15,1350,,50,,
2025/11/3,06:30,1350,,63,,
2025/11/3,06:45,1350,,52,,
2025/11/3,07:00,1350,,59,,
2025/11/3,07:15,1350,,173,,
2025/11/3,07:30,1350,,217,,
2025/11/3,07:45,1350,,215,,
2025/11/3,08:00,1350,,249,,
2025/11/3,08:15,1350,,549,,
2025/11/3,08:30,1350,,739,,
2025/11/3,08:45,1350,,758,,
2025/11/3,09:00,1350,,847,,
2025/11/3,09:15,1350,,871,,
2025/11/3,09:30,1350,,858,,
2025/11/3,09:45,1350,,773,,
2025/11/3,10:00,1350,,704,,
2025/11/3,10:15,1350,,773,,
2025/11/3,10:30,1350,,739,,
2025/11/3,10:45,1350,,659,,
2025/11/3,11:00,1350,,555,,
2025/11/3,11:15,1350,,,,599
2025/11/3,11:30,1350,,,,711
2025/11/3,11:45,1350,,,,795
2025/11/3,12:00,1350,,,,656
2025/11/3,12:15,1350,,,,455
2025/11/3,12:30,1350,,,,450
2025/11/3,12:45,1350,,,,456
2025/11/3,13:00,1350,,,,741
2025/11/3,13:15,1350,,,,936
2025/11/3,13:30,1350,,,,881
2025/11/3,13:45,1350,,,,858
2025/11/3,14:00,1350,,,,836
2025/11/3,14:15,1350,,849,,
2025/11/3,14:30,1350,,854,,
2025/11/3,14:45,1350,,848,,
2025/11/3,15:00,1350,,777,,
2025/11/3,15:15,1350,,909,,
2025/11/3,15:30,1350,,930,,
2025/11/3,15:45,1350,,950,,
2025/11/3,16:00,1350,,955,,
2025/11/3,16:15,1350,,896,,
2025/11/3,16:30,1350,,834,,
2025/11/3,16:45,1350,,596,,
2025/11/3,17:00,1350,,362,,
2025/11/3,17:15,1350,,263,,
2025/11/3,17:30,1350,,248,,
2025/11/3,17:45,1350,,259,,
2025/11/3,18:00,1350,,251,,
2025/11/3,18:15,1350,,275,,
2025/11/3,18:30,1350,,262,,
2025/11/3,18:45,1350,,234,,
2025/11/3,19:00,1350,,235,,
2025/11/3,19:15,1350,,165,,
2025/11/3,19:30,1350,,130,,
2025/11/3,19:45,1350,,109,,
2025/11/3,20:00,1350,,115,,
2025/11/3,20:15,1350,,106,,
2025/11/3,20:30,1350,,110,,
2025/11/3,20:45,1350,,99,,
2025/11/3,21:00,1350,,107,,
2025/11/3,21:15,1350,,160,,
2025/11/3,21:30,1350,,187,,
2025/11/3,21:45,1350,,206,,
2025/11/3,22:00,1350,,216,,
2025/11/3,22:15,1350,,219,,
2025/11/3,22:30,1350,,232,,
2025/11/3,22:45,1350,,238,,
2025/11/3,23:00,1350,,246,,
2025/11/3,23:15,1350,,254,,
2025/11/3,23:30,1350,,256,,
2025/11/3,23:45,1350,,262,,
2025/11/4,00:00,1350,,256,,
2025/11/4,00:15,1350,,,,254
2025/11/4,00:30,1350,,,,251
2025/11/4,00:45,1350,,,,250
2025/11/4,01:00,1350,,,,246
2025/11/4,01:15,1350,,,,274
2025/11/4,01:30,1350,,,,283
2025/11/4,01:45,1350,,,,277
2025/11/4,02:00,1350,,,,258
2025/11/4,02:15,1350,,,,250
2025/11/4,02:30,1350,,,,242
2025/11/4,02:45,1350,,,,237
2025/11/4,03:00,1350,,,,227
2025/11/4,03:15,1350,,,,219
2025/11/4,03:30,1350,,,,171
2025/11/4,03:45,1350,,,,173
2025/11/4,04:00,1350,,,,171
2025/11/4,04:15,1350,,,,171
2025/11/4,04:30,1350,,,,170
2025/11/4,04:45,1350,,,,168
2025/11/4,05:00,1350,,,,171
2025/11/4,05:15,1350,,,,171
2025/11/4,05:30,1350,,,,171
2025/11/4,05:45,1350,,,,170
2025/11/4,06:00,1350,,,,163
2025/11/4,06:15,1350,,160,,
2025/11/4,06:30,1350,,104,,
2025/11/4,06:45,1350,,110,,
2025/11/4,07:00,1350,,115,,
2025/11/4,07:15,1350,,143,,
2025/11/4,07:30,1350,,164,,
2025/11/4,07:45,1350,,167,,
2025/11/4,08:00,1350,,220,,
2025/11/4,08:15,1350,,196,,
2025/11/4,08:30,1350,,193,,
2025/11/4,08:45,1350,,460,,
2025/11/4,09:00,1350,,798,,
2025/11/4,09:15,1350,,918,,
2025/11/4,09:30,1350,,865,,
2025/11/4,09:45,1350,,863,,
2025/11/4,10:00,1350,,802,,
2025/11/4,10:15,1350,,842,,
2025/11/4,10:30,1350,,887,,
2025/11/4,10:45,1350,,875,,
2025/11/4,11:00,1350,,860,,
2025/11/4,11:15,1350,,,,914
2025/11/4,11:30,1350,,,,935
2025/11/4,11:45,1350,,,,933
2025/11/4,12:00,1350,,,,767
2025/11/4,12:15,1350,,,,515
2025/11/4,12:30,1350,,,,479
2025/11/4,12:45,1350,,,,492
2025/11/4,13:00,1350,,,,835
2025/11/4,13:15,1350,,,,925
2025/11/4,13:30,1350,,,,903
2025/11/4,13:45,1350,,,,868
2025/11/4,14:00,1350,,,,875
2025/11/4,14:15,1350,,799,,
2025/11/4,14:30,1350,,865,,
2025/11/4,14:45,1350,,836,,
2025/11/4,15:00,1350,,730,,
2025/11/4,15:15,1350,,772,,
2025/11/4,15:30,1350,,748,,
2025/11/4,15:45,1350,,721,,
2025/11/4,16:00,1350,,717,,
2025/11/4,16:15,1350,,700,,
2025/11/4,16:30,1350,,703,,
2025/11/4,16:45,1350,,384,,
2025/11/4,17:00,1350,,229,,
2025/11/4,17:15,1350,,153,,
2025/11/4,17:30,1350,,146,,
2025/11/4,17:45,1350,,158,,
2025/11/4,18:00,1350,,160,,
2025/11/4,18:15,1350,,152,,
2025/11/4,18:30,1350,,157,,
2025/11/4,18:45,1350,,152,,
2025/11/4,19:00,1350,,158,,
2025/11/4,19:15,1350,,150,,
2025/11/4,19:30,1350,,110,,
2025/11/4,19:45,1350,,85,,
2025/11/4,20:00,1350,,94,,
2025/11/4,20:15,1350,,91,,
2025/11/4,20:30,1350,,94,,
2025/11/4,20:45,1350,,93,,
2025/11/4,21:00,1350,,99,,
2025/11/4,21:15,1350,,221,,
2025/11/4,21:30,1350,,256,,
2025/11/4,21:45,1350,,245,,
2025/11/4,22:00,1350,,235,,
2025/11/4,22:15,1350,,235,,
2025/11/4,22:30,1350,,238,,
2025/11/4,22:45,1350,,243,,
2025/11/4,23:00,1350,,270,,
2025/11/4,23:15,1350,,283,,
2025/11/4,23:30,1350,,306,,
2025/11/4,23:45,1350,,342,,
2025/11/5,00:00,1350,,374,,
2025/11/5,00:15,1350,,,,371
2025/11/5,00:30,1350,,,,363
2025/11/5,00:45,1350,,,,333
2025/11/5,01:00,1350,,,,339
2025/11/5,01:15,1350,,,,331
2025/11/5,01:30,1350,,,,323
2025/11/5,01:45,1350,,,,301
2025/11/5,02:00,1350,,,,285
2025/11/5,02:15,1350,,,,258
2025/11/5,02:30,1350,,,,230
2025/11/5,02:45,1350,,,,195
2025/11/5,03:00,1350,,,,170
2025/11/5,03:15,1350,,,,181
2025/11/5,03:30,1350,,,,162
2025/11/5,03:45,1350,,,,149
2025/11/5,04:00,1350,,,,150
2025/11/5,04:15,1350,,,,147
2025/11/5,04:30,1350,,,,144
2025/11/5,04:45,1350,,,,131
2025/11/5,05:00,1350,,,,138
2025/11/5,05:15,1350,,,,131
2025/11/5,05:30,1350,,,,144
2025/11/5,05:45,1350,,,,138
2025/11/5,06:00,1350,,,,133
2025/11/5,06:15,1350,,135,,
2025/11/5,06:30,1350,,142,,
2025/11/5,06:45,1350,,141,,
2025/11/5,07:00,1350,,165,,
2025/11/5,07:15,1350,,190,,
2025/11/5,07:30,1350,,219,,
2025/11/5,07:45,1350,,230,,
2025/11/5,08:00,1350,,289,,
2025/11/5,08:15,1350,,638,,
2025/11/5,08:30,1350,,792,,
2025/11/5,08:45,1350,,800,,
2025/11/5,09:00,1350,,856,,
2025/11/5,09:15,1350,,907,,
2025/11/5,09:30,1350,,918,,
2025/11/5,09:45,1350,,976,,
2025/11/5,10:00,1350,,992,,
2025/11/5,10:15,1350,,1018,,
2025/11/5,10:30,1350,,923,,
2025/11/5,10:45,1350,,851,,
2025/11/5,11:00,1350,,868,,
2025/11/5,11:15,1350,,,,916
2025/11/5,11:30,1350,,,,767
2025/11/5,11:45,1350,,,,684
2025/11/5,12:00,1350,,,,649
2025/11/5,12:15,1350,,,,578
2025/11/5,12:30,1350,,,,578
2025/11/5,12:45,1350,,,,619
2025/11/5,13:00,1350,,,,734
2025/11/5,13:15,1350,,,,790
2025/11/5,13:30,1350,,,,834
2025/11/5,13:45,1350,,,,869
2025/11/5,14:00,1350,,,,873
2025/11/5,14:15,1350,,951,,
2025/11/5,14:30,1350,,985,,
2025/11/5,14:45,1350,,900,,
2025/11/5,15:00,1350,,763,,
2025/11/5,15:15,1350,,827,,
2025/11/5,15:30,1350,,971,,
2025/11/5,15:45,1350,,929,,
2025/11/5,16:00,1350,,888,,
2025/11/5,16:15,1350,,831,,
2025/11/5,16:30,1350,,790,,
2025/11/5,16:45,1350,,638,,
2025/11/5,17:00,1350,,457,,
2025/11/5,17:15,1350,,303,,
2025/11/5,17:30,1350,,276,,
2025/11/5,17:45,1350,,398,,
2025/11/5,18:00,1350,,446,,
2025/11/5,18:15,1350,,389,,
2025/11/5,18:30,1350,,366,,
2025/11/5,18:45,1350,,338,,
2025/11/5,19:00,1350,,352,,
2025/11/5,19:15,1350,,336,,
2025/11/5,19:30,1350,,152,,
2025/11/5,19:45,1350,,128,,
2025/11/5,20:00,1350,,120,,
2025/11/5,20:15,1350,,125,,
2025/11/5,20:30,1350,,118,,
2025/11/5,20:45,1350,,118,,
2025/11/5,21:00,1350,,133,,
2025/11/5,21:15,1350,,197,,
2025/11/5,21:30,1350,,219,,
2025/11/5,21:45,1350,,229,,
2025/11/5,22:00,1350,,235,,
2025/11/5,22:15,1350,,235,,
2025/11/5,22:30,1350,,258,,
2025/11/5,22:45,1350,,253,,
2025/11/5,23:00,1350,,243,,
2025/11/5,23:15,1350,,246,,
2025/11/5,23:30,1350,,243,,
2025/11/5,23:45,1350,,253,,
2025/11/6,00:00,1350,,234,,
2025/11/6,00:15,1350,,,,246
2025/11/6,00:30,1350,,,,213
2025/11/6,00:45,1350,,,,211
2025/11/6,01:00,1350,,,,197
2025/11/6,01:15,1350,,,,189
2025/11/6,01:30,1350,,,,178
2025/11/6,01:45,1350,,,,186
2025/11/6,02:00,1350,,,,173
2025/11/6,02:15,1350,,,,174
2025/11/6,02:30,1350,,,,168
2025/11/6,02:45,1350,,,,222
2025/11/6,03:00,1350,,,,174
2025/11/6,03:15,1350,,,,166
2025/11/6,03:30,1350,,,,173
2025/11/6,03:45,1350,,,,139
2025/11/6,04:00,1350,,,,99
2025/11/6,04:15,1350,,,,102
2025/11/6,04:30,1350,,,,96
2025/11/6,04:45,1350,,,,102
2025/11/6,05:00,1350,,,,106
2025/11/6,05:15,1350,,,,115
2025/11/6,05:30,1350,,,,94
2025/11/6,05:45,1350,,,,104
2025/11/6,06:00,1350,,,,107
2025/11/6,06:15,1350,,112,,
2025/11/6,06:30,1350,,105,,
2025/11/6,06:45,1350,,138,,
2025/11/6,07:00,1350,,125,,
2025/11/6,07:15,1350,,177,,
2025/11/6,07:30,1350,,227,,
2025/11/6,07:45,1350,,244,,
2025/11/6,08:00,1350,,290,,
2025/11/6,08:15,1350,,634,,
2025/11/6,08:30,1350,,748,,
2025/11/6,08:45,1350,,755,,
2025/11/6,09:00,1350,,713,,
2025/11/6,09:15,1350,,689,,
2025/11/6,09:30,1350,,703,,
2025/11/6,09:45,1350,,753,,
2025/11/6,10:00,1350,,760,,
2025/11/6,10:15,1350,,841,,
2025/11/6,10:30,1350,,900,,
2025/11/6,10:45,1350,,915,,
2025/11/6,11:00,1350,,913,,
2025/11/6,11:15,1350,,,,882
2025/11/6,11:30,1350,,,,868
2025/11/6,11:45,1350,,,,833
2025/11/6,12:00,1350,,,,668
2025/11/6,12:15,1350,,,,505
2025/11/6,12:30,1350,,,,505
2025/11/6,12:45,1350,,,,520
2025/11/6,13:00,1350,,,,796
2025/11/6,13:15,1350,,,,827
2025/11/6,13:30,1350,,,,819
2025/11/6,13:45,1350,,,,805
2025/11/6,14:00,1350,,,,783
2025/11/6,14:15,1350,,797,,
2025/11/6,14:30,1350,,760,,
2025/11/6,14:45,1350,,729,,
2025/11/6,15:00,1350,,671,,
2025/11/6,15:15,1350,,728,,
2025/11/6,15:30,1350,,732,,
2025/11/6,15:45,1350,,712,,
2025/11/6,16:00,1350,,697,,
2025/11/6,16:15,1350,,673,,
2025/11/6,16:30,1350,,631,,
2025/11/6,16:45,1350,,386,,
2025/11/6,17:00,1350,,315,,
2025/11/6,17:15,1350,,243,,
2025/11/6,17:30,1350,,256,,
2025/11/6,17:45,1350,,328,,
2025/11/6,18:00,1350,,381,,
2025/11/6,18:15,1350,,350,,
2025/11/6,18:30,1350,,350,,
2025/11/6,18:45,1350,,341,,
2025/11/6,19:00,1350,,342,,
2025/11/6,19:15,1350,,334,,
2025/11/6,19:30,1350,,298,,
2025/11/6,19:45,1350,,131,,
2025/11/6,20:00,1350,,128,,
2025/11/6,20:15,1350,,126,,
2025/11/6,20:30,1350,,138,,
2025/11/6,20:45,1350,,112,,
2025/11/6,21:00,1350,,115,,
2025/11/6,21:15,1350,,198,,
2025/11/6,21:30,1350,,242,,
2025/11/6,21:45,1350,,234,,
2025/11/6,22:00,1350,,232,,
2025/11/6,22:15,1350,,250,,
2025/11/6,22:30,1350,,250,,
2025/11/6,22:45,1350,,250,,
2025/11/6,23:00,1350,,262,,
2025/11/6,23:15,1350,,256,,
2025/11/6,23:30,1350,,245,,
2025/11/6,23:45,1350,,240,,
2025/11/7,00:00,1350,,224,,
2025/11/7,00:15,1350,,,,230
2025/11/7,00:30,1350,,,,262
2025/11/7,00:45,1350,,,,261
2025/11/7,01:00,1350,,,,254
2025/11/7,01:15,1350,,,,197
2025/11/7,01:30,1350,,,,134
2025/11/7,01:45,1350,,,,123
2025/11/7,02:00,1350,,,,126
2025/11/7,02:15,1350,,,,144
2025/11/7,02:30,1350,,,,123
2025/11/7,02:45,1350,,,,125
2025/11/7,03:00,1350,,,,120
2025/11/7,03:15,1350,,,,107
2025/11/7,03:30,1350,,,,104
2025/11/7,03:45,1350,,,,118
2025/11/7,04:00,1350,,,,120
2025/11/7,04:15,1350,,,,102
2025/11/7,04:30,1350,,,,90
2025/11/7,04:45,1350,,,,96
2025/11/7,05:00,1350,,,,91
2025/11/7,05:15,1350,,,,90
2025/11/7,05:30,1350,,,,107
2025/11/7,05:45,1350,,,,102
2025/11/7,06:00,1350,,,,85
2025/11/7,06:15,1350,,79,,
2025/11/7,06:30,1350,,92,,
2025/11/7,06:45,1350,,97,,
2025/11/7,07:00,1350,,90,,
2025/11/7,07:15,1350,,110,,
2025/11/7,07:30,1350,,103,,
2025/11/7,07:45,1350,,100,,
2025/11/7,08:00,1350,,132,,
2025/11/7,08:15,1350,,181,,
2025/11/7,08:30,1350,,203,,
2025/11/7,08:45,1350,,175,,
2025/11/7,09:00,1350,,171,,
2025/11/7,09:15,1350,,179,,
2025/11/7,09:30,1350,,202,,
2025/11/7,09:45,1350,,193,,
2025/11/7,10:00,1350,,170,,
2025/11/7,10:15,1350,,188,,
2025/11/7,10:30,1350,,202,,
2025/11/7,10:45,1350,,191,,
2025/11/7,11:00,1350,,179,,
2025/11/7,11:15,1350,,,,202
2025/11/7,11:30,1350,,,,210
2025/11/7,11:45,1350,,,,180
2025/11/7,12:00,1350,,,,180
2025/11/7,12:15,1350,,,,184
2025/11/7,12:30,1350,,,,182
2025/11/7,12:45,1350,,,,170
2025/11/7,13:00,1350,,,,191
2025/11/7,13:15,1350,,,,209
2025/11/7,13:30,1350,,,,192
2025/11/7,13:45,1350,,,,194
2025/11/7,14:00,1350,,,,208
2025/11/7,14:15,1350,,223,,
2025/11/7,14:30,1350,,182,,
2025/11/7,14:45,1350,,190,,
2025/11/7,15:00,1350,,192,,
2025/11/7,15:15,1350,,194,,
2025/11/7,15:30,1350,,193,,
2025/11/7,15:45,1350,,205,,
2025/11/7,16:00,1350,,209,,
2025/11/7,16:15,1350,,189,,
2025/11/7,16:30,1350,,190,,
2025/11/7,16:45,1350,,184,,
2025/11/7,17:00,1350,,160,,
2025/11/7,17:15,1350,,104,,
2025/11/7,17:30,1350,,119,,
2025/11/7,17:45,1350,,114,,
2025/11/7,18:00,1350,,106,,
2025/11/7,18:15,1350,,96,,
2025/11/7,18:30,1350,,83,,
2025/11/7,18:45,1350,,83,,
2025/11/7,19:00,1350,,90,,
2025/11/7,19:15,1350,,85,,
2025/11/7,19:30,1350,,72,,
2025/11/7,19:45,1350,,75,,
2025/11/7,20:00,1350,,67,,
2025/11/7,20:15,1350,,62,,
2025/11/7,20:30,1350,,64,,
2025/11/7,20:45,1350,,91,,
2025/11/7,21:00,1350,,62,,
2025/11/7,21:15,1350,,66,,
2025/11/7,21:30,1350,,70,,
2025/11/7,21:45,1350,,70,,
2025/11/7,22:00,1350,,64,,
2025/11/7,22:15,1350,,77,,
2025/11/7,22:30,1350,,96,,
2025/11/7,22:45,1350,,75,,
2025/11/7,23:00,1350,,90,,
2025/11/7,23:15,1350,,94,,
2025/11/7,23:30,1350,,99,,
2025/11/7,23:45,1350,,91,,
2025/11/8,00:00,1350,,98,,
2025/11/8,00:15,1350,,,,98
2025/11/8,00:30,1350,,,,93
2025/11/8,00:45,1350,,,,86
2025/11/8,01:00,1350,,,,85
2025/11/8,01:15,1350,,,,94
2025/11/8,01:30,1350,,,,91
2025/11/8,01:45,1350,,,,102
2025/11/8,02:00,1350,,,,90
2025/11/8,02:15,1350,,,,93
2025/11/8,02:30,1350,,,,83
2025/11/8,02:45,1350,,,,85
2025/11/8,03:00,1350,,,,88
2025/11/8,03:15,1350,,,,88
2025/11/8,03:30,1350,,,,90
2025/11/8,03:45,1350,,,,83
2025/11/8,04:00,1350,,,,83
2025/11/8,04:15,1350,,,,80
2025/11/8,04:30,1350,,,,78
2025/11/8,04:45,1350,,,,86
2025/11/8,05:00,1350,,,,96
2025/11/8,05:15,1350,,,,83
2025/11/8,05:30,1350,,,,83
2025/11/8,05:45,1350,,,,83
2025/11/8,06:00,1350,,,,77
2025/11/8,06:15,1350,,,80,
2025/11/8,06:30,1350,,,87,
2025/11/8,06:45,1350,,,93,
2025/11/8,07:00,1350,,,74,
2025/11/8,07:15,1350,,,78,
2025/11/8,07:30,1350,,,78,
2025/11/8,07:45,1350,,,72,
2025/11/8,08:00,1350,,,73,
2025/11/8,08:15,1350,,,96,
2025/11/8,08:30,1350,,,83,
2025/11/8,08:45,1350,,,72,
2025/11/8,09:00,1350,,,79,
2025/11/8,09:15,1350,,,83,
2025/11/8,09:30,1350,,,79,
2025/11/8,09:45,1350,,,80,
2025/11/8,10:00,1350,,,103,
2025/11/8,10:15,1350,,,82,
2025/11/8,10:30,1350,,,75,
2025/11/8,10:45,1350,,,82,
2025/11/8,11:00,1350,,,65,
2025/11/8,11:15,1350,,,,62
2025/11/8,11:30,1350,,,,85
2025/11/8,11:45,1350,,,,74
2025/11/8,12:00,1350,,,,67
2025/11/8,12:15,1350,,,,68
2025/11/8,12:30,1350,,,,89
2025/11/8,12:45,1350,,,,73
2025/11/8,13:00,1350,,,,67
2025/11/8,13:15,1350,,,,65
2025/11/8,13:30,1350,,,,75
2025/11/8,13:45,1350,,,,70
2025/11/8,14:00,1350,,,,80
2025/11/8,14:15,1350,,,79,
2025/11/8,14:30,1350,,,80,
2025/11/8,14:45,1350,,,71,
2025/11/8,15:00,1350,,,70,
2025/11/8,15:15,1350,,,73,
2025/11/8,15:30,1350,,,80,
2025/11/8,15:45,1350,,,90,
2025/11/8,16:00,1350,,,67,
2025/11/8,16:15,1350,,,73,
2025/11/8,16:30,1350,,,70,
2025/11/8,16:45,1350,,,87,
2025/11/8,17:00,1350,,,62,
2025/11/8,17:15,1350,,,68,
2025/11/8,17:30,1350,,,66,
2025/11/8,17:45,1350,,,61,
2025/11/8,18:00,1350,,,64,
2025/11/8,18:15,1350,,,88,
2025/11/8,18:30,1350,,,69,
2025/11/8,18:45,1350,,,62,
2025/11/8,19:00,1350,,,67,
2025/11/8,19:15,1350,,,67,
2025/11/8,19:30,1350,,,61,
2025/11/8,19:45,1350,,,64,
2025/11/8,20:00,1350,,,85,
2025/11/8,20:15,1350,,,66,
2025/11/8,20:30,1350,,,59,
2025/11/8,20:45,1350,,,64,
2025/11/8,21:00,1350,,,70,
2025/11/8,21:15,1350,,,61,
2025/11/8,21:30,1350,,,67,
2025/11/8,21:45,1350,,,78,
2025/11/8,22:00,1350,,,67,
2025/11/8,22:15,1350,,,61,
2025/11/8,22:30,1350,,,59,
2025/11/8,22:45,1350,,,67,
2025/11/8,23:00,1350,,,59,
2025/11/8,23:15,1350,,,75,
2025/11/8,23:30,1350,,,66,
2025/11/8,23:45,1350,,,66,
2025/11/9,00:00,1350,,,58,
2025/11/9,00:15,1350,,,,61
2025/11/9,00:30,1350,,,,66
2025/11/9,00:45,1350,,,,64
2025/11/9,01:00,1350,,,,77
2025/11/9,01:15,1350,,,,62
2025/11/9,01:30,1350,,,,64
2025/11/9,01:45,1350,,,,59
2025/11/9,02:00,1350,,,,61
2025/11/9,02:15,1350,,,,67
2025/11/9,02:30,1350,,,,72
2025/11/9,02:45,1350,,,,66
2025/11/9,03:00,1350,,,,64
2025/11/9,03:15,1350,,,,62
2025/11/9,03:30,1350,,,,59
2025/11/9,03:45,1350,,,,62
2025/11/9,04:00,1350,,,,67
2025/11/9,04:15,1350,,,,78
2025/11/9,04:30,1350,,,,61
2025/11/9,04:45,1350,,,,64
2025/11/9,05:00,1350,,,,59
2025/11/9,05:15,1350,,,,59
2025/11/9,05:30,1350,,,,66
2025/11/9,05:45,1350,,,,69
2025/11/9,06:00,1350,,,,70
2025/11/9,06:15,1350,,,,64
2025/11/9,06:30,1350,,,,63
2025/11/9,06:45,1350,,,,59
2025/11/9,07:00,1350,,,,58
2025/11/9,07:15,1350,,,,63
2025/11/9,07:30,1350,,,,73
2025/11/9,07:45,1350,,,,59
2025/11/9,08:00,1350,,,,65
2025/11/9,08:15,1350,,,,60
2025/11/9,08:30,1350,,,,58
2025/11/9,08:45,1350,,,,66
2025/11/9,09:00,1350,,,,63
2025/11/9,09:15,1350,,,,75
2025/11/9,09:30,1350,,,,67
2025/11/9,09:45,1350,,,,65
2025/11/9,10:00,1350,,,,61
2025/11/9,10:15,1350,,,,64
2025/11/9,10:30,1350,,,,72
2025/11/9,10:45,1350,,,,76
2025/11/9,11:00,1350,,,,69
2025/11/9,11:15,1350,,,,72
2025/11/9,11:30,1350,,,,66
2025/11/9,11:45,1350,,,,66
2025/11/9,12:00,1350,,,,67
2025/11/9,12:15,1350,,,,73
2025/11/9,12:30,1350,,,,85
2025/11/9,12:45,1350,,,,64
2025/11/9,13:00,1350,,,,69
2025/11/9,13:15,1350,,,,69
2025/11/9,13:30,1350,,,,64
2025/11/9,13:45,1350,,,,66
2025/11/9,14:00,1350,,,,80
2025/11/9,14:15,1350,,,,79
2025/11/9,14:30,1350,,,,62
2025/11/9,14:45,1350,,,,71
2025/11/9,15:00,1350,,,,66
2025/11/9,15:15,1350,,,,62
2025/11/9,15:30,1350,,,,66
2025/11/9,15:45,1350,,,,91
2025/11/9,16:00,1350,,,,63
2025/11/9,16:15,1350,,,,61
2025/11/9,16:30,1350,,,,66
2025/11/9,16:45,1350,,,,65
2025/11/9,17:00,1350,,,,60
2025/11/9,17:15,1350,,,,71
2025/11/9,17:30,1350,,,,78
2025/11/9,17:45,1350,,,,64
2025/11/9,18:00,1350,,,,62
2025/11/9,18:15,1350,,,,67
2025/11/9,18:30,1350,,,,67
2025/11/9,18:45,1350,,,,59
2025/11/9,19:00,1350,,,,82
2025/11/9,19:15,1350,,,,67
2025/11/9,19:30,1350,,,,61
2025/11/9,19:45,1350,,,,59
2025/11/9,20:00,1350,,,,67
2025/11/9,20:15,1350,,,,64
2025/11/9,20:30,1350,,,,72
2025/11/9,20:45,1350,,,,74
2025/11/9,21:00,1350,,,,64
2025/11/9,21:15,1350,,,,59
2025/11/9,21:30,1350,,,,62
2025/11/9,21:45,1350,,,,66
2025/11/9,22:00,1350,,,,59
2025/11/9,22:15,1350,,,,78
2025/11/9,22:30,1350,,,,69
2025/11/9,22:45,1350,,,,64
2025/11/9,23:00,1350,,,,59
2025/11/9,23:15,1350,,,,62
2025/11/9,23:30,1350,,,,66
2025/11/9,23:45,1350,,,,66
2025/11/10,00:00,1350,,,,72
2025/11/10,00:15,1350,,,,67
2025/11/10,00:30,1350,,,,61
2025/11/10,00:45,1350,,,,58
2025/11/10,01:00,1350,,,,67
2025/11/10,01:15,1350,,,,62
2025/11/10,01:30,1350,,,,75
2025/11/10,01:45,1350,,,,67
2025/11/10,02:00,1350,,,,61
2025/11/10,02:15,1350,,,,59
2025/11/10,02:30,1350,,,,62
2025/11/10,02:45,1350,,,,66
2025/11/10,03:00,1350,,,,62
2025/11/10,03:15,1350,,,,75
2025/11/10,03:30,1350,,,,64
2025/11/10,03:45,1350,,,,59
2025/11/10,04:00,1350,,,,59
2025/11/10,04:15,1350,,,,66
2025/11/10,04:30,1350,,,,59
2025/11/10,04:45,1350,,,,74
2025/11/10,05:00,1350,,,,70
2025/11/10,05:15,1350,,,,61
2025/11/10,05:30,1350,,,,58
2025/11/10,05:45,1350,,,,64
2025/11/10,06:00,1350,,,,61
2025/11/10,06:15,1350,,61,,
2025/11/10,06:30,1350,,80,,
2025/11/10,06:45,1350,,70,,
2025/11/10,07:00,1350,,76,,
2025/11/10,07:15,1350,,89,,
2025/11/10,07:30,1350,,100,,
2025/11/10,07:45,1350,,125,,
2025/11/10,08:00,1350,,209,,
2025/11/10,08:15,1350,,534,,
2025/11/10,08:30,1350,,734,,
2025/11/10,08:45,1350,,758,,
2025/11/10,09:00,1350,,852,,
2025/11/10,09:15,1350,,881,,
2025/11/10,09:30,1350,,877,,
2025/11/10,09:45,1350,,888,,
2025/11/10,10:00,1350,,924,,
2025/11/10,10:15,1350,,941,,
2025/11/10,10:30,1350,,909,,
2025/11/10,10:45,1350,,895,,
2025/11/10,11:00,1350,,935,,
2025/11/10,11:15,1350,,,,990
2025/11/10,11:30,1350,,,,1039
2025/11/10,11:45,1350,,,,1052
2025/11/10,12:00,1350,,,,872
2025/11/10,12:15,1350,,,,623
2025/11/10,12:30,1350,,,,616
2025/11/10,12:45,1350,,,,721
2025/11/10,13:00,1350,,,,1089
2025/11/10,13:15,1350,,,,1060
2025/11/10,13:30,1350,,,,1054
2025/11/10,13:45,1350,,,,1059
2025/11/10,14:00,1350,,,,1041
2025/11/10,14:15,1350,,1051,,
2025/11/10,14:30,1350,,1053,,
2025/11/10,14:45,1350,,1073,,
2025/11/10,15:00,1350,,979,,
2025/11/10,15:15,1350,,1028,,
2025/11/10,15:30,1350,,1031,,
2025/11/10,15:45,1350,,1007,,
2025/11/10,16:00,1350,,1002,,
2025/11/10,16:15,1350,,916,,
2025/11/10,16:30,1350,,871,,
2025/11/10,16:45,1350,,535,,
2025/11/10,17:00,1350,,359,,
2025/11/10,17:15,1350,,250,,
2025/11/10,17:30,1350,,227,,
2025/11/10,17:45,1350,,258,,
2025/11/10,18:00,1350,,221,,
2025/11/10,18:15,1350,,198,,
2025/11/10,18:30,1350,,211,,
2025/11/10,18:45,1350,,184,,
2025/11/10,19:00,1350,,194,,
2025/11/10,19:15,1350,,186,,
2025/11/10,19:30,1350,,146,,
2025/11/10,19:45,1350,,114,,
2025/11/10,20:00,1350,,131,,
2025/11/10,20:15,1350,,107,,
2025/11/10,20:30,1350,,106,,
2025/11/10,20:45,1350,,99,,
2025/11/10,21:00,1350,,112,,
2025/11/10,21:15,1350,,147,,
2025/11/10,21:30,1350,,219,,
2025/11/10,21:45,1350,,216,,
2025/11/10,22:00,1350,,227,,
2025/11/10,22:15,1350,,232,,
2025/11/10,22:30,1350,,240,,
2025/11/10,22:45,1350,,258,,
2025/11/10,23:00,1350,,301,,
2025/11/10,23:15,1350,,312,,
2025/11/10,23:30,1350,,301,,
2025/11/10,23:45,1350,,296,,
2025/11/11,00:00,1350,,293,,
2025/11/11,00:15,1350,,,,246
2025/11/11,00:30,1350,,,,248
2025/11/11,00:45,1350,,,,250
2025/11/11,01:00,1350,,,,258
2025/11/11,01:15,1350,,,,232
2025/11/11,01:30,1350,,,,230
2025/11/11,01:45,1350,,,,210
2025/11/11,02:00,1350,,,,202
2025/11/11,02:15,1350,,,,197
2025/11/11,02:30,1350,,,,206
2025/11/11,02:45,1350,,,,178
2025/11/11,03:00,1350,,,,130
2025/11/11,03:15,1350,,,,133
2025/11/11,03:30,1350,,,,128
2025/11/11,03:45,1350,,,,136
2025/11/11,04:00,1350,,,,141
2025/11/11,04:15,1350,,,,144
2025/11/11,04:30,1350,,,,123
2025/11/11,04:45,1350,,,,126
2025/11/11,05:00,1350,,,,122
2025/11/11,05:15,1350,,,,128
2025/11/11,05:30,1350,,,,126
2025/11/11,05:45,1350,,,,141
2025/11/11,06:00,1350,,,,136
2025/11/11,06:15,1350,,120,,
2025/11/11,06:30,1350,,103,,
2025/11/11,06:45,1350,,128,,
2025/11/11,07:00,1350,,163,,
2025/11/11,07:15,1350,,196,,
2025/11/11,07:30,1350,,243,,
2025/11/11,07:45,1350,,231,,
2025/11/11,08:00,1350,,299,,
2025/11/11,08:15,1350,,608,,
2025/11/11,08:30,1350,,702,,
2025/11/11,08:45,1350,,729,,
2025/11/11,09:00,1350,,756,,
2025/11/11,09:15,1350,,753,,
2025/11/11,09:30,1350,,821,,
2025/11/11,09:45,1350,,833,,
2025/11/11,10:00,1350,,772,,
2025/11/11,10:15,1350,,820,,
2025/11/11,10:30,1350,,911,,
2025/11/11,10:45,1350,,973,,
2025/11/11,11:00,1350,,975,,
2025/11/11,11:15,1350,,,,1018
2025/11/11,11:30,1350,,,,1033
2025/11/11,11:45,1350,,,,976
2025/11/11,12:00,1350,,,,830
2025/11/11,12:15,1350,,,,676
2025/11/11,12:30,1350,,,,685
2025/11/11,12:45,1350,,,,733
2025/11/11,13:00,1350,,,,846
2025/11/11,13:15,1350,,,,974
2025/11/11,13:30,1350,,,,1010
2025/11/11,13:45,1350,,,,1012
2025/11/11,14:00,1350,,,,959
2025/11/11,14:15,1350,,978,,
2025/11/11,14:30,1350,,904,,
2025/11/11,14:45,1350,,812,,
2025/11/11,15:00,1350,,739,,
2025/11/11,15:15,1350,,829,,
2025/11/11,15:30,1350,,785,,
2025/11/11,15:45,1350,,761,,
2025/11/11,16:00,1350,,675,,
2025/11/11,16:15,1350,,632,,
2025/11/11,16:30,1350,,609,,
2025/11/11,16:45,1350,,415,,
2025/11/11,17:00,1350,,321,,
2025/11/11,17:15,1350,,245,,
2025/11/11,17:30,1350,,253,,
2025/11/11,17:45,1350,,251,,
2025/11/11,18:00,1350,,256,,
2025/11/11,18:15,1350,,243,,
2025/11/11,18:30,1350,,226,,
2025/11/11,18:45,1350,,226,,
2025/11/11,19:00,1350,,235,,
2025/11/11,19:15,1350,,211,,
2025/11/11,19:30,1350,,160,,
2025/11/11,19:45,1350,,123,,
2025/11/11,20:00,1350,,134,,
2025/11/11,20:15,1350,,128,,
2025/11/11,20:30,1350,,112,,
2025/11/11,20:45,1350,,131,,
2025/11/11,21:00,1350,,126,,
2025/11/11,21:15,1350,,122,,
2025/11/11,21:30,1350,,118,,
2025/11/11,21:45,1350,,120,,
2025/11/11,22:00,1350,,117,,
2025/11/11,22:15,1350,,118,,
2025/11/11,22:30,1350,,138,,
2025/11/11,22:45,1350,,114,,
2025/11/11,23:00,1350,,120,,
2025/11/11,23:15,1350,,117,,
2025/11/11,23:30,1350,,117,,
2025/11/11,23:45,1350,,117,,
2025/11/12,00:00,1350,,115,,
2025/11/12,00:15,1350,,,,131
2025/11/12,00:30,1350,,,,115
2025/11/12,00:45,1350,,,,117
2025/11/12,01:00,1350,,,,115
2025/11/12,01:15,1350,,,,117
2025/11/12,01:30,1350,,,,112
2025/11/12,01:45,1350,,,,120
2025/11/12,02:00,1350,,,,118
2025/11/12,02:15,1350,,,,110
2025/11/12,02:30,1350,,,,112
2025/11/12,02:45,1350,,,,102
2025/11/12,03:00,1350,,,,106
2025/11/12,03:15,1350,,,,104
2025/11/12,03:30,1350,,,,117
2025/11/12,03:45,1350,,,,99
2025/11/12,04:00,1350,,,,93
2025/11/12,04:15,1350,,,,91
2025/11/12,04:30,1350,,,,94
2025/11/12,04:45,1350,,,,93
2025/11/12,05:00,1350,,,,94
2025/11/12,05:15,1350,,,,117
2025/11/12,05:30,1350,,,,88
2025/11/12,05:45,1350,,,,82
2025/11/12,06:00,1350,,,,78
2025/11/12,06:15,1350,,101,,
2025/11/12,06:30,1350,,112,,
2025/11/12,06:45,1350,,130,,
2025/11/12,07:00,1350,,141,,
2025/11/12,07:15,1350,,145,,
2025/11/12,07:30,1350,,218,,
2025/11/12,07:45,1350,,230,,
2025/11/12,08:00,1350,,296,,
2025/11/12,08:15,1350,,552,,
2025/11/12,08:30,1350,,746,,
2025/11/12,08:45,1350,,776,,
2025/11/12,09:00,1350,,808,,
2025/11/12,09:15,1350,,846,,
2025/11/12,09:30,1350,,833,,
2025/11/12,09:45,1350,,829,,
2025/11/12,10:00,1350,,754,,
2025/11/12,10:15,1350,,805,,
2025/11/12,10:30,1350,,847,,
2025/11/12,10:45,1350,,876,,
2025/11/12,11:00,1350,,894,,
2025/11/12,11:15,1350,,,,871
2025/11/12,11:30,1350,,,,804
2025/11/12,11:45,1350,,,,749
2025/11/12,12:00,1350,,,,612
2025/11/12,12:15,1350,,,,492
2025/11/12,12:30,1350,,,,479
2025/11/12,12:45,1350,,,,540
2025/11/12,13:00,1350,,,,700
2025/11/12,13:15,1350,,,,746
2025/11/12,13:30,1350,,,,732
2025/11/12,13:45,1350,,,,732
2025/11/12,14:00,1350,,,,759
2025/11/12,14:15,1350,,719,,
2025/11/12,14:30,1350,,683,,
2025/11/12,14:45,1350,,717,,
2025/11/12,15:00,1350,,694,,
2025/11/12,15:15,1350,,687,,
2025/11/12,15:30,1350,,630,,
2025/11/12,15:45,1350,,571,,
2025/11/12,16:00,1350,,546,,
2025/11/12,16:15,1350,,481,,
2025/11/12,16:30,1350,,459,,
2025/11/12,16:45,1350,,281,,
2025/11/12,17:00,1350,,226,,
2025/11/12,17:15,1350,,170,,
2025/11/12,17:30,1350,,170,,
2025/11/12,17:45,1350,,189,,
2025/11/12,18:00,1350,,178,,
2025/11/12,18:15,1350,,176,,
2025/11/12,18:30,1350,,171,,
2025/11/12,18:45,1350,,162,,
2025/11/12,19:00,1350,,168,,
2025/11/12,19:15,1350,,171,,
2025/11/12,19:30,1350,,115,,
2025/11/12,19:45,1350,,106,,
2025/11/12,20:00,1350,,109,,
2025/11/12,20:15,1350,,112,,
2025/11/12,20:30,1350,,110,,
2025/11/12,20:45,1350,,120,,
2025/11/12,21:00,1350,,118,,
2025/11/12,21:15,1350,,133,,
2025/11/12,21:30,1350,,205,,
2025/11/12,21:45,1350,,214,,
2025/11/12,22:00,1350,,227,,
2025/11/12,22:15,1350,,246,,
2025/11/12,22:30,1350,,262,,
2025/11/12,22:45,1350,,243,,
2025/11/12,23:00,1350,,270,,
2025/11/12,23:15,1350,,275,,
2025/11/12,23:30,1350,,307,,
2025/11/12,23:45,1350,,336,,
2025/11/13,00:00,1350,,358,,
2025/11/13,00:15,1350,,,,398
2025/11/13,00:30,1350,,,,378
2025/11/13,00:45,1350,,,,379
2025/11/13,01:00,1350,,,,349
2025/11/13,01:15,1350,,,,357
2025/11/13,01:30,1350,,,,355
2025/11/13,01:45,1350,,,,342
2025/11/13,02:00,1350,,,,314
2025/11/13,02:15,1350,,,,275
2025/11/13,02:30,1350,,,,250
2025/11/13,02:45,1350,,,,213
2025/11/13,03:00,1350,,,,184
2025/11/13,03:15,1350,,,,178
2025/11/13,03:30,1350,,,,186
2025/11/13,03:45,1350,,,,166
2025/11/13,04:00,1350,,,,158
2025/11/13,04:15,1350,,,,165
2025/11/13,04:30,1350,,,,142
2025/11/13,04:45,1350,,,,147
2025/11/13,05:00,1350,,,,150
2025/11/13,05:15,1350,,,,158
2025/11/13,05:30,1350,,,,141
2025/11/13,05:45,1350,,,,146
2025/11/13,06:00,1350,,,,126
2025/11/13,06:15,1350,,104,,
2025/11/13,06:30,1350,,106,,
2025/11/13,06:45,1350,,149,,
2025/11/13,07:00,1350,,174,,
2025/11/13,07:15,1350,,196,,
2025/11/13,07:30,1350,,224,,
2025/11/13,07:45,1350,,265,,
2025/11/13,08:00,1350,,305,,
2025/11/13,08:15,1350,,571,,
2025/11/13,08:30,1350,,700,,
2025/11/13,08:45,1350,,779,,
2025/11/13,09:00,1350,,887,,
2025/11/13,09:15,1350,,930,,
2025/11/13,09:30,1350,,980,,
2025/11/13,09:45,1350,,995,,
2025/11/13,10:00,1350,,930,,
2025/11/13,10:15,1350,,932,,
2025/11/13,10:30,1350,,922,,
2025/11/13,10:45,1350,,957,,
2025/11/13,11:00,1350,,973,,
2025/11/13,11:15,1350,,,,855
2025/11/13,11:30,1350,,,,907
2025/11/13,11:45,1350,,,,937
2025/11/13,12:00,1350,,,,747
2025/11/13,12:15,1350,,,,579
2025/11/13,12:30,1350,,,,604
2025/11/13,12:45,1350,,,,582
2025/11/13,13:00,1350,,,,824
2025/11/13,13:15,1350,,,,862
2025/11/13,13:30,1350,,,,817
2025/11/13,13:45,1350,,,,777
2025/11/13,14:00,1350,,,,727
2025/11/13,14:15,1350,,740,,
2025/11/13,14:30,1350,,635,,
2025/11/13,14:45,1350,,653,,
2025/11/13,15:00,1350,,594,,
2025/11/13,15:15,1350,,651,,
2025/11/13,15:30,1350,,648,,
2025/11/13,15:45,1350,,583,,
2025/11/13,16:00,1350,,505,,
2025/11/13,16:15,1350,,497,,
2025/11/13,16:30,1350,,479,,
2025/11/13,16:45,1350,,408,,
2025/11/13,17:00,1350,,315,,
2025/11/13,17:15,1350,,181,,
2025/11/13,17:30,1350,,178,,
2025/11/13,17:45,1350,,202,,
2025/11/13,18:00,1350,,206,,
2025/11/13,18:15,1350,,195,,
2025/11/13,18:30,1350,,195,,
2025/11/13,18:45,1350,,198,,
2025/11/13,19:00,1350,,176,,
2025/11/13,19:15,1350,,181,,
2025/11/13,19:30,1350,,130,,
2025/11/13,19:45,1350,,107,,
2025/11/13,20:00,1350,,112,,
2025/11/13,20:15,1350,,130,,
2025/11/13,20:30,1350,,120,,
2025/11/13,20:45,1350,,112,,
2025/11/13,21:00,1350,,118,,
2025/11/13,21:15,1350,,118,,
2025/11/13,21:30,1350,,170,,
2025/11/13,21:45,1350,,179,,
2025/11/13,22:00,1350,,210,,
2025/11/13,22:15,1350,,216,,
2025/11/13,22:30,1350,,216,,
2025/11/13,22:45,1350,,246,,
2025/11/13,23:00,1350,,251,,
2025/11/13,23:15,1350,,243,,
2025/11/13,23:30,1350,,267,,
2025/11/13,23:45,1350,,301,,
2025/11/14,00:00,1350,,302,,
2025/11/14,00:15,1350,,,,328
2025/11/14,00:30,1350,,,,362
2025/11/14,00:45,1350,,,,379
2025/11/14,01:00,1350,,,,384
2025/11/14,01:15,1350,,,,378
2025/11/14,01:30,1350,,,,373
2025/11/14,01:45,1350,,,,352
2025/11/14,02:00,1350,,,,346
2025/11/14,02:15,1350,,,,331
2025/11/14,02:30,1350,,,,312
2025/11/14,02:45,1350,,,,282
2025/11/14,03:00,1350,,,,264
2025/11/14,03:15,1350,,,,226
2025/11/14,03:30,1350,,,,182
2025/11/14,03:45,1350,,,,171
2025/11/14,04:00,1350,,,,168
2025/11/14,04:15,1350,,,,142
2025/11/14,04:30,1350,,,,120
2025/11/14,04:45,1350,,,,131
2025/11/14,05:00,1350,,,,115
2025/11/14,05:15,1350,,,,112
2025/11/14,05:30,1350,,,,114
2025/11/14,05:45,1350,,,,102
2025/11/14,06:00,1350,,,,109
2025/11/14,06:15,1350,,106,,
2025/11/14,06:30,1350,,105,,
2025/11/14,06:45,1350,,89,,
2025/11/14,07:00,1350,,85,,
2025/11/14,07:15,1350,,88,,
2025/11/14,07:30,1350,,79,,
2025/11/14,07:45,1350,,90,,
2025/11/14,08:00,1350,,117,,
2025/11/14,08:15,1350,,166,,
2025/11/14,08:30,1350,,149,,
2025/11/14,08:45,1350,,165,,
2025/11/14,09:00,1350,,180,,
2025/11/14,09:15,1350,,192,,
2025/11/14,09:30,1350,,194,,
2025/11/14,09:45,1350,,187,,
2025/11/14,10:00,1350,,193,,
2025/11/14,10:15,1350,,195,,
2025/11/14,10:30,1350,,190,,
2025/11/14,10:45,1350,,203,,
2025/11/14,11:00,1350,,193,,
2025/11/14,11:15,1350,,,,192
2025/11/14,11:30,1350,,,,201
2025/11/14,11:45,1350,,,,194
2025/11/14,12:00,1350,,,,188
2025/11/14,12:15,1350,,,,194
2025/11/14,12:30,1350,,,,184
2025/11/14,12:45,1350,,,,184
2025/11/14,13:00,1350,,,,195
2025/11/14,13:15,1350,,,,197
2025/11/14,13:30,1350,,,,205
2025/11/14,13:45,1350,,,,210
2025/11/14,14:00,1350,,,,208
2025/11/14,14:15,1350,,199,,
2025/11/14,14:30,1350,,213,,
2025/11/14,14:45,1350,,207,,
2025/11/14,15:00,1350,,198,,
2025/11/14,15:15,1350,,213,,
2025/11/14,15:30,1350,,206,,
2025/11/14,15:45,1350,,201,,
2025/11/14,16:00,1350,,201,,
2025/11/14,16:15,1350,,153,,
2025/11/14,16:30,1350,,149,,
2025/11/14,16:45,1350,,149,,
2025/11/14,17:00,1350,,141,,
2025/11/14,17:15,1350,,86,,
2025/11/14,17:30,1350,,85,,
2025/11/14,17:45,1350,,112,,
2025/11/14,18:00,1350,,99,,
2025/11/14,18:15,1350,,101,,
2025/11/14,18:30,1350,,102,,
2025/11/14,18:45,1350,,91,,
2025/11/14,19:00,1350,,98,,
2025/11/14,19:15,1350,,96,,
2025/11/14,19:30,1350,,74,,
2025/11/14,19:45,1350,,67,,
2025/11/14,20:00,1350,,78,,
2025/11/14,20:15,1350,,69,,
2025/11/14,20:30,1350,,72,,
2025/11/14,20:45,1350,,75,,
2025/11/14,21:00,1350,,66,,
2025/11/14,21:15,1350,,70,,
2025/11/14,21:30,1350,,78,,
2025/11/14,21:45,1350,,69,,
2025/11/14,22:00,1350,,85,,
2025/11/14,22:15,1350,,94,,
2025/11/14,22:30,1350,,83,,
2025/11/14,22:45,1350,,82,,
2025/11/14,23:00,1350,,86,,
2025/11/14,23:15,1350,,78,,
2025/11/14,23:30,1350,,78,,
2025/11/14,23:45,1350,,78,,
2025/11/15,00:00,1350,,70,,
2025/11/15,00:15,1350,,,,72
2025/11/15,00:30,1350,,,,77
2025/11/15,00:45,1350,,,,70
2025/11/15,01:00,1350,,,,70
2025/11/15,01:15,1350,,,,72
2025/11/15,01:30,1350,,,,64
2025/11/15,01:45,1350,,,,62
2025/11/15,02:00,1350,,,,70
2025/11/15,02:15,1350,,,,66
2025/11/15,02:30,1350,,,,64
2025/11/15,02:45,1350,,,,69
2025/11/15,03:00,1350,,,,66
2025/11/15,03:15,1350,,,,61
2025/11/15,03:30,1350,,,,69
2025/11/15,03:45,1350,,,,66
2025/11/15,04:00,1350,,,,48
2025/11/15,04:15,1350,,,,56
2025/11/15,04:30,1350,,,,56
2025/11/15,04:45,1350,,,,48
2025/11/15,05:00,1350,,,,56
2025/11/15,05:15,1350,,,,59
2025/11/15,05:30,1350,,,,53
2025/11/15,05:45,1350,,,,54
2025/11/15,06:00,1350,,,,56
2025/11/15,06:15,1350,,,48,
2025/11/15,06:30,1350,,,55,
2025/11/15,06:45,1350,,,58,
2025/11/15,07:00,1350,,,62,
2025/11/15,07:15,1350,,,66,
2025/11/15,07:30,1350,,,63,
2025/11/15,07:45,1350,,,55,
2025/11/15,08:00,1350,,,64,
2025/11/15,08:15,1350,,,67,
2025/11/15,08:30,1350,,,65,
2025/11/15,08:45,1350,,,68,
2025/11/15,09:00,1350,,,71,
2025/11/15,09:15,1350,,,66,
2025/11/15,09:30,1350,,,73,
2025/11/15,09:45,1350,,,65,
2025/11/15,10:00,1350,,,74,
2025/11/15,10:15,1350,,,76,
2025/11/15,10:30,1350,,,69,
2025/11/15,10:45,1350,,,93,
2025/11/15,11:00,1350,,,79,
2025/11/15,11:15,1350,,,,65
2025/11/15,11:30,1350,,,,67
2025/11/15,11:45,1350,,,,59
2025/11/15,12:00,1350,,,,58
2025/11/15,12:15,1350,,,,65
2025/11/15,12:30,1350,,,,54
2025/11/15,12:45,1350,,,,53
2025/11/15,13:00,1350,,,,55
2025/11/15,13:15,1350,,,,58
2025/11/15,13:30,1350,,,,63
2025/11/15,13:45,1350,,,,66
2025/11/15,14:00,1350,,,,65
2025/11/15,14:15,1350,,,75,
2025/11/15,14:30,1350,,,70,
2025/11/15,14:45,1350,,,65,
2025/11/15,15:00,1350,,,72,
2025/11/15,15:15,1350,,,67,
2025/11/15,15:30,1350,,,62,
2025/11/15,15:45,1350,,,66,
2025/11/15,16:00,1350,,,69,
2025/11/15,16:15,1350,,,60,
2025/11/15,16:30,1350,,,63,
2025/11/15,16:45,1350,,,70,
2025/11/15,17:00,1350,,,62,
2025/11/15,17:15,1350,,,54,
2025/11/15,17:30,1350,,,58,
2025/11/15,17:45,1350,,,54,
2025/11/15,18:00,1350,,,50,
2025/11/15,18:15,1350,,,54,
2025/11/15,18:30,1350,,,54,
2025/11/15,18:45,1350,,,48,
2025/11/15,19:00,1350,,,56,
2025/11/15,19:15,1350,,,67,
2025/11/15,19:30,1350,,,62,
2025/11/15,19:45,1350,,,61,
2025/11/15,20:00,1350,,,67,
2025/11/15,20:15,1350,,,66,
2025/11/15,20:30,1350,,,61,
2025/11/15,20:45,1350,,,66,
2025/11/15,21:00,1350,,,66,
2025/11/15,21:15,1350,,,59,
2025/11/15,21:30,1350,,,64,
2025/11/15,21:45,1350,,,67,
2025/11/15,22:00,1350,,,59,
2025/11/15,22:15,1350,,,62,
2025/11/15,22:30,1350,,,69,
2025/11/15,22:45,1350,,,59,
2025/11/15,23:00,1350,,,62,
2025/11/15,23:15,1350,,,67,
2025/11/15,23:30,1350,,,61,
2025/11/15,23:45,1350,,,61,
2025/11/16,00:00,1350,,,62,
2025/11/16,00:15,1350,,,,53
2025/11/16,00:30,1350,,,,56
2025/11/16,00:45,1350,,,,51
2025/11/16,01:00,1350,,,,58
2025/11/16,01:15,1350,,,,53
2025/11/16,01:30,1350,,,,54
2025/11/16,01:45,1350,,,,50
2025/11/16,02:00,1350,,,,58
2025/11/16,02:15,1350,,,,58
2025/11/16,02:30,1350,,,,53
2025/11/16,02:45,1350,,,,54
2025/11/16,03:00,1350,,,,45
2025/11/16,03:15,1350,,,,48
2025/11/16,03:30,1350,,,,48
2025/11/16,03:45,1350,,,,43
2025/11/16,04:00,1350,,,,50
2025/11/16,04:15,1350,,,,48
2025/11/16,04:30,1350,,,,45
2025/11/16,04:45,1350,,,,50
2025/11/16,05:00,1350,,,,46
2025/11/16,05:15,1350,,,,53
2025/11/16,05:30,1350,,,,48
2025/11/16,05:45,1350,,,,45
2025/11/16,06:00,1350,,,,51
2025/11/16,06:15,1350,,,,43
2025/11/16,06:30,1350,,,,51
2025/11/16,06:45,1350,,,,43
2025/11/16,07:00,1350,,,,49
2025/11/16,07:15,1350,,,,49
2025/11/16,07:30,1350,,,,45
2025/11/16,07:45,1350,,,,48
2025/11/16,08:00,1350,,,,41
2025/11/16,08:15,1350,,,,53
2025/11/16,08:30,1350,,,,53
2025/11/16,08:45,1350,,,,48
2025/11/16,09:00,1350,,,,58
2025/11/16,09:15,1350,,,,53
2025/11/16,09:30,1350,,,,56
2025/11/16,09:45,1350,,,,52
2025/11/16,10:00,1350,,,,53
2025/11/16,10:15,1350,,,,58
2025/11/16,10:30,1350,,,,52
2025/11/16,10:45,1350,,,,58
2025/11/16,11:00,1350,,,,59
2025/11/16,11:15,1350,,,,49
2025/11/16,11:30,1350,,,,58
2025/11/16,11:45,1350,,,,62
2025/11/16,12:00,1350,,,,56
2025/11/16,12:15,1350,,,,56
2025/11/16,12:30,1350,,,,59
2025/11/16,12:45,1350,,,,51
2025/11/16,13:00,1350,,,,52
2025/11/16,13:15,1350,,,,60
2025/11/16,13:30,1350,,,,60
2025/11/16,13:45,1350,,,,54
2025/11/16,14:00,1350,,,,55
2025/11/16,14:15,1350,,,,59
2025/11/16,14:30,1350,,,,56
2025/11/16,14:45,1350,,,,52
2025/11/16,15:00,1350,,,,61
2025/11/16,15:15,1350,,,,56
2025/11/16,15:30,1350,,,,49
2025/11/16,15:45,1350,,,,54
2025/11/16,16:00,1350,,,,56
2025/11/16,16:15,1350,,,,49
2025/11/16,16:30,1350,,,,54
2025/11/16,16:45,1350,,,,55
2025/11/16,17:00,1350,,,,52
2025/11/16,17:15,1350,,,,50
2025/11/16,17:30,1350,,,,61
2025/11/16,17:45,1350,,,,50
2025/11/16,18:00,1350,,,,48
2025/11/16,18:15,1350,,,,56
2025/11/16,18:30,1350,,,,53
2025/11/16,18:45,1350,,,,46
2025/11/16,19:00,1350,,,,48
2025/11/16,19:15,1350,,,,54
2025/11/16,19:30,1350,,,,46
2025/11/16,19:45,1350,,,,48
2025/11/16,20:00,1350,,,,54
2025/11/16,20:15,1350,,,,51
2025/11/16,20:30,1350,,,,46
2025/11/16,20:45,1350,,,,51
2025/11/16,21:00,1350,,,,51
2025/11/16,21:15,1350,,,,45
2025/11/16,21:30,1350,,,,48
2025/11/16,21:45,1350,,,,51
2025/11/16,22:00,1350,,,,46
2025/11/16,22:15,1350,,,,48
2025/11/16,22:30,1350,,,,54
2025/11/16,22:45,1350,,,,46
2025/11/16,23:00,1350,,,,48
2025/11/16,23:15,1350,,,,53
2025/11/16,23:30,1350,,,,53
2025/11/16,23:45,1350,,,,45
2025/11/17,00:00,1350,,,,48
2025/11/17,00:15,1350,,,,53
2025/11/17,00:30,1350,,,,45
2025/11/17,00:45,1350,,,,50
2025/11/17,01:00,1350,,,,51
2025/11/17,01:15,1350,,,,45
2025/11/17,01:30,1350,,,,46
2025/11/17,01:45,1350,,,,53
2025/11/17,02:00,1350,,,,45
2025/11/17,02:15,1350,,,,48
2025/11/17,02:30,1350,,,,54
2025/11/17,02:45,1350,,,,45
2025/11/17,03:00,1350,,,,46
2025/11/17,03:15,1350,,,,51
2025/11/17,03:30,1350,,,,46
2025/11/17,03:45,1350,,,,45
2025/11/17,04:00,1350,,,,51
2025/11/17,04:15,1350,,,,46
2025/11/17,04:30,1350,,,,50
2025/11/17,04:45,1350,,,,43
2025/11/17,05:00,1350,,,,53
2025/11/17,05:15,1350,,,,51
2025/11/17,05:30,1350,,,,46
2025/11/17,05:45,1350,,,,50
2025/11/17,06:00,1350,,,,45
2025/11/17,06:15,1350,,51,,
2025/11/17,06:30,1350,,47,,
2025/11/17,06:45,1350,,51,,
2025/11/17,07:00,1350,,56,,
2025/11/17,07:15,1350,,90,,
2025/11/17,07:30,1350,,110,,
2025/11/17,07:45,1350,,124,,
2025/11/17,08:00,1350,,206,,
2025/11/17,08:15,1350,,511,,
2025/11/17,08:30,1350,,724,,
2025/11/17,08:45,1350,,751,,
2025/11/17,09:00,1350,,691,,
2025/11/17,09:15,1350,,694,,
2025/11/17,09:30,1350,,740,,
2025/11/17,09:45,1350,,826,,
2025/11/17,10:00,1350,,748,,
2025/11/17,10:15,1350,,771,,
2025/11/17,10:30,1350,,846,,
2025/11/17,10:45,1350,,860,,
2025/11/17,11:00,1350,,837,,
2025/11/17,11:15,1350,,,,946
2025/11/17,11:30,1350,,,,973
2025/11/17,11:45,1350,,,,926
2025/11/17,12:00,1350,,,,851
2025/11/17,12:15,1350,,,,625
2025/11/17,12:30,1350,,,,614
2025/11/17,12:45,1350,,,,627
2025/11/17,13:00,1350,,,,926
2025/11/17,13:15,1350,,,,1030
2025/11/17,13:30,1350,,,,998
2025/11/17,13:45,1350,,,,949
2025/11/17,14:00,1350,,,,873
2025/11/17,14:15,1350,,884,,
2025/11/17,14:30,1350,,837,,
2025/11/17,14:45,1350,,828,,
2025/11/17,15:00,1350,,678,,
2025/11/17,15:15,1350,,719,,
2025/11/17,15:30,1350,,732,,
2025/11/17,15:45,1350,,782,,
2025/11/17,16:00,1350,,707,,
2025/11/17,16:15,1350,,630,,
2025/11/17,16:30,1350,,673,,
2025/11/17,16:45,1350,,560,,
2025/11/17,17:00,1350,,293,,
2025/11/17,17:15,1350,,216,,
2025/11/17,17:30,1350,,195,,
2025/11/17,17:45,1350,,248,,
2025/11/17,18:00,1350,,242,,
2025/11/17,18:15,1350,,258,,
2025/11/17,18:30,1350,,296,,
2025/11/17,18:45,1350,,243,,
2025/11/17,19:00,1350,,210,,
2025/11/17,19:15,1350,,203,,
2025/11/17,19:30,1350,,154,,
2025/11/17,19:45,1350,,125,,
2025/11/17,20:00,1350,,125,,
2025/11/17,20:15,1350,,123,,
2025/11/17,20:30,1350,,125,,
2025/11/17,20:45,1350,,128,,
2025/11/17,21:00,1350,,198,,
2025/11/17,21:15,1350,,203,,
2025/11/17,21:30,1350,,218,,
2025/11/17,21:45,1350,,224,,
2025/11/17,22:00,1350,,218,,
2025/11/17,22:15,1350,,229,,
2025/11/17,22:30,1350,,232,,
2025/11/17,22:45,1350,,242,,
2025/11/17,23:00,1350,,240,,
2025/11/17,23:15,1350,,246,,
2025/11/17,23:30,1350,,243,,
2025/11/17,23:45,1350,,278,,
2025/11/18,00:00,1350,,245,,
2025/11/18,00:15,1350,,,,237
2025/11/18,00:30,1350,,,,238
2025/11/18,00:45,1350,,,,227
2025/11/18,01:00,1350,,,,226
2025/11/18,01:15,1350,,,,203
2025/11/18,01:30,1350,,,,208
2025/11/18,01:45,1350,,,,195
2025/11/18,02:00,1350,,,,181
2025/11/18,02:15,1350,,,,184
2025/11/18,02:30,1350,,,,178
2025/11/18,02:45,1350,,,,178
2025/11/18,03:00,1350,,,,170
2025/11/18,03:15,1350,,,,179
2025/11/18,03:30,1350,,,,173
2025/11/18,03:45,1350,,,,163
2025/11/18,04:00,1350,,,,157
2025/11/18,04:15,1350,,,,158
2025/11/18,04:30,1350,,,,157
2025/11/18,04:45,1350,,,,157
2025/11/18,05:00,1350,,,,160
2025/11/18,05:15,1350,,,,157
2025/11/18,05:30,1350,,,,163
2025/11/18,05:45,1350,,,,170
2025/11/18,06:00,1350,,,,157
2025/11/18,06:15,1350,,165,,
2025/11/18,06:30,1350,,169,,
2025/11/18,06:45,1350,,179,,
2025/11/18,07:00,1350,,170,,
2025/11/18,07:15,1350,,170,,
2025/11/18,07:30,1350,,207,,
2025/11/18,07:45,1350,,222,,
2025/11/18,08:00,1350,,287,,
2025/11/18,08:15,1350,,600,,
2025/11/18,08:30,1350,,721,,
2025/11/18,08:45,1350,,774,,
2025/11/18,09:00,1350,,855,,
2025/11/18,09:15,1350,,866,,
2025/11/18,09:30,1350,,897,,
2025/11/18,09:45,1350,,907,,
2025/11/18,10:00,1350,,713,,
2025/11/18,10:15,1350,,831,,
2025/11/18,10:30,1350,,805,,
2025/11/18,10:45,1350,,775,,
2025/11/18,11:00,1350,,967,,
2025/11/18,11:15,1350,,,,975
2025/11/18,11:30,1350,,,,974
2025/11/18,11:45,1350,,,,888
2025/11/18,12:00,1350,,,,701
2025/11/18,12:15,1350,,,,443
2025/11/18,12:30,1350,,,,424
2025/11/18,12:45,1350,,,,442
2025/11/18,13:00,1350,,,,799
2025/11/18,13:15,1350,,,,929
2025/11/18,13:30,1350,,,,994
2025/11/18,13:45,1350,,,,1006
2025/11/18,14:00,1350,,,,1003
2025/11/18,14:15,1350,,1013,,
2025/11/18,14:30,1350,,951,,
2025/11/18,14:45,1350,,954,,
2025/11/18,15:00,1350,,923,,
2025/11/18,15:15,1350,,955,,
2025/11/18,15:30,1350,,975,,
2025/11/18,15:45,1350,,946,,
2025/11/18,16:00,1350,,937,,
2025/11/18,16:15,1350,,876,,
2025/11/18,16:30,1350,,832,,
2025/11/18,16:45,1350,,561,,
2025/11/18,17:00,1350,,345,,
2025/11/18,17:15,1350,,193,,
2025/11/18,17:30,1350,,182,,
2025/11/18,17:45,1350,,250,,
2025/11/18,18:00,1350,,248,,
2025/11/18,18:15,1350,,318,,
2025/11/18,18:30,1350,,304,,
2025/11/18,18:45,1350,,274,,
2025/11/18,19:00,1350,,312,,
2025/11/18,19:15,1350,,250,,
2025/11/18,19:30,1350,,125,,
2025/11/18,19:45,1350,,101,,
2025/11/18,20:00,1350,,109,,
2025/11/18,20:15,1350,,102,,
2025/11/18,20:30,1350,,106,,
2025/11/18,20:45,1350,,104,,
2025/11/18,21:00,1350,,101,,
2025/11/18,21:15,1350,,138,,
2025/11/18,21:30,1350,,195,,
2025/11/18,21:45,1350,,210,,
2025/11/18,22:00,1350,,221,,
2025/11/18,22:15,1350,,235,,
2025/11/18,22:30,1350,,250,,
2025/11/18,22:45,1350,,242,,
2025/11/18,23:00,1350,,256,,
2025/11/18,23:15,1350,,278,,
2025/11/18,23:30,1350,,299,,
2025/11/18,23:45,1350,,336,,
2025/11/19,00:00,1350,,363,,
2025/11/19,00:15,1350,,,,394
2025/11/19,00:30,1350,,,,414
2025/11/19,00:45,1350,,,,394
2025/11/19,01:00,1350,,,,378
2025/11/19,01:15,1350,,,,373
2025/11/19,01:30,1350,,,,363
2025/11/19,01:45,1350,,,,330
2025/11/19,02:00,1350,,,,317
2025/11/19,02:15,1350,,,,293
2025/11/19,02:30,1350,,,,261
2025/11/19,02:45,1350,,,,221
2025/11/19,03:00,1350,,,,195
2025/11/19,03:15,1350,,,,187
2025/11/19,03:30,1350,,,,171
2025/11/19,03:45,1350,,,,160
2025/11/19,04:00,1350,,,,166
2025/11/19,04:15,1350,,,,155
2025/11/19,04:30,1350,,,,155
2025/11/19,04:45,1350,,,,157
2025/11/19,05:00,1350,,,,154
2025/11/19,05:15,1350,,,,162
2025/11/19,05:30,1350,,,,152
2025/11/19,05:45,1350,,,,149
2025/11/19,06:00,1350,,,,130
2025/11/19,06:15,1350,,85,,
2025/11/19,06:30,1350,,116,,
2025/11/19,06:45,1350,,153,,
2025/11/19,07:00,1350,,166,,
2025/11/19,07:15,1350,,189,,
2025/11/19,07:30,1350,,195,,
2025/11/19,07:45,1350,,211,,
2025/11/19,08:00,1350,,272,,
2025/11/19,08:15,1350,,633,,
2025/11/19,08:30,1350,,889,,
2025/11/19,08:45,1350,,972,,
2025/11/19,09:00,1350,,1033,,
2025/11/19,09:15,1350,,1048,,
2025/11/19,09:30,1350,,958,,
2025/11/19,09:45,1350,,938,,
2025/11/19,10:00,1350,,838,,
2025/11/19,10:15,1350,,870,,
2025/11/19,10:30,1350,,917,,
2025/11/19,10:45,1350,,920,,
2025/11/19,11:00,1350,,930,,
2025/11/19,11:15,1350,,,,901
2025/11/19,11:30,1350,,,,939
2025/11/19,11:45,1350,,,,944
2025/11/19,12:00,1350,,,,813
2025/11/19,12:15,1350,,,,557
2025/11/19,12:30,1350,,,,503
2025/11/19,12:45,1350,,,,506
2025/11/19,13:00,1350,,,,893
2025/11/19,13:15,1350,,,,987
2025/11/19,13:30,1350,,,,828
2025/11/19,13:45,1350,,,,805
2025/11/19,14:00,1350,,,,805
2025/11/19,14:15,1350,,778,,
2025/11/19,14:30,1350,,750,,
2025/11/19,14:45,1350,,741,,
2025/11/19,15:00,1350,,659,,
2025/11/19,15:15,1350,,699,,
2025/11/19,15:30,1350,,731,,
2025/11/19,15:45,1350,,740,,
2025/11/19,16:00,1350,,748,,
2025/11/19,16:15,1350,,682,,
2025/11/19,16:30,1350,,665,,
2025/11/19,16:45,1350,,589,,
2025/11/19,17:00,1350,,331,,
2025/11/19,17:15,1350,,175,,
2025/11/19,17:30,1350,,168,,
2025/11/19,17:45,1350,,312,,
2025/11/19,18:00,1350,,334,,
2025/11/19,18:15,1350,,344,,
2025/11/19,18:30,1350,,344,,
2025/11/19,18:45,1350,,317,,
2025/11/19,19:00,1350,,373,,
2025/11/19,19:15,1350,,166,,
2025/11/19,19:30,1350,,133,,
2025/11/19,19:45,1350,,117,,
2025/11/19,20:00,1350,,115,,
2025/11/19,20:15,1350,,117,,
2025/11/19,20:30,1350,,114,,
2025/11/19,20:45,1350,,115,,
2025/11/19,21:00,1350,,134,,
2025/11/19,21:15,1350,,205,,
2025/11/19,21:30,1350,,221,,
2025/11/19,21:45,1350,,232,,
2025/11/19,22:00,1350,,243,,
2025/11/19,22:15,1350,,245,,
2025/11/19,22:30,1350,,251,,
2025/11/19,22:45,1350,,254,,
2025/11/19,23:00,1350,,258,,
2025/11/19,23:15,1350,,259,,
2025/11/19,23:30,1350,,254,,
2025/11/19,23:45,1350,,251,,
2025/11/20,00:00,1350,,254,,
2025/11/20,00:15,1350,,,,248
2025/11/20,00:30,1350,,,,232
2025/11/20,00:45,1350,,,,234
2025/11/20,01:00,1350,,,,211
2025/11/20,01:15,1350,,,,205
2025/11/20,01:30,1350,,,,205
2025/11/20,01:45,1350,,,,190
2025/11/20,02:00,1350,,,,189
2025/11/20,02:15,1350,,,,187
2025/11/20,02:30,1350,,,,170
2025/11/20,02:45,1350,,,,162
2025/11/20,03:00,1350,,,,160
2025/11/20,03:15,1350,,,,160
2025/11/20,03:30,1350,,,,155
2025/11/20,03:45,1350,,,,146
2025/11/20,04:00,1350,,,,144
2025/11/20,04:15,1350,,,,146
2025/11/20,04:30,1350,,,,147
2025/11/20,04:45,1350,,,,146
2025/11/20,05:00,1350,,,,149
2025/11/20,05:15,1350,,,,152
2025/11/20,05:30,1350,,,,150
2025/11/20,05:45,1350,,,,138
2025/11/20,06:00,1350,,,,98
2025/11/20,06:15,1350,,117,,
2025/11/20,06:30,1350,,163,,
2025/11/20,06:45,1350,,180,,
2025/11/20,07:00,1350,,187,,
2025/11/20,07:15,1350,,185,,
2025/11/20,07:30,1350,,222,,
2025/11/20,07:45,1350,,226,,
2025/11/20,08:00,1350,,289,,
2025/11/20,08:15,1350,,513,,
2025/11/20,08:30,1350,,530,,
2025/11/20,08:45,1350,,583,,
2025/11/20,09:00,1350,,583,,
2025/11/20,09:15,1350,,620,,
2025/11/20,09:30,1350,,600,,
2025/11/20,09:45,1350,,667,,
2025/11/20,10:00,1350,,513,,
2025/11/20,10:15,1350,,489,,
2025/11/20,10:30,1350,,637,,
2025/11/20,10:45,1350,,794,,
2025/11/20,11:00,1350,,769,,
2025/11/20,11:15,1350,,,,785
2025/11/20,11:30,1350,,,,783
2025/11/20,11:45,1350,,,,752
2025/11/20,12:00,1350,,,,595
2025/11/20,12:15,1350,,,,356
2025/11/20,12:30,1350,,,,345
2025/11/20,12:45,1350,,,,358
2025/11/20,13:00,1350,,,,808
2025/11/20,13:15,1350,,,,841
2025/11/20,13:30,1350,,,,838
2025/11/20,13:45,1350,,,,821
2025/11/20,14:00,1350,,,,810
2025/11/20,14:15,1350,,801,,
2025/11/20,14:30,1350,,798,,
2025/11/20,14:45,1350,,775,,
2025/11/20,15:00,1350,,552,,
2025/11/20,15:15,1350,,680,,
2025/11/20,15:30,1350,,762,,
2025/11/20,15:45,1350,,783,,
2025/11/20,16:00,1350,,715,,
2025/11/20,16:15,1350,,641,,
2025/11/20,16:30,1350,,660,,
2025/11/20,16:45,1350,,387,,
2025/11/20,17:00,1350,,185,,
2025/11/20,17:15,1350,,148,,
2025/11/20,17:30,1350,,134,,
2025/11/20,17:45,1350,,141,,
2025/11/20,18:00,1350,,133,,
2025/11/20,18:15,1350,,128,,
2025/11/20,18:30,1350,,128,,
2025/11/20,18:45,1350,,115,,
2025/11/20,19:00,1350,,122,,
2025/11/20,19:15,1350,,118,,
2025/11/20,19:30,1350,,123,,
2025/11/20,19:45,1350,,94,,
2025/11/20,20:00,1350,,96,,
2025/11/20,20:15,1350,,101,,
2025/11/20,20:30,1350,,104,,
2025/11/20,20:45,1350,,93,,
2025/11/20,21:00,1350,,101,,
2025/11/20,21:15,1350,,110,,
2025/11/20,21:30,1350,,99,,
2025/11/20,21:45,1350,,94,,
2025/11/20,22:00,1350,,101,,
2025/11/20,22:15,1350,,94,,
2025/11/20,22:30,1350,,96,,
2025/11/20,22:45,1350,,99,,
2025/11/20,23:00,1350,,112,,
2025/11/20,23:15,1350,,96,,
2025/11/20,23:30,1350,,101,,
2025/11/20,23:45,1350,,98,,
2025/11/21,00:00,1350,,101,,
2025/11/21,00:15,1350,,,,101
2025/11/21,00:30,1350,,,,112
2025/11/21,00:45,1350,,,,112
2025/11/21,01:00,1350,,,,99
2025/11/21,01:15,1350,,,,96
2025/11/21,01:30,1350,,,,93
2025/11/21,01:45,1350,,,,98
2025/11/21,02:00,1350,,,,86
2025/11/21,02:15,1350,,,,104
2025/11/21,02:30,1350,,,,94
2025/11/21,02:45,1350,,,,91
2025/11/21,03:00,1350,,,,88
2025/11/21,03:15,1350,,,,90
2025/11/21,03:30,1350,,,,86
2025/11/21,03:45,1350,,,,83
2025/11/21,04:00,1350,,,,94
2025/11/21,04:15,1350,,,,88
2025/11/21,04:30,1350,,,,85
2025/11/21,04:45,1350,,,,82
2025/11/21,05:00,1350,,,,82
2025/11/21,05:15,1350,,,,88
2025/11/21,05:30,1350,,,,88
2025/11/21,05:45,1350,,,,94
2025/11/21,06:00,1350,,,,83
2025/11/21,06:15,1350,,83,,
2025/11/21,06:30,1350,,86,,
2025/11/21,06:45,1350,,73,,
2025/11/21,07:00,1350,,66,,
2025/11/21,07:15,1350,,76,,
2025/11/21,07:30,1350,,83,,
2025/11/21,07:45,1350,,73,,
2025/11/21,08:00,1350,,127,,
2025/11/21,08:15,1350,,133,,
2025/11/21,08:30,1350,,122,,
2025/11/21,08:45,1350,,126,,
2025/11/21,09:00,1350,,136,,
2025/11/21,09:15,1350,,134,,
2025/11/21,09:30,1350,,121,,
2025/11/21,09:45,1350,,130,,
2025/11/21,10:00,1350,,129,,
2025/11/21,10:15,1350,,120,,
2025/11/21,10:30,1350,,102,,
2025/11/21,10:45,1350,,122,,
2025/11/21,11:00,1350,,104,,
2025/11/21,11:15,1350,,,,112
2025/11/21,11:30,1350,,,,102
2025/11/21,11:45,1350,,,,106
2025/11/21,12:00,1350,,,,108
2025/11/21,12:15,1350,,,,106
2025/11/21,12:30,1350,,,,108
2025/11/21,12:45,1350,,,,95
2025/11/21,13:00,1350,,,,99
2025/11/21,13:15,1350,,,,112
2025/11/21,13:30,1350,,,,102
2025/11/21,13:45,1350,,,,110
2025/11/21,14:00,1350,,,,149
2025/11/21,14:15,1350,,150,,
2025/11/21,14:30,1350,,142,,
2025/11/21,14:45,1350,,139,,
2025/11/21,15:00,1350,,140,,
2025/11/21,15:15,1350,,131,,
2025/11/21,15:30,1350,,146,,
2025/11/21,15:45,1350,,158,,
2025/11/21,16:00,1350,,136,,
2025/11/21,16:15,1350,,139,,
2025/11/21,16:30,1350,,133,,
2025/11/21,16:45,1350,,131,,
2025/11/21,17:00,1350,,128,,
2025/11/21,17:15,1350,,142,,
2025/11/21,17:30,1350,,112,,
2025/11/21,17:45,1350,,104,,
2025/11/21,18:00,1350,,107,,
2025/11/21,18:15,1350,,101,,
2025/11/21,18:30,1350,,104,,
2025/11/21,18:45,1350,,98,,
2025/11/21,19:00,1350,,110,,
2025/11/21,19:15,1350,,96,,
2025/11/21,19:30,1350,,83,,
2025/11/21,19:45,1350,,77,,
2025/11/21,20:00,1350,,69,,
2025/11/21,20:15,1350,,82,,
2025/11/21,20:30,1350,,72,,
2025/11/21,20:45,1350,,88,,
2025/11/21,21:00,1350,,75,,
2025/11/21,21:15,1350,,69,,
2025/11/21,21:30,1350,,77,,
2025/11/21,21:45,1350,,69,,
2025/11/21,22:00,1350,,70,,
2025/11/21,22:15,1350,,75,,
2025/11/21,22:30,1350,,93,,
2025/11/21,22:45,1350,,70,,
2025/11/21,23:00,1350,,72,,
2025/11/21,23:15,1350,,77,,
2025/11/21,23:30,1350,,72,,
2025/11/21,23:45,1350,,70,,
2025/11/22,00:00,1350,,77,,
2025/11/22,00:15,1350,,,,88
2025/11/22,00:30,1350,,,,70
2025/11/22,00:45,1350,,,,69
2025/11/22,01:00,1350,,,,75
2025/11/22,01:15,1350,,,,72
2025/11/22,01:30,1350,,,,72
2025/11/22,01:45,1350,,,,82
2025/11/22,02:00,1350,,,,77
2025/11/22,02:15,1350,,,,78
2025/11/22,02:30,1350,,,,70
2025/11/22,02:45,1350,,,,69
2025/11/22,03:00,1350,,,,67
2025/11/22,03:15,1350,,,,70
2025/11/22,03:30,1350,,,,72
2025/11/22,03:45,1350,,,,77
2025/11/22,04:00,1350,,,,58
2025/11/22,04:15,1350,,,,61
2025/11/22,04:30,1350,,,,56
2025/11/22,04:45,1350,,,,56
2025/11/22,05:00,1350,,,,62
2025/11/22,05:15,1350,,,,67
2025/11/22,05:30,1350,,,,64
2025/11/22,05:45,1350,,,,58
2025/11/22,06:00,1350,,,,59
2025/11/22,06:15,1350,,,58,
2025/11/22,06:30,1350,,,55,
2025/11/22,06:45,1350,,,60,
2025/11/22,07:00,1350,,,68,
2025/11/22,07:15,1350,,,62,
2025/11/22,07:30,1350,,,56,
2025/11/22,07:45,1350,,,57,
2025/11/22,08:00,1350,,,55,
2025/11/22,08:15,1350,,,59,
2025/11/22,08:30,1350,,,69,
2025/11/22,08:45,1350,,,81,
2025/11/22,09:00,1350,,,67,
2025/11/22,09:15,1350,,,93,
2025/11/22,09:30,1350,,,81,
2025/11/22,09:45,1350,,,72,
2025/11/22,10:00,1350,,,75,
2025/11/22,10:15,1350,,,73,
2025/11/22,10:30,1350,,,96,
2025/11/22,10:45,1350,,,73,
2025/11/22,11:00,1350,,,73,
2025/11/22,11:15,1350,,,,75
2025/11/22,11:30,1350,,,,73
2025/11/22,11:45,1350,,,,69
2025/11/22,12:00,1350,,,,77
2025/11/22,12:15,1350,,,,84
2025/11/22,12:30,1350,,,,69
2025/11/22,12:45,1350,,,,62
2025/11/22,13:00,1350,,,,69
2025/11/22,13:15,1350,,,,70
2025/11/22,13:30,1350,,,,66
2025/11/22,13:45,1350,,,,88
2025/11/22,14:00,1350,,,,72
2025/11/22,14:15,1350,,,64,
2025/11/22,14:30,1350,,,72,
2025/11/22,14:45,1350,,,73,
2025/11/22,15:00,1350,,,64,
2025/11/22,15:15,1350,,,72,
2025/11/22,15:30,1350,,,86,
2025/11/22,15:45,1350,,,65,
2025/11/22,16:00,1350,,,63,
2025/11/22,16:15,1350,,,70,
2025/11/22,16:30,1350,,,64,
2025/11/22,16:45,1350,,,65,
2025/11/22,17:00,1350,,,80,
2025/11/22,17:15,1350,,,63,
2025/11/22,17:30,1350,,,59,
2025/11/22,17:45,1350,,,62,
2025/11/22,18:00,1350,,,54,
2025/11/22,18:15,1350,,,58,
2025/11/22,18:30,1350,,,59,
2025/11/22,18:45,1350,,,70,
2025/11/22,19:00,1350,,,58,
2025/11/22,19:15,1350,,,56,
2025/11/22,19:30,1350,,,59,
2025/11/22,19:45,1350,,,51,
2025/11/22,20:00,1350,,,56,
2025/11/22,20:15,1350,,,59,
2025/11/22,20:30,1350,,,75,
2025/11/22,20:45,1350,,,54,
2025/11/22,21:00,1350,,,56,
2025/11/22,21:15,1350,,,56,
2025/11/22,21:30,1350,,,59,
2025/11/22,21:45,1350,,,53,
2025/11/22,22:00,1350,,,54,
2025/11/22,22:15,1350,,,74,
2025/11/22,22:30,1350,,,59,
2025/11/22,22:45,1350,,,53,
2025/11/22,23:00,1350,,,54,
2025/11/22,23:15,1350,,,58,
2025/11/22,23:30,1350,,,58,
2025/11/22,23:45,1350,,,53,
2025/11/23,00:00,1350,,,67,
2025/11/23,00:15,1350,,,,59
2025/11/23,00:30,1350,,,,53
2025/11/23,00:45,1350,,,,56
2025/11/23,01:00,1350,,,,51
2025/11/23,01:15,1350,,,,58
2025/11/23,01:30,1350,,,,56
2025/11/23,01:45,1350,,,,69
2025/11/23,02:00,1350,,,,53
2025/11/23,02:15,1350,,,,61
2025/11/23,02:30,1350,,,,54
2025/11/23,02:45,1350,,,,54
2025/11/23,03:00,1350,,,,53
2025/11/23,03:15,1350,,,,61
2025/11/23,03:30,1350,,,,66
2025/11/23,03:45,1350,,,,51
2025/11/23,04:00,1350,,,,56
2025/11/23,04:15,1350,,,,56
2025/11/23,04:30,1350,,,,53
2025/11/23,04:45,1350,,,,51
2025/11/23,05:00,1350,,,,58
2025/11/23,05:15,1350,,,,77
2025/11/23,05:30,1350,,,,54
2025/11/23,05:45,1350,,,,50
2025/11/23,06:00,1350,,,,58
2025/11/23,06:15,1350,,,,54
2025/11/23,06:30,1350,,,,55
2025/11/23,06:45,1350,,,,55
2025/11/23,07:00,1350,,,,77
2025/11/23,07:15,1350,,,,54
2025/11/23,07:30,1350,,,,52
2025/11/23,07:45,1350,,,,57
2025/11/23,08:00,1350,,,,58
2025/11/23,08:15,1350,,,,56
2025/11/23,08:30,1350,,,,66
2025/11/23,08:45,1350,,,,73
2025/11/23,09:00,1350,,,,64
2025/11/23,09:15,1350,,,,56
2025/11/23,09:30,1350,,,,63
2025/11/23,09:45,1350,,,,59
2025/11/23,10:00,1350,,,,58
2025/11/23,10:15,1350,,,,73
2025/11/23,10:30,1350,,,,75
2025/11/23,10:45,1350,,,,61
2025/11/23,11:00,1350,,,,67
2025/11/23,11:15,1350,,,,61
2025/11/23,11:30,1350,,,,60
2025/11/23,11:45,1350,,,,67
2025/11/23,12:00,1350,,,,79
2025/11/23,12:15,1350,,,,69
2025/11/23,12:30,1350,,,,66
2025/11/23,12:45,1350,,,,61
2025/11/23,13:00,1350,,,,58
2025/11/23,13:15,1350,,,,67
2025/11/23,13:30,1350,,,,64
2025/11/23,13:45,1350,,,,84
2025/11/23,14:00,1350,,,,66
2025/11/23,14:15,1350,,,,60
2025/11/23,14:30,1350,,,,66
2025/11/23,14:45,1350,,,,68
2025/11/23,15:00,1350,,,,63
2025/11/23,15:15,1350,,,,66
2025/11/23,15:30,1350,,,,80
2025/11/23,15:45,1350,,,,56
2025/11/23,16:00,1350,,,,61
2025/11/23,16:15,1350,,,,64
2025/11/23,16:30,1350,,,,57
2025/11/23,16:45,1350,,,,62
2025/11/23,17:00,1350,,,,67
2025/11/23,17:15,1350,,,,69
2025/11/23,17:30,1350,,,,58
2025/11/23,17:45,1350,,,,54
2025/11/23,18:00,1350,,,,61
2025/11/23,18:15,1350,,,,56
2025/11/23,18:30,1350,,,,59
2025/11/23,18:45,1350,,,,64
2025/11/23,19:00,1350,,,,66
2025/11/23,19:15,1350,,,,56
2025/11/23,19:30,1350,,,,53
2025/11/23,19:45,1350,,,,56
2025/11/23,20:00,1350,,,,54
2025/11/23,20:15,1350,,,,61
2025/11/23,20:30,1350,,,,69
2025/11/23,20:45,1350,,,,58
2025/11/23,21:00,1350,,,,59
2025/11/23,21:15,1350,,,,53
2025/11/23,21:30,1350,,,,56
2025/11/23,21:45,1350,,,,51
2025/11/23,22:00,1350,,,,59
2025/11/23,22:15,1350,,,,72
2025/11/23,22:30,1350,,,,58
2025/11/23,22:45,1350,,,,59
2025/11/23,23:00,1350,,,,53
2025/11/23,23:15,1350,,,,58
2025/11/23,23:30,1350,,,,58
2025/11/23,23:45,1350,,,,50
2025/11/24,00:00,1350,,,,74
2025/11/24,00:15,1350,,,,59
2025/11/24,00:30,1350,,,,56
2025/11/24,00:45,1350,,,,58
2025/11/24,01:00,1350,,,,51
2025/11/24,01:15,1350,,,,58
2025/11/24,01:30,1350,,,,51
2025/11/24,01:45,1350,,,,69
2025/11/24,02:00,1350,,,,62
2025/11/24,02:15,1350,,,,53
2025/11/24,02:30,1350,,,,59
2025/11/24,02:45,1350,,,,53
2025/11/24,03:00,1350,,,,56
2025/11/24,03:15,1350,,,,51
2025/11/24,03:30,1350,,,,69
2025/11/24,03:45,1350,,,,59
2025/11/24,04:00,1350,,,,56
2025/11/24,04:15,1350,,,,50
2025/11/24,04:30,1350,,,,59
2025/11/24,04:45,1350,,,,54
2025/11/24,05:00,1350,,,,54
2025/11/24,05:15,1350,,,,74
2025/11/24,05:30,1350,,,,59
2025/11/24,05:45,1350,,,,59
2025/11/24,06:00,1350,,,,51
2025/11/24,06:15,1350,,56,,
2025/11/24,06:30,1350,,56,,
2025/11/24,06:45,1350,,55,,
2025/11/24,07:00,1350,,80,,
2025/11/24,07:15,1350,,125,,
2025/11/24,07:30,1350,,168,,
2025/11/24,07:45,1350,,184,,
2025/11/24,08:00,1350,,239,,
2025/11/24,08:15,1350,,461,,
2025/11/24,08:30,1350,,654,,
2025/11/24,08:45,1350,,738,,
2025/11/24,09:00,1350,,834,,
2025/11/24,09:15,1350,,871,,
2025/11/24,09:30,1350,,838,,
2025/11/24,09:45,1350,,803,,
2025/11/24,10:00,1350,,575,,
2025/11/24,10:15,1350,,637,,
2025/11/24,10:30,1350,,752,,
2025/11/24,10:45,1350,,785,,
2025/11/24,11:00,1350,,766,,
2025/11/24,11:15,1350,,,,778
2025/11/24,11:30,1350,,,,771
2025/11/24,11:45,1350,,,,739
2025/11/24,12:00,1350,,,,703
2025/11/24,12:15,1350,,,,575
2025/11/24,12:30,1350,,,,602
2025/11/24,12:45,1350,,,,681
2025/11/24,13:00,1350,,,,1015
2025/11/24,13:15,1350,,,,953
2025/11/24,13:30,1350,,,,1133
2025/11/24,13:45,1350,,,,1125
2025/11/24,14:00,1350,,,,1122
2025/11/24,14:15,1350,,1096,,
2025/11/24,14:30,1350,,1057,,
2025/11/24,14:45,1350,,1022,,
2025/11/24,15:00,1350,,785,,
2025/11/24,15:15,1350,,870,,
2025/11/24,15:30,1350,,899,,
2025/11/24,15:45,1350,,826,,
2025/11/24,16:00,1350,,813,,
2025/11/24,16:15,1350,,790,,
2025/11/24,16:30,1350,,770,,
2025/11/24,16:45,1350,,461,,
2025/11/24,17:00,1350,,279,,
2025/11/24,17:15,1350,,220,,
2025/11/24,17:30,1350,,208,,
2025/11/24,17:45,1350,,213,,
2025/11/24,18:00,1350,,222,,
2025/11/24,18:15,1350,,237,,
2025/11/24,18:30,1350,,214,,
2025/11/24,18:45,1350,,211,,
2025/11/24,19:00,1350,,190,,
2025/11/24,19:15,1350,,186,,
2025/11/24,19:30,1350,,154,,
2025/11/24,19:45,1350,,130,,
2025/11/24,20:00,1350,,133,,
2025/11/24,20:15,1350,,144,,
2025/11/24,20:30,1350,,142,,
2025/11/24,20:45,1350,,150,,
2025/11/24,21:00,1350,,138,,
2025/11/24,21:15,1350,,202,,
2025/11/24,21:30,1350,,226,,
2025/11/24,21:45,1350,,227,,
2025/11/24,22:00,1350,,234,,
2025/11/24,22:15,1350,,253,,
2025/11/24,22:30,1350,,264,,
2025/11/24,22:45,1350,,242,,
2025/11/24,23:00,1350,,261,,
2025/11/24,23:15,1350,,283,,
2025/11/24,23:30,1350,,298,,
2025/11/24,23:45,1350,,331,,
2025/11/25,00:00,1350,,358,,
2025/11/25,00:15,1350,,,,387
2025/11/25,00:30,1350,,,,390
2025/11/25,00:45,1350,,,,368
2025/11/25,01:00,1350,,,,355
2025/11/25,01:15,1350,,,,352
2025/11/25,01:30,1350,,,,365
2025/11/25,01:45,1350,,,,328
2025/11/25,02:00,1350,,,,314
2025/11/25,02:15,1350,,,,275
2025/11/25,02:30,1350,,,,245
2025/11/25,02:45,1350,,,,216
2025/11/25,03:00,1350,,,,186
2025/11/25,03:15,1350,,,,173
2025/11/25,03:30,1350,,,,182
2025/11/25,03:45,1350,,,,166
2025/11/25,04:00,1350,,,,168
2025/11/25,04:15,1350,,,,165
2025/11/25,04:30,1350,,,,173
2025/11/25,04:45,1350,,,,158
2025/11/25,05:00,1350,,,,157
2025/11/25,05:15,1350,,,,162
2025/11/25,05:30,1350,,,,163
2025/11/25,05:45,1350,,,,162
2025/11/25,06:00,1350,,,,165
2025/11/25,06:15,1350,,174,,
2025/11/25,06:30,1350,,155,,
2025/11/25,06:45,1350,,164,,
2025/11/25,07:00,1350,,168,,
2025/11/25,07:15,1350,,196,,
2025/11/25,07:30,1350,,211,,
2025/11/25,07:45,1350,,229,,
2025/11/25,08:00,1350,,291,,
2025/11/25,08:15,1350,,614,,
2025/11/25,08:30,1350,,854,,
2025/11/25,08:45,1350,,906,,
2025/11/25,09:00,1350,,936,,
2025/11/25,09:15,1350,,983,,
2025/11/25,09:30,1350,,1024,,
2025/11/25,09:45,1350,,1029,,
2025/11/25,10:00,1350,,797,,
2025/11/25,10:15,1350,,944,,
2025/11/25,10:30,1350,,1114,,
2025/11/25,10:45,1350,,1158,,
2025/11/25,11:00,1350,,1220,,
2025/11/25,11:15,1350,,,,1228
2025/11/25,11:30,1350,,,,1278
2025/11/25,11:45,1350,,,,1283
2025/11/25,12:00,1350,,,,1065
2025/11/25,12:15,1350,,,,780
2025/11/25,12:30,1350,,,,755
2025/11/25,12:45,1350,,,,752
2025/11/25,13:00,1350,,,,1085
2025/11/25,13:15,1350,,,,1097
2025/11/25,13:30,1350,,,,1105
2025/11/25,13:45,1350,,,,1050
2025/11/25,14:00,1350,,,,992
2025/11/25,14:15,1350,,916,,
2025/11/25,14:30,1350,,860,,
2025/11/25,14:45,1350,,813,,
2025/11/25,15:00,1350,,529,,
2025/11/25,15:15,1350,,596,,
2025/11/25,15:30,1350,,655,,
2025/11/25,15:45,1350,,668,,
2025/11/25,16:00,1350,,672,,
2025/11/25,16:15,1350,,655,,
2025/11/25,16:30,1350,,601,,
2025/11/25,16:45,1350,,416,,
2025/11/25,17:00,1350,,309,,
2025/11/25,17:15,1350,,248,,
2025/11/25,17:30,1350,,251,,
2025/11/25,17:45,1350,,232,,
2025/11/25,18:00,1350,,229,,
2025/11/25,18:15,1350,,227,,
2025/11/25,18:30,1350,,219,,
2025/11/25,18:45,1350,,216,,
2025/11/25,19:00,1350,,205,,
2025/11/25,19:15,1350,,200,,
2025/11/25,19:30,1350,,195,,
2025/11/25,19:45,1350,,150,,
2025/11/25,20:00,1350,,146,,
2025/11/25,20:15,1350,,162,,
2025/11/25,20:30,1350,,150,,
2025/11/25,20:45,1350,,150,,
2025/11/25,21:00,1350,,174,,
2025/11/25,21:15,1350,,154,,
2025/11/25,21:30,1350,,158,,
2025/11/25,21:45,1350,,155,,
2025/11/25,22:00,1350,,150,,
2025/11/25,22:15,1350,,163,,
2025/11/25,22:30,1350,,144,,
2025/11/25,22:45,1350,,136,,
2025/11/25,23:00,1350,,163,,
2025/11/25,23:15,1350,,147,,
2025/11/25,23:30,1350,,149,,
2025/11/25,23:45,1350,,173,,
2025/11/26,00:00,1350,,141,,
2025/11/26,00:15,1350,,,,155
2025/11/26,00:30,1350,,,,158
2025/11/26,00:45,1350,,,,146
2025/11/26,01:00,1350,,,,162
2025/11/26,01:15,1350,,,,154
2025/11/26,01:30,1350,,,,139
2025/11/26,01:45,1350,,,,139
2025/11/26,02:00,1350,,,,106
2025/11/26,02:15,1350,,,,109
2025/11/26,02:30,1350,,,,104
2025/11/26,02:45,1350,,,,102
2025/11/26,03:00,1350,,,,107
2025/11/26,03:15,1350,,,,102
2025/11/26,03:30,1350,,,,107
2025/11/26,03:45,1350,,,,102
2025/11/26,04:00,1350,,,,90
2025/11/26,04:15,1350,,,,91
2025/11/26,04:30,1350,,,,88
2025/11/26,04:45,1350,,,,88
2025/11/26,05:00,1350,,,,90
2025/11/26,05:15,1350,,,,98
2025/11/26,05:30,1350,,,,101
2025/11/26,05:45,1350,,,,86
2025/11/26,06:00,1350,,,,139
2025/11/26,06:15,1350,,158,,
2025/11/26,06:30,1350,,168,,
2025/11/26,06:45,1350,,164,,
2025/11/26,07:00,1350,,187,,
2025/11/26,07:15,1350,,199,,
2025/11/26,07:30,1350,,220,,
2025/11/26,07:45,1350,,224,,
2025/11/26,08:00,1350,,286,,
2025/11/26,08:15,1350,,460,,
2025/11/26,08:30,1350,,768,,
2025/11/26,08:45,1350,,817,,
2025/11/26,09:00,1350,,838,,
2025/11/26,09:15,1350,,886,,
2025/11/26,09:30,1350,,922,,
2025/11/26,09:45,1350,,928,,
2025/11/26,10:00,1350,,738,,
2025/11/26,10:15,1350,,811,,
2025/11/26,10:30,1350,,925,,
2025/11/26,10:45,1350,,994,,
2025/11/26,11:00,1350,,848,,
2025/11/26,11:15,1350,,,,769
2025/11/26,11:30,1350,,,,816
2025/11/26,11:45,1350,,,,848
2025/11/26,12:00,1350,,,,776
2025/11/26,12:15,1350,,,,605
2025/11/26,12:30,1350,,,,598
2025/11/26,12:45,1350,,,,600
2025/11/26,13:00,1350,,,,739
2025/11/26,13:15,1350,,,,795
2025/11/26,13:30,1350,,,,756
2025/11/26,13:45,1350,,,,798
2025/11/26,14:00,1350,,,,698
2025/11/26,14:15,1350,,613,,
2025/11/26,14:30,1350,,601,,
2025/11/26,14:45,1350,,641,,
2025/11/26,15:00,1350,,608,,
2025/11/26,15:15,1350,,616,,
2025/11/26,15:30,1350,,637,,
2025/11/26,15:45,1350,,603,,
2025/11/26,16:00,1350,,560,,
2025/11/26,16:15,1350,,446,,
2025/11/26,16:30,1350,,437,,
2025/11/26,16:45,1350,,391,,
2025/11/26,17:00,1350,,330,,
2025/11/26,17:15,1350,,253,,
2025/11/26,17:30,1350,,229,,
2025/11/26,17:45,1350,,224,,
2025/11/26,18:00,1350,,253,,
2025/11/26,18:15,1350,,246,,
2025/11/26,18:30,1350,,245,,
2025/11/26,18:45,1350,,246,,
2025/11/26,19:00,1350,,219,,
2025/11/26,19:15,1350,,210,,
2025/11/26,19:30,1350,,157,,
2025/11/26,19:45,1350,,138,,
2025/11/26,20:00,1350,,142,,
2025/11/26,20:15,1350,,139,,
2025/11/26,20:30,1350,,144,,
2025/11/26,20:45,1350,,142,,
2025/11/26,21:00,1350,,131,,
2025/11/26,21:15,1350,,120,,
2025/11/26,21:30,1350,,115,,
2025/11/26,21:45,1350,,118,,
2025/11/26,22:00,1350,,120,,
2025/11/26,22:15,1350,,126,,
2025/11/26,22:30,1350,,123,,
2025/11/26,22:45,1350,,117,,
2025/11/26,23:00,1350,,115,,
2025/11/26,23:15,1350,,120,,
2025/11/26,23:30,1350,,115,,
2025/11/26,23:45,1350,,117,,
2025/11/27,00:00,1350,,130,,
2025/11/27,00:15,1350,,,,112
2025/11/27,00:30,1350,,,,118
2025/11/27,00:45,1350,,,,112
2025/11/27,01:00,1350,,,,117
2025/11/27,01:15,1350,,,,117
2025/11/27,01:30,1350,,,,112
2025/11/27,01:45,1350,,,,125
2025/11/27,02:00,1350,,,,115
2025/11/27,02:15,1350,,,,107
2025/11/27,02:30,1350,,,,112
2025/11/27,02:45,1350,,,,107
2025/11/27,03:00,1350,,,,107
2025/11/27,03:15,1350,,,,109
2025/11/27,03:30,1350,,,,114
2025/11/27,03:45,1350,,,,106
2025/11/27,04:00,1350,,,,94
2025/11/27,04:15,1350,,,,94
2025/11/27,04:30,1350,,,,96
2025/11/27,04:45,1350,,,,91
2025/11/27,05:00,1350,,,,96
2025/11/27,05:15,1350,,,,110
2025/11/27,05:30,1350,,,,94
2025/11/27,05:45,1350,,,,102
2025/11/27,06:00,1350,,,,109
2025/11/27,06:15,1350,,117,,
2025/11/27,06:30,1350,,110,,
2025/11/27,06:45,1350,,108,,
2025/11/27,07:00,1350,,171,,
2025/11/27,07:15,1350,,189,,
2025/11/27,07:30,1350,,238,,
2025/11/27,07:45,1350,,280,,
2025/11/27,08:00,1350,,330,,
2025/11/27,08:15,1350,,495,,
2025/11/27,08:30,1350,,677,,
2025/11/27,08:45,1350,,720,,
2025/11/27,09:00,1350,,687,,
2025/11/27,09:15,1350,,688,,
2025/11/27,09:30,1350,,714,,
2025/11/27,09:45,1350,,694,,
2025/11/27,10:00,1350,,500,,
2025/11/27,10:15,1350,,703,,
2025/11/27,10:30,1350,,804,,
2025/11/27,10:45,1350,,785,,
2025/11/27,11:00,1350,,744,,
2025/11/27,11:15,1350,,,,781
2025/11/27,11:30,1350,,,,755
2025/11/27,11:45,1350,,,,746
2025/11/27,12:00,1350,,,,703
2025/11/27,12:15,1350,,,,609
2025/11/27,12:30,1350,,,,610
2025/11/27,12:45,1350,,,,593
2025/11/27,13:00,1350,,,,701
2025/11/27,13:15,1350,,,,675
2025/11/27,13:30,1350,,,,618
2025/11/27,13:45,1350,,,,602
2025/11/27,14:00,1350,,,,584
2025/11/27,14:15,1350,,627,,
2025/11/27,14:30,1350,,631,,
2025/11/27,14:45,1350,,580,,
2025/11/27,15:00,1350,,573,,
2025/11/27,15:15,1350,,611,,
2025/11/27,15:30,1350,,605,,
2025/11/27,15:45,1350,,645,,
2025/11/27,16:00,1350,,623,,
2025/11/27,16:15,1350,,679,,
2025/11/27,16:30,1350,,647,,
2025/11/27,16:45,1350,,587,,
2025/11/27,17:00,1350,,518,,
2025/11/27,17:15,1350,,426,,
2025/11/27,17:30,1350,,373,,
2025/11/27,17:45,1350,,394,,
2025/11/27,18:00,1350,,366,,
2025/11/27,18:15,1350,,302,,
2025/11/27,18:30,1350,,272,,
2025/11/27,18:45,1350,,245,,
2025/11/27,19:00,1350,,224,,
2025/11/27,19:15,1350,,195,,
2025/11/27,19:30,1350,,165,,
2025/11/27,19:45,1350,,107,,
2025/11/27,20:00,1350,,106,,
2025/11/27,20:15,1350,,107,,
2025/11/27,20:30,1350,,122,,
2025/11/27,20:45,1350,,114,,
2025/11/27,21:00,1350,,107,,
2025/11/27,21:15,1350,,107,,
2025/11/27,21:30,1350,,109,,
2025/11/27,21:45,1350,,109,,
2025/11/27,22:00,1350,,112,,
2025/11/27,22:15,1350,,123,,
2025/11/27,22:30,1350,,109,,
2025/11/27,22:45,1350,,109,,
2025/11/27,23:00,1350,,110,,
2025/11/27,23:15,1350,,110,,
2025/11/27,23:30,1350,,107,,
2025/11/27,23:45,1350,,110,,
2025/11/28,00:00,1350,,120,,
2025/11/28,00:15,1350,,,,109
2025/11/28,00:30,1350,,,,107
2025/11/28,00:45,1350,,,,109
2025/11/28,01:00,1350,,,,107
2025/11/28,01:15,1350,,,,101
2025/11/28,01:30,1350,,,,109
2025/11/28,01:45,1350,,,,109
2025/11/28,02:00,1350,,,,98
2025/11/28,02:15,1350,,,,94
2025/11/28,02:30,1350,,,,98
2025/11/28,02:45,1350,,,,98
2025/11/28,03:00,1350,,,,94
2025/11/28,03:15,1350,,,,106
2025/11/28,03:30,1350,,,,98
2025/11/28,03:45,1350,,,,85
2025/11/28,04:00,1350,,,,83
2025/11/28,04:15,1350,,,,85
2025/11/28,04:30,1350,,,,85
2025/11/28,04:45,1350,,,,83
2025/11/28,05:00,1350,,,,99
2025/11/28,05:15,1350,,,,90
2025/11/28,05:30,1350,,,,88
2025/11/28,05:45,1350,,,,82
2025/11/28,06:00,1350,,,,85
2025/11/28,06:15,1350,,85,,
2025/11/28,06:30,1350,,88,,
2025/11/28,06:45,1350,,97,,
2025/11/28,07:00,1350,,83,,
2025/11/28,07:15,1350,,82,,
2025/11/28,07:30,1350,,109,,
2025/11/28,07:45,1350,,128,,
2025/11/28,08:00,1350,,155,,
2025/11/28,08:15,1350,,251,,
2025/11/28,08:30,1350,,311,,
2025/11/28,08:45,1350,,302,,
2025/11/28,09:00,1350,,311,,
2025/11/28,09:15,1350,,324,,
2025/11/28,09:30,1350,,330,,
2025/11/28,09:45,1350,,330,,
2025/11/28,10:00,1350,,339,,
2025/11/28,10:15,1350,,340,,
2025/11/28,10:30,1350,,344,,
2025/11/28,10:45,1350,,338,,
2025/11/28,11:00,1350,,342,,
2025/11/28,11:15,1350,,,,361
2025/11/28,11:30,1350,,,,370
2025/11/28,11:45,1350,,,,391
2025/11/28,12:00,1350,,,,373
2025/11/28,12:15,1350,,,,345
2025/11/28,12:30,1350,,,,340
2025/11/28,12:45,1350,,,,336
2025/11/28,13:00,1350,,,,348
2025/11/28,13:15,1350,,,,360
2025/11/28,13:30,1350,,,,351
2025/11/28,13:45,1350,,,,364
2025/11/28,14:00,1350,,,,348
2025/11/28,14:15,1350,,325,,
2025/11/28,14:30,1350,,363,,
2025/11/28,14:45,1350,,358,,
2025/11/28,15:00,1350,,347,,
2025/11/28,15:15,1350,,304,,
2025/11/28,15:30,1350,,318,,
2025/11/28,15:45,1350,,332,,
2025/11/28,16:00,1350,,319,,
2025/11/28,16:15,1350,,304,,
2025/11/28,16:30,1350,,312,,
2025/11/28,16:45,1350,,348,,
2025/11/28,17:00,1350,,312,,
2025/11/28,17:15,1350,,261,,
2025/11/28,17:30,1350,,242,,
2025/11/28,17:45,1350,,221,,
2025/11/28,18:00,1350,,192,,
2025/11/28,18:15,1350,,157,,
2025/11/28,18:30,1350,,146,,
2025/11/28,18:45,1350,,128,,
2025/11/28,19:00,1350,,117,,
2025/11/28,19:15,1350,,117,,
2025/11/28,19:30,1350,,112,,
2025/11/28,19:45,1350,,94,,
2025/11/28,20:00,1350,,101,,
2025/11/28,20:15,1350,,106,,
2025/11/28,20:30,1350,,93,,
2025/11/28,20:45,1350,,90,,
2025/11/28,21:00,1350,,91,,
2025/11/28,21:15,1350,,93,,
2025/11/28,21:30,1350,,91,,
2025/11/28,21:45,1350,,101,,
2025/11/28,22:00,1350,,99,,
2025/11/28,22:15,1350,,90,,
2025/11/28,22:30,1350,,82,,
2025/11/28,22:45,1350,,85,,
2025/11/28,23:00,1350,,86,,
2025/11/28,23:15,1350,,83,,
2025/11/28,23:30,1350,,98,,
2025/11/28,23:45,1350,,86,,
2025/11/29,00:00,1350,,82,,
2025/11/29,00:15,1350,,,,82
2025/11/29,00:30,1350,,,,82
2025/11/29,00:45,1350,,,,82
2025/11/29,01:00,1350,,,,82
2025/11/29,01:15,1350,,,,98
2025/11/29,01:30,1350,,,,80
2025/11/29,01:45,1350,,,,82
2025/11/29,02:00,1350,,,,82
2025/11/29,02:15,1350,,,,78
2025/11/29,02:30,1350,,,,77
2025/11/29,02:45,1350,,,,78
2025/11/29,03:00,1350,,,,91
2025/11/29,03:15,1350,,,,77
2025/11/29,03:30,1350,,,,75
2025/11/29,03:45,1350,,,,74
2025/11/29,04:00,1350,,,,66
2025/11/29,04:15,1350,,,,66
2025/11/29,04:30,1350,,,,66
2025/11/29,04:45,1350,,,,80
2025/11/29,05:00,1350,,,,66
2025/11/29,05:15,1350,,,,69
2025/11/29,05:30,1350,,,,67
2025/11/29,05:45,1350,,,,64
2025/11/29,06:00,1350,,,,66
2025/11/29,06:15,1350,,,67,
2025/11/29,06:30,1350,,,82,
2025/11/29,06:45,1350,,,66,
2025/11/29,07:00,1350,,,69,
2025/11/29,07:15,1350,,,67,
2025/11/29,07:30,1350,,,64,
2025/11/29,07:45,1350,,,64,
2025/11/29,08:00,1350,,,81,
2025/11/29,08:15,1350,,,89,
2025/11/29,08:30,1350,,,113,
2025/11/29,08:45,1350,,,92,
2025/11/29,09:00,1350,,,95,
2025/11/29,09:15,1350,,,96,
2025/11/29,09:30,1350,,,97,
2025/11/29,09:45,1350,,,108,
2025/11/29,10:00,1350,,,102,
2025/11/29,10:15,1350,,,96,
2025/11/29,10:30,1350,,,102,
2025/11/29,10:45,1350,,,98,
2025/11/29,11:00,1350,,,98,
2025/11/29,11:15,1350,,,,104
2025/11/29,11:30,1350,,,,116
2025/11/29,11:45,1350,,,,110
2025/11/29,12:00,1350,,,,99
2025/11/29,12:15,1350,,,,104
2025/11/29,12:30,1350,,,,99
2025/11/29,12:45,1350,,,,88
2025/11/29,13:00,1350,,,,96
2025/11/29,13:15,1350,,,,122
2025/11/29,13:30,1350,,,,99
2025/11/29,13:45,1350,,,,96
2025/11/29,14:00,1350,,,,102
2025/11/29,14:15,1350,,,96,
2025/11/29,14:30,1350,,,105,
2025/11/29,14:45,1350,,,99,
2025/11/29,15:00,1350,,,115,
2025/11/29,15:15,1350,,,99,
2025/11/29,15:30,1350,,,92,
2025/11/29,15:45,1350,,,96,
2025/11/29,16:00,1350,,,92,
2025/11/29,16:15,1350,,,97,
2025/11/29,16:30,1350,,,94,
2025/11/29,16:45,1350,,,95,
2025/11/29,17:00,1350,,,64,
2025/11/29,17:15,1350,,,66,
2025/11/29,17:30,1350,,,61,
2025/11/29,17:45,1350,,,58,
2025/11/29,18:00,1350,,,59,
2025/11/29,18:15,1350,,,72,
2025/11/29,18:30,1350,,,70,
2025/11/29,18:45,1350,,,58,
2025/11/29,19:00,1350,,,58,
2025/11/29,19:15,1350,,,59,
2025/11/29,19:30,1350,,,62,
2025/11/29,19:45,1350,,,61,
2025/11/29,20:00,1350,,,80,
2025/11/29,20:15,1350,,,62,
2025/11/29,20:30,1350,,,56,
2025/11/29,20:45,1350,,,62,
2025/11/29,21:00,1350,,,59,
2025/11/29,21:15,1350,,,56,
2025/11/29,21:30,1350,,,59,
2025/11/29,21:45,1350,,,72,
2025/11/29,22:00,1350,,,62,
2025/11/29,22:15,1350,,,61,
2025/11/29,22:30,1350,,,54,
2025/11/29,22:45,1350,,,61,
2025/11/29,23:00,1350,,,62,
2025/11/29,23:15,1350,,,56,
2025/11/29,23:30,1350,,,69,
2025/11/29,23:45,1350,,,70,
2025/11/30,00:00,1350,,,54,
2025/11/30,00:15,1350,,,,59
2025/11/30,00:30,1350,,,,62
2025/11/30,00:45,1350,,,,53
2025/11/30,01:00,1350,,,,58
2025/11/30,01:15,1350,,,,74
2025/11/30,01:30,1350,,,,62
2025/11/30,01:45,1350,,,,56
2025/11/30,02:00,1350,,,,61
2025/11/30,02:15,1350,,,,56
2025/11/30,02:30,1350,,,,61
2025/11/30,02:45,1350,,,,62
2025/11/30,03:00,1350,,,,69
2025/11/30,03:15,1350,,,,66
2025/11/30,03:30,1350,,,,59
2025/11/30,03:45,1350,,,,54
2025/11/30,04:00,1350,,,,59
2025/11/30,04:15,1350,,,,61
2025/11/30,04:30,1350,,,,54
2025/11/30,04:45,1350,,,,70
2025/11/30,05:00,1350,,,,66
2025/11/30,05:15,1350,,,,56
2025/11/30,05:30,1350,,,,62
2025/11/30,05:45,1350,,,,61
2025/11/30,06:00,1350,,,,54
2025/11/30,06:15,1350,,,,59
2025/11/30,06:30,1350,,,,71
2025/11/30,06:45,1350,,,,66
2025/11/30,07:00,1350,,,,63
2025/11/30,07:15,1350,,,,56
2025/11/30,07:30,1350,,,,56
2025/11/30,07:45,1350,,,,59
2025/11/30,08:00,1350,,,,55
2025/11/30,08:15,1350,,,,58
2025/11/30,08:30,1350,,,,85
2025/11/30,08:45,1350,,,,57
2025/11/30,09:00,1350,,,,58
2025/11/30,09:15,1350,,,,71
2025/11/30,09:30,1350,,,,61
2025/11/30,09:45,1350,,,,59
2025/11/30,10:00,1350,,,,72
2025/11/30,10:15,1350,,,,76
2025/11/30,10:30,1350,,,,66
2025/11/30,10:45,1350,,,,69
2025/11/30,11:00,1350,,,,62
2025/11/30,11:15,1350,,,,63
2025/11/30,11:30,1350,,,,71
2025/11/30,11:45,1350,,,,80
2025/11/30,12:00,1350,,,,72
2025/11/30,12:15,1350,,,,72
2025/11/30,12:30,1350,,,,62
2025/11/30,12:45,1350,,,,56
2025/11/30,13:00,1350,,,,66
2025/11/30,13:15,1350,,,,64
2025/11/30,13:30,1350,,,,83
2025/11/30,13:45,1350,,,,70
2025/11/30,14:00,1350,,,,64
2025/11/30,14:15,1350,,,,62
2025/11/30,14:30,1350,,,,64
2025/11/30,14:45,1350,,,,67
2025/11/30,15:00,1350,,,,62
2025/11/30,15:15,1350,,,,79
2025/11/30,15:30,1350,,,,64
2025/11/30,15:45,1350,,,,58
2025/11/30,16:00,1350,,,,66
2025/11/30,16:15,1350,,,,63
2025/11/30,16:30,1350,,,,59
2025/11/30,16:45,1350,,,,68
2025/11/30,17:00,1350,,,,80
2025/11/30,17:15,1350,,,,59
2025/11/30,17:30,1350,,,,66
2025/11/30,17:45,1350,,,,59
2025/11/30,18:00,1350,,,,58
2025/11/30,18:15,1350,,,,66
2025/11/30,18:30,1350,,,,58
2025/11/30,18:45,1350,,,,74
2025/11/30,19:00,1350,,,,62
2025/11/30,19:15,1350,,,,59
2025/11/30,19:30,1350,,,,56
2025/11/30,19:45,1350,,,,61
2025/11/30,20:00,1350,,,,59
2025/11/30,20:15,1350,,,,61
2025/11/30,20:30,1350,,,,80
2025/11/30,20:45,1350,,,,58
2025/11/30,21:00,1350,,,,58
2025/11/30,21:15,1350,,,,62
2025/11/30,21:30,1350,,,,54
2025/11/30,21:45,1350,,,,62
2025/11/30,22:00,1350,,,,62
2025/11/30,22:15,1350,,,,74
2025/11/30,22:30,1350,,,,66
2025/11/30,22:45,1350,,,,59
2025/11/30,23:00,1350,,,,56
2025/11/30,23:15,1350,,,,64
2025/11/30,23:30,1350,,,,59
2025/11/30,23:45,1350,,,,56
2025/12/1,00:00,1350,,,,80
2025/12/1,00:15,1350,,,,54
2025/12/1,00:30,1350,,,,61
2025/12/1,00:45,1350,,,,59
2025/12/1,01:00,1350,,,,54
2025/12/1,01:15,1350,,,,61
2025/12/1,01:30,1350,,,,58
2025/12/1,01:45,1350,,,,74
2025/12/1,02:00,1350,,,,62
2025/12/1,02:15,1350,,,,56
2025/12/1,02:30,1350,,,,59
2025/12/1,02:45,1350,,,,62
2025/12/1,03:00,1350,,,,56
2025/12/1,03:15,1350,,,,58
2025/12/1,03:30,1350,,,,78
2025/12/1,03:45,1350,,,,54
2025/12/1,04:00,1350,,,,58
2025/12/1,04:15,1350,,,,59
2025/12/1,04:30,1350,,,,56
2025/12/1,04:45,1350,,,,59
2025/12/1,05:00,1350,,,,56
2025/12/1,05:15,1350,,,,77
2025/12/1,05:30,1350,,,,62
2025/12/1,05:45,1350,,,,53
2025/12/1,06:00,1350,,,,61
2025/12/1,06:15,1350,,56,,
2025/12/1,06:30,1350,,58,,
2025/12/1,06:45,1350,,67,,
2025/12/1,07:00,1350,,95,,
2025/12/1,07:15,1350,,92,,
2025/12/1,07:30,1350,,116,,
2025/12/1,07:45,1350,,134,,
2025/12/1,08:00,1350,,185,,
2025/12/1,08:15,1350,,428,,
2025/12/1,08:30,1350,,621,,
2025/12/1,08:45,1350,,796,,
2025/12/1,09:00,1350,,799,,
2025/12/1,09:15,1350,,686,,
2025/12/1,09:30,1350,,725,,
2025/12/1,09:45,1350,,715,,
2025/12/1,10:00,1350,,526,,
2025/12/1,10:15,1350,,630,,
2025/12/1,10:30,1350,,708,,
2025/12/1,10:45,1350,,676,,
2025/12/1,11:00,1350,,658,,
2025/12/1,11:15,1350,,,,588
2025/12/1,11:30,1350,,,,618
2025/12/1,11:45,1350,,,,651
2025/12/1,12:00,1350,,,,553
2025/12/1,12:15,1350,,,,424
2025/12/1,12:30,1350,,,,422
2025/12/1,12:45,1350,,,,452
2025/12/1,13:00,1350,,,,705
2025/12/1,13:15,1350,,,,727
2025/12/1,13:30,1350,,,,755
2025/12/1,13:45,1350,,,,777
2025/12/1,14:00,1350,,,,819
2025/12/1,14:15,1350,,779,,
2025/12/1,14:30,1350,,779,,
2025/12/1,14:45,1350,,810,,
2025/12/1,15:00,1350,,636,,
2025/12/1,15:15,1350,,673,,
2025/12/1,15:30,1350,,793,,
2025/12/1,15:45,1350,,820,,
2025/12/1,16:00,1350,,712,,
2025/12/1,16:15,1350,,736,,
2025/12/1,16:30,1350,,764,,
2025/12/1,16:45,1350,,558,,
2025/12/1,17:00,1350,,424,,
2025/12/1,17:15,1350,,270,,
2025/12/1,17:30,1350,,237,,
2025/12/1,17:45,1350,,350,,
2025/12/1,18:00,1350,,384,,
2025/12/1,18:15,1350,,371,,
2025/12/1,18:30,1350,,344,,
2025/12/1,18:45,1350,,322,,
2025/12/1,19:00,1350,,278,,
2025/12/1,19:15,1350,,216,,
2025/12/1,19:30,1350,,165,,
2025/12/1,19:45,1350,,125,,
2025/12/1,20:00,1350,,106,,
2025/12/1,20:15,1350,,109,,
2025/12/1,20:30,1350,,109,,
2025/12/1,20:45,1350,,107,,
2025/12/1,21:00,1350,,112,,
2025/12/1,21:15,1350,,112,,
2025/12/1,21:30,1350,,120,,
2025/12/1,21:45,1350,,106,,
2025/12/1,22:00,1350,,109,,
2025/12/1,22:15,1350,,104,,
2025/12/1,22:30,1350,,106,,
2025/12/1,22:45,1350,,109,,
2025/12/1,23:00,1350,,107,,
2025/12/1,23:15,1350,,123,,
2025/12/1,23:30,1350,,107,,
2025/12/1,23:45,1350,,106,,
2025/12/2,00:00,1350,,102,,
2025/12/2,00:15,1350,,,,106
2025/12/2,00:30,1350,,,,101
2025/12/2,00:45,1350,,,,110
2025/12/2,01:00,1350,,,,120
2025/12/2,01:15,1350,,,,102
2025/12/2,01:30,1350,,,,102
2025/12/2,01:45,1350,,,,98
2025/12/2,02:00,1350,,,,99
2025/12/2,02:15,1350,,,,96
2025/12/2,02:30,1350,,,,102
2025/12/2,02:45,1350,,,,114
2025/12/2,03:00,1350,,,,96
2025/12/2,03:15,1350,,,,98
2025/12/2,03:30,1350,,,,99
2025/12/2,03:45,1350,,,,83
2025/12/2,04:00,1350,,,,86
2025/12/2,04:15,1350,,,,93
2025/12/2,04:30,1350,,,,98
2025/12/2,04:45,1350,,,,88
2025/12/2,05:00,1350,,,,83
2025/12/2,05:15,1350,,,,88
2025/12/2,05:30,1350,,,,90
2025/12/2,05:45,1350,,,,82
2025/12/2,06:00,1350,,,,93
2025/12/2,06:15,1350,,101,,
2025/12/2,06:30,1350,,98,,
2025/12/2,06:45,1350,,110,,
2025/12/2,07:00,1350,,154,,
2025/12/2,07:15,1350,,162,,
2025/12/2,07:30,1350,,172,,
2025/12/2,07:45,1350,,182,,
2025/12/2,08:00,1350,,247,,
2025/12/2,08:15,1350,,668,,
2025/12/2,08:30,1350,,867,,
2025/12/2,08:45,1350,,899,,
2025/12/2,09:00,1350,,1027,,
2025/12/2,09:15,1350,,1049,,
2025/12/2,09:30,1350,,1093,,
2025/12/2,09:45,1350,,1116,,
2025/12/2,10:00,1350,,842,,
2025/12/2,10:15,1350,,969,,
2025/12/2,10:30,1350,,1132,,
2025/12/2,10:45,1350,,1124,,
2025/12/2,11:00,1350,,1108,,
2025/12/2,11:15,1350,,,,1028
2025/12/2,11:30,1350,,,,1083
2025/12/2,11:45,1350,,,,1128
2025/12/2,12:00,1350,,,,957
2025/12/2,12:15,1350,,,,697
2025/12/2,12:30,1350,,,,678
2025/12/2,12:45,1350,,,,677
2025/12/2,13:00,1350,,,,1040
2025/12/2,13:15,1350,,,,1006
2025/12/2,13:30,1350,,,,958
2025/12/2,13:45,1350,,,,981
2025/12/2,14:00,1350,,,,969
2025/12/2,14:15,1350,,957,,
2025/12/2,14:30,1350,,965,,
2025/12/2,14:45,1350,,958,,
2025/12/2,15:00,1350,,683,,
2025/12/2,15:15,1350,,781,,
2025/12/2,15:30,1350,,918,,
2025/12/2,15:45,1350,,875,,
2025/12/2,16:00,1350,,818,,
2025/12/2,16:15,1350,,736,,
2025/12/2,16:30,1350,,694,,
2025/12/2,16:45,1350,,594,,
2025/12/2,17:00,1350,,443,,
2025/12/2,17:15,1350,,343,,
2025/12/2,17:30,1350,,258,,
2025/12/2,17:45,1350,,341,,
2025/12/2,18:00,1350,,386,,
2025/12/2,18:15,1350,,443,,
2025/12/2,18:30,1350,,440,,
2025/12/2,18:45,1350,,387,,
2025/12/2,19:00,1350,,398,,
2025/12/2,19:15,1350,,357,,
2025/12/2,19:30,1350,,200,,
2025/12/2,19:45,1350,,142,,
2025/12/2,20:00,1350,,198,,
2025/12/2,20:15,1350,,168,,
2025/12/2,20:30,1350,,197,,
2025/12/2,20:45,1350,,149,,
2025/12/2,21:00,1350,,120,,
2025/12/2,21:15,1350,,117,,
2025/12/2,21:30,1350,,173,,
2025/12/2,21:45,1350,,226,,
2025/12/2,22:00,1350,,216,,
2025/12/2,22:15,1350,,226,,
2025/12/2,22:30,1350,,246,,
2025/12/2,22:45,1350,,251,,
2025/12/2,23:00,1350,,250,,
2025/12/2,23:15,1350,,272,,
2025/12/2,23:30,1350,,296,,
2025/12/2,23:45,1350,,315,,
2025/12/3,00:00,1350,,338,,
2025/12/3,00:15,1350,,,,370
2025/12/3,00:30,1350,,,,382
2025/12/3,00:45,1350,,,,395
2025/12/3,01:00,1350,,,,398
2025/12/3,01:15,1350,,,,402
2025/12/3,01:30,1350,,,,373
2025/12/3,01:45,1350,,,,358
2025/12/3,02:00,1350,,,,360
2025/12/3,02:15,1350,,,,338
2025/12/3,02:30,1350,,,,322
2025/12/3,02:45,1350,,,,296
2025/12/3,03:00,1350,,,,282
2025/12/3,03:15,1350,,,,232
2025/12/3,03:30,1350,,,,206
2025/12/3,03:45,1350,,,,165
2025/12/3,04:00,1350,,,,157
2025/12/3,04:15,1350,,,,152
2025/12/3,04:30,1350,,,,150
2025/12/3,04:45,1350,,,,162
2025/12/3,05:00,1350,,,,131
2025/12/3,05:15,1350,,,,110
2025/12/3,05:30,1350,,,,104
2025/12/3,05:45,1350,,,,106
2025/12/3,06:00,1350,,,,110
2025/12/3,06:15,1350,,104,,
2025/12/3,06:30,1350,,131,,
2025/12/3,06:45,1350,,181,,
2025/12/3,07:00,1350,,188,,
2025/12/3,07:15,1350,,214,,
2025/12/3,07:30,1350,,247,,
2025/12/3,07:45,1350,,253,,
2025/12/3,08:00,1350,,292,,
2025/12/3,08:15,1350,,303,,
2025/12/3,08:30,1350,,302,,
2025/12/3,08:45,1350,,524,,
2025/12/3,09:00,1350,,696,,
2025/12/3,09:15,1350,,702,,
2025/12/3,09:30,1350,,595,,
2025/12/3,09:45,1350,,599,,
2025/12/3,10:00,1350,,529,,
2025/12/3,10:15,1350,,591,,
2025/12/3,10:30,1350,,724,,
2025/12/3,10:45,1350,,683,,
2025/12/3,11:00,1350,,748,,
2025/12/3,11:15,1350,,,,809
2025/12/3,11:30,1350,,,,942
2025/12/3,11:45,1350,,,,1001
2025/12/3,12:00,1350,,,,801
2025/12/3,12:15,1350,,,,657
2025/12/3,12:30,1350,,,,661
2025/12/3,12:45,1350,,,,692
2025/12/3,13:00,1350,,,,847
2025/12/3,13:15,1350,,,,937
2025/12/3,13:30,1350,,,,919
2025/12/3,13:45,1350,,,,930
2025/12/3,14:00,1350,,,,898
2025/12/3,14:15,1350,,864,,
2025/12/3,14:30,1350,,915,,
2025/12/3,14:45,1350,,834,,
2025/12/3,15:00,1350,,728,,
2025/12/3,15:15,1350,,873,,
2025/12/3,15:30,1350,,876,,
2025/12/3,15:45,1350,,742,,
2025/12/3,16:00,1350,,683,,
2025/12/3,16:15,1350,,653,,
2025/12/3,16:30,1350,,635,,
2025/12/3,16:45,1350,,529,,
2025/12/3,17:00,1350,,417,,
2025/12/3,17:15,1350,,316,,
2025/12/3,17:30,1350,,293,,
2025/12/3,17:45,1350,,347,,
2025/12/3,18:00,1350,,354,,
2025/12/3,18:15,1350,,318,,
2025/12/3,18:30,1350,,318,,
2025/12/3,18:45,1350,,307,,
2025/12/3,19:00,1350,,302,,
2025/12/3,19:15,1350,,310,,
2025/12/3,19:30,1350,,230,,
2025/12/3,19:45,1350,,163,,
2025/12/3,20:00,1350,,162,,
2025/12/3,20:15,1350,,165,,
2025/12/3,20:30,1350,,157,,
2025/12/3,20:45,1350,,155,,
2025/12/3,21:00,1350,,134,,
2025/12/3,21:15,1350,,130,,
2025/12/3,21:30,1350,,149,,
2025/12/3,21:45,1350,,198,,
2025/12/3,22:00,1350,,205,,
2025/12/3,22:15,1350,,219,,
2025/12/3,22:30,1350,,238,,
2025/12/3,22:45,1350,,227,,
2025/12/3,23:00,1350,,230,,
2025/12/3,23:15,1350,,237,,
2025/12/3,23:30,1350,,243,,
2025/12/3,23:45,1350,,245,,
2025/12/4,00:00,1350,,250,,
2025/12/4,00:15,1350,,,,258
2025/12/4,00:30,1350,,,,240
2025/12/4,00:45,1350,,,,242
2025/12/4,01:00,1350,,,,237
2025/12/4,01:15,1350,,,,229
2025/12/4,01:30,1350,,,,229
2025/12/4,01:45,1350,,,,226
2025/12/4,02:00,1350,,,,226
2025/12/4,02:15,1350,,,,208
2025/12/4,02:30,1350,,,,200
2025/12/4,02:45,1350,,,,198
2025/12/4,03:00,1350,,,,192
2025/12/4,03:15,1350,,,,186
2025/12/4,03:30,1350,,,,190
2025/12/4,03:45,1350,,,,176
2025/12/4,04:00,1350,,,,165
2025/12/4,04:15,1350,,,,165
2025/12/4,04:30,1350,,,,160
2025/12/4,04:45,1350,,,,165
2025/12/4,05:00,1350,,,,165
2025/12/4,05:15,1350,,,,173
2025/12/4,05:30,1350,,,,144
2025/12/4,05:45,1350,,,,110
2025/12/4,06:00,1350,,,,106
2025/12/4,06:15,1350,,107,,
2025/12/4,06:30,1350,,122,,
2025/12/4,06:45,1350,,195,,
2025/12/4,07:00,1350,,206,,
2025/12/4,07:15,1350,,189,,
2025/12/4,07:30,1350,,226,,
2025/12/4,07:45,1350,,236,,
2025/12/4,08:00,1350,,283,,
2025/12/4,08:15,1350,,610,,
2025/12/4,08:30,1350,,816,,
2025/12/4,08:45,1350,,728,,
2025/12/4,09:00,1350,,630,,
2025/12/4,09:15,1350,,603,,
2025/12/4,09:30,1350,,613,,
2025/12/4,09:45,1350,,642,,
2025/12/4,10:00,1350,,607,,
2025/12/4,10:15,1350,,655,,
2025/12/4,10:30,1350,,675,,
2025/12/4,10:45,1350,,967,,
2025/12/4,11:00,1350,,1110,,
2025/12/4,11:15,1350,,,,1117
2025/12/4,11:30,1350,,,,1155
2025/12/4,11:45,1350,,,,1099
2025/12/4,12:00,1350,,,,910
2025/12/4,12:15,1350,,,,598
2025/12/4,12:30,1350,,,,582
2025/12/4,12:45,1350,,,,644
2025/12/4,13:00,1350,,,,1021
2025/12/4,13:15,1350,,,,988
2025/12/4,13:30,1350,,,,894
2025/12/4,13:45,1350,,,,829
2025/12/4,14:00,1350,,,,687
2025/12/4,14:15,1350,,638,,
2025/12/4,14:30,1350,,616,,
2025/12/4,14:45,1350,,577,,
2025/12/4,15:00,1350,,427,,
2025/12/4,15:15,1350,,512,,
2025/12/4,15:30,1350,,555,,
2025/12/4,15:45,1350,,548,,
2025/12/4,16:00,1350,,563,,
2025/12/4,16:15,1350,,519,,
2025/12/4,16:30,1350,,511,,
2025/12/4,16:45,1350,,327,,
2025/12/4,17:00,1350,,305,,
2025/12/4,17:15,1350,,214,,
2025/12/4,17:30,1350,,202,,
2025/12/4,17:45,1350,,253,,
2025/12/4,18:00,1350,,333,,
2025/12/4,18:15,1350,,275,,
2025/12/4,18:30,1350,,333,,
2025/12/4,18:45,1350,,309,,
2025/12/4,19:00,1350,,262,,
2025/12/4,19:15,1350,,235,,
2025/12/4,19:30,1350,,158,,
2025/12/4,19:45,1350,,99,,
2025/12/4,20:00,1350,,112,,
2025/12/4,20:15,1350,,118,,
2025/12/4,20:30,1350,,123,,
2025/12/4,20:45,1350,,115,,
2025/12/4,21:00,1350,,110,,
2025/12/4,21:15,1350,,107,,
2025/12/4,21:30,1350,,109,,
2025/12/4,21:45,1350,,160,,
2025/12/4,22:00,1350,,197,,
2025/12/4,22:15,1350,,208,,
2025/12/4,22:30,1350,,206,,
2025/12/4,22:45,1350,,202,,
2025/12/4,23:00,1350,,216,,
2025/12/4,23:15,1350,,224,,
2025/12/4,23:30,1350,,229,,
2025/12/4,23:45,1350,,230,,
2025/12/5,00:00,1350,,248,,
2025/12/5,00:15,1350,,,,232
2025/12/5,00:30,1350,,,,227
2025/12/5,00:45,1350,,,,229
2025/12/5,01:00,1350,,,,224
2025/12/5,01:15,1350,,,,226
2025/12/5,01:30,1350,,,,232
2025/12/5,01:45,1350,,,,232
2025/12/5,02:00,1350,,,,214
2025/12/5,02:15,1350,,,,211
2025/12/5,02:30,1350,,,,203
2025/12/5,02:45,1350,,,,189
2025/12/5,03:00,1350,,,,186
2025/12/5,03:15,1350,,,,171
2025/12/5,03:30,1350,,,,168
2025/12/5,03:45,1350,,,,110
2025/12/5,04:00,1350,,,,99
2025/12/5,04:15,1350,,,,101
2025/12/5,04:30,1350,,,,94
2025/12/5,04:45,1350,,,,101
2025/12/5,05:00,1350,,,,94
2025/12/5,05:15,1350,,,,110
2025/12/5,05:30,1350,,,,104
2025/12/5,05:45,1350,,,,93
2025/12/5,06:00,1350,,,,80
2025/12/5,06:15,1350,,77,,
2025/12/5,06:30,1350,,101,,
2025/12/5,06:45,1350,,97,,
2025/12/5,07:00,1350,,112,,
2025/12/5,07:15,1350,,99,,
2025/12/5,07:30,1350,,92,,
2025/12/5,07:45,1350,,106,,
2025/12/5,08:00,1350,,158,,
2025/12/5,08:15,1350,,253,,
2025/12/5,08:30,1350,,334,,
2025/12/5,08:45,1350,,354,,
2025/12/5,09:00,1350,,337,,
2025/12/5,09:15,1350,,348,,
2025/12/5,09:30,1350,,334,,
2025/12/5,09:45,1350,,395,,
2025/12/5,10:00,1350,,299,,
2025/12/5,10:15,1350,,363,,
2025/12/5,10:30,1350,,367,,
2025/12/5,10:45,1350,,416,,
2025/12/5,11:00,1350,,293,,
2025/12/5,11:15,1350,,,,324
2025/12/5,11:30,1350,,,,322
2025/12/5,11:45,1350,,,,401
2025/12/5,12:00,1350,,,,278
2025/12/5,12:15,1350,,,,244
2025/12/5,12:30,1350,,,,250
2025/12/5,12:45,1350,,,,234
2025/12/5,13:00,1350,,,,390
2025/12/5,13:15,1350,,,,462
2025/12/5,13:30,1350,,,,436
2025/12/5,13:45,1350,,,,449
2025/12/5,14:00,1350,,,,403
2025/12/5,14:15,1350,,363,,
2025/12/5,14:30,1350,,401,,
2025/12/5,14:45,1350,,376,,
2025/12/5,15:00,1350,,335,,
2025/12/5,15:15,1350,,305,,
2025/12/5,15:30,1350,,332,,
2025/12/5,15:45,1350,,302,,
2025/12/5,16:00,1350,,322,,
2025/12/5,16:15,1350,,324,,
2025/12/5,16:30,1350,,332,,
2025/12/5,16:45,1350,,316,,
2025/12/5,17:00,1350,,221,,
2025/12/5,17:15,1350,,179,,
2025/12/5,17:30,1350,,147,,
2025/12/5,17:45,1350,,158,,
2025/12/5,18:00,1350,,213,,
2025/12/5,18:15,1350,,192,,
2025/12/5,18:30,1350,,235,,
2025/12/5,18:45,1350,,210,,
2025/12/5,19:00,1350,,237,,
2025/12/5,19:15,1350,,195,,
2025/12/5,19:30,1350,,112,,
2025/12/5,19:45,1350,,93,,
2025/12/5,20:00,1350,,109,,
2025/12/5,20:15,1350,,98,,
2025/12/5,20:30,1350,,91,,
2025/12/5,20:45,1350,,90,,
2025/12/5,21:00,1350,,94,,
2025/12/5,21:15,1350,,86,,
2025/12/5,21:30,1350,,93,,
2025/12/5,21:45,1350,,107,,
2025/12/5,22:00,1350,,90,,
2025/12/5,22:15,1350,,94,,
2025/12/5,22:30,1350,,88,,
2025/12/5,22:45,1350,,93,,
2025/12/5,23:00,1350,,93,,
2025/12/5,23:15,1350,,94,,
2025/12/5,23:30,1350,,114,,
2025/12/5,23:45,1350,,93,,
2025/12/6,00:00,1350,,94,,
2025/12/6,00:15,1350,,,,90
2025/12/6,00:30,1350,,,,94
2025/12/6,00:45,1350,,,,94
2025/12/6,01:00,1350,,,,88
2025/12/6,01:15,1350,,,,110
2025/12/6,01:30,1350,,,,90
2025/12/6,01:45,1350,,,,94
2025/12/6,02:00,1350,,,,88
2025/12/6,02:15,1350,,,,91
2025/12/6,02:30,1350,,,,90
2025/12/6,02:45,1350,,,,88
2025/12/6,03:00,1350,,,,104
2025/12/6,03:15,1350,,,,83
2025/12/6,03:30,1350,,,,91
2025/12/6,03:45,1350,,,,83
2025/12/6,04:00,1350,,,,77
2025/12/6,04:15,1350,,,,75
2025/12/6,04:30,1350,,,,75
2025/12/6,04:45,1350,,,,93
2025/12/6,05:00,1350,,,,74
2025/12/6,05:15,1350,,,,82
2025/12/6,05:30,1350,,,,74
2025/12/6,05:45,1350,,,,72
2025/12/6,06:00,1350,,,,59
2025/12/6,06:15,1350,,,62,
2025/12/6,06:30,1350,,,78,
2025/12/6,06:45,1350,,,58,
2025/12/6,07:00,1350,,,67,
2025/12/6,07:15,1350,,,63,
2025/12/6,07:30,1350,,,74,
2025/12/6,07:45,1350,,,70,
2025/12/6,08:00,1350,,,107,
2025/12/6,08:15,1350,,,115,
2025/12/6,08:30,1350,,,113,
2025/12/6,08:45,1350,,,155,
2025/12/6,09:00,1350,,,187,
2025/12/6,09:15,1350,,,155,
2025/12/6,09:30,1350,,,171,
2025/12/6,09:45,1350,,,159,
2025/12/6,10:00,1350,,,155,
2025/12/6,10:15,1350,,,155,
2025/12/6,10:30,1350,,,208,
2025/12/6,10:45,1350,,,189,
2025/12/6,11:00,1350,,,205,
2025/12/6,11:15,1350,,,,180
2025/12/6,11:30,1350,,,,173
2025/12/6,11:45,1350,,,,201
2025/12/6,12:00,1350,,,,162
2025/12/6,12:15,1350,,,,132
2025/12/6,12:30,1350,,,,108
2025/12/6,12:45,1350,,,,120
2025/12/6,13:00,1350,,,,207
2025/12/6,13:15,1350,,,,183
2025/12/6,13:30,1350,,,,210
2025/12/6,13:45,1350,,,,165
2025/12/6,14:00,1350,,,,166
2025/12/6,14:15,1350,,,192,
2025/12/6,14:30,1350,,,188,
2025/12/6,14:45,1350,,,190,
2025/12/6,15:00,1350,,,146,
2025/12/6,15:15,1350,,,197,
2025/12/6,15:30,1350,,,189,
2025/12/6,15:45,1350,,,165,
2025/12/6,16:00,1350,,,188,
2025/12/6,16:15,1350,,,178,
2025/12/6,16:30,1350,,,187,
2025/12/6,16:45,1350,,,101,
2025/12/6,17:00,1350,,,81,
2025/12/6,17:15,1350,,,78,
2025/12/6,17:30,1350,,,77,
2025/12/6,17:45,1350,,,78,
2025/12/6,18:00,1350,,,91,
2025/12/6,18:15,1350,,,78,
2025/12/6,18:30,1350,,,72,
2025/12/6,18:45,1350,,,75,
2025/12/6,19:00,1350,,,69,
2025/12/6,19:15,1350,,,62,
2025/12/6,19:30,1350,,,56,
2025/12/6,19:45,1350,,,77,
2025/12/6,20:00,1350,,,56,
2025/12/6,20:15,1350,,,61,
2025/12/6,20:30,1350,,,58,
2025/12/6,20:45,1350,,,56,
2025/12/6,21:00,1350,,,53,
2025/12/6,21:15,1350,,,58,
2025/12/6,21:30,1350,,,75,
2025/12/6,21:45,1350,,,54,
2025/12/6,22:00,1350,,,54,
2025/12/6,22:15,1350,,,58,
2025/12/6,22:30,1350,,,58,
2025/12/6,22:45,1350,,,54,
2025/12/6,23:00,1350,,,53,
2025/12/6,23:15,1350,,,74,
2025/12/6,23:30,1350,,,59,
2025/12/6,23:45,1350,,,56,
2025/12/7,00:00,1350,,,53,
2025/12/7,00:15,1350,,,,59
2025/12/7,00:30,1350,,,,54
2025/12/7,00:45,1350,,,,53
2025/12/7,01:00,1350,,,,66
2025/12/7,01:15,1350,,,,66
2025/12/7,01:30,1350,,,,54
2025/12/7,01:45,1350,,,,51
2025/12/7,02:00,1350,,,,58
2025/12/7,02:15,1350,,,,58
2025/12/7,02:30,1350,,,,58
2025/12/7,02:45,1350,,,,62
2025/12/7,03:00,1350,,,,67
2025/12/7,03:15,1350,,,,54
2025/12/7,03:30,1350,,,,54
2025/12/7,03:45,1350,,,,54
2025/12/7,04:00,1350,,,,58
2025/12/7,04:15,1350,,,,56
2025/12/7,04:30,1350,,,,58
2025/12/7,04:45,1350,,,,70
2025/12/7,05:00,1350,,,,58
2025/12/7,05:15,1350,,,,59
2025/12/7,05:30,1350,,,,53
2025/12/7,05:45,1350,,,,59
2025/12/7,06:00,1350,,,,53
2025/12/7,06:15,1350,,,,61
2025/12/7,06:30,1350,,,,69
2025/12/7,06:45,1350,,,,60
2025/12/7,07:00,1350,,,,56
2025/12/7,07:15,1350,,,,55
2025/12/7,07:30,1350,,,,58
2025/12/7,07:45,1350,,,,54
2025/12/7,08:00,1350,,,,55
2025/12/7,08:15,1350,,,,71
2025/12/7,08:30,1350,,,,65
2025/12/7,08:45,1350,,,,60
2025/12/7,09:00,1350,,,,61
2025/12/7,09:15,1350,,,,60
2025/12/7,09:30,1350,,,,65
2025/12/7,09:45,1350,,,,61
2025/12/7,10:00,1350,,,,76
2025/12/7,10:15,1350,,,,64
2025/12/7,10:30,1350,,,,66
2025/12/7,10:45,1350,,,,60
2025/12/7,11:00,1350,,,,66
2025/12/7,11:15,1350,,,,62
2025/12/7,11:30,1350,,,,68
2025/12/7,11:45,1350,,,,83
2025/12/7,12:00,1350,,,,64
2025/12/7,12:15,1350,,,,64
2025/12/7,12:30,1350,,,,67
2025/12/7,12:45,1350,,,,58
2025/12/7,13:00,1350,,,,60
2025/12/7,13:15,1350,,,,86
2025/12/7,13:30,1350,,,,68
2025/12/7,13:45,1350,,,,61
2025/12/7,14:00,1350,,,,69
2025/12/7,14:15,1350,,,,66
2025/12/7,14:30,1350,,,,61
2025/12/7,14:45,1350,,,,70
2025/12/7,15:00,1350,,,,78
2025/12/7,15:15,1350,,,,66
2025/12/7,15:30,1350,,,,68
2025/12/7,15:45,1350,,,,61
2025/12/7,16:00,1350,,,,57
2025/12/7,16:15,1350,,,,67
2025/12/7,16:30,1350,,,,63
2025/12/7,16:45,1350,,,,78
2025/12/7,17:00,1350,,,,64
2025/12/7,17:15,1350,,,,60
2025/12/7,17:30,1350,,,,59
2025/12/7,17:45,1350,,,,62
2025/12/7,18:00,1350,,,,54
2025/12/7,18:15,1350,,,,66
2025/12/7,18:30,1350,,,,74
2025/12/7,18:45,1350,,,,56
2025/12/7,19:00,1350,,,,59
2025/12/7,19:15,1350,,,,51
2025/12/7,19:30,1350,,,,59
2025/12/7,19:45,1350,,,,54
2025/12/7,20:00,1350,,,,58
2025/12/7,20:15,1350,,,,80
2025/12/7,20:30,1350,,,,51
2025/12/7,20:45,1350,,,,59
2025/12/7,21:00,1350,,,,53
2025/12/7,21:15,1350,,,,58
2025/12/7,21:30,1350,,,,54
2025/12/7,21:45,1350,,,,54
2025/12/7,22:00,1350,,,,77
2025/12/7,22:15,1350,,,,56
2025/12/7,22:30,1350,,,,56
2025/12/7,22:45,1350,,,,58
2025/12/7,23:00,1350,,,,58
2025/12/7,23:15,1350,,,,58
2025/12/7,23:30,1350,,,,58
2025/12/7,23:45,1350,,,,72
2025/12/8,00:00,1350,,,,58
2025/12/8,00:15,1350,,,,53
2025/12/8,00:30,1350,,,,58
2025/12/8,00:45,1350,,,,54
2025/12/8,01:00,1350,,,,53
2025/12/8,01:15,1350,,,,58
2025/12/8,01:30,1350,,,,67
2025/12/8,01:45,1350,,,,62
2025/12/8,02:00,1350,,,,51
2025/12/8,02:15,1350,,,,61
2025/12/8,02:30,1350,,,,58
2025/12/8,02:45,1350,,,,56
2025/12/8,03:00,1350,,,,53
2025/12/8,03:15,1350,,,,67
2025/12/8,03:30,1350,,,,64
2025/12/8,03:45,1350,,,,54
2025/12/8,04:00,1350,,,,53
2025/12/8,04:15,1350,,,,59
2025/12/8,04:30,1350,,,,54
2025/12/8,04:45,1350,,,,54
2025/12/8,05:00,1350,,,,62
2025/12/8,05:15,1350,,,,74
2025/12/8,05:30,1350,,,,54
2025/12/8,05:45,1350,,,,56
2025/12/8,06:00,1350,,,,54
2025/12/8,06:15,1350,,53,,
2025/12/8,06:30,1350,,62,,
2025/12/8,06:45,1350,,64,,
2025/12/8,07:00,1350,,75,,
2025/12/8,07:15,1350,,116,,
2025/12/8,07:30,1350,,163,,
2025/12/8,07:45,1350,,183,,
2025/12/8,08:00,1350,,249,,
2025/12/8,08:15,1350,,489,,
2025/12/8,08:30,1350,,754,,
2025/12/8,08:45,1350,,838,,
2025/12/8,09:00,1350,,753,,
2025/12/8,09:15,1350,,724,,
2025/12/8,09:30,1350,,698,,
2025/12/8,09:45,1350,,704,,
2025/12/8,10:00,1350,,614,,
2025/12/8,10:15,1350,,673,,
2025/12/8,10:30,1350,,665,,
2025/12/8,10:45,1350,,756,,
2025/12/8,11:00,1350,,765,,
2025/12/8,11:15,1350,,,,801
2025/12/8,11:30,1350,,,,845
2025/12/8,11:45,1350,,,,873
2025/12/8,12:00,1350,,,,706
2025/12/8,12:15,1350,,,,493
2025/12/8,12:30,1350,,,,477
2025/12/8,12:45,1350,,,,528
2025/12/8,13:00,1350,,,,978
2025/12/8,13:15,1350,,,,1022
2025/12/8,13:30,1350,,,,989
2025/12/8,13:45,1350,,,,907
2025/12/8,14:00,1350,,,,780
2025/12/8,14:15,1350,,709,,
2025/12/8,14:30,1350,,668,,
2025/12/8,14:45,1350,,699,,
2025/12/8,15:00,1350,,482,,
2025/12/8,15:15,1350,,645,,
2025/12/8,15:30,1350,,818,,
2025/12/8,15:45,1350,,775,,
2025/12/8,16:00,1350,,751,,
2025/12/8,16:15,1350,,561,,
2025/12/8,16:30,1350,,526,,
2025/12/8,16:45,1350,,397,,
2025/12/8,17:00,1350,,299,,
2025/12/8,17:15,1350,,231,,
2025/12/8,17:30,1350,,223,,
2025/12/8,17:45,1350,,325,,
2025/12/8,18:00,1350,,357,,
2025/12/8,18:15,1350,,397,,
2025/12/8,18:30,1350,,362,,
2025/12/8,18:45,1350,,339,,
2025/12/8,19:00,1350,,325,,
2025/12/8,19:15,1350,,232,,
2025/12/8,19:30,1350,,155,,
2025/12/8,19:45,1350,,117,,
2025/12/8,20:00,1350,,114,,
2025/12/8,20:15,1350,,115,,
2025/12/8,20:30,1350,,115,,
2025/12/8,20:45,1350,,118,,
2025/12/8,21:00,1350,,122,,
2025/12/8,21:15,1350,,126,,
2025/12/8,21:30,1350,,163,,
2025/12/8,21:45,1350,,208,,
2025/12/8,22:00,1350,,227,,
2025/12/8,22:15,1350,,240,,
2025/12/8,22:30,1350,,250,,
2025/12/8,22:45,1350,,266,,
2025/12/8,23:00,1350,,262,,
2025/12/8,23:15,1350,,261,,
2025/12/8,23:30,1350,,261,,
2025/12/8,23:45,1350,,266,,
2025/12/9,00:00,1350,,266,,
2025/12/9,00:15,1350,,,,270
2025/12/9,00:30,1350,,,,262
2025/12/9,00:45,1350,,,,254
2025/12/9,01:00,1350,,,,254
2025/12/9,01:15,1350,,,,254
2025/12/9,01:30,1350,,,,240
2025/12/9,01:45,1350,,,,238
2025/12/9,02:00,1350,,,,237
2025/12/9,02:15,1350,,,,216
2025/12/9,02:30,1350,,,,211
2025/12/9,02:45,1350,,,,198
2025/12/9,03:00,1350,,,,190
2025/12/9,03:15,1350,,,,189
2025/12/9,03:30,1350,,,,179
2025/12/9,03:45,1350,,,,181
2025/12/9,04:00,1350,,,,171
2025/12/9,04:15,1350,,,,171
2025/12/9,04:30,1350,,,,170
2025/12/9,04:45,1350,,,,160
2025/12/9,05:00,1350,,,,163
2025/12/9,05:15,1350,,,,171
2025/12/9,05:30,1350,,,,173
2025/12/9,05:45,1350,,,,133
2025/12/9,06:00,1350,,,,102
2025/12/9,06:15,1350,,99,,
2025/12/9,06:30,1350,,128,,
2025/12/9,06:45,1350,,162,,
2025/12/9,07:00,1350,,181,,
2025/12/9,07:15,1350,,196,,
2025/12/9,07:30,1350,,215,,
2025/12/9,07:45,1350,,227,,
2025/12/9,08:00,1350,,278,,
2025/12/9,08:15,1350,,556,,
2025/12/9,08:30,1350,,707,,
2025/12/9,08:45,1350,,709,,
2025/12/9,09:00,1350,,801,,
2025/12/9,09:15,1350,,890,,
2025/12/9,09:30,1350,,912,,
2025/12/9,09:45,1350,,1042,,
2025/12/9,10:00,1350,,790,,
2025/12/9,10:15,1350,,979,,
2025/12/9,10:30,1350,,1076,,
2025/12/9,10:45,1350,,1051,,
2025/12/9,11:00,1350,,1124,,
2025/12/9,11:15,1350,,,,1111
2025/12/9,11:30,1350,,,,1011
2025/12/9,11:45,1350,,,,967
2025/12/9,12:00,1350,,,,795
2025/12/9,12:15,1350,,,,576
2025/12/9,12:30,1350,,,,564
2025/12/9,12:45,1350,,,,602
2025/12/9,13:00,1350,,,,898
2025/12/9,13:15,1350,,,,951
2025/12/9,13:30,1350,,,,936
2025/12/9,13:45,1350,,,,914
2025/12/9,14:00,1350,,,,888
2025/12/9,14:15,1350,,962,,
2025/12/9,14:30,1350,,906,,
2025/12/9,14:45,1350,,814,,
2025/12/9,15:00,1350,,632,,
2025/12/9,15:15,1350,,722,,
2025/12/9,15:30,1350,,776,,
2025/12/9,15:45,1350,,822,,
2025/12/9,16:00,1350,,742,,
2025/12/9,16:15,1350,,708,,
2025/12/9,16:30,1350,,639,,
2025/12/9,16:45,1350,,453,,
2025/12/9,17:00,1350,,295,,
2025/12/9,17:15,1350,,228,,
2025/12/9,17:30,1350,,211,,
2025/12/9,17:45,1350,,283,,
2025/12/9,18:00,1350,,285,,
2025/12/9,18:15,1350,,262,,
2025/12/9,18:30,1350,,293,,
2025/12/9,18:45,1350,,275,,
2025/12/9,19:00,1350,,275,,
2025/12/9,19:15,1350,,317,,
2025/12/9,19:30,1350,,142,,
2025/12/9,19:45,1350,,112,,
2025/12/9,20:00,1350,,114,,
2025/12/9,20:15,1350,,112,,
2025/12/9,20:30,1350,,114,,
2025/12/9,20:45,1350,,138,,
2025/12/9,21:00,1350,,195,,
2025/12/9,21:15,1350,,251,,
2025/12/9,21:30,1350,,259,,
2025/12/9,21:45,1350,,259,,
2025/12/9,22:00,1350,,266,,
2025/12/9,22:15,1350,,299,,
2025/12/9,22:30,1350,,274,,
2025/12/9,22:45,1350,,293,,
2025/12/9,23:00,1350,,342,,
2025/12/9,23:15,1350,,374,,
2025/12/9,23:30,1350,,400,,
2025/12/9,23:45,1350,,379,,
2025/12/10,00:00,1350,,363,,
2025/12/10,00:15,1350,,,,374
2025/12/10,00:30,1350,,,,363
2025/12/10,00:45,1350,,,,338
2025/12/10,01:00,1350,,,,323
2025/12/10,01:15,1350,,,,296
2025/12/10,01:30,1350,,,,261
2025/12/10,01:45,1350,,,,232
2025/12/10,02:00,1350,,,,218
2025/12/10,02:15,1350,,,,197
2025/12/10,02:30,1350,,,,195
2025/12/10,02:45,1350,,,,189
2025/12/10,03:00,1350,,,,184
2025/12/10,03:15,1350,,,,176
2025/12/10,03:30,1350,,,,173
2025/12/10,03:45,1350,,,,184
2025/12/10,04:00,1350,,,,166
2025/12/10,04:15,1350,,,,166
2025/12/10,04:30,1350,,,,165
2025/12/10,04:45,1350,,,,154
2025/12/10,05:00,1350,,,,154
2025/12/10,05:15,1350,,,,160
2025/12/10,05:30,1350,,,,171
2025/12/10,05:45,1350,,,,154
2025/12/10,06:00,1350,,,,150
2025/12/10,06:15,1350,,139,,
2025/12/10,06:30,1350,,166,,
2025/12/10,06:45,1350,,169,,
2025/12/10,07:00,1350,,182,,
2025/12/10,07:15,1350,,215,,
2025/12/10,07:30,1350,,231,,
2025/12/10,07:45,1350,,235,,
2025/12/10,08:00,1350,,287,,
2025/12/10,08:15,1350,,536,,
2025/12/10,08:30,1350,,733,,
2025/12/10,08:45,1350,,758,,
2025/12/10,09:00,1350,,729,,
2025/12/10,09:15,1350,,746,,
2025/12/10,09:30,1350,,677,,
2025/12/10,09:45,1350,,659,,
2025/12/10,10:00,1350,,549,,
2025/12/10,10:15,1350,,624,,
2025/12/10,10:30,1350,,673,,
2025/12/10,10:45,1350,,680,,
2025/12/10,11:00,1350,,678,,
2025/12/10,11:15,1350,,,,663
2025/12/10,11:30,1350,,,,727
2025/12/10,11:45,1350,,,,754
2025/12/10,12:00,1350,,,,701
2025/12/10,12:15,1350,,,,605
2025/12/10,12:30,1350,,,,527
2025/12/10,12:45,1350,,,,530
2025/12/10,13:00,1350,,,,716
2025/12/10,13:15,1350,,,,774
2025/12/10,13:30,1350,,,,704
2025/12/10,13:45,1350,,,,653
2025/12/10,14:00,1350,,,,679
2025/12/10,14:15,1350,,740,,
2025/12/10,14:30,1350,,767,,
2025/12/10,14:45,1350,,719,,
2025/12/10,15:00,1350,,547,,
2025/12/10,15:15,1350,,560,,
2025/12/10,15:30,1350,,556,,
2025/12/10,15:45,1350,,548,,
2025/12/10,16:00,1350,,503,,
2025/12/10,16:15,1350,,447,,
2025/12/10,16:30,1350,,497,,
2025/12/10,16:45,1350,,433,,
2025/12/10,17:00,1350,,335,,
2025/12/10,17:15,1350,,242,,
2025/12/10,17:30,1350,,226,,
2025/12/10,17:45,1350,,242,,
2025/12/10,18:00,1350,,285,,
2025/12/10,18:15,1350,,296,,
2025/12/10,18:30,1350,,278,,
2025/12/10,18:45,1350,,320,,
2025/12/10,19:00,1350,,318,,
2025/12/10,19:15,1350,,288,,
2025/12/10,19:30,1350,,142,,
2025/12/10,19:45,1350,,112,,
2025/12/10,20:00,1350,,117,,
2025/12/10,20:15,1350,,114,,
2025/12/10,20:30,1350,,107,,
2025/12/10,20:45,1350,,112,,
2025/12/10,21:00,1350,,123,,
2025/12/10,21:15,1350,,131,,
2025/12/10,21:30,1350,,142,,
2025/12/10,21:45,1350,,187,,
2025/12/10,22:00,1350,,208,,
2025/12/10,22:15,1350,,216,,
2025/12/10,22:30,1350,,235,,
2025/12/10,22:45,1350,,235,,
2025/12/10,23:00,1350,,237,,
2025/12/10,23:15,1350,,242,,
2025/12/10,23:30,1350,,240,,
2025/12/10,23:45,1350,,237,,
2025/12/11,00:00,1350,,243,,
2025/12/11,00:15,1350,,,,253
2025/12/11,00:30,1350,,,,246
2025/12/11,00:45,1350,,,,240
2025/12/11,01:00,1350,,,,246
2025/12/11,01:15,1350,,,,237
2025/12/11,01:30,1350,,,,245
2025/12/11,01:45,1350,,,,250
2025/12/11,02:00,1350,,,,254
2025/12/11,02:15,1350,,,,246
2025/12/11,02:30,1350,,,,240
2025/12/11,02:45,1350,,,,224
2025/12/11,03:00,1350,,,,206
2025/12/11,03:15,1350,,,,200
2025/12/11,03:30,1350,,,,192
2025/12/11,03:45,1350,,,,198
2025/12/11,04:00,1350,,,,203
2025/12/11,04:15,1350,,,,190
2025/12/11,04:30,1350,,,,182
2025/12/11,04:45,1350,,,,168
2025/12/11,05:00,1350,,,,170
2025/12/11,05:15,1350,,,,174
2025/12/11,05:30,1350,,,,176
2025/12/11,05:45,1350,,,,165
2025/12/11,06:00,1350,,,,152
2025/12/11,06:15,1350,,162,,
2025/12/11,06:30,1350,,157,,
2025/12/11,06:45,1350,,162,,
2025/12/11,07:00,1350,,171,,
2025/12/11,07:15,1350,,198,,
2025/12/11,07:30,1350,,214,,
2025/12/11,07:45,1350,,232,,
2025/12/11,08:00,1350,,310,,
2025/12/11,08:15,1350,,642,,
2025/12/11,08:30,1350,,762,,
2025/12/11,08:45,1350,,828,,
2025/12/11,09:00,1350,,908,,
2025/12/11,09:15,1350,,923,,
2025/12/11,09:30,1350,,909,,
2025/12/11,09:45,1350,,992,,
2025/12/11,10:00,1350,,743,,
2025/12/11,10:15,1350,,922,,
2025/12/11,10:30,1350,,1066,,
2025/12/11,10:45,1350,,1069,,
2025/12/11,11:00,1350,,1032,,
2025/12/11,11:15,1350,,,,950
2025/12/11,11:30,1350,,,,939
2025/12/11,11:45,1350,,,,923
2025/12/11,12:00,1350,,,,736
2025/12/11,12:15,1350,,,,555
2025/12/11,12:30,1350,,,,533
2025/12/11,12:45,1350,,,,546
2025/12/11,13:00,1350,,,,897
2025/12/11,13:15,1350,,,,935
2025/12/11,13:30,1350,,,,959
2025/12/11,13:45,1350,,,,940
2025/12/11,14:00,1350,,,,984
2025/12/11,14:15,1350,,939,,
2025/12/11,14:30,1350,,904,,
2025/12/11,14:45,1350,,867,,
2025/12/11,15:00,1350,,671,,
2025/12/11,15:15,1350,,780,,
2025/12/11,15:30,1350,,808,,
2025/12/11,15:45,1350,,769,,
2025/12/11,16:00,1350,,736,,
2025/12/11,16:15,1350,,668,,
2025/12/11,16:30,1350,,659,,
2025/12/11,16:45,1350,,419,,
2025/12/11,17:00,1350,,288,,
2025/12/11,17:15,1350,,242,,
2025/12/11,17:30,1350,,240,,
2025/12/11,17:45,1350,,250,,
2025/12/11,18:00,1350,,230,,
2025/12/11,18:15,1350,,253,,
2025/12/11,18:30,1350,,229,,
2025/12/11,18:45,1350,,224,,
2025/12/11,19:00,1350,,210,,
2025/12/11,19:15,1350,,202,,
2025/12/11,19:30,1350,,152,,
2025/12/11,19:45,1350,,123,,
2025/12/11,20:00,1350,,134,,
2025/12/11,20:15,1350,,117,,
2025/12/11,20:30,1350,,117,,
2025/12/11,20:45,1350,,110,,
2025/12/11,21:00,1350,,112,,
2025/12/11,21:15,1350,,112,,
2025/12/11,21:30,1350,,112,,
2025/12/11,21:45,1350,,138,,
2025/12/11,22:00,1350,,187,,
2025/12/11,22:15,1350,,214,,
2025/12/11,22:30,1350,,219,,
2025/12/11,22:45,1350,,246,,
2025/12/11,23:00,1350,,254,,
2025/12/11,23:15,1350,,258,,
2025/12/11,23:30,1350,,286,,
2025/12/11,23:45,1350,,283,,
2025/12/12,00:00,1350,,298,,
2025/12/12,00:15,1350,,,,338
2025/12/12,00:30,1350,,,,368
2025/12/12,00:45,1350,,,,398
2025/12/12,01:00,1350,,,,411
2025/12/12,01:15,1350,,,,426
2025/12/12,01:30,1350,,,,394
2025/12/12,01:45,1350,,,,382
2025/12/12,02:00,1350,,,,374
2025/12/12,02:15,1350,,,,373
2025/12/12,02:30,1350,,,,347
2025/12/12,02:45,1350,,,,333
2025/12/12,03:00,1350,,,,315
2025/12/12,03:15,1350,,,,261
2025/12/12,03:30,1350,,,,242
2025/12/12,03:45,1350,,,,203
2025/12/12,04:00,1350,,,,190
2025/12/12,04:15,1350,,,,133
2025/12/12,04:30,1350,,,,125
2025/12/12,04:45,1350,,,,126
2025/12/12,05:00,1350,,,,101
2025/12/12,05:15,1350,,,,101
2025/12/12,05:30,1350,,,,96
2025/12/12,05:45,1350,,,,94
2025/12/12,06:00,1350,,,,94
2025/12/12,06:15,1350,,96,,
2025/12/12,06:30,1350,,107,,
2025/12/12,06:45,1350,,112,,
2025/12/12,07:00,1350,,112,,
2025/12/12,07:15,1350,,165,,
2025/12/12,07:30,1350,,215,,
2025/12/12,07:45,1350,,223,,
2025/12/12,08:00,1350,,284,,
2025/12/12,08:15,1350,,584,,
2025/12/12,08:30,1350,,793,,
2025/12/12,08:45,1350,,840,,
2025/12/12,09:00,1350,,912,,
2025/12/12,09:15,1350,,896,,
2025/12/12,09:30,1350,,947,,
2025/12/12,09:45,1350,,955,,
2025/12/12,10:00,1350,,716,,
2025/12/12,10:15,1350,,793,,
2025/12/12,10:30,1350,,854,,
2025/12/12,10:45,1350,,856,,
2025/12/12,11:00,1350,,905,,
2025/12/12,11:15,1350,,,,786
2025/12/12,11:30,1350,,,,763
2025/12/12,11:45,1350,,,,708
2025/12/12,12:00,1350,,,,603
2025/12/12,12:15,1350,,,,410
2025/12/12,12:30,1350,,,,389
2025/12/12,12:45,1350,,,,422
2025/12/12,13:00,1350,,,,636
2025/12/12,13:15,1350,,,,647
2025/12/12,13:30,1350,,,,636
2025/12/12,13:45,1350,,,,605
2025/12/12,14:00,1350,,,,523
2025/12/12,14:15,1350,,585,,
2025/12/12,14:30,1350,,541,,
2025/12/12,14:45,1350,,555,,
2025/12/12,15:00,1350,,400,,
2025/12/12,15:15,1350,,473,,
2025/12/12,15:30,1350,,562,,
2025/12/12,15:45,1350,,493,,
2025/12/12,16:00,1350,,431,,
2025/12/12,16:15,1350,,429,,
2025/12/12,16:30,1350,,365,,
2025/12/12,16:45,1350,,320,,
2025/12/12,17:00,1350,,291,,
2025/12/12,17:15,1350,,214,,
2025/12/12,17:30,1350,,178,,
2025/12/12,17:45,1350,,216,,
2025/12/12,18:00,1350,,235,,
2025/12/12,18:15,1350,,192,,
2025/12/12,18:30,1350,,184,,
2025/12/12,18:45,1350,,182,,
2025/12/12,19:00,1350,,174,,
2025/12/12,19:15,1350,,168,,
2025/12/12,19:30,1350,,141,,
2025/12/12,19:45,1350,,125,,
2025/12/12,20:00,1350,,125,,
2025/12/12,20:15,1350,,114,,
2025/12/12,20:30,1350,,102,,
2025/12/12,20:45,1350,,106,,
2025/12/12,21:00,1350,,104,,
2025/12/12,21:15,1350,,106,,
2025/12/12,21:30,1350,,114,,
2025/12/12,21:45,1350,,110,,
2025/12/12,22:00,1350,,106,,
2025/12/12,22:15,1350,,106,,
2025/12/12,22:30,1350,,104,,
2025/12/12,22:45,1350,,106,,
2025/12/12,23:00,1350,,112,,
2025/12/12,23:15,1350,,117,,
2025/12/12,23:30,1350,,114,,
2025/12/12,23:45,1350,,102,,
2025/12/13,00:00,1350,,106,,
2025/12/13,00:15,1350,,,,104
2025/12/13,00:30,1350,,,,106
2025/12/13,00:45,1350,,,,109
2025/12/13,01:00,1350,,,,117
2025/12/13,01:15,1350,,,,106
2025/12/13,01:30,1350,,,,104
2025/12/13,01:45,1350,,,,96
2025/12/13,02:00,1350,,,,104
2025/12/13,02:15,1350,,,,102
2025/12/13,02:30,1350,,,,104
2025/12/13,02:45,1350,,,,120
2025/12/13,03:00,1350,,,,101
2025/12/13,03:15,1350,,,,98
2025/12/13,03:30,1350,,,,104
2025/12/13,03:45,1350,,,,99
2025/12/13,04:00,1350,,,,93
2025/12/13,04:15,1350,,,,101
2025/12/13,04:30,1350,,,,109
2025/12/13,04:45,1350,,,,78
2025/12/13,05:00,1350,,,,88
2025/12/13,05:15,1350,,,,83
2025/12/13,05:30,1350,,,,82
2025/12/13,05:45,1350,,,,70
2025/12/13,06:00,1350,,,,70
2025/12/13,06:15,1350,,,75,
2025/12/13,06:30,1350,,,82,
2025/12/13,06:45,1350,,,79,
2025/12/13,07:00,1350,,,87,
2025/12/13,07:15,1350,,,83,
2025/12/13,07:30,1350,,,79,
2025/12/13,07:45,1350,,,96,
2025/12/13,08:00,1350,,,127,
2025/12/13,08:15,1350,,,118,
2025/12/13,08:30,1350,,,131,
2025/12/13,08:45,1350,,,127,
2025/12/13,09:00,1350,,,124,
2025/12/13,09:15,1350,,,133,
2025/12/13,09:30,1350,,,145,
2025/12/13,09:45,1350,,,112,
2025/12/13,10:00,1350,,,107,
2025/12/13,10:15,1350,,,120,
2025/12/13,10:30,1350,,,133,
2025/12/13,10:45,1350,,,135,
2025/12/13,11:00,1350,,,122,
2025/12/13,11:15,1350,,,,127
2025/12/13,11:30,1350,,,,120
2025/12/13,11:45,1350,,,,108
2025/12/13,12:00,1350,,,,124
2025/12/13,12:15,1350,,,,112
2025/12/13,12:30,1350,,,,104
2025/12/13,12:45,1350,,,,108
2025/12/13,13:00,1350,,,,110
2025/12/13,13:15,1350,,,,126
2025/12/13,13:30,1350,,,,117
2025/12/13,13:45,1350,,,,127
2025/12/13,14:00,1350,,,,121
2025/12/13,14:15,1350,,,116,
2025/12/13,14:30,1350,,,115,
2025/12/13,14:45,1350,,,116,
2025/12/13,15:00,1350,,,102,
2025/12/13,15:15,1350,,,109,
2025/12/13,15:30,1350,,,122,
2025/12/13,15:45,1350,,,104,
2025/12/13,16:00,1350,,,104,
2025/12/13,16:15,1350,,,96,
2025/12/13,16:30,1350,,,104,
2025/12/13,16:45,1350,,,94,
2025/12/13,17:00,1350,,,94,
2025/12/13,17:15,1350,,,109,
2025/12/13,17:30,1350,,,93,
2025/12/13,17:45,1350,,,98,
2025/12/13,18:00,1350,,,91,
2025/12/13,18:15,1350,,,98,
2025/12/13,18:30,1350,,,90,
2025/12/13,18:45,1350,,,101,
2025/12/13,19:00,1350,,,101,
2025/12/13,19:15,1350,,,88,
2025/12/13,19:30,1350,,,91,
2025/12/13,19:45,1350,,,88,
2025/12/13,20:00,1350,,,93,
2025/12/13,20:15,1350,,,90,
2025/12/13,20:30,1350,,,104,
2025/12/13,20:45,1350,,,88,
2025/12/13,21:00,1350,,,91,
2025/12/13,21:15,1350,,,85,
2025/12/13,21:30,1350,,,86,
2025/12/13,21:45,1350,,,90,
2025/12/13,22:00,1350,,,90,
2025/12/13,22:15,1350,,,101,
2025/12/13,22:30,1350,,,88,
2025/12/13,22:45,1350,,,88,
2025/12/13,23:00,1350,,,88,
2025/12/13,23:15,1350,,,90,
2025/12/13,23:30,1350,,,93,
2025/12/13,23:45,1350,,,86,
2025/12/14,00:00,1350,,,91,
2025/12/14,00:15,1350,,,,75
2025/12/14,00:30,1350,,,,77
2025/12/14,00:45,1350,,,,75
2025/12/14,01:00,1350,,,,80
2025/12/14,01:15,1350,,,,72
2025/12/14,01:30,1350,,,,91
2025/12/14,01:45,1350,,,,62
2025/12/14,02:00,1350,,,,67
2025/12/14,02:15,1350,,,,64
2025/12/14,02:30,1350,,,,69
2025/12/14,02:45,1350,,,,67
2025/12/14,03:00,1350,,,,62
2025/12/14,03:15,1350,,,,78
2025/12/14,03:30,1350,,,,64
2025/12/14,03:45,1350,,,,67
2025/12/14,04:00,1350,,,,61
2025/12/14,04:15,1350,,,,70
2025/12/14,04:30,1350,,,,58
2025/12/14,04:45,1350,,,,59
2025/12/14,05:00,1350,,,,70
2025/12/14,05:15,1350,,,,64
2025/12/14,05:30,1350,,,,56
2025/12/14,05:45,1350,,,,61
2025/12/14,06:00,1350,,,,54
2025/12/14,06:15,1350,,,,59
2025/12/14,06:30,1350,,,,66
2025/12/14,06:45,1350,,,,68
2025/12/14,07:00,1350,,,,60
2025/12/14,07:15,1350,,,,58
2025/12/14,07:30,1350,,,,57
2025/12/14,07:45,1350,,,,56
2025/12/14,08:00,1350,,,,58
2025/12/14,08:15,1350,,,,70
2025/12/14,08:30,1350,,,,61
2025/12/14,08:45,1350,,,,61
2025/12/14,09:00,1350,,,,66
2025/12/14,09:15,1350,,,,69
2025/12/14,09:30,1350,,,,56
2025/12/14,09:45,1350,,,,63
2025/12/14,10:00,1350,,,,76
2025/12/14,10:15,1350,,,,62
2025/12/14,10:30,1350,,,,66
2025/12/14,10:45,1350,,,,64
2025/12/14,11:00,1350,,,,66
2025/12/14,11:15,1350,,,,63
2025/12/14,11:30,1350,,,,84
2025/12/14,11:45,1350,,,,75
2025/12/14,12:00,1350,,,,63
2025/12/14,12:15,1350,,,,75
2025/12/14,12:30,1350,,,,62
2025/12/14,12:45,1350,,,,60
2025/12/14,13:00,1350,,,,62
2025/12/14,13:15,1350,,,,77
2025/12/14,13:30,1350,,,,68
2025/12/14,13:45,1350,,,,68
2025/12/14,14:00,1350,,,,63
2025/12/14,14:15,1350,,,,67
2025/12/14,14:30,1350,,,,68
2025/12/14,14:45,1350,,,,62
2025/12/14,15:00,1350,,,,75
2025/12/14,15:15,1350,,,,66
2025/12/14,15:30,1350,,,,62
2025/12/14,15:45,1350,,,,60
2025/12/14,16:00,1350,,,,61
2025/12/14,16:15,1350,,,,66
2025/12/14,16:30,1350,,,,66
2025/12/14,16:45,1350,,,,74
2025/12/14,17:00,1350,,,,58
2025/12/14,17:15,1350,,,,59
2025/12/14,17:30,1350,,,,62
2025/12/14,17:45,1350,,,,59
2025/12/14,18:00,1350,,,,58
2025/12/14,18:15,1350,,,,72
2025/12/14,18:30,1350,,,,61
2025/12/14,18:45,1350,,,,58
2025/12/14,19:00,1350,,,,56
2025/12/14,19:15,1350,,,,61
2025/12/14,19:30,1350,,,,54
2025/12/14,19:45,1350,,,,61
2025/12/14,20:00,1350,,,,69
2025/12/14,20:15,1350,,,,62
2025/12/14,20:30,1350,,,,56
2025/12/14,20:45,1350,,,,61
2025/12/14,21:00,1350,,,,54
2025/12/14,21:15,1350,,,,59
2025/12/14,21:30,1350,,,,56
2025/12/14,21:45,1350,,,,59
2025/12/14,22:00,1350,,,,70
2025/12/14,22:15,1350,,,,58
2025/12/14,22:30,1350,,,,62
2025/12/14,22:45,1350,,,,54
2025/12/14,23:00,1350,,,,61
2025/12/14,23:15,1350,,,,56
2025/12/14,23:30,1350,,,,62
2025/12/14,23:45,1350,,,,56
2025/12/15,00:00,1350,,,,72
2025/12/15,00:15,1350,,,,59
2025/12/15,00:30,1350,,,,59
2025/12/15,00:45,1350,,,,56
2025/12/15,01:00,1350,,,,61
2025/12/15,01:15,1350,,,,56
2025/12/15,01:30,1350,,,,59
2025/12/15,01:45,1350,,,,54
2025/12/15,02:00,1350,,,,74
2025/12/15,02:15,1350,,,,61
2025/12/15,02:30,1350,,,,62
2025/12/15,02:45,1350,,,,58
2025/12/15,03:00,1350,,,,58
2025/12/15,03:15,1350,,,,61
2025/12/15,03:30,1350,,,,56
2025/12/15,03:45,1350,,,,59
2025/12/15,04:00,1350,,,,75
2025/12/15,04:15,1350,,,,56
2025/12/15,04:30,1350,,,,62
2025/12/15,04:45,1350,,,,56
2025/12/15,05:00,1350,,,,61
2025/12/15,05:15,1350,,,,59
2025/12/15,05:30,1350,,,,62
2025/12/15,05:45,1350,,,,70
2025/12/15,06:00,1350,,,,61
2025/12/15,06:15,1350,,58,,
2025/12/15,06:30,1350,,61,,
2025/12/15,06:45,1350,,62,,
2025/12/15,07:00,1350,,72,,
2025/12/15,07:15,1350,,125,,
2025/12/15,07:30,1350,,173,,
2025/12/15,07:45,1350,,211,,
2025/12/15,08:00,1350,,245,,
2025/12/15,08:15,1350,,409,,
2025/12/15,08:30,1350,,578,,
2025/12/15,08:45,1350,,591,,
2025/12/15,09:00,1350,,661,,
2025/12/15,09:15,1350,,664,,
2025/12/15,09:30,1350,,627,,
2025/12/15,09:45,1350,,560,,
2025/12/15,10:00,1350,,498,,
2025/12/15,10:15,1350,,600,,
2025/12/15,10:30,1350,,570,,
2025/12/15,10:45,1350,,600,,
2025/12/15,11:00,1350,,574,,
2025/12/15,11:15,1350,,,,616
2025/12/15,11:30,1350,,,,612
2025/12/15,11:45,1350,,,,652
2025/12/15,12:00,1350,,,,564
2025/12/15,12:15,1350,,,,446
2025/12/15,12:30,1350,,,,398
2025/12/15,12:45,1350,,,,412
2025/12/15,13:00,1350,,,,646
2025/12/15,13:15,1350,,,,655
2025/12/15,13:30,1350,,,,566
2025/12/15,13:45,1350,,,,520
2025/12/15,14:00,1350,,,,472
2025/12/15,14:15,1350,,455,,
2025/12/15,14:30,1350,,432,,
2025/12/15,14:45,1350,,422,,
2025/12/15,15:00,1350,,317,,
2025/12/15,15:15,1350,,342,,
2025/12/15,15:30,1350,,454,,
2025/12/15,15:45,1350,,476,,
2025/12/15,16:00,1350,,482,,
2025/12/15,16:15,1350,,426,,
2025/12/15,16:30,1350,,402,,
2025/12/15,16:45,1350,,332,,
2025/12/15,17:00,1350,,233,,
2025/12/15,17:15,1350,,197,,
2025/12/15,17:30,1350,,192,,
2025/12/15,17:45,1350,,200,,
2025/12/15,18:00,1350,,205,,
2025/12/15,18:15,1350,,211,,
2025/12/15,18:30,1350,,205,,
2025/12/15,18:45,1350,,189,,
2025/12/15,19:00,1350,,190,,
2025/12/15,19:15,1350,,178,,
2025/12/15,19:30,1350,,158,,
2025/12/15,19:45,1350,,130,,
2025/12/15,20:00,1350,,139,,
2025/12/15,20:15,1350,,149,,
2025/12/15,20:30,1350,,146,,
2025/12/15,20:45,1350,,147,,
2025/12/15,21:00,1350,,190,,
2025/12/15,21:15,1350,,221,,
2025/12/15,21:30,1350,,224,,
2025/12/15,21:45,1350,,226,,
2025/12/15,22:00,1350,,235,,
2025/12/15,22:15,1350,,229,,
2025/12/15,22:30,1350,,256,,
2025/12/15,22:45,1350,,269,,
2025/12/15,23:00,1350,,266,,
2025/12/15,23:15,1350,,278,,
2025/12/15,23:30,1350,,291,,
2025/12/15,23:45,1350,,330,,
2025/12/16,00:00,1350,,341,,
2025/12/16,00:15,1350,,,,376
2025/12/16,00:30,1350,,,,406
2025/12/16,00:45,1350,,,,413
2025/12/16,01:00,1350,,,,413
2025/12/16,01:15,1350,,,,379
2025/12/16,01:30,1350,,,,387
2025/12/16,01:45,1350,,,,382
2025/12/16,02:00,1350,,,,346
2025/12/16,02:15,1350,,,,323
2025/12/16,02:30,1350,,,,299
2025/12/16,02:45,1350,,,,264
2025/12/16,03:00,1350,,,,240
2025/12/16,03:15,1350,,,,218
2025/12/16,03:30,1350,,,,206
2025/12/16,03:45,1350,,,,165
2025/12/16,04:00,1350,,,,142
2025/12/16,04:15,1350,,,,123
2025/12/16,04:30,1350,,,,107
2025/12/16,04:45,1350,,,,101
2025/12/16,05:00,1350,,,,114
2025/12/16,05:15,1350,,,,117
2025/12/16,05:30,1350,,,,99
2025/12/16,05:45,1350,,,,98
2025/12/16,06:00,1350,,,,94
2025/12/16,06:15,1350,,96,,
2025/12/16,06:30,1350,,106,,
2025/12/16,06:45,1350,,122,,
2025/12/16,07:00,1350,,183,,
2025/12/16,07:15,1350,,200,,
2025/12/16,07:30,1350,,223,,
2025/12/16,07:45,1350,,236,,
2025/12/16,08:00,1350,,269,,
2025/12/16,08:15,1350,,523,,
2025/12/16,08:30,1350,,578,,
2025/12/16,08:45,1350,,618,,
2025/12/16,09:00,1350,,643,,
2025/12/16,09:15,1350,,642,,
2025/12/16,09:30,1350,,685,,
2025/12/16,09:45,1350,,705,,
2025/12/16,10:00,1350,,498,,
2025/12/16,10:15,1350,,647,,
2025/12/16,10:30,1350,,730,,
2025/12/16,10:45,1350,,701,,
2025/12/16,11:00,1350,,685,,
2025/12/16,11:15,1350,,,,703
2025/12/16,11:30,1350,,,,691
2025/12/16,11:45,1350,,,,687
2025/12/16,12:00,1350,,,,590
2025/12/16,12:15,1350,,,,428
2025/12/16,12:30,1350,,,,421
2025/12/16,12:45,1350,,,,447
2025/12/16,13:00,1350,,,,755
2025/12/16,13:15,1350,,,,796
2025/12/16,13:30,1350,,,,702
2025/12/16,13:45,1350,,,,686
2025/12/16,14:00,1350,,,,636
2025/12/16,14:15,1350,,567,,
2025/12/16,14:30,1350,,560,,
2025/12/16,14:45,1350,,516,,
2025/12/16,15:00,1350,,476,,
2025/12/16,15:15,1350,,582,,
2025/12/16,15:30,1350,,574,,
2025/12/16,15:45,1350,,443,,
2025/12/16,16:00,1350,,411,,
2025/12/16,16:15,1350,,440,,
2025/12/16,16:30,1350,,510,,
2025/12/16,16:45,1350,,376,,
2025/12/16,17:00,1350,,271,,
2025/12/16,17:15,1350,,228,,
2025/12/16,17:30,1350,,226,,
2025/12/16,17:45,1350,,314,,
2025/12/16,18:00,1350,,354,,
2025/12/16,18:15,1350,,358,,
2025/12/16,18:30,1350,,355,,
2025/12/16,18:45,1350,,275,,
2025/12/16,19:00,1350,,219,,
2025/12/16,19:15,1350,,200,,
2025/12/16,19:30,1350,,157,,
2025/12/16,19:45,1350,,122,,
2025/12/16,20:00,1350,,126,,
2025/12/16,20:15,1350,,130,,
2025/12/16,20:30,1350,,130,,
2025/12/16,20:45,1350,,149,,
2025/12/16,21:00,1350,,134,,
2025/12/16,21:15,1350,,134,,
2025/12/16,21:30,1350,,163,,
2025/12/16,21:45,1350,,205,,
2025/12/16,22:00,1350,,214,,
2025/12/16,22:15,1350,,214,,
2025/12/16,22:30,1350,,245,,
2025/12/16,22:45,1350,,237,,
2025/12/16,23:00,1350,,243,,
2025/12/16,23:15,1350,,245,,
2025/12/16,23:30,1350,,251,,
2025/12/16,23:45,1350,,258,,
2025/12/17,00:00,1350,,256,,
2025/12/17,00:15,1350,,,,280
2025/12/17,00:30,1350,,,,250
2025/12/17,00:45,1350,,,,245
2025/12/17,01:00,1350,,,,234
2025/12/17,01:15,1350,,,,226
2025/12/17,01:30,1350,,,,221
2025/12/17,01:45,1350,,,,208
2025/12/17,02:00,1350,,,,211
2025/12/17,02:15,1350,,,,194
2025/12/17,02:30,1350,,,,182
2025/12/17,02:45,1350,,,,181
2025/12/17,03:00,1350,,,,181
2025/12/17,03:15,1350,,,,173
2025/12/17,03:30,1350,,,,170
2025/12/17,03:45,1350,,,,176
2025/12/17,04:00,1350,,,,165
2025/12/17,04:15,1350,,,,162
2025/12/17,04:30,1350,,,,147
2025/12/17,04:45,1350,,,,134
2025/12/17,05:00,1350,,,,134
2025/12/17,05:15,1350,,,,139
2025/12/17,05:30,1350,,,,152
2025/12/17,05:45,1350,,,,136
2025/12/17,06:00,1350,,,,134
2025/12/17,06:15,1350,,139,,
2025/12/17,06:30,1350,,139,,
2025/12/17,06:45,1350,,160,,
2025/12/17,07:00,1350,,168,,
2025/12/17,07:15,1350,,205,,
2025/12/17,07:30,1350,,229,,
2025/12/17,07:45,1350,,244,,
2025/12/17,08:00,1350,,281,,
2025/12/17,08:15,1350,,413,,
2025/12/17,08:30,1350,,492,,
2025/12/17,08:45,1350,,547,,
2025/12/17,09:00,1350,,554,,
2025/12/17,09:15,1350,,558,,
2025/12/17,09:30,1350,,562,,
2025/12/17,09:45,1350,,599,,
2025/12/17,10:00,1350,,512,,
2025/12/17,10:15,1350,,577,,
2025/12/17,10:30,1350,,680,,
2025/12/17,10:45,1350,,654,,
2025/12/17,11:00,1350,,716,,
2025/12/17,11:15,1350,,,,800
2025/12/17,11:30,1350,,,,792
2025/12/17,11:45,1350,,,,769
2025/12/17,12:00,1350,,,,625
2025/12/17,12:15,1350,,,,421
2025/12/17,12:30,1350,,,,408
2025/12/17,12:45,1350,,,,433
2025/12/17,13:00,1350,,,,670
2025/12/17,13:15,1350,,,,683
2025/12/17,13:30,1350,,,,680
2025/12/17,13:45,1350,,,,697
2025/12/17,14:00,1350,,,,636
2025/12/17,14:15,1350,,637,,
2025/12/17,14:30,1350,,689,,
2025/12/17,14:45,1350,,662,,
2025/12/17,15:00,1350,,453,,
2025/12/17,15:15,1350,,567,,
2025/12/17,15:30,1350,,648,,
2025/12/17,15:45,1350,,648,,
2025/12/17,16:00,1350,,633,,
2025/12/17,16:15,1350,,698,,
2025/12/17,16:30,1350,,739,,
2025/12/17,16:45,1350,,604,,
2025/12/17,17:00,1350,,481,,
2025/12/17,17:15,1350,,455,,
2025/12/17,17:30,1350,,431,,
2025/12/17,17:45,1350,,451,,
2025/12/17,18:00,1350,,435,,
2025/12/17,18:15,1350,,392,,
2025/12/17,18:30,1350,,338,,
2025/12/17,18:45,1350,,325,,
2025/12/17,19:00,1350,,283,,
2025/12/17,19:15,1350,,251,,
2025/12/17,19:30,1350,,184,,
2025/12/17,19:45,1350,,186,,
2025/12/17,20:00,1350,,173,,
2025/12/17,20:15,1350,,166,,
2025/12/17,20:30,1350,,162,,
2025/12/17,20:45,1350,,155,,
2025/12/17,21:00,1350,,155,,
2025/12/17,21:15,1350,,182,,
2025/12/17,21:30,1350,,250,,
2025/12/17,21:45,1350,,235,,
2025/12/17,22:00,1350,,243,,
2025/12/17,22:15,1350,,258,,
2025/12/17,22:30,1350,,261,,
2025/12/17,22:45,1350,,274,,
2025/12/17,23:00,1350,,278,,
2025/12/17,23:15,1350,,278,,
2025/12/17,23:30,1350,,270,,
2025/12/17,23:45,1350,,269,,
2025/12/18,00:00,1350,,254,,
2025/12/18,00:15,1350,,,,253
2025/12/18,00:30,1350,,,,243
2025/12/18,00:45,1350,,,,250
2025/12/18,01:00,1350,,,,248
2025/12/18,01:15,1350,,,,222
2025/12/18,01:30,1350,,,,222
2025/12/18,01:45,1350,,,,216
2025/12/18,02:00,1350,,,,203
2025/12/18,02:15,1350,,,,206
2025/12/18,02:30,1350,,,,206
2025/12/18,02:45,1350,,,,189
2025/12/18,03:00,1350,,,,179
2025/12/18,03:15,1350,,,,176
2025/12/18,03:30,1350,,,,165
2025/12/18,03:45,1350,,,,134
2025/12/18,04:00,1350,,,,123
2025/12/18,04:15,1350,,,,131
2025/12/18,04:30,1350,,,,114
2025/12/18,04:45,1350,,,,99
2025/12/18,05:00,1350,,,,104
2025/12/18,05:15,1350,,,,106
2025/12/18,05:30,1350,,,,102
2025/12/18,05:45,1350,,,,104
2025/12/18,06:00,1350,,,,115
2025/12/18,06:15,1350,,99,,
2025/12/18,06:30,1350,,93,,
2025/12/18,06:45,1350,,145,,
2025/12/18,07:00,1350,,184,,
2025/12/18,07:15,1350,,208,,
2025/12/18,07:30,1350,,235,,
2025/12/18,07:45,1350,,296,,
2025/12/18,08:00,1350,,342,,
2025/12/18,08:15,1350,,624,,
2025/12/18,08:30,1350,,809,,
2025/12/18,08:45,1350,,897,,
2025/12/18,09:00,1350,,925,,
2025/12/18,09:15,1350,,946,,
2025/12/18,09:30,1350,,941,,
2025/12/18,09:45,1350,,959,,
2025/12/18,10:00,1350,,752,,
2025/12/18,10:15,1350,,844,,
2025/12/18,10:30,1350,,903,,
2025/12/18,10:45,1350,,871,,
2025/12/18,11:00,1350,,756,,
2025/12/18,11:15,1350,,,,751
2025/12/18,11:30,1350,,,,760
2025/12/18,11:45,1350,,,,889
2025/12/18,12:00,1350,,,,701
2025/12/18,12:15,1350,,,,523
2025/12/18,12:30,1350,,,,518
2025/12/18,12:45,1350,,,,539
2025/12/18,13:00,1350,,,,796
2025/12/18,13:15,1350,,,,809
2025/12/18,13:30,1350,,,,770
2025/12/18,13:45,1350,,,,775
2025/12/18,14:00,1350,,,,743
2025/12/18,14:15,1350,,716,,
2025/12/18,14:30,1350,,743,,
2025/12/18,14:45,1350,,759,,
2025/12/18,15:00,1350,,522,,
2025/12/18,15:15,1350,,639,,
2025/12/18,15:30,1350,,660,,
2025/12/18,15:45,1350,,573,,
2025/12/18,16:00,1350,,537,,
2025/12/18,16:15,1350,,633,,
2025/12/18,16:30,1350,,645,,
2025/12/18,16:45,1350,,462,,
2025/12/18,17:00,1350,,292,,
2025/12/18,17:15,1350,,243,,
2025/12/18,17:30,1350,,238,,
2025/12/18,17:45,1350,,259,,
2025/12/18,18:00,1350,,262,,
2025/12/18,18:15,1350,,248,,
2025/12/18,18:30,1350,,234,,
2025/12/18,18:45,1350,,261,,
2025/12/18,19:00,1350,,213,,
2025/12/18,19:15,1350,,208,,
2025/12/18,19:30,1350,,165,,
2025/12/18,19:45,1350,,122,,
2025/12/18,20:00,1350,,107,,
2025/12/18,20:15,1350,,107,,
2025/12/18,20:30,1350,,101,,
2025/12/18,20:45,1350,,102,,
2025/12/18,21:00,1350,,118,,
2025/12/18,21:15,1350,,101,,
2025/12/18,21:30,1350,,102,,
2025/12/18,21:45,1350,,101,,
2025/12/18,22:00,1350,,110,,
2025/12/18,22:15,1350,,112,,
2025/12/18,22:30,1350,,130,,
2025/12/18,22:45,1350,,104,,
2025/12/18,23:00,1350,,107,,
2025/12/18,23:15,1350,,107,,
2025/12/18,23:30,1350,,107,,
2025/12/18,23:45,1350,,104,,
2025/12/19,00:00,1350,,115,,
2025/12/19,00:15,1350,,,,96
2025/12/19,00:30,1350,,,,99
2025/12/19,00:45,1350,,,,91
2025/12/19,01:00,1350,,,,98
2025/12/19,01:15,1350,,,,98
2025/12/19,01:30,1350,,,,115
2025/12/19,01:45,1350,,,,91
2025/12/19,02:00,1350,,,,96
2025/12/19,02:15,1350,,,,93
2025/12/19,02:30,1350,,,,98
2025/12/19,02:45,1350,,,,101
2025/12/19,03:00,1350,,,,104
2025/12/19,03:15,1350,,,,91
2025/12/19,03:30,1350,,,,90
2025/12/19,03:45,1350,,,,77
2025/12/19,04:00,1350,,,,74
2025/12/19,04:15,1350,,,,77
2025/12/19,04:30,1350,,,,94
2025/12/19,04:45,1350,,,,58
2025/12/19,05:00,1350,,,,67
2025/12/19,05:15,1350,,,,64
2025/12/19,05:30,1350,,,,69
2025/12/19,05:45,1350,,,,64
2025/12/19,06:00,1350,,,,83
2025/12/19,06:15,1350,,61,,
2025/12/19,06:30,1350,,75,,
2025/12/19,06:45,1350,,93,,
2025/12/19,07:00,1350,,94,,
2025/12/19,07:15,1350,,111,,
2025/12/19,07:30,1350,,134,,
2025/12/19,07:45,1350,,114,,
2025/12/19,08:00,1350,,156,,
2025/12/19,08:15,1350,,195,,
2025/12/19,08:30,1350,,208,,
2025/12/19,08:45,1350,,206,,
2025/12/19,09:00,1350,,223,,
2025/12/19,09:15,1350,,201,,
2025/12/19,09:30,1350,,197,,
2025/12/19,09:45,1350,,198,,
2025/12/19,10:00,1350,,190,,
2025/12/19,10:15,1350,,203,,
2025/12/19,10:30,1350,,218,,
2025/12/19,10:45,1350,,197,,
2025/12/19,11:00,1350,,199,,
2025/12/19,11:15,1350,,,,189
2025/12/19,11:30,1350,,,,198
2025/12/19,11:45,1350,,,,215
2025/12/19,12:00,1350,,,,194
2025/12/19,12:15,1350,,,,167
2025/12/19,12:30,1350,,,,161
2025/12/19,12:45,1350,,,,158
2025/12/19,13:00,1350,,,,180
2025/12/19,13:15,1350,,,,197
2025/12/19,13:30,1350,,,,188
2025/12/19,13:45,1350,,,,182
2025/12/19,14:00,1350,,,,178
2025/12/19,14:15,1350,,184,,
2025/12/19,14:30,1350,,182,,
2025/12/19,14:45,1350,,211,,
2025/12/19,15:00,1350,,176,,
2025/12/19,15:15,1350,,182,,
2025/12/19,15:30,1350,,187,,
2025/12/19,15:45,1350,,180,,
2025/12/19,16:00,1350,,183,,
2025/12/19,16:15,1350,,188,,
2025/12/19,16:30,1350,,171,,
2025/12/19,16:45,1350,,174,,
2025/12/19,17:00,1350,,164,,
2025/12/19,17:15,1350,,139,,
2025/12/19,17:30,1350,,130,,
2025/12/19,17:45,1350,,166,,
2025/12/19,18:00,1350,,139,,
2025/12/19,18:15,1350,,134,,
2025/12/19,18:30,1350,,120,,
2025/12/19,18:45,1350,,104,,
2025/12/19,19:00,1350,,118,,
2025/12/19,19:15,1350,,110,,
2025/12/19,19:30,1350,,93,,
2025/12/19,19:45,1350,,80,,
2025/12/19,20:00,1350,,75,,
2025/12/19,20:15,1350,,82,,
2025/12/19,20:30,1350,,91,,
2025/12/19,20:45,1350,,82,,
2025/12/19,21:00,1350,,74,,
2025/12/19,21:15,1350,,78,,
2025/12/19,21:30,1350,,77,,
2025/12/19,21:45,1350,,74,,
2025/12/19,22:00,1350,,98,,
2025/12/19,22:15,1350,,72,,
2025/12/19,22:30,1350,,77,,
2025/12/19,22:45,1350,,77,,
2025/12/19,23:00,1350,,75,,
2025/12/19,23:15,1350,,75,,
2025/12/19,23:30,1350,,98,,
2025/12/19,23:45,1350,,77,,
2025/12/20,00:00,1350,,74,,
2025/12/20,00:15,1350,,,,72
2025/12/20,00:30,1350,,,,75
2025/12/20,00:45,1350,,,,78
2025/12/20,01:00,1350,,,,91
2025/12/20,01:15,1350,,,,74
2025/12/20,01:30,1350,,,,75
2025/12/20,01:45,1350,,,,75
2025/12/20,02:00,1350,,,,75
2025/12/20,02:15,1350,,,,75
2025/12/20,02:30,1350,,,,99
2025/12/20,02:45,1350,,,,72
2025/12/20,03:00,1350,,,,75
2025/12/20,03:15,1350,,,,74
2025/12/20,03:30,1350,,,,67
2025/12/20,03:45,1350,,,,59
2025/12/20,04:00,1350,,,,75
2025/12/20,04:15,1350,,,,56
2025/12/20,04:30,1350,,,,58
2025/12/20,04:45,1350,,,,58
2025/12/20,05:00,1350,,,,58
2025/12/20,05:15,1350,,,,67
2025/12/20,05:30,1350,,,,77
2025/12/20,05:45,1350,,,,56
2025/12/20,06:00,1350,,,,59
2025/12/20,06:15,1350,,,58,
2025/12/20,06:30,1350,,,58,
2025/12/20,06:45,1350,,,62,
2025/12/20,07:00,1350,,,82,
2025/12/20,07:15,1350,,,62,
2025/12/20,07:30,1350,,,59,
2025/12/20,07:45,1350,,,78,
2025/12/20,08:00,1350,,,112,
2025/12/20,08:15,1350,,,116,
2025/12/20,08:30,1350,,,116,
2025/12/20,08:45,1350,,,101,
2025/12/20,09:00,1350,,,105,
2025/12/20,09:15,1350,,,89,
2025/12/20,09:30,1350,,,98,
2025/12/20,09:45,1350,,,106,
2025/12/20,10:00,1350,,,110,
2025/12/20,10:15,1350,,,102,
2025/12/20,10:30,1350,,,96,
2025/12/20,10:45,1350,,,96,
2025/12/20,11:00,1350,,,105,
2025/12/20,11:15,1350,,,,112
2025/12/20,11:30,1350,,,,98
2025/12/20,11:45,1350,,,,99
2025/12/20,12:00,1350,,,,89
2025/12/20,12:15,1350,,,,92
2025/12/20,12:30,1350,,,,84
2025/12/20,12:45,1350,,,,95
2025/12/20,13:00,1350,,,,99
2025/12/20,13:15,1350,,,,91
2025/12/20,13:30,1350,,,,94
2025/12/20,13:45,1350,,,,96
2025/12/20,14:00,1350,,,,93
2025/12/20,14:15,1350,,,110,
2025/12/20,14:30,1350,,,96,
2025/12/20,14:45,1350,,,90,
2025/12/20,15:00,1350,,,91,
2025/12/20,15:15,1350,,,85,
2025/12/20,15:30,1350,,,104,
2025/12/20,15:45,1350,,,97,
2025/12/20,16:00,1350,,,92,
2025/12/20,16:15,1350,,,81,
2025/12/20,16:30,1350,,,83,
2025/12/20,16:45,1350,,,85,
2025/12/20,17:00,1350,,,100,
2025/12/20,17:15,1350,,,92,
2025/12/20,17:30,1350,,,82,
2025/12/20,17:45,1350,,,90,
2025/12/20,18:00,1350,,,85,
2025/12/20,18:15,1350,,,85,
2025/12/20,18:30,1350,,,99,
2025/12/20,18:45,1350,,,93,
2025/12/20,19:00,1350,,,83,
2025/12/20,19:15,1350,,,82,
2025/12/20,19:30,1350,,,88,
2025/12/20,19:45,1350,,,80,
2025/12/20,20:00,1350,,,107,
2025/12/20,20:15,1350,,,82,
2025/12/20,20:30,1350,,,88,
2025/12/20,20:45,1350,,,80,
2025/12/20,21:00,1350,,,86,
2025/12/20,21:15,1350,,,80,
2025/12/20,21:30,1350,,,106,
2025/12/20,21:45,1350,,,86,
2025/12/20,22:00,1350,,,83,
2025/12/20,22:15,1350,,,83,
2025/12/20,22:30,1350,,,82,
2025/12/20,22:45,1350,,,86,
2025/12/20,23:00,1350,,,83,
2025/12/20,23:15,1350,,,77,
2025/12/20,23:30,1350,,,64,
2025/12/20,23:45,1350,,,69,
2025/12/21,00:00,1350,,,64,
2025/12/21,00:15,1350,,,,83
2025/12/21,00:30,1350,,,,78
2025/12/21,00:45,1350,,,,78
2025/12/21,01:00,1350,,,,67
2025/12/21,01:15,1350,,,,67
2025/12/21,01:30,1350,,,,62
2025/12/21,01:45,1350,,,,62
2025/12/21,02:00,1350,,,,72
2025/12/21,02:15,1350,,,,70
2025/12/21,02:30,1350,,,,58
2025/12/21,02:45,1350,,,,61
2025/12/21,03:00,1350,,,,59
2025/12/21,03:15,1350,,,,58
2025/12/21,03:30,1350,,,,78
2025/12/21,03:45,1350,,,,59
2025/12/21,04:00,1350,,,,62
2025/12/21,04:15,1350,,,,56
2025/12/21,04:30,1350,,,,59
2025/12/21,04:45,1350,,,,58
2025/12/21,05:00,1350,,,,86
2025/12/21,05:15,1350,,,,59
2025/12/21,05:30,1350,,,,62
2025/12/21,05:45,1350,,,,58
2025/12/21,06:00,1350,,,,62
2025/12/21,06:15,1350,,,,59
2025/12/21,06:30,1350,,,,77
2025/12/21,06:45,1350,,,,61
2025/12/21,07:00,1350,,,,58
2025/12/21,07:15,1350,,,,62
2025/12/21,07:30,1350,,,,57
2025/12/21,07:45,1350,,,,64
2025/12/21,08:00,1350,,,,75
2025/12/21,08:15,1350,,,,55
2025/12/21,08:30,1350,,,,65
2025/12/21,08:45,1350,,,,64
2025/12/21,09:00,1350,,,,61
2025/12/21,09:15,1350,,,,78
2025/12/21,09:30,1350,,,,67
2025/12/21,09:45,1350,,,,65
2025/12/21,10:00,1350,,,,62
2025/12/21,10:15,1350,,,,67
2025/12/21,10:30,1350,,,,66
2025/12/21,10:45,1350,,,,86
2025/12/21,11:00,1350,,,,65
2025/12/21,11:15,1350,,,,62
2025/12/21,11:30,1350,,,,64
2025/12/21,11:45,1350,,,,69
2025/12/21,12:00,1350,,,,78
2025/12/21,12:15,1350,,,,78
2025/12/21,12:30,1350,,,,61
2025/12/21,12:45,1350,,,,64
2025/12/21,13:00,1350,,,,62
2025/12/21,13:15,1350,,,,70
2025/12/21,13:30,1350,,,,82
2025/12/21,13:45,1350,,,,66
2025/12/21,14:00,1350,,,,63
2025/12/21,14:15,1350,,,,70
2025/12/21,14:30,1350,,,,62
2025/12/21,14:45,1350,,,,80
2025/12/21,15:00,1350,,,,71
2025/12/21,15:15,1350,,,,68
2025/12/21,15:30,1350,,,,62
2025/12/21,15:45,1350,,,,65
2025/12/21,16:00,1350,,,,64
2025/12/21,16:15,1350,,,,79
2025/12/21,16:30,1350,,,,62
2025/12/21,16:45,1350,,,,69
2025/12/21,17:00,1350,,,,60
2025/12/21,17:15,1350,,,,65
2025/12/21,17:30,1350,,,,68
2025/12/21,17:45,1350,,,,78
2025/12/21,18:00,1350,,,,59
2025/12/21,18:15,1350,,,,61
2025/12/21,18:30,1350,,,,61
2025/12/21,18:45,1350,,,,61
2025/12/21,19:00,1350,,,,66
2025/12/21,19:15,1350,,,,67
2025/12/21,19:30,1350,,,,61
2025/12/21,19:45,1350,,,,58
2025/12/21,20:00,1350,,,,64
2025/12/21,20:15,1350,,,,58
2025/12/21,20:30,1350,,,,72
2025/12/21,20:45,1350,,,,64
2025/12/21,21:00,1350,,,,61
2025/12/21,21:15,1350,,,,58
2025/12/21,21:30,1350,,,,61
2025/12/21,21:45,1350,,,,58
2025/12/21,22:00,1350,,,,70
2025/12/21,22:15,1350,,,,64
2025/12/21,22:30,1350,,,,58
2025/12/21,22:45,1350,,,,61
2025/12/21,23:00,1350,,,,58
2025/12/21,23:15,1350,,,,64
2025/12/21,23:30,1350,,,,74
2025/12/21,23:45,1350,,,,62
2025/12/22,00:00,1350,,,,58
2025/12/22,00:15,1350,,,,62
2025/12/22,00:30,1350,,,,54
2025/12/22,00:45,1350,,,,61
2025/12/22,01:00,1350,,,,64
2025/12/22,01:15,1350,,,,77
2025/12/22,01:30,1350,,,,56
2025/12/22,01:45,1350,,,,62
2025/12/22,02:00,1350,,,,56
2025/12/22,02:15,1350,,,,62
2025/12/22,02:30,1350,,,,58
2025/12/22,02:45,1350,,,,72
2025/12/22,03:00,1350,,,,67
2025/12/22,03:15,1350,,,,59
2025/12/22,03:30,1350,,,,58
2025/12/22,03:45,1350,,,,58
2025/12/22,04:00,1350,,,,58
2025/12/22,04:15,1350,,,,70
2025/12/22,04:30,1350,,,,64
2025/12/22,04:45,1350,,,,56
2025/12/22,05:00,1350,,,,61
2025/12/22,05:15,1350,,,,61
2025/12/22,05:30,1350,,,,62
2025/12/22,05:45,1350,,,,72
2025/12/22,06:00,1350,,,,62
2025/12/22,06:15,1350,,54,,
2025/12/22,06:30,1350,,64,,
2025/12/22,06:45,1350,,59,,
2025/12/22,07:00,1350,,71,,
2025/12/22,07:15,1350,,153,,
2025/12/22,07:30,1350,,172,,
2025/12/22,07:45,1350,,187,,
2025/12/22,08:00,1350,,225,,
2025/12/22,08:15,1350,,522,,
2025/12/22,08:30,1350,,712,,
2025/12/22,08:45,1350,,717,,
2025/12/22,09:00,1350,,765,,
2025/12/22,09:15,1350,,760,,
2025/12/22,09:30,1350,,599,,
2025/12/22,09:45,1350,,580,,
2025/12/22,10:00,1350,,528,,
2025/12/22,10:15,1350,,640,,
2025/12/22,10:30,1350,,752,,
2025/12/22,10:45,1350,,780,,
2025/12/22,11:00,1350,,802,,
2025/12/22,11:15,1350,,,,834
2025/12/22,11:30,1350,,,,839
2025/12/22,11:45,1350,,,,865
2025/12/22,12:00,1350,,,,692
2025/12/22,12:15,1350,,,,589
2025/12/22,12:30,1350,,,,605
2025/12/22,12:45,1350,,,,592
2025/12/22,13:00,1350,,,,684
2025/12/22,13:15,1350,,,,743
2025/12/22,13:30,1350,,,,693
2025/12/22,13:45,1350,,,,692
2025/12/22,14:00,1350,,,,669
2025/12/22,14:15,1350,,654,,
2025/12/22,14:30,1350,,659,,
2025/12/22,14:45,1350,,647,,
2025/12/22,15:00,1350,,614,,
2025/12/22,15:15,1350,,643,,
2025/12/22,15:30,1350,,602,,
2025/12/22,15:45,1350,,565,,
2025/12/22,16:00,1350,,532,,
2025/12/22,16:15,1350,,464,,
2025/12/22,16:30,1350,,428,,
2025/12/22,16:45,1350,,411,,
2025/12/22,17:00,1350,,349,,
2025/12/22,17:15,1350,,327,,
2025/12/22,17:30,1350,,312,,
2025/12/22,17:45,1350,,301,,
2025/12/22,18:00,1350,,333,,
2025/12/22,18:15,1350,,325,,
2025/12/22,18:30,1350,,315,,
2025/12/22,18:45,1350,,294,,
2025/12/22,19:00,1350,,296,,
2025/12/22,19:15,1350,,280,,
2025/12/22,19:30,1350,,261,,
2025/12/22,19:45,1350,,250,,
2025/12/22,20:00,1350,,254,,
2025/12/22,20:15,1350,,254,,
2025/12/22,20:30,1350,,261,,
2025/12/22,20:45,1350,,251,,
2025/12/22,21:00,1350,,248,,
2025/12/22,21:15,1350,,251,,
2025/12/22,21:30,1350,,248,,
2025/12/22,21:45,1350,,251,,
2025/12/22,22:00,1350,,243,,
2025/12/22,22:15,1350,,261,,
2025/12/22,22:30,1350,,232,,
2025/12/22,22:45,1350,,226,,
2025/12/22,23:00,1350,,221,,
2025/12/22,23:15,1350,,216,,
2025/12/22,23:30,1350,,211,,
2025/12/22,23:45,1350,,205,,
2025/12/23,00:00,1350,,213,,
2025/12/23,00:15,1350,,,,162
2025/12/23,00:30,1350,,,,147
2025/12/23,00:45,1350,,,,134
2025/12/23,01:00,1350,,,,131
2025/12/23,01:15,1350,,,,131
2025/12/23,01:30,1350,,,,130
2025/12/23,01:45,1350,,,,141
2025/12/23,02:00,1350,,,,125
2025/12/23,02:15,1350,,,,118
2025/12/23,02:30,1350,,,,115
2025/12/23,02:45,1350,,,,106
2025/12/23,03:00,1350,,,,107
2025/12/23,03:15,1350,,,,107
2025/12/23,03:30,1350,,,,120
2025/12/23,03:45,1350,,,,104
2025/12/23,04:00,1350,,,,106
2025/12/23,04:15,1350,,,,104
2025/12/23,04:30,1350,,,,106
2025/12/23,04:45,1350,,,,104
2025/12/23,05:00,1350,,,,106
2025/12/23,05:15,1350,,,,125
2025/12/23,05:30,1350,,,,106
2025/12/23,05:45,1350,,,,104
2025/12/23,06:00,1350,,,,91
2025/12/23,06:15,1350,,115,,
2025/12/23,06:30,1350,,146,,
2025/12/23,06:45,1350,,159,,
2025/12/23,07:00,1350,,180,,
2025/12/23,07:15,1350,,179,,
2025/12/23,07:30,1350,,208,,
2025/12/23,07:45,1350,,221,,
2025/12/23,08:00,1350,,288,,
2025/12/23,08:15,1350,,386,,
2025/12/23,08:30,1350,,517,,
2025/12/23,08:45,1350,,548,,
2025/12/23,09:00,1350,,552,,
2025/12/23,09:15,1350,,559,,
2025/12/23,09:30,1350,,537,,
2025/12/23,09:45,1350,,587,,
2025/12/23,10:00,1350,,551,,
2025/12/23,10:15,1350,,575,,
2025/12/23,10:30,1350,,582,,
2025/12/23,10:45,1350,,561,,
2025/12/23,11:00,1350,,631,,
2025/12/23,11:15,1350,,,,601
2025/12/23,11:30,1350,,,,619
2025/12/23,11:45,1350,,,,599
2025/12/23,12:00,1350,,,,546
2025/12/23,12:15,1350,,,,541
2025/12/23,12:30,1350,,,,518
2025/12/23,12:45,1350,,,,513
2025/12/23,13:00,1350,,,,610
2025/12/23,13:15,1350,,,,643
2025/12/23,13:30,1350,,,,547
2025/12/23,13:45,1350,,,,555
2025/12/23,14:00,1350,,,,562
2025/12/23,14:15,1350,,535,,
2025/12/23,14:30,1350,,552,,
2025/12/23,14:45,1350,,643,,
2025/12/23,15:00,1350,,573,,
2025/12/23,15:15,1350,,507,,
2025/12/23,15:30,1350,,627,,
2025/12/23,15:45,1350,,600,,
2025/12/23,16:00,1350,,533,,
2025/12/23,16:15,1350,,398,,
2025/12/23,16:30,1350,,372,,
2025/12/23,16:45,1350,,303,,
2025/12/23,17:00,1350,,251,,
2025/12/23,17:15,1350,,220,,
2025/12/23,17:30,1350,,221,,
2025/12/23,17:45,1350,,221,,
2025/12/23,18:00,1350,,245,,
2025/12/23,18:15,1350,,373,,
2025/12/23,18:30,1350,,373,,
2025/12/23,18:45,1350,,259,,
2025/12/23,19:00,1350,,210,,
2025/12/23,19:15,1350,,198,,
2025/12/23,19:30,1350,,149,,
2025/12/23,19:45,1350,,142,,
2025/12/23,20:00,1350,,139,,
2025/12/23,20:15,1350,,139,,
2025/12/23,20:30,1350,,149,,
2025/12/23,20:45,1350,,128,,
2025/12/23,21:00,1350,,248,,
2025/12/23,21:15,1350,,294,,
2025/12/23,21:30,1350,,309,,
2025/12/23,21:45,1350,,344,,
2025/12/23,22:00,1350,,381,,
2025/12/23,22:15,1350,,400,,
2025/12/23,22:30,1350,,430,,
2025/12/23,22:45,1350,,405,,
2025/12/23,23:00,1350,,429,,
2025/12/23,23:15,1350,,456,,
2025/12/23,23:30,1350,,458,,
2025/12/23,23:45,1350,,466,,
2025/12/24,00:00,1350,,533,,
2025/12/24,00:15,1350,,,,555
2025/12/24,00:30,1350,,,,574
2025/12/24,00:45,1350,,,,579
2025/12/24,01:00,1350,,,,454
2025/12/24,01:15,1350,,,,370
2025/12/24,01:30,1350,,,,373
2025/12/24,01:45,1350,,,,363
2025/12/24,02:00,1350,,,,334
2025/12/24,02:15,1350,,,,317
2025/12/24,02:30,1350,,,,280
2025/12/24,02:45,1350,,,,266
2025/12/24,03:00,1350,,,,210
2025/12/24,03:15,1350,,,,189
2025/12/24,03:30,1350,,,,178
2025/12/24,03:45,1350,,,,146
2025/12/24,04:00,1350,,,,115
2025/12/24,04:15,1350,,,,120
2025/12/24,04:30,1350,,,,138
2025/12/24,04:45,1350,,,,110
2025/12/24,05:00,1350,,,,110
2025/12/24,05:15,1350,,,,112
2025/12/24,05:30,1350,,,,112
2025/12/24,05:45,1350,,,,112
2025/12/24,06:00,1350,,,,107
2025/12/24,06:15,1350,,115,,
2025/12/24,06:30,1350,,109,,
2025/12/24,06:45,1350,,132,,
2025/12/24,07:00,1350,,116,,
2025/12/24,07:15,1350,,150,,
2025/12/24,07:30,1350,,171,,
2025/12/24,07:45,1350,,175,,
2025/12/24,08:00,1350,,243,,
2025/12/24,08:15,1350,,445,,
2025/12/24,08:30,1350,,553,,
2025/12/24,08:45,1350,,622,,
2025/12/24,09:00,1350,,510,,
2025/12/24,09:15,1350,,465,,
2025/12/24,09:30,1350,,497,,
2025/12/24,09:45,1350,,420,,
2025/12/24,10:00,1350,,382,,
2025/12/24,10:15,1350,,395,,
2025/12/24,10:30,1350,,486,,
2025/12/24,10:45,1350,,564,,
2025/12/24,11:00,1350,,583,,
2025/12/24,11:15,1350,,,,601
2025/12/24,11:30,1350,,,,594
2025/12/24,11:45,1350,,,,544
2025/12/24,12:00,1350,,,,429
2025/12/24,12:15,1350,,,,323
2025/12/24,12:30,1350,,,,305
2025/12/24,12:45,1350,,,,364
2025/12/24,13:00,1350,,,,506
2025/12/24,13:15,1350,,,,551
2025/12/24,13:30,1350,,,,600
2025/12/24,13:45,1350,,,,604
2025/12/24,14:00,1350,,,,601
2025/12/24,14:15,1350,,563,,
2025/12/24,14:30,1350,,551,,
2025/12/24,14:45,1350,,503,,
2025/12/24,15:00,1350,,399,,
2025/12/24,15:15,1350,,485,,
2025/12/24,15:30,1350,,528,,
2025/12/24,15:45,1350,,546,,
2025/12/24,16:00,1350,,512,,
2025/12/24,16:15,1350,,499,,
2025/12/24,16:30,1350,,504,,
2025/12/24,16:45,1350,,528,,
2025/12/24,17:00,1350,,437,,
2025/12/24,17:15,1350,,369,,
2025/12/24,17:30,1350,,519,,
2025/12/24,17:45,1350,,539,,
2025/12/24,18:00,1350,,544,,
2025/12/24,18:15,1350,,542,,
2025/12/24,18:30,1350,,534,,
2025/12/24,18:45,1350,,506,,
2025/12/24,19:00,1350,,530,,
2025/12/24,19:15,1350,,467,,
2025/12/24,19:30,1350,,400,,
2025/12/24,19:45,1350,,397,,
2025/12/24,20:00,1350,,411,,
2025/12/24,20:15,1350,,352,,
2025/12/24,20:30,1350,,317,,
2025/12/24,20:45,1350,,301,,
2025/12/24,21:00,1350,,278,,
2025/12/24,21:15,1350,,149,,
2025/12/24,21:30,1350,,144,,
2025/12/24,21:45,1350,,165,,
2025/12/24,22:00,1350,,139,,
2025/12/24,22:15,1350,,166,,
2025/12/24,22:30,1350,,141,,
2025/12/24,22:45,1350,,154,,
2025/12/24,23:00,1350,,126,,
2025/12/24,23:15,1350,,99,,
2025/12/24,23:30,1350,,99,,
2025/12/24,23:45,1350,,98,,
2025/12/25,00:00,1350,,96,,
2025/12/25,00:15,1350,,,,94
2025/12/25,00:30,1350,,,,94
2025/12/25,00:45,1350,,,,114
2025/12/25,01:00,1350,,,,98
2025/12/25,01:15,1350,,,,98
2025/12/25,01:30,1350,,,,94
2025/12/25,01:45,1350,,,,99
2025/12/25,02:00,1350,,,,91
2025/12/25,02:15,1350,,,,88
2025/12/25,02:30,1350,,,,107
2025/12/25,02:45,1350,,,,85
2025/12/25,03:00,1350,,,,83
2025/12/25,03:15,1350,,,,82
2025/12/25,03:30,1350,,,,85
2025/12/25,03:45,1350,,,,88
2025/12/25,04:00,1350,,,,80
2025/12/25,04:15,1350,,,,99
2025/12/25,04:30,1350,,,,82
2025/12/25,04:45,1350,,,,80
2025/12/25,05:00,1350,,,,82
2025/12/25,05:15,1350,,,,85
2025/12/25,05:30,1350,,,,82
2025/12/25,05:45,1350,,,,80
2025/12/25,06:00,1350,,,,96
2025/12/25,06:15,1350,,,,75
2025/12/25,06:30,1350,,,,67
2025/12/25,06:45,1350,,,,67
2025/12/25,07:00,1350,,,,69
2025/12/25,07:15,1350,,,,78
2025/12/25,07:30,1350,,,,85
2025/12/25,07:45,1350,,,,89
2025/12/25,08:00,1350,,,,117
2025/12/25,08:15,1350,,,,101
2025/12/25,08:30,1350,,,,113
2025/12/25,08:45,1350,,,,113
2025/12/25,09:00,1350,,,,123
2025/12/25,09:15,1350,,,,126
2025/12/25,09:30,1350,,,,137
2025/12/25,09:45,1350,,,,122
2025/12/25,10:00,1350,,,,111
2025/12/25,10:15,1350,,,,112
2025/12/25,10:30,1350,,,,109
2025/12/25,10:45,1350,,,,119
2025/12/25,11:00,1350,,,,119
2025/12/25,11:15,1350,,,,119
2025/12/25,11:30,1350,,,,120
2025/12/25,11:45,1350,,,,111
2025/12/25,12:00,1350,,,,113
2025/12/25,12:15,1350,,,,110
2025/12/25,12:30,1350,,,,108
2025/12/25,12:45,1350,,,,115
2025/12/25,13:00,1350,,,,116
2025/12/25,13:15,1350,,,,109
2025/12/25,13:30,1350,,,,114
2025/12/25,13:45,1350,,,,108
2025/12/25,14:00,1350,,,,111
2025/12/25,14:15,1350,,,,112
2025/12/25,14:30,1350,,,,107
2025/12/25,14:45,1350,,,,90
2025/12/25,15:00,1350,,,,89
2025/12/25,15:15,1350,,,,94
2025/12/25,15:30,1350,,,,89
2025/12/25,15:45,1350,,,,84
2025/12/25,16:00,1350,,,,100
2025/12/25,16:15,1350,,,,85
2025/12/25,16:30,1350,,,,87
2025/12/25,16:45,1350,,,,75
2025/12/25,17:00,1350,,,,77
2025/12/25,17:15,1350,,,,75
2025/12/25,17:30,1350,,,,77
2025/12/25,17:45,1350,,,,93
2025/12/25,18:00,1350,,,,74
2025/12/25,18:15,1350,,,,80
2025/12/25,18:30,1350,,,,75
2025/12/25,18:45,1350,,,,78
2025/12/25,19:00,1350,,,,67
2025/12/25,19:15,1350,,,,66
2025/12/25,19:30,1350,,,,72
2025/12/25,19:45,1350,,,,64
2025/12/25,20:00,1350,,,,62
2025/12/25,20:15,1350,,,,66
2025/12/25,20:30,1350,,,,62
2025/12/25,20:45,1350,,,,64
2025/12/25,21:00,1350,,,,61
2025/12/25,21:15,1350,,,,77
2025/12/25,21:30,1350,,,,59
2025/12/25,21:45,1350,,,,64
2025/12/25,22:00,1350,,,,62
2025/12/25,22:15,1350,,,,66
2025/12/25,22:30,1350,,,,62
2025/12/25,22:45,1350,,,,59
2025/12/25,23:00,1350,,,,80
2025/12/25,23:15,1350,,,,62
2025/12/25,23:30,1350,,,,66
2025/12/25,23:45,1350,,,,64
2025/12/26,00:00,1350,,,,62
2025/12/26,00:15,1350,,,,61
2025/12/26,00:30,1350,,,,66
2025/12/26,00:45,1350,,,,69
2025/12/26,01:00,1350,,,,70
2025/12/26,01:15,1350,,,,54
2025/12/26,01:30,1350,,,,59
2025/12/26,01:45,1350,,,,56
2025/12/26,02:00,1350,,,,56
2025/12/26,02:15,1350,,,,59
2025/12/26,02:30,1350,,,,58
2025/12/26,02:45,1350,,,,64
2025/12/26,03:00,1350,,,,62
2025/12/26,03:15,1350,,,,56
2025/12/26,03:30,1350,,,,59
2025/12/26,03:45,1350,,,,53
2025/12/26,04:00,1350,,,,59
2025/12/26,04:15,1350,,,,54
2025/12/26,04:30,1350,,,,59
2025/12/26,04:45,1350,,,,61
2025/12/26,05:00,1350,,,,66
2025/12/26,05:15,1350,,,,58
2025/12/26,05:30,1350,,,,61
2025/12/26,05:45,1350,,,,53
2025/12/26,06:00,1350,,,,56
2025/12/26,06:15,1350,,58,,
2025/12/26,06:30,1350,,59,,
2025/12/26,06:45,1350,,67,,
2025/12/26,07:00,1350,,62,,
2025/12/26,07:15,1350,,62,,
2025/12/26,07:30,1350,,59,,
2025/12/26,07:45,1350,,64,,
2025/12/26,08:00,1350,,96,,
2025/12/26,08:15,1350,,167,,
2025/12/26,08:30,1350,,195,,
2025/12/26,08:45,1350,,212,,
2025/12/26,09:00,1350,,226,,
2025/12/26,09:15,1350,,232,,
2025/12/26,09:30,1350,,241,,
2025/12/26,09:45,1350,,250,,
2025/12/26,10:00,1350,,259,,
2025/12/26,10:15,1350,,261,,
2025/12/26,10:30,1350,,270,,
2025/12/26,10:45,1350,,274,,
2025/12/26,11:00,1350,,277,,
2025/12/26,11:15,1350,,,,260
2025/12/26,11:30,1350,,,,276
2025/12/26,11:45,1350,,,,268
2025/12/26,12:00,1350,,,,264
2025/12/26,12:15,1350,,,,256
2025/12/26,12:30,1350,,,,268
2025/12/26,12:45,1350,,,,244
2025/12/26,13:00,1350,,,,259
2025/12/26,13:15,1350,,,,258
2025/12/26,13:30,1350,,,,263
2025/12/26,13:45,1350,,,,260
2025/12/26,14:00,1350,,,,262
2025/12/26,14:15,1350,,251,,
2025/12/26,14:30,1350,,278,,
2025/12/26,14:45,1350,,258,,
2025/12/26,15:00,1350,,259,,
2025/12/26,15:15,1350,,251,,
2025/12/26,15:30,1350,,256,,
2025/12/26,15:45,1350,,251,,
2025/12/26,16:00,1350,,255,,
2025/12/26,16:15,1350,,263,,
2025/12/26,16:30,1350,,253,,
2025/12/26,16:45,1350,,265,,
2025/12/26,17:00,1350,,259,,
2025/12/26,17:15,1350,,250,,
2025/12/26,17:30,1350,,253,,
2025/12/26,17:45,1350,,256,,
2025/12/26,18:00,1350,,246,,
2025/12/26,18:15,1350,,245,,
2025/12/26,18:30,1350,,237,,
2025/12/26,18:45,1350,,232,,
2025/12/26,19:00,1350,,234,,
2025/12/26,19:15,1350,,226,,
2025/12/26,19:30,1350,,243,,
2025/12/26,19:45,1350,,227,,
2025/12/26,20:00,1350,,230,,
2025/12/26,20:15,1350,,229,,
2025/12/26,20:30,1350,,227,,
2025/12/26,20:45,1350,,226,,
2025/12/26,21:00,1350,,226,,
2025/12/26,21:15,1350,,238,,
2025/12/26,21:30,1350,,232,,
2025/12/26,21:45,1350,,226,,
2025/12/26,22:00,1350,,235,,
2025/12/26,22:15,1350,,235,,
2025/12/26,22:30,1350,,246,,
2025/12/26,22:45,1350,,248,,
2025/12/26,23:00,1350,,254,,
2025/12/26,23:15,1350,,237,,
2025/12/26,23:30,1350,,222,,
2025/12/26,23:45,1350,,214,,
2025/12/27,00:00,1350,,200,,
2025/12/27,00:15,1350,,,,198
2025/12/27,00:30,1350,,,,197
2025/12/27,00:45,1350,,,,173
2025/12/27,01:00,1350,,,,163
2025/12/27,01:15,1350,,,,134
2025/12/27,01:30,1350,,,,101
2025/12/27,01:45,1350,,,,90
2025/12/27,02:00,1350,,,,91
2025/12/27,02:15,1350,,,,104
2025/12/27,02:30,1350,,,,98
2025/12/27,02:45,1350,,,,88
2025/12/27,03:00,1350,,,,94
2025/12/27,03:15,1350,,,,91
2025/12/27,03:30,1350,,,,91
2025/12/27,03:45,1350,,,,90
2025/12/27,04:00,1350,,,,106
2025/12/27,04:15,1350,,,,91
2025/12/27,04:30,1350,,,,94
2025/12/27,04:45,1350,,,,88
2025/12/27,05:00,1350,,,,93
2025/12/27,05:15,1350,,,,90
2025/12/27,05:30,1350,,,,96
2025/12/27,05:45,1350,,,,104
2025/12/27,06:00,1350,,,,94
2025/12/27,06:15,1350,,,86,
2025/12/27,06:30,1350,,,96,
2025/12/27,06:45,1350,,,90,
2025/12/27,07:00,1350,,,87,
2025/12/27,07:15,1350,,,86,
2025/12/27,07:30,1350,,,104,
2025/12/27,07:45,1350,,,86,
2025/12/27,08:00,1350,,,77,
2025/12/27,08:15,1350,,,74,
2025/12/27,08:30,1350,,,83,
2025/12/27,08:45,1350,,,86,
2025/12/27,09:00,1350,,,74,
2025/12/27,09:15,1350,,,86,
2025/12/27,09:30,1350,,,75,
2025/12/27,09:45,1350,,,78,
2025/12/27,10:00,1350,,,70,
2025/12/27,10:15,1350,,,72,
2025/12/27,10:30,1350,,,74,
2025/12/27,10:45,1350,,,78,
2025/12/27,11:00,1350,,,90,
2025/12/27,11:15,1350,,,,87
2025/12/27,11:30,1350,,,,87
2025/12/27,11:45,1350,,,,90
2025/12/27,12:00,1350,,,,85
2025/12/27,12:15,1350,,,,90
2025/12/27,12:30,1350,,,,89
2025/12/27,12:45,1350,,,,96
2025/12/27,13:00,1350,,,,82
2025/12/27,13:15,1350,,,,86
2025/12/27,13:30,1350,,,,84
2025/12/27,13:45,1350,,,,91
2025/12/27,14:00,1350,,,,85
2025/12/27,14:15,1350,,,93,
2025/12/27,14:30,1350,,,96,
2025/12/27,14:45,1350,,,84,
2025/12/27,15:00,1350,,,84,
2025/12/27,15:15,1350,,,87,
2025/12/27,15:30,1350,,,81,
2025/12/27,15:45,1350,,,90,
2025/12/27,16:00,1350,,,100,
2025/12/27,16:15,1350,,,89,
2025/12/27,16:30,1350,,,88,
2025/12/27,16:45,1350,,,85,
2025/12/27,17:00,1350,,,81,
2025/12/27,17:15,1350,,,81,
2025/12/27,17:30,1350,,,83,
2025/12/27,17:45,1350,,,98,
2025/12/27,18:00,1350,,,80,
2025/12/27,18:15,1350,,,80,
2025/12/27,18:30,1350,,,80,
2025/12/27,18:45,1350,,,78,
2025/12/27,19:00,1350,,,78,
2025/12/27,19:15,1350,,,74,
2025/12/27,19:30,1350,,,94,
2025/12/27,19:45,1350,,,77,
2025/12/27,20:00,1350,,,78,
2025/12/27,20:15,1350,,,77,
2025/12/27,20:30,1350,,,82,
2025/12/27,20:45,1350,,,75,
2025/12/27,21:00,1350,,,85,
2025/12/27,21:15,1350,,,82,
2025/12/27,21:30,1350,,,80,
2025/12/27,21:45,1350,,,77,
2025/12/27,22:00,1350,,,78,
2025/12/27,22:15,1350,,,69,
2025/12/27,22:30,1350,,,64,
2025/12/27,22:45,1350,,,70,
2025/12/27,23:00,1350,,,70,
2025/12/27,23:15,1350,,,62,
2025/12/27,23:30,1350,,,67,
2025/12/27,23:45,1350,,,62,
2025/12/28,00:00,1350,,,61,
2025/12/28,00:15,1350,,,,64
2025/12/28,00:30,1350,,,,77
2025/12/28,00:45,1350,,,,64
2025/12/28,01:00,1350,,,,61
2025/12/28,01:15,1350,,,,64
2025/12/28,01:30,1350,,,,61
2025/12/28,01:45,1350,,,,62
2025/12/28,02:00,1350,,,,62
2025/12/28,02:15,1350,,,,78
2025/12/28,02:30,1350,,,,62
2025/12/28,02:45,1350,,,,66
2025/12/28,03:00,1350,,,,58
2025/12/28,03:15,1350,,,,61
2025/12/28,03:30,1350,,,,62
2025/12/28,03:45,1350,,,,66
2025/12/28,04:00,1350,,,,74
2025/12/28,04:15,1350,,,,64
2025/12/28,04:30,1350,,,,62
2025/12/28,04:45,1350,,,,61
2025/12/28,05:00,1350,,,,62
2025/12/28,05:15,1350,,,,66
2025/12/28,05:30,1350,,,,62
2025/12/28,05:45,1350,,,,75
2025/12/28,06:00,1350,,,,61
2025/12/28,06:15,1350,,,,61
2025/12/28,06:30,1350,,,,64
2025/12/28,06:45,1350,,,,61
2025/12/28,07:00,1350,,,,64
2025/12/28,07:15,1350,,,,62
2025/12/28,07:30,1350,,,,75
2025/12/28,07:45,1350,,,,58
2025/12/28,08:00,1350,,,,60
2025/12/28,08:15,1350,,,,66
2025/12/28,08:30,1350,,,,70
2025/12/28,08:45,1350,,,,65
2025/12/28,09:00,1350,,,,70
2025/12/28,09:15,1350,,,,86
2025/12/28,09:30,1350,,,,81
2025/12/28,09:45,1350,,,,78
2025/12/28,10:00,1350,,,,80
2025/12/28,10:15,1350,,,,80
2025/12/28,10:30,1350,,,,84
2025/12/28,10:45,1350,,,,76
2025/12/28,11:00,1350,,,,78
2025/12/28,11:15,1350,,,,65
2025/12/28,11:30,1350,,,,58
2025/12/28,11:45,1350,,,,68
2025/12/28,12:00,1350,,,,67
2025/12/28,12:15,1350,,,,69
2025/12/28,12:30,1350,,,,66
2025/12/28,12:45,1350,,,,70
2025/12/28,13:00,1350,,,,61
2025/12/28,13:15,1350,,,,66
2025/12/28,13:30,1350,,,,61
2025/12/28,13:45,1350,,,,67
2025/12/28,14:00,1350,,,,59
2025/12/28,14:15,1350,,,,74
2025/12/28,14:30,1350,,,,67
2025/12/28,14:45,1350,,,,72
2025/12/28,15:00,1350,,,,70
2025/12/28,15:15,1350,,,,73
2025/12/28,15:30,1350,,,,88
2025/12/28,15:45,1350,,,,79
2025/12/28,16:00,1350,,,,92
2025/12/28,16:15,1350,,,,73
2025/12/28,16:30,1350,,,,78
2025/12/28,16:45,1350,,,,76
2025/12/28,17:00,1350,,,,71
2025/12/28,17:15,1350,,,,68
2025/12/28,17:30,1350,,,,76
2025/12/28,17:45,1350,,,,82
2025/12/28,18:00,1350,,,,67
2025/12/28,18:15,1350,,,,70
2025/12/28,18:30,1350,,,,69
2025/12/28,18:45,1350,,,,66
2025/12/28,19:00,1350,,,,67
2025/12/28,19:15,1350,,,,67
2025/12/28,19:30,1350,,,,80
2025/12/28,19:45,1350,,,,62
2025/12/28,20:00,1350,,,,69
2025/12/28,20:15,1350,,,,67
2025/12/28,20:30,1350,,,,70
2025/12/28,20:45,1350,,,,62
2025/12/28,21:00,1350,,,,74
2025/12/28,21:15,1350,,,,74
2025/12/28,21:30,1350,,,,70
2025/12/28,21:45,1350,,,,61
2025/12/28,22:00,1350,,,,69
2025/12/28,22:15,1350,,,,67
2025/12/28,22:30,1350,,,,67
2025/12/28,22:45,1350,,,,72
2025/12/28,23:00,1350,,,,75
2025/12/28,23:15,1350,,,,67
2025/12/28,23:30,1350,,,,67
2025/12/28,23:45,1350,,,,69
2025/12/29,00:00,1350,,,,64
2025/12/29,00:15,1350,,,,75
2025/12/29,00:30,1350,,,,88
2025/12/29,00:45,1350,,,,72
2025/12/29,01:00,1350,,,,77
2025/12/29,01:15,1350,,,,72
2025/12/29,01:30,1350,,,,75
2025/12/29,01:45,1350,,,,74
2025/12/29,02:00,1350,,,,77
2025/12/29,02:15,1350,,,,88
2025/12/29,02:30,1350,,,,80
2025/12/29,02:45,1350,,,,74
2025/12/29,03:00,1350,,,,78
2025/12/29,03:15,1350,,,,72
2025/12/29,03:30,1350,,,,77
2025/12/29,03:45,1350,,,,78
2025/12/29,04:00,1350,,,,85
2025/12/29,04:15,1350,,,,77
2025/12/29,04:30,1350,,,,72
2025/12/29,04:45,1350,,,,59
2025/12/29,05:00,1350,,,,59
2025/12/29,05:15,1350,,,,62
2025/12/29,05:30,1350,,,,69
2025/12/29,05:45,1350,,,,64
2025/12/29,06:00,1350,,,,58
2025/12/29,06:15,1350,,59,,
2025/12/29,06:30,1350,,59,,
2025/12/29,06:45,1350,,69,,
2025/12/29,07:00,1350,,73,,
2025/12/29,07:15,1350,,94,,
2025/12/29,07:30,1350,,86,,
2025/12/29,07:45,1350,,93,,
2025/12/29,08:00,1350,,137,,
2025/12/29,08:15,1350,,269,,
2025/12/29,08:30,1350,,318,,
2025/12/29,08:45,1350,,239,,
2025/12/29,09:00,1350,,241,,
2025/12/29,09:15,1350,,227,,
2025/12/29,09:30,1350,,233,,
2025/12/29,09:45,1350,,258,,
2025/12/29,10:00,1350,,224,,
2025/12/29,10:15,1350,,259,,
2025/12/29,10:30,1350,,302,,
2025/12/29,10:45,1350,,310,,
2025/12/29,11:00,1350,,290,,
2025/12/29,11:15,1350,,,,308
2025/12/29,11:30,1350,,,,309
2025/12/29,11:45,1350,,,,331
2025/12/29,12:00,1350,,,,289
2025/12/29,12:15,1350,,,,268
2025/12/29,12:30,1350,,,,232
2025/12/29,12:45,1350,,,,230
2025/12/29,13:00,1350,,,,319
2025/12/29,13:15,1350,,,,326
2025/12/29,13:30,1350,,,,400
2025/12/29,13:45,1350,,,,430
2025/12/29,14:00,1350,,,,440
2025/12/29,14:15,1350,,463,,
2025/12/29,14:30,1350,,476,,
2025/12/29,14:45,1350,,478,,
2025/12/29,15:00,1350,,483,,
2025/12/29,15:15,1350,,478,,
2025/12/29,15:30,1350,,500,,
2025/12/29,15:45,1350,,561,,
2025/12/29,16:00,1350,,522,,
2025/12/29,16:15,1350,,501,,
2025/12/29,16:30,1350,,463,,
2025/12/29,16:45,1350,,366,,
2025/12/29,17:00,1350,,323,,
2025/12/29,17:15,1350,,292,,
2025/12/29,17:30,1350,,279,,
2025/12/29,17:45,1350,,326,,
2025/12/29,18:00,1350,,294,,
2025/12/29,18:15,1350,,320,,
2025/12/29,18:30,1350,,302,,
2025/12/29,18:45,1350,,298,,
2025/12/29,19:00,1350,,262,,
2025/12/29,19:15,1350,,226,,
2025/12/29,19:30,1350,,219,,
2025/12/29,19:45,1350,,216,,
2025/12/29,20:00,1350,,243,,
2025/12/29,20:15,1350,,261,,
2025/12/29,20:30,1350,,274,,
2025/12/29,20:45,1350,,278,,
2025/12/29,21:00,1350,,291,,
2025/12/29,21:15,1350,,307,,
2025/12/29,21:30,1350,,291,,
2025/12/29,21:45,1350,,283,,
2025/12/29,22:00,1350,,267,,
2025/12/29,22:15,1350,,270,,
2025/12/29,22:30,1350,,256,,
2025/12/29,22:45,1350,,250,,
2025/12/29,23:00,1350,,264,,
2025/12/29,23:15,1350,,246,,
2025/12/29,23:30,1350,,248,,
2025/12/29,23:45,1350,,262,,
2025/12/30,00:00,1350,,256,,
2025/12/30,00:15,1350,,,,238
2025/12/30,00:30,1350,,,,242
2025/12/30,00:45,1350,,,,242
2025/12/30,01:00,1350,,,,219
2025/12/30,01:15,1350,,,,229
2025/12/30,01:30,1350,,,,202
2025/12/30,01:45,1350,,,,194
2025/12/30,02:00,1350,,,,182
2025/12/30,02:15,1350,,,,152
2025/12/30,02:30,1350,,,,149
2025/12/30,02:45,1350,,,,120
2025/12/30,03:00,1350,,,,115
2025/12/30,03:15,1350,,,,112
2025/12/30,03:30,1350,,,,110
2025/12/30,03:45,1350,,,,109
2025/12/30,04:00,1350,,,,109
2025/12/30,04:15,1350,,,,128
2025/12/30,04:30,1350,,,,109
2025/12/30,04:45,1350,,,,109
2025/12/30,05:00,1350,,,,110
2025/12/30,05:15,1350,,,,112
2025/12/30,05:30,1350,,,,112
2025/12/30,05:45,1350,,,,107
2025/12/30,06:00,1350,,,,118
2025/12/30,06:15,1350,,96,,
2025/12/30,06:30,1350,,102,,
2025/12/30,06:45,1350,,104,,
2025/12/30,07:00,1350,,149,,
2025/12/30,07:15,1350,,213,,
2025/12/30,07:30,1350,,226,,
2025/12/30,07:45,1350,,242,,
2025/12/30,08:00,1350,,281,,
2025/12/30,08:15,1350,,381,,
2025/12/30,08:30,1350,,451,,
2025/12/30,08:45,1350,,513,,
2025/12/30,09:00,1350,,568,,
2025/12/30,09:15,1350,,611,,
2025/12/30,09:30,1350,,650,,
2025/12/30,09:45,1350,,624,,
2025/12/30,10:00,1350,,632,,
2025/12/30,10:15,1350,,651,,
2025/12/30,10:30,1350,,637,,
2025/12/30,10:45,1350,,643,,
2025/12/30,11:00,1350,,669,,
2025/12/30,11:15,1350,,,,672
2025/12/30,11:30,1350,,,,665
2025/12/30,11:45,1350,,,,665
2025/12/30,12:00,1350,,,,691
2025/12/30,12:15,1350,,,,676
2025/12/30,12:30,1350,,,,683
2025/12/30,12:45,1350,,,,711
2025/12/30,13:00,1350,,,,712
2025/12/30,13:15,1350,,,,633
2025/12/30,13:30,1350,,,,605
2025/12/30,13:45,1350,,,,556
2025/12/30,14:00,1350,,,,550
2025/12/30,14:15,1350,,568,,
2025/12/30,14:30,1350,,625,,
2025/12/30,14:45,1350,,663,,
2025/12/30,15:00,1350,,626,,
2025/12/30,15:15,1350,,629,,
2025/12/30,15:30,1350,,570,,
2025/12/30,15:45,1350,,554,,
2025/12/30,16:00,1350,,567,,
2025/12/30,16:15,1350,,538,,
2025/12/30,16:30,1350,,566,,
2025/12/30,16:45,1350,,520,,
2025/12/30,17:00,1350,,492,,
2025/12/30,17:15,1350,,422,,
2025/12/30,17:30,1350,,363,,
2025/12/30,17:45,1350,,291,,
2025/12/30,18:00,1350,,278,,
2025/12/30,18:15,1350,,254,,
2025/12/30,18:30,1350,,259,,
2025/12/30,18:45,1350,,234,,
2025/12/30,19:00,1350,,240,,
2025/12/30,19:15,1350,,178,,
2025/12/30,19:30,1350,,155,,
2025/12/30,19:45,1350,,149,,
2025/12/30,20:00,1350,,147,,
2025/12/30,20:15,1350,,144,,
2025/12/30,20:30,1350,,155,,
2025/12/30,20:45,1350,,152,,
2025/12/30,21:00,1350,,154,,
2025/12/30,21:15,1350,,187,,
2025/12/30,21:30,1350,,205,,
2025/12/30,21:45,1350,,216,,
2025/12/30,22:00,1350,,248,,
2025/12/30,22:15,1350,,269,,
2025/12/30,22:30,1350,,258,,
2025/12/30,22:45,1350,,266,,
2025/12/30,23:00,1350,,278,,
2025/12/30,23:15,1350,,304,,
2025/12/30,23:30,1350,,315,,
2025/12/30,23:45,1350,,352,,
2025/12/31,00:00,1350,,386,,
2025/12/31,00:15,1350,,,,376
2025/12/31,00:30,1350,,,,368
2025/12/31,00:45,1350,,,,349
2025/12/31,01:00,1350,,,,350
2025/12/31,01:15,1350,,,,349
2025/12/31,01:30,1350,,,,331
2025/12/31,01:45,1350,,,,314
2025/12/31,02:00,1350,,,,274
2025/12/31,02:15,1350,,,,242
2025/12/31,02:30,1350,,,,213
2025/12/31,02:45,1350,,,,189
2025/12/31,03:00,1350,,,,158
2025/12/31,03:15,1350,,,,163
2025/12/31,03:30,1350,,,,123
2025/12/31,03:45,1350,,,,101
2025/12/31,04:00,1350,,,,93
2025/12/31,04:15,1350,,,,91
2025/12/31,04:30,1350,,,,93
2025/12/31,04:45,1350,,,,91
2025/12/31,05:00,1350,,,,106
2025/12/31,05:15,1350,,,,94
2025/12/31,05:30,1350,,,,94
2025/12/31,05:45,1350,,,,90
2025/12/31,06:00,1350,,,,90
2025/12/31,06:15,1350,,90,,
2025/12/31,06:30,1350,,93,,
2025/12/31,06:45,1350,,98,,
2025/12/31,07:00,1350,,93,,
2025/12/31,07:15,1350,,106,,
2025/12/31,07:30,1350,,141,,
2025/12/31,07:45,1350,,163,,
2025/12/31,08:00,1350,,213,,
2025/12/31,08:15,1350,,197,,
2025/12/31,08:30,1350,,245,,
2025/12/31,08:45,1350,,227,,
2025/12/31,09:00,1350,,198,,
2025/12/31,09:15,1350,,207,,
2025/12/31,09:30,1350,,209,,
2025/12/31,09:45,1350,,186,,
2025/12/31,10:00,1350,,197,,
2025/12/31,10:15,1350,,230,,
2025/12/31,10:30,1350,,228,,
2025/12/31,10:45,1350,,256,,
2025/12/31,11:00,1350,,232,,
2025/12/31,11:15,1350,,,,268
2025/12/31,11:30,1350,,,,298
2025/12/31,11:45,1350,,,,310
2025/12/31,12:00,1350,,,,315
2025/12/31,12:15,1350,,,,305
2025/12/31,12:30,1350,,,,298
2025/12/31,12:45,1350,,,,290
2025/12/31,13:00,1350,,,,292
2025/12/31,13:15,1350,,,,287
2025/12/31,13:30,1350,,,,304
2025/12/31,13:45,1350,,,,304
2025/12/31,14:00,1350,,,,313
2025/12/31,14:15,1350,,294,,
2025/12/31,14:30,1350,,264,,
2025/12/31,14:45,1350,,245,,
2025/12/31,15:00,1350,,212,,
2025/12/31,15:15,1350,,180,,
2025/12/31,15:30,1350,,162,,
2025/12/31,15:45,1350,,148,,
2025/12/31,16:00,1350,,114,,
2025/12/31,16:15,1350,,113,,
2025/12/31,16:30,1350,,117,,
2025/12/31,16:45,1350,,112,,
2025/12/31,17:00,1350,,101,,
2025/12/31,17:15,1350,,87,,
2025/12/31,17:30,1350,,84,,
2025/12/31,17:45,1350,,78,,
2025/12/31,18:00,1350,,77,,
2025/12/31,18:15,1350,,75,,
2025/12/31,18:30,1350,,75,,
2025/12/31,18:45,1350,,70,,
2025/12/31,19:00,1350,,72,,
2025/12/31,19:15,1350,,70,,
2025/12/31,19:30,1350,,67,,
2025/12/31,19:45,1350,,67,,
2025/12/31,20:00,1350,,67,,
2025/12/31,20:15,1350,,69,,
2025/12/31,20:30,1350,,67,,
2025/12/31,20:45,1350,,64,,
2025/12/31,21:00,1350,,62,,
2025/12/31,21:15,1350,,62,,
2025/12/31,21:30,1350,,62,,
2025/12/31,21:45,1350,,64,,
2025/12/31,22:00,1350,,66,,
2025/12/31,22:15,1350,,66,,
2025/12/31,22:30,1350,,64,,
2025/12/31,22:45,1350,,64,,
2025/12/31,23:00,1350,,70,,
2025/12/31,23:15,1350,,67,,
2025/12/31,23:30,1350,,72,,
2025/12/31,23:45,1350,,66,,
